drop table if exists mtm_employee_deal;
drop table if exists deal;
drop table if exists client;
drop table if exists property_dev;
drop table if exists employee;
drop table if exists position;
drop table if exists real_estate_object;
drop table if exists real_estate_building;
drop table if exists real_estate_complex;

create table real_estate_complex
(
    id serial,
    name varchar not null,
    type varchar not null,
    comfort_class varchar not null,
    constraint complex_id primary key (id),
    constraint complex_name_key unique (name)
);

create table real_estate_building
(
    id serial,
    address varchar not null,
    complex_id int,
    floor_count smallint not null,
    constraint building_id primary key (id),
    foreign key (complex_id) references real_estate_complex (id) on delete cascade
);

create table real_estate_object
(
    id serial,
    building_id int not null,
    local_address varchar not null,
    places smallint not null,
    price money not null,
    area int not null,
    floor smallint not null,
    type varchar not null,
    estate_type varchar not null,
    constraint object_id primary key (id),
    foreign key (building_id) references real_estate_building (id) on delete cascade
);

create table position
(
    id serial,
    name varchar not null,
    access_code smallint not null,
    constraint position_id primary key (id)
);

create table employee
(
    id serial,
    name varchar not null,
    specialization varchar not null,
    number char(12) not null,
    email varchar not null,
    login varchar not null,
    password varchar not null,
    senior_id int,
    position_id int,
    constraint employee_id primary key (id),
    constraint employee_email_key unique (email),
    constraint employee_number_key unique (number),
    constraint employee_login_key unique (login),
    foreign key (senior_id) references employee (id) on delete set null,
    foreign key (position_id) references position (id) on delete set null
);

create table property_dev
(
    id serial,
    name varchar not null,
    number char(12) not null,
    email varchar not null,
    constraint dev_key primary key (id),
    constraint dev_email_key unique (email),
    constraint dev_number_key unique (number)
);

create table client
(
    id serial,
    name varchar not null,
    status varchar not null default 'обычный',
    number char(12) not null,
    email varchar,
    constraint client_key primary key (id),
    constraint client_email_key unique (email),
    constraint client_number_key unique (number)
);

create table deal
(
    id serial,
    real_estate_obj_id int not null,
    property_dev_id int not null,
    client_id int not null,
    type varchar not null,
    status varchar not null,
    contract_number varchar not null,
    constraint deal_key primary key (id),
    foreign key (real_estate_obj_id) references real_estate_object (id) on delete cascade,
    foreign key (property_dev_id) references property_dev (id) on delete cascade,
    foreign key (client_id) references client (id) on delete cascade
);

create table mtm_employee_deal
(
    deal_id int not null,
    employee_id int not null,
    constraint employee_deal_id primary key (deal_id, employee_id),
    foreign key (deal_id) references deal (id) on delete cascade,
    foreign key (employee_id) references employee (id) on delete cascade
);

insert into position (name, access_code)
values
    ('Генеральный директор', 5),
    ('Руководитель отдела', 5),
    ('Заместитель руководителя', 5),
    ('Технический специалист', 5),
    ('HR', 1),
    ('Младший брокер', 3),
    ('Брокер', 4),
    ('Старший брокер', 4)
;

insert into employee (id, name, specialization, number, email, login, password)
values (1, 'Шульц Геннадий Викторович', 'Жилая недвижимость', 79299901005, 'ShulcGennadiyViktorovich-1@agency.ru', 'GeViSh-129', 'ennaiktohulc189'),
       (2, 'Шульц Дмитрий Владимирович', 'Жилая недвижимость', 79290394316, 'ShulcDmitriyVladimirovich-2@agency.ru', 'DmVlSh-225', 'mitrladihulc268'),
       (3, 'Егоров Василий Ильич', 'Жилая недвижимость', 79298963522, 'EgorovVasiliyIlich-3@agency.ru', 'VaIlEg-360', 'asillichgoro343'),
       (4, 'Таманский Евгений Вадимович', 'Коммерческая недвижимость', 79290849839, 'TamanskiyEvgeniyVadimovich-4@agency.ru', 'EvVaTa-481', 'vgenadimaman486'),
       (5, 'Таманский Геннадий Леонидович', 'Коммерческая недвижимость', 79299180228, 'TamanskiyGennadiyLeonidovich-5@agency.ru', 'GeLeTa-512', 'ennaeoniaman535'),
       (6, 'Романов Эдуард Викторович', 'Жилая недвижимость', 79294140638, 'RomanovEduardViktorovich-6@agency.ru', 'EdViRo-695', 'duariktooman613'),
       (7, 'Акимов Иван Леонидович', 'Коммерческая недвижимость', 79290355690, 'AkimovIvanLeonidovich-7@agency.ru', 'IvLeAk-729', 'vaneonikimo760'),
       (8, 'Васнецов Евгений Олегович', 'Жилая недвижимость', 79297577549, 'VasnecovEvgeniyOlegovich-8@agency.ru', 'EvOlVa-885', 'vgenlegoasne866'),
       (9, 'Иванов Александр Олегович', 'Коммерческая недвижимость', 79298699306, 'IvanovAleksandrOlegovich-9@agency.ru', 'AlOlIv-962', 'lekslegovano980'),
       (10, 'Кузнецов Вадим Ильич', 'Коммерческая недвижимость', 79293341672, 'KuznecovVadimIlich-10@agency.ru', 'VaIlKu-1039', 'adimlichuzne1012'),
       (11, 'Егоров Дмитрий Арсеньевич', 'Жилая недвижимость', 79293829936, 'EgorovDmitriyArsenevich-11@agency.ru', 'DmArEg-1120', 'mitrrsengoro1116'),
       (12, 'Круглов Владимир Викторович', 'Жилая недвижимость', 79299506475, 'KruglovVladimirViktorovich-12@agency.ru', 'VlViKr-1271', 'ladiiktorugl1279'),
       (13, 'Антипов Виктор Артёмович', 'Жилая недвижимость', 79292392510, 'AntipovViktorArtemovich-13@agency.ru', 'ViArAn-1389', 'iktortemntip1364'),
       (14, 'Антипов Юрий Олегович', 'Коммерческая недвижимость', 79298871242, 'AntipovYuriyOlegovich-14@agency.ru', 'YuOlAn-1410', 'uriylegontip1422'),
       (15, 'Игнатьев Евгений Антонович', 'Жилая недвижимость', 79297942777, 'IgnatevEvgeniyAntonovich-15@agency.ru', 'EvAnIg-1529', 'vgenntongnat1541'),
       (16, 'Акимов Артём Дмитриевич', 'Жилая недвижимость', 79291115630, 'AkimovArtemDmitrievich-16@agency.ru', 'ArDmAk-1676', 'rtemmitrkimo1693'),
       (17, 'Антипов Арсений Вадимович', 'Жилая недвижимость', 79299000297, 'AntipovArseniyVadimovich-17@agency.ru', 'ArVaAn-1759', 'rsenadimntip1740'),
       (18, 'Высоцкий Александр Артёмович', 'Коммерческая недвижимость', 79295015355, 'VysockiyAleksandrArtemovich-18@agency.ru', 'AlArVy-1830', 'leksrtemysoc1813'),
       (19, 'Антипов Вадим Геннадьевич', 'Коммерческая недвижимость', 79294149803, 'AntipovVadimGennadevich-19@agency.ru', 'VaGeAn-1943', 'adimennantip1997'),
       (20, 'Антипов Виктор Юрьевич', 'Жилая недвижимость', 79292604782, 'AntipovViktorYurevich-20@agency.ru', 'ViYuAn-2094', 'iktourevntip2012'),
       (21, 'Егоров Арсений Викторович', 'Жилая недвижимость', 79297942821, 'EgorovArseniyViktorovich-21@agency.ru', 'ArViEg-2114', 'rseniktogoro2189'),
       (22, 'Кузнецов Евгений Вадимович', 'Жилая недвижимость', 79297262467, 'KuznecovEvgeniyVadimovich-22@agency.ru', 'EvVaKu-2270', 'vgenadimuzne2276'),
       (23, 'Таманский Юрий Викторович', 'Жилая недвижимость', 79292857426, 'TamanskiyYuriyViktorovich-23@agency.ru', 'YuViTa-2395', 'uriyiktoaman2323'),
       (24, 'Петров Иван Артёмович', 'Коммерческая недвижимость', 79295652590, 'PetrovIvanArtemovich-24@agency.ru', 'IvArPe-2496', 'vanrtemetro2490'),
       (25, 'Петров Виктор Владимирович', 'Коммерческая недвижимость', 79299475958, 'PetrovViktorVladimirovich-25@agency.ru', 'ViVlPe-2534', 'iktoladietro2559'),
       (26, 'Антипов Иван Викторович', 'Коммерческая недвижимость', 79294663134, 'AntipovIvanViktorovich-26@agency.ru', 'IvViAn-2658', 'vaniktontip2682'),
       (27, 'Акимов Леонид Эдуардович', 'Жилая недвижимость', 79298007518, 'AkimovLeonidEduardovich-27@agency.ru', 'LeEdAk-2767', 'eoniduarkimo2772'),
       (28, 'Романов Илья Юрьевич', 'Жилая недвижимость', 79294694449, 'RomanovIlyaYurevich-28@agency.ru', 'IlYuRo-2828', 'lyaurevoman2861'),
       (29, 'Игнатьев Дмитрий Леонидович', 'Жилая недвижимость', 79298419871, 'IgnatevDmitriyLeonidovich-29@agency.ru', 'DmLeIg-2961', 'mitreonignat2993'),
       (30, 'Игнатьев Илья Леонидович', 'Коммерческая недвижимость', 79294449896, 'IgnatevIlyaLeonidovich-30@agency.ru', 'IlLeIg-3046', 'lyaeonignat3063'),
       (31, 'Солдатов Василий Геннадьевич', 'Жилая недвижимость', 79298392024, 'SoldatovVasiliyGennadevich-31@agency.ru', 'VaGeSo-3174', 'asilennaolda3181'),
       (32, 'Кузнецов Олег Артёмович', 'Жилая недвижимость', 79291651690, 'KuznecovOlegArtemovich-32@agency.ru', 'OlArKu-3231', 'legrtemuzne3299'),
       (33, 'Шульц Владимир Владимирович', 'Коммерческая недвижимость', 79297675087, 'ShulcVladimirVladimirovich-33@agency.ru', 'VlVlSh-3325', 'ladiladihulc3368'),
       (34, 'Игнатьев Евгений Юрьевич', 'Коммерческая недвижимость', 79293728277, 'IgnatevEvgeniyYurevich-34@agency.ru', 'EvYuIg-3488', 'vgenurevgnat3421'),
       (35, 'Солдатов Виктор Васильевич', 'Жилая недвижимость', 79299801300, 'SoldatovViktorVasilevich-35@agency.ru', 'ViVaSo-3538', 'iktoasilolda3544'),
       (36, 'Антипов Виктор Дмитриевич', 'Жилая недвижимость', 79293246459, 'AntipovViktorDmitrievich-36@agency.ru', 'ViDmAn-3646', 'iktomitrntip3642'),
       (37, 'Ерёмин Юрий Дмитриевич', 'Жилая недвижимость', 79293858525, 'EreminYuriyDmitrievich-37@agency.ru', 'YuDmEr-3714', 'uriymitrremi3723'),
       (38, 'Петров Вадим Геннадьевич', 'Коммерческая недвижимость', 79299916504, 'PetrovVadimGennadevich-38@agency.ru', 'VaGePe-3882', 'adimennaetro3886'),
       (39, 'Кузнецов Вадим Юрьевич', 'Коммерческая недвижимость', 79294588270, 'KuznecovVadimYurevich-39@agency.ru', 'VaYuKu-3953', 'adimurevuzne3951'),
       (40, 'Романов Владимир Геннадьевич', 'Коммерческая недвижимость', 79292260909, 'RomanovVladimirGennadevich-40@agency.ru', 'VlGeRo-4058', 'ladiennaoman4039'),
       (41, 'Васильев Евгений Антонович', 'Жилая недвижимость', 79293449795, 'VasilevEvgeniyAntonovich-41@agency.ru', 'EvAnVa-4164', 'vgenntonasil4189'),
       (42, 'Баранов Евгений Артёмович', 'Жилая недвижимость', 79293373140, 'BaranovEvgeniyArtemovich-42@agency.ru', 'EvArBa-4249', 'vgenrtemaran4272'),
       (43, 'Баранов Вадим Васильевич', 'Коммерческая недвижимость', 79299260474, 'BaranovVadimVasilevich-43@agency.ru', 'VaVaBa-4340', 'adimasilaran4351'),
       (44, 'Ерёмин Илья Евгеньевич', 'Коммерческая недвижимость', 79296576621, 'EreminIlyaEvgenevich-44@agency.ru', 'IlEvEr-4418', 'lyavgenremi4471'),
       (45, 'Таманский Евгений Владимирович', 'Коммерческая недвижимость', 79292697900, 'TamanskiyEvgeniyVladimirovich-45@agency.ru', 'EvVlTa-4591', 'vgenladiaman4517'),
       (46, 'Шульц Василий Арсеньевич', 'Жилая недвижимость', 79292743453, 'ShulcVasiliyArsenevich-46@agency.ru', 'VaArSh-4612', 'asilrsenhulc4672'),
       (47, 'Романов Владимир Артёмович', 'Коммерческая недвижимость', 79298780197, 'RomanovVladimirArtemovich-47@agency.ru', 'VlArRo-4724', 'ladirtemoman4748'),
       (48, 'Круглов Василий Геннадьевич', 'Жилая недвижимость', 79297175580, 'KruglovVasiliyGennadevich-48@agency.ru', 'VaGeKr-4889', 'asilennarugl4881'),
       (49, 'Баранов Виктор Вадимович', 'Коммерческая недвижимость', 79290684074, 'BaranovViktorVadimovich-49@agency.ru', 'ViVaBa-4913', 'iktoadimaran4989'),
       (50, 'Петров Владимир Геннадьевич', 'Коммерческая недвижимость', 79299527439, 'PetrovVladimirGennadevich-50@agency.ru', 'VlGePe-5074', 'ladiennaetro5040'),
       (51, 'Шульц Дмитрий Викторович', 'Коммерческая недвижимость', 79298782341, 'ShulcDmitriyViktorovich-51@agency.ru', 'DmViSh-5121', 'mitriktohulc5165'),
       (52, 'Баранов Вадим Петрович', 'Коммерческая недвижимость', 79294824974, 'BaranovVadimPetrovich-52@agency.ru', 'VaPeBa-5294', 'adimetroaran5251'),
       (53, 'Игнатьев Александр Петрович', 'Жилая недвижимость', 79298932213, 'IgnatevAleksandrPetrovich-53@agency.ru', 'AlPeIg-5316', 'leksetrognat5327'),
       (54, 'Антипов Вадим Ильич', 'Коммерческая недвижимость', 79299018109, 'AntipovVadimIlich-54@agency.ru', 'VaIlAn-5455', 'adimlichntip5448'),
       (55, 'Таманский Дмитрий Антонович', 'Жилая недвижимость', 79293991084, 'TamanskiyDmitriyAntonovich-55@agency.ru', 'DmAnTa-5528', 'mitrntonaman5597'),
       (56, 'Иванов Евгений Вадимович', 'Коммерческая недвижимость', 79295808517, 'IvanovEvgeniyVadimovich-56@agency.ru', 'EvVaIv-5621', 'vgenadimvano5646'),
       (57, 'Солдатов Илья Эдуардович', 'Коммерческая недвижимость', 79293295663, 'SoldatovIlyaEduardovich-57@agency.ru', 'IlEdSo-5710', 'lyaduarolda5786'),
       (58, 'Петров Владимир Викторович', 'Жилая недвижимость', 79298223813, 'PetrovVladimirViktorovich-58@agency.ru', 'VlViPe-5838', 'ladiiktoetro5889'),
       (59, 'Егоров Юрий Ильич', 'Коммерческая недвижимость', 79291378694, 'EgorovYuriyIlich-59@agency.ru', 'YuIlEg-5941', 'uriylichgoro5928'),
       (60, 'Егоров Иван Эдуардович', 'Коммерческая недвижимость', 79298442606, 'EgorovIvanEduardovich-60@agency.ru', 'IvEdEg-6080', 'vanduargoro6017'),
       (61, 'Игнатьев Пётр Олегович', 'Жилая недвижимость', 79293655533, 'IgnatevPetrOlegovich-61@agency.ru', 'PeOlIg-6116', 'etrlegognat6156'),
       (62, 'Ерёмин Олег Владимирович', 'Коммерческая недвижимость', 79291753552, 'EreminOlegVladimirovich-62@agency.ru', 'OlVlEr-6273', 'legladiremi6238'),
       (63, 'Егоров Геннадий Владимирович', 'Жилая недвижимость', 79299664387, 'EgorovGennadiyVladimirovich-63@agency.ru', 'GeVlEg-6350', 'ennaladigoro6367'),
       (64, 'Шульц Арсений Олегович', 'Коммерческая недвижимость', 79299569893, 'ShulcArseniyOlegovich-64@agency.ru', 'ArOlSh-6475', 'rsenlegohulc6459'),
       (65, 'Солдатов Геннадий Александрович', 'Жилая недвижимость', 79297180063, 'SoldatovGennadiyAleksandrovich-65@agency.ru', 'GeAlSo-6529', 'ennaleksolda6551'),
       (66, 'Высоцкий Василий Арсеньевич', 'Жилая недвижимость', 79293165694, 'VysockiyVasiliyArsenevich-66@agency.ru', 'VaArVy-6641', 'asilrsenysoc6659'),
       (67, 'Петров Артём Артёмович', 'Коммерческая недвижимость', 79297853827, 'PetrovArtemArtemovich-67@agency.ru', 'ArArPe-6763', 'rtemrtemetro6762'),
       (68, 'Антипов Эдуард Вадимович', 'Коммерческая недвижимость', 79296206102, 'AntipovEduardVadimovich-68@agency.ru', 'EdVaAn-6880', 'duaradimntip6831'),
       (69, 'Баранов Олег Вадимович', 'Жилая недвижимость', 79296454129, 'BaranovOlegVadimovich-69@agency.ru', 'OlVaBa-6992', 'legadimaran6998'),
       (70, 'Солдатов Владимир Леонидович', 'Коммерческая недвижимость', 79290171844, 'SoldatovVladimirLeonidovich-70@agency.ru', 'VlLeSo-7047', 'ladieoniolda7055'),
       (71, 'Васильев Геннадий Олегович', 'Коммерческая недвижимость', 79298604059, 'VasilevGennadiyOlegovich-71@agency.ru', 'GeOlVa-7142', 'ennalegoasil7137'),
       (72, 'Иванов Леонид Петрович', 'Коммерческая недвижимость', 79295740929, 'IvanovLeonidPetrovich-72@agency.ru', 'LePeIv-7259', 'eonietrovano7247'),
       (73, 'Круглов Артём Вадимович', 'Жилая недвижимость', 79295644859, 'KruglovArtemVadimovich-73@agency.ru', 'ArVaKr-7342', 'rtemadimrugl7348'),
       (74, 'Солдатов Эдуард Дмитриевич', 'Коммерческая недвижимость', 79297420997, 'SoldatovEduardDmitrievich-74@agency.ru', 'EdDmSo-7439', 'duarmitrolda7467'),
       (75, 'Антипов Арсений Иванович', 'Жилая недвижимость', 79296824764, 'AntipovArseniyIvanovich-75@agency.ru', 'ArIvAn-7510', 'rsenvanontip7597'),
       (76, 'Солдатов Леонид Владимирович', 'Коммерческая недвижимость', 79295248959, 'SoldatovLeonidVladimirovich-76@agency.ru', 'LeVlSo-7627', 'eoniladiolda7691'),
       (77, 'Васнецов Евгений Ильич', 'Коммерческая недвижимость', 79294741318, 'VasnecovEvgeniyIlich-77@agency.ru', 'EvIlVa-7743', 'vgenlichasne7742'),
       (78, 'Таманский Евгений Эдуардович', 'Коммерческая недвижимость', 79295286545, 'TamanskiyEvgeniyEduardovich-78@agency.ru', 'EvEdTa-7831', 'vgenduaraman7888'),
       (79, 'Новиков Дмитрий Олегович', 'Коммерческая недвижимость', 79296693571, 'NovikovDmitriyOlegovich-79@agency.ru', 'DmOlNo-7971', 'mitrlegoovik7942'),
       (80, 'Антипов Виктор Леонидович', 'Коммерческая недвижимость', 79297819665, 'AntipovViktorLeonidovich-80@agency.ru', 'ViLeAn-8025', 'iktoeonintip8052'),
       (81, 'Васильев Василий Ильич', 'Коммерческая недвижимость', 79292197302, 'VasilevVasiliyIlich-81@agency.ru', 'VaIlVa-8148', 'asillichasil8171'),
       (82, 'Акимов Пётр Арсеньевич', 'Коммерческая недвижимость', 79290698159, 'AkimovPetrArsenevich-82@agency.ru', 'PeArAk-8256', 'etrrsenkimo8279'),
       (83, 'Егоров Юрий Владимирович', 'Жилая недвижимость', 79298789821, 'EgorovYuriyVladimirovich-83@agency.ru', 'YuVlEg-8348', 'uriyladigoro8322'),
       (84, 'Новиков Эдуард Ильич', 'Жилая недвижимость', 79295643119, 'NovikovEduardIlich-84@agency.ru', 'EdIlNo-8486', 'duarlichovik8486'),
       (85, 'Васильев Александр Эдуардович', 'Жилая недвижимость', 79295037003, 'VasilevAleksandrEduardovich-85@agency.ru', 'AlEdVa-8544', 'leksduarasil8544'),
       (86, 'Акимов Владимир Владимирович', 'Коммерческая недвижимость', 79293246535, 'AkimovVladimirVladimirovich-86@agency.ru', 'VlVlAk-8638', 'ladiladikimo8665'),
       (87, 'Романов Владимир Ильич', 'Коммерческая недвижимость', 79297263873, 'RomanovVladimirIlich-87@agency.ru', 'VlIlRo-8764', 'ladilichoman8753'),
       (88, 'Ерёмин Эдуард Геннадьевич', 'Коммерческая недвижимость', 79295714825, 'EreminEduardGennadevich-88@agency.ru', 'EdGeEr-8820', 'duarennaremi8829'),
       (89, 'Новиков Арсений Петрович', 'Жилая недвижимость', 79293552856, 'NovikovArseniyPetrovich-89@agency.ru', 'ArPeNo-8937', 'rsenetroovik8912'),
       (90, 'Кузнецов Эдуард Геннадьевич', 'Коммерческая недвижимость', 79291350465, 'KuznecovEduardGennadevich-90@agency.ru', 'EdGeKu-9052', 'duarennauzne9047'),
       (91, 'Круглов Александр Евгеньевич', 'Жилая недвижимость', 79293857517, 'KruglovAleksandrEvgenevich-91@agency.ru', 'AlEvKr-9133', 'leksvgenrugl9157'),
       (92, 'Таманский Дмитрий Артёмович', 'Жилая недвижимость', 79297502515, 'TamanskiyDmitriyArtemovich-92@agency.ru', 'DmArTa-9246', 'mitrrtemaman9285'),
       (93, 'Круглов Пётр Евгеньевич', 'Жилая недвижимость', 79299210161, 'KruglovPetrEvgenevich-93@agency.ru', 'PeEvKr-9394', 'etrvgenrugl9366'),
       (94, 'Иванов Геннадий Александрович', 'Коммерческая недвижимость', 79298573033, 'IvanovGennadiyAleksandrovich-94@agency.ru', 'GeAlIv-9456', 'ennaleksvano9429'),
       (95, 'Баранов Владимир Викторович', 'Жилая недвижимость', 79294912562, 'BaranovVladimirViktorovich-95@agency.ru', 'VlViBa-9546', 'ladiiktoaran9524'),
       (96, 'Новиков Юрий Юрьевич', 'Жилая недвижимость', 79297212699, 'NovikovYuriyYurevich-96@agency.ru', 'YuYuNo-9647', 'uriyurevovik9649'),
       (97, 'Новиков Геннадий Владимирович', 'Коммерческая недвижимость', 79298601164, 'NovikovGennadiyVladimirovich-97@agency.ru', 'GeVlNo-9742', 'ennaladiovik9752'),
       (98, 'Антипов Антон Юрьевич', 'Коммерческая недвижимость', 79293954373, 'AntipovAntonYurevich-98@agency.ru', 'AnYuAn-9867', 'ntonurevntip9885'),
       (99, 'Таманский Эдуард Эдуардович', 'Жилая недвижимость', 79291746257, 'TamanskiyEduardEduardovich-99@agency.ru', 'EdEdTa-9926', 'duarduaraman9921'),
       (100, 'Кузнецов Илья Юрьевич', 'Жилая недвижимость', 79291605798, 'KuznecovIlyaYurevich-100@agency.ru', 'IlYuKu-10028', 'lyaurevuzne10039'),
       (101, 'Игнатьев Леонид Ильич', 'Коммерческая недвижимость', 79295734360, 'IgnatevLeonidIlich-101@agency.ru', 'LeIlIg-10173', 'eonilichgnat10197'),
       (102, 'Васильев Эдуард Васильевич', 'Коммерческая недвижимость', 79297717970, 'VasilevEduardVasilevich-102@agency.ru', 'EdVaVa-10230', 'duarasilasil10272'),
       (103, 'Круглов Иван Артёмович', 'Коммерческая недвижимость', 79298558823, 'KruglovIvanArtemovich-103@agency.ru', 'IvArKr-10334', 'vanrtemrugl10313'),
       (104, 'Новиков Виктор Эдуардович', 'Коммерческая недвижимость', 79298600904, 'NovikovViktorEduardovich-104@agency.ru', 'ViEdNo-10446', 'iktoduarovik10435'),
       (105, 'Васильев Юрий Антонович', 'Коммерческая недвижимость', 79294697551, 'VasilevYuriyAntonovich-105@agency.ru', 'YuAnVa-10511', 'uriyntonasil10587'),
       (106, 'Баранов Виктор Артёмович', 'Коммерческая недвижимость', 79294278643, 'BaranovViktorArtemovich-106@agency.ru', 'ViArBa-10660', 'iktortemaran10660'),
       (107, 'Игнатьев Илья Александрович', 'Жилая недвижимость', 79296633946, 'IgnatevIlyaAleksandrovich-107@agency.ru', 'IlAlIg-10730', 'lyaleksgnat10750'),
       (108, 'Романов Эдуард Юрьевич', 'Коммерческая недвижимость', 79299158916, 'RomanovEduardYurevich-108@agency.ru', 'EdYuRo-10820', 'duarurevoman10857'),
       (109, 'Солдатов Артём Ильич', 'Жилая недвижимость', 79298876260, 'SoldatovArtemIlich-109@agency.ru', 'ArIlSo-10986', 'rtemlicholda10938'),
       (110, 'Новиков Василий Вадимович', 'Коммерческая недвижимость', 79293839188, 'NovikovVasiliyVadimovich-110@agency.ru', 'VaVaNo-11091', 'asiladimovik11072'),
       (111, 'Высоцкий Пётр Вадимович', 'Жилая недвижимость', 79296044615, 'VysockiyPetrVadimovich-111@agency.ru', 'PeVaVy-11119', 'etradimysoc11116'),
       (112, 'Иванов Владимир Антонович', 'Жилая недвижимость', 79292852836, 'IvanovVladimirAntonovich-112@agency.ru', 'VlAnIv-11235', 'ladintonvano11236'),
       (113, 'Васильев Олег Евгеньевич', 'Жилая недвижимость', 79295606035, 'VasilevOlegEvgenevich-113@agency.ru', 'OlEvVa-11375', 'legvgenasil11337'),
       (114, 'Петров Антон Антонович', 'Коммерческая недвижимость', 79297451921, 'PetrovAntonAntonovich-114@agency.ru', 'AnAnPe-11445', 'ntonntonetro11473'),
       (115, 'Солдатов Арсений Юрьевич', 'Жилая недвижимость', 79292707026, 'SoldatovArseniyYurevich-115@agency.ru', 'ArYuSo-11587', 'rsenurevolda11591'),
       (116, 'Баранов Антон Антонович', 'Жилая недвижимость', 79291811019, 'BaranovAntonAntonovich-116@agency.ru', 'AnAnBa-11617', 'ntonntonaran11610'),
       (117, 'Кузнецов Арсений Петрович', 'Коммерческая недвижимость', 79290477266, 'KuznecovArseniyPetrovich-117@agency.ru', 'ArPeKu-11761', 'rsenetrouzne11729'),
       (118, 'Васнецов Виктор Владимирович', 'Коммерческая недвижимость', 79299079932, 'VasnecovViktorVladimirovich-118@agency.ru', 'ViVlVa-11845', 'iktoladiasne11811'),
       (119, 'Акимов Вадим Геннадьевич', 'Коммерческая недвижимость', 79292889665, 'AkimovVadimGennadevich-119@agency.ru', 'VaGeAk-11981', 'adimennakimo11933'),
       (120, 'Солдатов Эдуард Леонидович', 'Жилая недвижимость', 79297927551, 'SoldatovEduardLeonidovich-120@agency.ru', 'EdLeSo-12025', 'duareoniolda12039'),
       (121, 'Кузнецов Антон Олегович', 'Коммерческая недвижимость', 79292731500, 'KuznecovAntonOlegovich-121@agency.ru', 'AnOlKu-12169', 'ntonlegouzne12118'),
       (122, 'Иванов Дмитрий Олегович', 'Жилая недвижимость', 79299842060, 'IvanovDmitriyOlegovich-122@agency.ru', 'DmOlIv-12292', 'mitrlegovano12232'),
       (123, 'Таманский Эдуард Владимирович', 'Коммерческая недвижимость', 79295106708, 'TamanskiyEduardVladimirovich-123@agency.ru', 'EdVlTa-12384', 'duarladiaman12341'),
       (124, 'Игнатьев Антон Викторович', 'Коммерческая недвижимость', 79297773528, 'IgnatevAntonViktorovich-124@agency.ru', 'AnViIg-12465', 'ntoniktognat12431'),
       (125, 'Васнецов Василий Юрьевич', 'Коммерческая недвижимость', 79297368984, 'VasnecovVasiliyYurevich-125@agency.ru', 'VaYuVa-12541', 'asilurevasne12519'),
       (126, 'Круглов Геннадий Дмитриевич', 'Жилая недвижимость', 79291825904, 'KruglovGennadiyDmitrievich-126@agency.ru', 'GeDmKr-12682', 'ennamitrrugl12661'),
       (127, 'Акимов Александр Антонович', 'Жилая недвижимость', 79290272488, 'AkimovAleksandrAntonovich-127@agency.ru', 'AlAnAk-12786', 'leksntonkimo12772'),
       (128, 'Акимов Арсений Викторович', 'Коммерческая недвижимость', 79297270555, 'AkimovArseniyViktorovich-128@agency.ru', 'ArViAk-12887', 'rseniktokimo12812'),
       (129, 'Новиков Василий Васильевич', 'Коммерческая недвижимость', 79296539921, 'NovikovVasiliyVasilevich-129@agency.ru', 'VaVaNo-12979', 'asilasilovik12999'),
       (130, 'Высоцкий Геннадий Дмитриевич', 'Жилая недвижимость', 79292765087, 'VysockiyGennadiyDmitrievich-130@agency.ru', 'GeDmVy-13074', 'ennamitrysoc13054'),
       (131, 'Романов Евгений Артёмович', 'Коммерческая недвижимость', 79293212983, 'RomanovEvgeniyArtemovich-131@agency.ru', 'EvArRo-13165', 'vgenrtemoman13167'),
       (132, 'Шульц Иван Геннадьевич', 'Жилая недвижимость', 79290534994, 'ShulcIvanGennadevich-132@agency.ru', 'IvGeSh-13270', 'vanennahulc13238'),
       (133, 'Баранов Олег Петрович', 'Коммерческая недвижимость', 79298098191, 'BaranovOlegPetrovich-133@agency.ru', 'OlPeBa-13315', 'legetroaran13324'),
       (134, 'Петров Иван Геннадьевич', 'Жилая недвижимость', 79299711162, 'PetrovIvanGennadevich-134@agency.ru', 'IvGePe-13437', 'vanennaetro13463'),
       (135, 'Романов Владимир Эдуардович', 'Жилая недвижимость', 79292091398, 'RomanovVladimirEduardovich-135@agency.ru', 'VlEdRo-13514', 'ladiduaroman13598'),
       (136, 'Васнецов Илья Артёмович', 'Жилая недвижимость', 79295439088, 'VasnecovIlyaArtemovich-136@agency.ru', 'IlArVa-13610', 'lyartemasne13689'),
       (137, 'Круглов Антон Александрович', 'Коммерческая недвижимость', 79291043261, 'KruglovAntonAleksandrovich-137@agency.ru', 'AnAlKr-13756', 'ntonleksrugl13732'),
       (138, 'Баранов Вадим Вадимович', 'Коммерческая недвижимость', 79295669890, 'BaranovVadimVadimovich-138@agency.ru', 'VaVaBa-13889', 'adimadimaran13876'),
       (139, 'Ерёмин Леонид Юрьевич', 'Жилая недвижимость', 79299569000, 'EreminLeonidYurevich-139@agency.ru', 'LeYuEr-13961', 'eoniurevremi13934'),
       (140, 'Круглов Дмитрий Вадимович', 'Коммерческая недвижимость', 79290200298, 'KruglovDmitriyVadimovich-140@agency.ru', 'DmVaKr-14079', 'mitradimrugl14027'),
       (141, 'Петров Юрий Александрович', 'Жилая недвижимость', 79291906334, 'PetrovYuriyAleksandrovich-141@agency.ru', 'YuAlPe-14175', 'uriyleksetro14170'),
       (142, 'Егоров Арсений Вадимович', 'Коммерческая недвижимость', 79299868855, 'EgorovArseniyVadimovich-142@agency.ru', 'ArVaEg-14297', 'rsenadimgoro14223'),
       (143, 'Игнатьев Владимир Евгеньевич', 'Коммерческая недвижимость', 79299652666, 'IgnatevVladimirEvgenevich-143@agency.ru', 'VlEvIg-14324', 'ladivgengnat14340'),
       (144, 'Баранов Евгений Леонидович', 'Жилая недвижимость', 79298094286, 'BaranovEvgeniyLeonidovich-144@agency.ru', 'EvLeBa-14456', 'vgeneoniaran14424'),
       (145, 'Антипов Вадим Петрович', 'Коммерческая недвижимость', 79299835099, 'AntipovVadimPetrovich-145@agency.ru', 'VaPeAn-14588', 'adimetrontip14580'),
       (146, 'Петров Олег Владимирович', 'Жилая недвижимость', 79290507738, 'PetrovOlegVladimirovich-146@agency.ru', 'OlVlPe-14682', 'legladietro14652'),
       (147, 'Петров Арсений Евгеньевич', 'Коммерческая недвижимость', 79298749578, 'PetrovArseniyEvgenevich-147@agency.ru', 'ArEvPe-14786', 'rsenvgenetro14759'),
       (148, 'Высоцкий Александр Юрьевич', 'Коммерческая недвижимость', 79291695419, 'VysockiyAleksandrYurevich-148@agency.ru', 'AlYuVy-14844', 'leksurevysoc14880'),
       (149, 'Егоров Антон Васильевич', 'Жилая недвижимость', 79290515667, 'EgorovAntonVasilevich-149@agency.ru', 'AnVaEg-14926', 'ntonasilgoro14961'),
       (150, 'Солдатов Евгений Эдуардович', 'Жилая недвижимость', 79291323811, 'SoldatovEvgeniyEduardovich-150@agency.ru', 'EvEdSo-15012', 'vgenduarolda15043');

insert into client (id, name, status, number, email)
values (1, 'Иванов Виктор Викторович', 'Обычный', 79294977357, 'IvanovViktorViktorovich-1@agency.ru'),
       (2, 'Романов Артём Петрович', 'Обычный', 79296847806, 'RomanovArtemPetrovich-2@agency.ru'),
       (3, 'Солдатов Пётр Дмитриевич', 'Повышенный', 79292152819, 'SoldatovPetrDmitrievich-3@agency.ru'),
       (4, 'Иванов Евгений Ильич', 'Повышенный', 79299791994, 'IvanovEvgeniyIlich-4@agency.ru'),
       (5, 'Круглов Олег Леонидович', 'Приоритетный', 79298869675, 'KruglovOlegLeonidovich-5@agency.ru'),
       (6, 'Иванов Илья Арсеньевич', 'Приоритетный', 79298303402, 'IvanovIlyaArsenevich-6@agency.ru'),
       (7, 'Антипов Леонид Олегович', 'Повышенный', 79299860471, 'AntipovLeonidOlegovich-7@agency.ru'),
       (8, 'Круглов Иван Александрович', 'Обычный', 79299371723, 'KruglovIvanAleksandrovich-8@agency.ru'),
       (9, 'Васильев Юрий Ильич', 'Приоритетный', 79298151185, 'VasilevYuriyIlich-9@agency.ru'),
       (10, 'Петров Александр Юрьевич', 'Повышенный', 79297241841, 'PetrovAleksandrYurevich-10@agency.ru'),
       (11, 'Романов Василий Олегович', 'Приоритетный', 79290453230, 'RomanovVasiliyOlegovich-11@agency.ru'),
       (12, 'Васильев Леонид Петрович', 'Обычный', 79294717257, 'VasilevLeonidPetrovich-12@agency.ru'),
       (13, 'Солдатов Юрий Эдуардович', 'Обычный', 79292513054, 'SoldatovYuriyEduardovich-13@agency.ru'),
       (14, 'Егоров Олег Артёмович', 'Повышенный', 79297842494, 'EgorovOlegArtemovich-14@agency.ru'),
       (15, 'Петров Василий Викторович', 'Приоритетный', 79293194805, 'PetrovVasiliyViktorovich-15@agency.ru'),
       (16, 'Круглов Илья Олегович', 'Повышенный', 79294103662, 'KruglovIlyaOlegovich-16@agency.ru'),
       (17, 'Солдатов Арсений Петрович', 'Приоритетный', 79298288749, 'SoldatovArseniyPetrovich-17@agency.ru'),
       (18, 'Романов Артём Юрьевич', 'Приоритетный', 79294694808, 'RomanovArtemYurevich-18@agency.ru'),
       (19, 'Петров Антон Васильевич', 'Обычный', 79295896077, 'PetrovAntonVasilevich-19@agency.ru'),
       (20, 'Баранов Арсений Арсеньевич', 'Обычный', 79299562752, 'BaranovArseniyArsenevich-20@agency.ru'),
       (21, 'Баранов Виктор Артёмович', 'Повышенный', 79295965076, 'BaranovViktorArtemovich-21@agency.ru'),
       (22, 'Антипов Евгений Евгеньевич', 'Повышенный', 79293081067, 'AntipovEvgeniyEvgenevich-22@agency.ru'),
       (23, 'Круглов Вадим Арсеньевич', 'Обычный', 79298360043, 'KruglovVadimArsenevich-23@agency.ru'),
       (24, 'Иванов Виктор Олегович', 'Повышенный', 79294648169, 'IvanovViktorOlegovich-24@agency.ru'),
       (25, 'Высоцкий Иван Петрович', 'Повышенный', 79292288816, 'VysockiyIvanPetrovich-25@agency.ru'),
       (26, 'Новиков Виктор Викторович', 'Обычный', 79295237623, 'NovikovViktorViktorovich-26@agency.ru'),
       (27, 'Иванов Вадим Геннадьевич', 'Обычный', 79292562243, 'IvanovVadimGennadevich-27@agency.ru'),
       (28, 'Солдатов Виктор Дмитриевич', 'Приоритетный', 79294032586, 'SoldatovViktorDmitrievich-28@agency.ru'),
       (29, 'Кузнецов Леонид Васильевич', 'Приоритетный', 79294449926, 'KuznecovLeonidVasilevich-29@agency.ru'),
       (30, 'Баранов Евгений Вадимович', 'Обычный', 79295499973, 'BaranovEvgeniyVadimovich-30@agency.ru'),
       (31, 'Васильев Антон Арсеньевич', 'Приоритетный', 79292132009, 'VasilevAntonArsenevich-31@agency.ru'),
       (32, 'Солдатов Антон Дмитриевич', 'Приоритетный', 79292696468, 'SoldatovAntonDmitrievich-32@agency.ru'),
       (33, 'Новиков Пётр Дмитриевич', 'Приоритетный', 79298588547, 'NovikovPetrDmitrievich-33@agency.ru'),
       (34, 'Игнатьев Владимир Викторович', 'Повышенный', 79296967157, 'IgnatevVladimirViktorovich-34@agency.ru'),
       (35, 'Егоров Александр Владимирович', 'Повышенный', 79291067487, 'EgorovAleksandrVladimirovich-35@agency.ru'),
       (36, 'Кузнецов Дмитрий Геннадьевич', 'Обычный', 79299135339, 'KuznecovDmitriyGennadevich-36@agency.ru'),
       (37, 'Романов Виктор Эдуардович', 'Приоритетный', 79292852211, 'RomanovViktorEduardovich-37@agency.ru'),
       (38, 'Романов Илья Евгеньевич', 'Обычный', 79292015573, 'RomanovIlyaEvgenevich-38@agency.ru'),
       (39, 'Игнатьев Александр Леонидович', 'Повышенный', 79291778011, 'IgnatevAleksandrLeonidovich-39@agency.ru'),
       (40, 'Круглов Леонид Петрович', 'Приоритетный', 79290636220, 'KruglovLeonidPetrovich-40@agency.ru'),
       (41, 'Антипов Иван Васильевич', 'Приоритетный', 79294253627, 'AntipovIvanVasilevich-41@agency.ru'),
       (42, 'Петров Олег Викторович', 'Повышенный', 79290039695, 'PetrovOlegViktorovich-42@agency.ru'),
       (43, 'Игнатьев Василий Леонидович', 'Повышенный', 79299577235, 'IgnatevVasiliyLeonidovich-43@agency.ru'),
       (44, 'Новиков Александр Иванович', 'Повышенный', 79295210101, 'NovikovAleksandrIvanovich-44@agency.ru'),
       (45, 'Таманский Александр Васильевич', 'Приоритетный', 79291558147, 'TamanskiyAleksandrVasilevich-45@agency.ru'),
       (46, 'Ерёмин Илья Ильич', 'Повышенный', 79295193732, 'EreminIlyaIlich-46@agency.ru'),
       (47, 'Егоров Иван Геннадьевич', 'Повышенный', 79296826578, 'EgorovIvanGennadevich-47@agency.ru'),
       (48, 'Егоров Виктор Ильич', 'Обычный', 79298173805, 'EgorovViktorIlich-48@agency.ru'),
       (49, 'Таманский Юрий Олегович', 'Обычный', 79295560593, 'TamanskiyYuriyOlegovich-49@agency.ru'),
       (50, 'Шульц Антон Иванович', 'Приоритетный', 79291509048, 'ShulcAntonIvanovich-50@agency.ru'),
       (51, 'Таманский Антон Леонидович', 'Обычный', 79294389734, 'TamanskiyAntonLeonidovich-51@agency.ru'),
       (52, 'Васильев Дмитрий Арсеньевич', 'Повышенный', 79296467812, 'VasilevDmitriyArsenevich-52@agency.ru'),
       (53, 'Игнатьев Дмитрий Эдуардович', 'Приоритетный', 79292983652, 'IgnatevDmitriyEduardovich-53@agency.ru'),
       (54, 'Игнатьев Антон Викторович', 'Повышенный', 79294078674, 'IgnatevAntonViktorovich-54@agency.ru'),
       (55, 'Антипов Евгений Васильевич', 'Приоритетный', 79290175573, 'AntipovEvgeniyVasilevich-55@agency.ru'),
       (56, 'Ерёмин Владимир Иванович', 'Приоритетный', 79290857434, 'EreminVladimirIvanovich-56@agency.ru'),
       (57, 'Иванов Виктор Викторович', 'Приоритетный', 79294551466, 'IvanovViktorViktorovich-57@agency.ru'),
       (58, 'Баранов Виктор Ильич', 'Повышенный', 79298750073, 'BaranovViktorIlich-58@agency.ru'),
       (59, 'Петров Антон Владимирович', 'Обычный', 79296688919, 'PetrovAntonVladimirovich-59@agency.ru'),
       (60, 'Егоров Антон Викторович', 'Приоритетный', 79298080821, 'EgorovAntonViktorovich-60@agency.ru'),
       (61, 'Петров Василий Олегович', 'Приоритетный', 79292402477, 'PetrovVasiliyOlegovich-61@agency.ru'),
       (62, 'Романов Геннадий Артёмович', 'Повышенный', 79294636022, 'RomanovGennadiyArtemovich-62@agency.ru'),
       (63, 'Шульц Владимир Юрьевич', 'Обычный', 79296219345, 'ShulcVladimirYurevich-63@agency.ru'),
       (64, 'Круглов Дмитрий Владимирович', 'Приоритетный', 79297568773, 'KruglovDmitriyVladimirovich-64@agency.ru'),
       (65, 'Иванов Вадим Олегович', 'Повышенный', 79297478414, 'IvanovVadimOlegovich-65@agency.ru'),
       (66, 'Круглов Иван Вадимович', 'Обычный', 79293468580, 'KruglovIvanVadimovich-66@agency.ru'),
       (67, 'Петров Иван Эдуардович', 'Обычный', 79292337294, 'PetrovIvanEduardovich-67@agency.ru'),
       (68, 'Круглов Виктор Артёмович', 'Приоритетный', 79293495304, 'KruglovViktorArtemovich-68@agency.ru'),
       (69, 'Кузнецов Арсений Ильич', 'Обычный', 79295230489, 'KuznecovArseniyIlich-69@agency.ru'),
       (70, 'Васильев Илья Антонович', 'Приоритетный', 79292357761, 'VasilevIlyaAntonovich-70@agency.ru'),
       (71, 'Антипов Леонид Александрович', 'Приоритетный', 79296739826, 'AntipovLeonidAleksandrovich-71@agency.ru'),
       (72, 'Ерёмин Геннадий Петрович', 'Повышенный', 79291474395, 'EreminGennadiyPetrovich-72@agency.ru'),
       (73, 'Новиков Арсений Викторович', 'Обычный', 79291015857, 'NovikovArseniyViktorovich-73@agency.ru'),
       (74, 'Егоров Геннадий Иванович', 'Повышенный', 79297467192, 'EgorovGennadiyIvanovich-74@agency.ru'),
       (75, 'Антипов Дмитрий Петрович', 'Повышенный', 79296044922, 'AntipovDmitriyPetrovich-75@agency.ru'),
       (76, 'Шульц Артём Юрьевич', 'Обычный', 79296337140, 'ShulcArtemYurevich-76@agency.ru'),
       (77, 'Кузнецов Артём Александрович', 'Повышенный', 79297264031, 'KuznecovArtemAleksandrovich-77@agency.ru'),
       (78, 'Егоров Артём Эдуардович', 'Приоритетный', 79296923501, 'EgorovArtemEduardovich-78@agency.ru'),
       (79, 'Игнатьев Юрий Петрович', 'Приоритетный', 79295112095, 'IgnatevYuriyPetrovich-79@agency.ru'),
       (80, 'Егоров Иван Арсеньевич', 'Повышенный', 79296149646, 'EgorovIvanArsenevich-80@agency.ru'),
       (81, 'Акимов Геннадий Артёмович', 'Обычный', 79294447759, 'AkimovGennadiyArtemovich-81@agency.ru'),
       (82, 'Шульц Леонид Александрович', 'Приоритетный', 79297891916, 'ShulcLeonidAleksandrovich-82@agency.ru'),
       (83, 'Акимов Леонид Геннадьевич', 'Повышенный', 79292448946, 'AkimovLeonidGennadevich-83@agency.ru'),
       (84, 'Кузнецов Геннадий Леонидович', 'Обычный', 79291881943, 'KuznecovGennadiyLeonidovich-84@agency.ru'),
       (85, 'Антипов Евгений Артёмович', 'Приоритетный', 79290138699, 'AntipovEvgeniyArtemovich-85@agency.ru'),
       (86, 'Солдатов Антон Геннадьевич', 'Приоритетный', 79295986397, 'SoldatovAntonGennadevich-86@agency.ru'),
       (87, 'Акимов Евгений Эдуардович', 'Приоритетный', 79294054055, 'AkimovEvgeniyEduardovich-87@agency.ru'),
       (88, 'Ерёмин Василий Викторович', 'Повышенный', 79290109516, 'EreminVasiliyViktorovich-88@agency.ru'),
       (89, 'Романов Евгений Дмитриевич', 'Обычный', 79298763612, 'RomanovEvgeniyDmitrievich-89@agency.ru'),
       (90, 'Круглов Владимир Ильич', 'Повышенный', 79298010095, 'KruglovVladimirIlich-90@agency.ru'),
       (91, 'Антипов Антон Александрович', 'Приоритетный', 79299801839, 'AntipovAntonAleksandrovich-91@agency.ru'),
       (92, 'Солдатов Виктор Леонидович', 'Повышенный', 79294180875, 'SoldatovViktorLeonidovich-92@agency.ru'),
       (93, 'Егоров Арсений Эдуардович', 'Повышенный', 79295832848, 'EgorovArseniyEduardovich-93@agency.ru'),
       (94, 'Солдатов Эдуард Артёмович', 'Повышенный', 79296082443, 'SoldatovEduardArtemovich-94@agency.ru'),
       (95, 'Егоров Эдуард Геннадьевич', 'Повышенный', 79293896663, 'EgorovEduardGennadevich-95@agency.ru'),
       (96, 'Шульц Александр Иванович', 'Приоритетный', 79293903023, 'ShulcAleksandrIvanovich-96@agency.ru'),
       (97, 'Петров Юрий Викторович', 'Повышенный', 79291941618, 'PetrovYuriyViktorovich-97@agency.ru'),
       (98, 'Егоров Геннадий Петрович', 'Обычный', 79293945838, 'EgorovGennadiyPetrovich-98@agency.ru'),
       (99, 'Таманский Геннадий Леонидович', 'Обычный', 79297549591, 'TamanskiyGennadiyLeonidovich-99@agency.ru'),
       (100, 'Круглов Виктор Артёмович', 'Приоритетный', 79291849403, 'KruglovViktorArtemovich-100@agency.ru'),
       (101, 'Игнатьев Дмитрий Викторович', 'Повышенный', 79296945906, 'IgnatevDmitriyViktorovich-101@agency.ru'),
       (102, 'Кузнецов Владимир Арсеньевич', 'Приоритетный', 79292976865, 'KuznecovVladimirArsenevich-102@agency.ru'),
       (103, 'Акимов Эдуард Александрович', 'Обычный', 79297585717, 'AkimovEduardAleksandrovich-103@agency.ru'),
       (104, 'Васнецов Олег Геннадьевич', 'Обычный', 79290715522, 'VasnecovOlegGennadevich-104@agency.ru'),
       (105, 'Высоцкий Артём Ильич', 'Обычный', 79299577015, 'VysockiyArtemIlich-105@agency.ru'),
       (106, 'Антипов Олег Викторович', 'Обычный', 79295501547, 'AntipovOlegViktorovich-106@agency.ru'),
       (107, 'Солдатов Александр Ильич', 'Обычный', 79298270493, 'SoldatovAleksandrIlich-107@agency.ru'),
       (108, 'Высоцкий Илья Дмитриевич', 'Приоритетный', 79293386773, 'VysockiyIlyaDmitrievich-108@agency.ru'),
       (109, 'Баранов Леонид Юрьевич', 'Повышенный', 79296332444, 'BaranovLeonidYurevich-109@agency.ru'),
       (110, 'Круглов Артём Леонидович', 'Обычный', 79296025190, 'KruglovArtemLeonidovich-110@agency.ru'),
       (111, 'Романов Виктор Леонидович', 'Повышенный', 79299205387, 'RomanovViktorLeonidovich-111@agency.ru'),
       (112, 'Круглов Илья Эдуардович', 'Повышенный', 79295690977, 'KruglovIlyaEduardovich-112@agency.ru'),
       (113, 'Высоцкий Леонид Ильич', 'Повышенный', 79294973316, 'VysockiyLeonidIlich-113@agency.ru'),
       (114, 'Игнатьев Дмитрий Дмитриевич', 'Приоритетный', 79295457057, 'IgnatevDmitriyDmitrievich-114@agency.ru'),
       (115, 'Иванов Эдуард Антонович', 'Повышенный', 79298305603, 'IvanovEduardAntonovich-115@agency.ru'),
       (116, 'Игнатьев Александр Викторович', 'Приоритетный', 79290249542, 'IgnatevAleksandrViktorovich-116@agency.ru'),
       (117, 'Антипов Леонид Васильевич', 'Обычный', 79294450337, 'AntipovLeonidVasilevich-117@agency.ru'),
       (118, 'Новиков Олег Геннадьевич', 'Повышенный', 79296768768, 'NovikovOlegGennadevich-118@agency.ru'),
       (119, 'Солдатов Дмитрий Эдуардович', 'Обычный', 79293282502, 'SoldatovDmitriyEduardovich-119@agency.ru'),
       (120, 'Таманский Юрий Ильич', 'Приоритетный', 79292239043, 'TamanskiyYuriyIlich-120@agency.ru'),
       (121, 'Романов Вадим Антонович', 'Повышенный', 79292401493, 'RomanovVadimAntonovich-121@agency.ru'),
       (122, 'Романов Эдуард Евгеньевич', 'Повышенный', 79292339278, 'RomanovEduardEvgenevich-122@agency.ru'),
       (123, 'Игнатьев Виктор Олегович', 'Повышенный', 79296577238, 'IgnatevViktorOlegovich-123@agency.ru'),
       (124, 'Ерёмин Пётр Иванович', 'Обычный', 79292010657, 'EreminPetrIvanovich-124@agency.ru'),
       (125, 'Акимов Леонид Дмитриевич', 'Приоритетный', 79297531201, 'AkimovLeonidDmitrievich-125@agency.ru'),
       (126, 'Романов Арсений Иванович', 'Повышенный', 79294187958, 'RomanovArseniyIvanovich-126@agency.ru'),
       (127, 'Васнецов Вадим Владимирович', 'Повышенный', 79291891787, 'VasnecovVadimVladimirovich-127@agency.ru'),
       (128, 'Петров Илья Олегович', 'Обычный', 79291077443, 'PetrovIlyaOlegovich-128@agency.ru'),
       (129, 'Кузнецов Дмитрий Олегович', 'Обычный', 79295470631, 'KuznecovDmitriyOlegovich-129@agency.ru'),
       (130, 'Кузнецов Дмитрий Васильевич', 'Обычный', 79292680420, 'KuznecovDmitriyVasilevich-130@agency.ru'),
       (131, 'Высоцкий Вадим Геннадьевич', 'Повышенный', 79298170195, 'VysockiyVadimGennadevich-131@agency.ru'),
       (132, 'Новиков Илья Арсеньевич', 'Обычный', 79299525194, 'NovikovIlyaArsenevich-132@agency.ru'),
       (133, 'Круглов Иван Леонидович', 'Обычный', 79296525836, 'KruglovIvanLeonidovich-133@agency.ru'),
       (134, 'Высоцкий Евгений Геннадьевич', 'Повышенный', 79296355199, 'VysockiyEvgeniyGennadevich-134@agency.ru'),
       (135, 'Васнецов Иван Арсеньевич', 'Повышенный', 79297344750, 'VasnecovIvanArsenevich-135@agency.ru'),
       (136, 'Игнатьев Эдуард Иванович', 'Приоритетный', 79297705330, 'IgnatevEduardIvanovich-136@agency.ru'),
       (137, 'Антипов Дмитрий Викторович', 'Повышенный', 79293769532, 'AntipovDmitriyViktorovich-137@agency.ru'),
       (138, 'Таманский Виктор Олегович', 'Приоритетный', 79290862433, 'TamanskiyViktorOlegovich-138@agency.ru'),
       (139, 'Круглов Иван Владимирович', 'Приоритетный', 79294869896, 'KruglovIvanVladimirovich-139@agency.ru'),
       (140, 'Егоров Александр Леонидович', 'Повышенный', 79295497690, 'EgorovAleksandrLeonidovich-140@agency.ru'),
       (141, 'Ерёмин Эдуард Геннадьевич', 'Повышенный', 79295121413, 'EreminEduardGennadevich-141@agency.ru'),
       (142, 'Романов Артём Леонидович', 'Повышенный', 79291889058, 'RomanovArtemLeonidovich-142@agency.ru'),
       (143, 'Высоцкий Василий Геннадьевич', 'Приоритетный', 79298920247, 'VysockiyVasiliyGennadevich-143@agency.ru'),
       (144, 'Таманский Вадим Арсеньевич', 'Приоритетный', 79290867593, 'TamanskiyVadimArsenevich-144@agency.ru'),
       (145, 'Васильев Илья Владимирович', 'Повышенный', 79292592636, 'VasilevIlyaVladimirovich-145@agency.ru'),
       (146, 'Шульц Александр Евгеньевич', 'Обычный', 79294262612, 'ShulcAleksandrEvgenevich-146@agency.ru'),
       (147, 'Егоров Арсений Вадимович', 'Обычный', 79294815833, 'EgorovArseniyVadimovich-147@agency.ru'),
       (148, 'Кузнецов Василий Александрович', 'Приоритетный', 79292573353, 'KuznecovVasiliyAleksandrovich-148@agency.ru'),
       (149, 'Высоцкий Антон Владимирович', 'Повышенный', 79295873738, 'VysockiyAntonVladimirovich-149@agency.ru'),
       (150, 'Егоров Артём Вадимович', 'Повышенный', 79292939820, 'EgorovArtemVadimovich-150@agency.ru'),
       (151, 'Акимов Виктор Арсеньевич', 'Обычный', 79292744890, 'AkimovViktorArsenevich-151@agency.ru'),
       (152, 'Кузнецов Юрий Леонидович', 'Приоритетный', 79291371762, 'KuznecovYuriyLeonidovich-152@agency.ru'),
       (153, 'Кузнецов Дмитрий Евгеньевич', 'Обычный', 79299803609, 'KuznecovDmitriyEvgenevich-153@agency.ru'),
       (154, 'Антипов Илья Геннадьевич', 'Повышенный', 79299180798, 'AntipovIlyaGennadevich-154@agency.ru'),
       (155, 'Игнатьев Артём Геннадьевич', 'Обычный', 79294883845, 'IgnatevArtemGennadevich-155@agency.ru'),
       (156, 'Иванов Юрий Олегович', 'Повышенный', 79299548433, 'IvanovYuriyOlegovich-156@agency.ru'),
       (157, 'Солдатов Артём Викторович', 'Обычный', 79290388806, 'SoldatovArtemViktorovich-157@agency.ru'),
       (158, 'Таманский Леонид Юрьевич', 'Обычный', 79292462971, 'TamanskiyLeonidYurevich-158@agency.ru'),
       (159, 'Антипов Антон Дмитриевич', 'Приоритетный', 79292954866, 'AntipovAntonDmitrievich-159@agency.ru'),
       (160, 'Романов Пётр Вадимович', 'Приоритетный', 79292367515, 'RomanovPetrVadimovich-160@agency.ru'),
       (161, 'Акимов Юрий Эдуардович', 'Приоритетный', 79290029121, 'AkimovYuriyEduardovich-161@agency.ru'),
       (162, 'Васнецов Юрий Леонидович', 'Обычный', 79293258807, 'VasnecovYuriyLeonidovich-162@agency.ru'),
       (163, 'Егоров Олег Владимирович', 'Повышенный', 79295443636, 'EgorovOlegVladimirovich-163@agency.ru'),
       (164, 'Шульц Пётр Васильевич', 'Обычный', 79292626360, 'ShulcPetrVasilevich-164@agency.ru'),
       (165, 'Круглов Леонид Антонович', 'Приоритетный', 79295854765, 'KruglovLeonidAntonovich-165@agency.ru'),
       (166, 'Петров Вадим Васильевич', 'Повышенный', 79291136211, 'PetrovVadimVasilevich-166@agency.ru'),
       (167, 'Егоров Пётр Ильич', 'Приоритетный', 79296976612, 'EgorovPetrIlich-167@agency.ru'),
       (168, 'Высоцкий Александр Александрович', 'Повышенный', 79292262715, 'VysockiyAleksandrAleksandrovich-168@agency.ru'),
       (169, 'Романов Арсений Геннадьевич', 'Приоритетный', 79299263707, 'RomanovArseniyGennadevich-169@agency.ru'),
       (170, 'Баранов Владимир Иванович', 'Приоритетный', 79292145583, 'BaranovVladimirIvanovich-170@agency.ru'),
       (171, 'Шульц Антон Арсеньевич', 'Повышенный', 79294241289, 'ShulcAntonArsenevich-171@agency.ru'),
       (172, 'Игнатьев Олег Олегович', 'Обычный', 79293255791, 'IgnatevOlegOlegovich-172@agency.ru'),
       (173, 'Баранов Виктор Ильич', 'Приоритетный', 79299386100, 'BaranovViktorIlich-173@agency.ru'),
       (174, 'Егоров Леонид Артёмович', 'Обычный', 79295783120, 'EgorovLeonidArtemovich-174@agency.ru'),
       (175, 'Игнатьев Антон Арсеньевич', 'Приоритетный', 79294652533, 'IgnatevAntonArsenevich-175@agency.ru'),
       (176, 'Круглов Дмитрий Иванович', 'Повышенный', 79292769220, 'KruglovDmitriyIvanovich-176@agency.ru'),
       (177, 'Егоров Эдуард Васильевич', 'Приоритетный', 79298593713, 'EgorovEduardVasilevich-177@agency.ru'),
       (178, 'Акимов Арсений Арсеньевич', 'Повышенный', 79299902173, 'AkimovArseniyArsenevich-178@agency.ru'),
       (179, 'Новиков Антон Иванович', 'Повышенный', 79296621543, 'NovikovAntonIvanovich-179@agency.ru'),
       (180, 'Кузнецов Вадим Евгеньевич', 'Повышенный', 79292688085, 'KuznecovVadimEvgenevich-180@agency.ru'),
       (181, 'Высоцкий Дмитрий Владимирович', 'Повышенный', 79297710146, 'VysockiyDmitriyVladimirovich-181@agency.ru'),
       (182, 'Васильев Дмитрий Евгеньевич', 'Приоритетный', 79293418118, 'VasilevDmitriyEvgenevich-182@agency.ru'),
       (183, 'Васильев Иван Петрович', 'Повышенный', 79299572525, 'VasilevIvanPetrovich-183@agency.ru'),
       (184, 'Новиков Виктор Иванович', 'Обычный', 79294591720, 'NovikovViktorIvanovich-184@agency.ru'),
       (185, 'Иванов Александр Артёмович', 'Обычный', 79297807425, 'IvanovAleksandrArtemovich-185@agency.ru'),
       (186, 'Новиков Артём Дмитриевич', 'Повышенный', 79298668301, 'NovikovArtemDmitrievich-186@agency.ru'),
       (187, 'Кузнецов Эдуард Артёмович', 'Приоритетный', 79295208202, 'KuznecovEduardArtemovich-187@agency.ru'),
       (188, 'Кузнецов Дмитрий Леонидович', 'Обычный', 79299282861, 'KuznecovDmitriyLeonidovich-188@agency.ru'),
       (189, 'Высоцкий Вадим Ильич', 'Повышенный', 79299499058, 'VysockiyVadimIlich-189@agency.ru'),
       (190, 'Таманский Леонид Евгеньевич', 'Повышенный', 79293349374, 'TamanskiyLeonidEvgenevich-190@agency.ru'),
       (191, 'Игнатьев Пётр Олегович', 'Приоритетный', 79291760106, 'IgnatevPetrOlegovich-191@agency.ru'),
       (192, 'Иванов Илья Викторович', 'Обычный', 79297473177, 'IvanovIlyaViktorovich-192@agency.ru'),
       (193, 'Круглов Арсений Антонович', 'Повышенный', 79299885343, 'KruglovArseniyAntonovich-193@agency.ru'),
       (194, 'Высоцкий Дмитрий Вадимович', 'Приоритетный', 79297940724, 'VysockiyDmitriyVadimovich-194@agency.ru'),
       (195, 'Ерёмин Юрий Иванович', 'Повышенный', 79297948336, 'EreminYuriyIvanovich-195@agency.ru'),
       (196, 'Акимов Арсений Викторович', 'Повышенный', 79294529072, 'AkimovArseniyViktorovich-196@agency.ru'),
       (197, 'Шульц Виктор Эдуардович', 'Повышенный', 79295966044, 'ShulcViktorEduardovich-197@agency.ru'),
       (198, 'Круглов Арсений Александрович', 'Обычный', 79291819771, 'KruglovArseniyAleksandrovich-198@agency.ru'),
       (199, 'Высоцкий Александр Дмитриевич', 'Повышенный', 79292568230, 'VysockiyAleksandrDmitrievich-199@agency.ru'),
       (200, 'Баранов Пётр Евгеньевич', 'Приоритетный', 79290061657, 'BaranovPetrEvgenevich-200@agency.ru');

insert into property_dev (id, name, number, email)
values (1, 'ПИК', 79293282157, 'pik-official@pik.ru'),
       (2, 'Домстрой', 79294937417, 'domstroy-official@domstroy.ru'),
       (3, 'CapitalGroup', 79291473040, 'capitalgroup-official@capitalgroup.ru'),
       (4, 'Донстрой', 79298691971, 'donstroy-official@donstroy.ru'),
       (5, 'ФСК', 79299643208, 'fsk-official@fsk.ru'),
       (6, 'Удача', 79290557759, 'udacha-official@udacha.ru'),
       (7, 'Главстрой', 79298711080, 'glavstroy-official@glavstroy.ru'),
       (8, 'Группа Эталон', 79296266381, 'gruppa etalon-official@gruppa etalon.ru'),
       (9, 'Концерн Крост', 79290785873, 'koncern krost-official@koncern krost.ru'),
       (10, 'ГК-Пионер', 79293110284, 'gk-pioner-official@gk-pioner.ru'),
       (11, 'Интеко', 79293200534, 'inteko-official@inteko.ru'),
       (12, 'Инград', 79293932310, 'ingrad-official@ingrad.ru'),
       (13, 'МосРеалСтрой', 79290942933, 'mosrealstroy-official@mosrealstroy.ru'),
       (14, 'Каскад', 79296541185, 'kaskad-official@kaskad.ru'),
       (15, 'ГК-МИЦ', 79298983082, 'gk-mic-official@gk-mic.ru'),
       (16, 'Юнит', 79296047774, 'yunit-official@yunit.ru'),
       (17, 'Комстрин', 79295475920, 'komstrin-official@komstrin.ru'),
       (18, 'Скайгард', 79295599226, 'skaygard-official@skaygard.ru'),
       (19, 'Бесткон', 79292165065, 'bestkon-official@bestkon.ru'),
       (20, 'Астерра', 79294704133, 'asterra-official@asterra.ru');

insert into real_estate_building (id, address, complex_id, floor_count, dev_id)
values (1, 'г. Москва, ул. Красноармейская, д. 13', 1, 8, 1);
insert into real_estate_object (id, building_id ,local_address, places, price, area, floor, type, estate_type)
values (1, 1, '1', 14, 466000000, 2000, 1, 0, 0),
       (2, 1, '2', 11, 472000000, 2000, 2, 0, 0),
       (3, 1, '3', 9, 436000000, 2000, 3, 0, 0),
       (4, 1, '4', 12, 711000000, 2000, 4, 0, 0),
       (5, 1, '5', 13, 548000000, 2000, 5, 0, 0),
       (6, 1, '6', 11, 824000000, 2000, 6, 0, 0),
       (7, 1, '7', 12, 566000000, 2000, 7, 0, 0),
       (8, 1, '8', 9, 504000000, 2000, 8, 0, 0);
insert into real_estate_building (id, address, complex_id, floor_count, dev_id)
values (2, 'г. Москва, ул. Донская, д. 14', 1, 10, 1);
insert into real_estate_object (id, building_id ,local_address, places, price, area, floor, type, estate_type)
values (9, 2, '1', 12, 751000000, 2000, 1, 0, 0),
       (10, 2, '2', 11, 654000000, 2000, 2, 0, 0),
       (11, 2, '3', 12, 553000000, 2000, 3, 0, 0),
       (12, 2, '4', 12, 792000000, 2000, 4, 0, 0),
       (13, 2, '5', 11, 311000000, 2000, 5, 0, 0),
       (14, 2, '6', 8, 346000000, 2000, 6, 0, 0),
       (15, 2, '7', 8, 643000000, 2000, 7, 0, 0),
       (16, 2, '8', 13, 311000000, 2000, 8, 0, 0),
       (17, 2, '9', 13, 488000000, 2000, 9, 0, 0),
       (18, 2, '10', 12, 547000000, 2000, 10, 0, 0);
insert into real_estate_building (id, address, complex_id, floor_count, dev_id)
values (3, 'г. Москва, ул. Лужники, д. 15', 1, 11, 1);
insert into real_estate_object (id, building_id ,local_address, places, price, area, floor, type, estate_type)
values (19, 3, '1', 8, 449000000, 2000, 1, 0, 0),
       (20, 3, '2', 8, 421000000, 2000, 2, 0, 0),
       (21, 3, '3', 8, 848000000, 2000, 3, 0, 0),
       (22, 3, '4', 15, 689000000, 2000, 4, 0, 0),
       (23, 3, '5', 9, 428000000, 2000, 5, 0, 0),
       (24, 3, '6', 9, 672000000, 2000, 6, 0, 0),
       (25, 3, '7', 8, 621000000, 2000, 7, 0, 0),
       (26, 3, '8', 15, 810000000, 2000, 8, 0, 0),
       (27, 3, '9', 9, 547000000, 2000, 9, 0, 0),
       (28, 3, '10', 10, 808000000, 2000, 10, 0, 0),
       (29, 3, '11', 14, 523000000, 2000, 11, 0, 0);
insert into real_estate_building (id, address, complex_id, floor_count, dev_id)
values (4, 'г. Москва, ул. Ярмарочная, д. 16', 1, 11, 1);
insert into real_estate_object (id, building_id ,local_address, places, price, area, floor, type, estate_type)
values (30, 4, '1', 14, 427000000, 2000, 1, 0, 0),
       (31, 4, '2', 12, 438000000, 2000, 2, 0, 0),
       (32, 4, '3', 8, 485000000, 2000, 3, 0, 0),
       (33, 4, '4', 15, 639000000, 2000, 4, 0, 0),
       (34, 4, '5', 12, 563000000, 2000, 5, 0, 0),
       (35, 4, '6', 8, 778000000, 2000, 6, 0, 0),
       (36, 4, '7', 11, 553000000, 2000, 7, 0, 0),
       (37, 4, '8', 13, 563000000, 2000, 8, 0, 0),
       (38, 4, '9', 8, 410000000, 2000, 9, 0, 0),
       (39, 4, '10', 9, 582000000, 2000, 10, 0, 0),
       (40, 4, '11', 13, 724000000, 2000, 11, 0, 0);
insert into real_estate_building (id, address, complex_id, floor_count, dev_id)
values (5, 'г. Москва, ул. Петровская, д. 17', 1, 11, 1);
insert into real_estate_object (id, building_id ,local_address, places, price, area, floor, type, estate_type)
values (41, 5, '1', 11, 457000000, 2000, 1, 0, 0),
       (42, 5, '2', 10, 508000000, 2000, 2, 0, 0),
       (43, 5, '3', 11, 532000000, 2000, 3, 0, 0),
       (44, 5, '4', 11, 560000000, 2000, 4, 0, 0),
       (45, 5, '5', 8, 726000000, 2000, 5, 0, 0),
       (46, 5, '6', 8, 835000000, 2000, 6, 0, 0),
       (47, 5, '7', 14, 416000000, 2000, 7, 0, 0),
       (48, 5, '8', 12, 572000000, 2000, 8, 0, 0),
       (49, 5, '9', 9, 407000000, 2000, 9, 0, 0),
       (50, 5, '10', 12, 685000000, 2000, 10, 0, 0),
       (51, 5, '11', 9, 844000000, 2000, 11, 0, 0);
insert into real_estate_building (id, address, complex_id, floor_count, dev_id)
values (6, 'г. Москва, ул. Ленинска, д. 18', 1, 7, 1);
insert into real_estate_object (id, building_id ,local_address, places, price, area, floor, type, estate_type)
values (52, 6, '1', 13, 831000000, 2000, 1, 0, 0),
       (53, 6, '2', 9, 709000000, 2000, 2, 0, 0),
       (54, 6, '3', 13, 456000000, 2000, 3, 0, 0),
       (55, 6, '4', 10, 647000000, 2000, 4, 0, 0),
       (56, 6, '5', 10, 501000000, 2000, 5, 0, 0),
       (57, 6, '6', 8, 563000000, 2000, 6, 0, 0),
       (58, 6, '7', 13, 833000000, 2000, 7, 0, 0);
insert into real_estate_building (id, address, complex_id, floor_count, dev_id)
values (7, 'г. Москва, ул. Европейская, д. 19', 1, 7, 1);
insert into real_estate_object (id, building_id ,local_address, places, price, area, floor, type, estate_type)
values (59, 7, '1', 13, 629000000, 2000, 1, 0, 0),
       (60, 7, '2', 10, 325000000, 2000, 2, 0, 0),
       (61, 7, '3', 9, 520000000, 2000, 3, 0, 0),
       (62, 7, '4', 8, 846000000, 2000, 4, 0, 0),
       (63, 7, '5', 9, 837000000, 2000, 5, 0, 0),
       (64, 7, '6', 13, 420000000, 2000, 6, 0, 0),
       (65, 7, '7', 10, 711000000, 2000, 7, 0, 0);
insert into real_estate_building (id, address, complex_id, floor_count, dev_id)
values (8, 'г. Москва, ул. Кутузовская, д. 20', 1, 7, 1);
insert into real_estate_object (id, building_id ,local_address, places, price, area, floor, type, estate_type)
values (66, 8, '1', 11, 488000000, 2000, 1, 0, 0),
       (67, 8, '2', 10, 664000000, 2000, 2, 0, 0),
       (68, 8, '3', 14, 845000000, 2000, 3, 0, 0),
       (69, 8, '4', 14, 678000000, 2000, 4, 0, 0),
       (70, 8, '5', 15, 514000000, 2000, 5, 0, 0),
       (71, 8, '6', 15, 757000000, 2000, 6, 0, 0),
       (72, 8, '7', 8, 659000000, 2000, 7, 0, 0);
insert into real_estate_building (id, address, complex_id, floor_count, dev_id)
values (9, 'г. Москва, ул. Пушкинская, д. 21', 1, 11, 1);
insert into real_estate_object (id, building_id ,local_address, places, price, area, floor, type, estate_type)
values (73, 9, '1', 11, 727000000, 2000, 1, 0, 0),
       (74, 9, '2', 9, 406000000, 2000, 2, 0, 0),
       (75, 9, '3', 10, 840000000, 2000, 3, 0, 0),
       (76, 9, '4', 15, 652000000, 2000, 4, 0, 0),
       (77, 9, '5', 13, 568000000, 2000, 5, 0, 0),
       (78, 9, '6', 9, 836000000, 2000, 6, 0, 0),
       (79, 9, '7', 15, 673000000, 2000, 7, 0, 0),
       (80, 9, '8', 14, 476000000, 2000, 8, 0, 0),
       (81, 9, '9', 13, 372000000, 2000, 9, 0, 0),
       (82, 9, '10', 12, 305000000, 2000, 10, 0, 0),
       (83, 9, '11', 15, 742000000, 2000, 11, 0, 0);
insert into real_estate_building (id, address, complex_id, floor_count, dev_id)
values (10, 'г. Москва, ул. Васильевская, д. 22', 1, 10, 1);
insert into real_estate_object (id, building_id ,local_address, places, price, area, floor, type, estate_type)
values (84, 10, '1', 11, 658000000, 2000, 1, 0, 0),
       (85, 10, '2', 14, 537000000, 2000, 2, 0, 0),
       (86, 10, '3', 11, 627000000, 2000, 3, 0, 0),
       (87, 10, '4', 15, 586000000, 2000, 4, 0, 0),
       (88, 10, '5', 12, 568000000, 2000, 5, 0, 0),
       (89, 10, '6', 10, 608000000, 2000, 6, 0, 0),
       (90, 10, '7', 11, 849000000, 2000, 7, 0, 0),
       (91, 10, '8', 15, 552000000, 2000, 8, 0, 0),
       (92, 10, '9', 10, 775000000, 2000, 9, 0, 0),
       (93, 10, '10', 11, 497000000, 2000, 10, 0, 0);
insert into real_estate_building (id, address, complex_id, floor_count, dev_id)
values (11, 'г. Москва, ул. Щукинская, д. 23', 1, 10, 1);
insert into real_estate_object (id, building_id ,local_address, places, price, area, floor, type, estate_type)
values (94, 11, '1', 14, 660000000, 2000, 1, 0, 0),
       (95, 11, '2', 15, 675000000, 2000, 2, 0, 0),
       (96, 11, '3', 10, 750000000, 2000, 3, 0, 0),
       (97, 11, '4', 9, 381000000, 2000, 4, 0, 0),
       (98, 11, '5', 10, 683000000, 2000, 5, 0, 0),
       (99, 11, '6', 9, 383000000, 2000, 6, 0, 0),
       (100, 11, '7', 12, 843000000, 2000, 7, 0, 0),
       (101, 11, '8', 10, 525000000, 2000, 8, 0, 0),
       (102, 11, '9', 11, 680000000, 2000, 9, 0, 0),
       (103, 11, '10', 8, 495000000, 2000, 10, 0, 0);
insert into real_estate_building (id, address, complex_id, floor_count, dev_id)
values (12, 'г. Москва, ул. Дальняя, д. 24', 1, 7, 1);
insert into real_estate_object (id, building_id ,local_address, places, price, area, floor, type, estate_type)
values (104, 12, '1', 12, 468000000, 2000, 1, 0, 0),
       (105, 12, '2', 9, 843000000, 2000, 2, 0, 0),
       (106, 12, '3', 10, 730000000, 2000, 3, 0, 0),
       (107, 12, '4', 12, 417000000, 2000, 4, 0, 0),
       (108, 12, '5', 11, 775000000, 2000, 5, 0, 0),
       (109, 12, '6', 14, 520000000, 2000, 6, 0, 0),
       (110, 12, '7', 15, 537000000, 2000, 7, 0, 0);

insert into real_estate_building (id, address, complex_id, floor_count, dev_id)
values (173, 'г. Москва, ул. Ленинская, д. 47', 7, 44, 7);
insert into real_estate_object (id, building_id ,local_address, places, price, area, floor, type, estate_type)
values (29964, 173, '1', 2, 26000000, 910, 1, 0, 0),
       (29965, 173, '2', 3, 16000000, 580, 1, 0, 0),
       (29966, 173, '3', 1, 18000000, 620, 1, 0, 0),
       (29967, 173, '4', 2, 11000000, 710, 1, 0, 0),
       (29968, 173, '5', 4, 18000000, 530, 1, 0, 0),
       (29969, 173, '6', 4, 13000000, 620, 2, 0, 0),
       (29970, 173, '7', 1, 30000000, 510, 2, 0, 0),
       (29971, 173, '8', 1, 20000000, 610, 2, 0, 0),
       (29972, 173, '9', 2, 10000000, 820, 2, 0, 0),
       (29973, 173, '10', 3, 14000000, 500, 2, 0, 0),
       (29974, 173, '11', 3, 13000000, 910, 3, 0, 0),
       (29975, 173, '12', 2, 30000000, 570, 3, 0, 0),
       (29976, 173, '13', 2, 25000000, 560, 3, 0, 0),
       (29977, 173, '14', 2, 26000000, 700, 3, 0, 0),
       (29978, 173, '15', 3, 17000000, 750, 3, 0, 0),
       (29979, 173, '16', 1, 23000000, 780, 4, 0, 0),
       (29980, 173, '17', 2, 20000000, 860, 4, 0, 0),
       (29981, 173, '18', 1, 13000000, 430, 4, 0, 0),
       (29982, 173, '19', 2, 17000000, 470, 4, 0, 0),
       (29983, 173, '20', 3, 19000000, 680, 4, 0, 0),
       (29984, 173, '21', 2, 23000000, 500, 5, 0, 0),
       (29985, 173, '22', 2, 29000000, 860, 5, 0, 0),
       (29986, 173, '23', 2, 24000000, 580, 5, 0, 0),
       (29987, 173, '24', 4, 26000000, 680, 5, 0, 0),
       (29988, 173, '25', 4, 23000000, 570, 5, 0, 0),
       (29989, 173, '26', 4, 12000000, 420, 6, 0, 0),
       (29990, 173, '27', 1, 20000000, 940, 6, 0, 0),
       (29991, 173, '28', 3, 11000000, 960, 6, 0, 0),
       (29992, 173, '29', 2, 26000000, 880, 6, 0, 0),
       (29993, 173, '30', 4, 23000000, 770, 6, 0, 0),
       (29994, 173, '31', 3, 18000000, 870, 7, 0, 0),
       (29995, 173, '32', 4, 14000000, 710, 7, 0, 0),
       (29996, 173, '33', 3, 16000000, 960, 7, 0, 0),
       (29997, 173, '34', 2, 18000000, 870, 7, 0, 0),
       (29998, 173, '35', 1, 14000000, 850, 7, 0, 0),
       (29999, 173, '36', 4, 23000000, 520, 8, 0, 0),
       (30000, 173, '37', 4, 10000000, 430, 8, 0, 0),
       (30001, 173, '38', 1, 21000000, 900, 8, 0, 0),
       (30002, 173, '39', 1, 22000000, 980, 8, 0, 0),
       (30003, 173, '40', 3, 20000000, 590, 8, 0, 0),
       (30004, 173, '41', 4, 19000000, 550, 9, 0, 0),
       (30005, 173, '42', 2, 20000000, 960, 9, 0, 0),
       (30006, 173, '43', 1, 17000000, 750, 9, 0, 0),
       (30007, 173, '44', 4, 13000000, 410, 9, 0, 0),
       (30008, 173, '45', 4, 20000000, 630, 9, 0, 0),
       (30009, 173, '46', 1, 10000000, 950, 10, 0, 0),
       (30010, 173, '47', 2, 13000000, 520, 10, 0, 0),
       (30011, 173, '48', 1, 20000000, 740, 10, 0, 0),
       (30012, 173, '49', 1, 14000000, 440, 10, 0, 0),
       (30013, 173, '50', 1, 25000000, 680, 10, 0, 0),
       (30014, 173, '51', 3, 17000000, 850, 11, 0, 0),
       (30015, 173, '52', 1, 10000000, 730, 11, 0, 0),
       (30016, 173, '53', 1, 12000000, 760, 11, 0, 0),
       (30017, 173, '54', 2, 20000000, 510, 11, 0, 0),
       (30018, 173, '55', 2, 16000000, 760, 11, 0, 0),
       (30019, 173, '56', 1, 10000000, 1000, 12, 0, 0),
       (30020, 173, '57', 3, 29000000, 940, 12, 0, 0),
       (30021, 173, '58', 2, 14000000, 680, 12, 0, 0),
       (30022, 173, '59', 1, 22000000, 840, 12, 0, 0),
       (30023, 173, '60', 3, 26000000, 910, 12, 0, 0),
       (30024, 173, '61', 1, 28000000, 610, 13, 0, 0),
       (30025, 173, '62', 3, 19000000, 700, 13, 0, 0),
       (30026, 173, '63', 2, 13000000, 550, 13, 0, 0),
       (30027, 173, '64', 2, 29000000, 520, 13, 0, 0),
       (30028, 173, '65', 3, 17000000, 930, 13, 0, 0),
       (30029, 173, '66', 1, 22000000, 940, 14, 0, 0),
       (30030, 173, '67', 1, 17000000, 710, 14, 0, 0),
       (30031, 173, '68', 4, 26000000, 670, 14, 0, 0),
       (30032, 173, '69', 2, 30000000, 540, 14, 0, 0),
       (30033, 173, '70', 4, 23000000, 870, 14, 0, 0),
       (30034, 173, '71', 1, 28000000, 1000, 15, 0, 0),
       (30035, 173, '72', 3, 21000000, 820, 15, 0, 0),
       (30036, 173, '73', 2, 15000000, 940, 15, 0, 0),
       (30037, 173, '74', 1, 21000000, 510, 15, 0, 0),
       (30038, 173, '75', 1, 13000000, 800, 15, 0, 0),
       (30039, 173, '76', 2, 23000000, 900, 16, 0, 0),
       (30040, 173, '77', 2, 29000000, 410, 16, 0, 0),
       (30041, 173, '78', 1, 26000000, 920, 16, 0, 0),
       (30042, 173, '79', 2, 24000000, 580, 16, 0, 0),
       (30043, 173, '80', 3, 17000000, 890, 16, 0, 0),
       (30044, 173, '81', 1, 25000000, 530, 17, 0, 0),
       (30045, 173, '82', 1, 10000000, 980, 17, 0, 0),
       (30046, 173, '83', 4, 18000000, 920, 17, 0, 0),
       (30047, 173, '84', 1, 30000000, 770, 17, 0, 0),
       (30048, 173, '85', 3, 30000000, 800, 17, 0, 0),
       (30049, 173, '86', 2, 22000000, 620, 18, 0, 0),
       (30050, 173, '87', 3, 25000000, 930, 18, 0, 0),
       (30051, 173, '88', 4, 17000000, 720, 18, 0, 0),
       (30052, 173, '89', 1, 18000000, 980, 18, 0, 0),
       (30053, 173, '90', 2, 16000000, 710, 18, 0, 0),
       (30054, 173, '91', 1, 30000000, 520, 19, 0, 0),
       (30055, 173, '92', 4, 15000000, 860, 19, 0, 0),
       (30056, 173, '93', 3, 29000000, 830, 19, 0, 0),
       (30057, 173, '94', 3, 23000000, 670, 19, 0, 0),
       (30058, 173, '95', 1, 26000000, 420, 19, 0, 0),
       (30059, 173, '96', 3, 14000000, 500, 20, 0, 0),
       (30060, 173, '97', 2, 16000000, 590, 20, 0, 0),
       (30061, 173, '98', 4, 25000000, 900, 20, 0, 0),
       (30062, 173, '99', 4, 23000000, 800, 20, 0, 0),
       (30063, 173, '100', 1, 30000000, 620, 20, 0, 0),
       (30064, 173, '101', 3, 20000000, 810, 21, 0, 0),
       (30065, 173, '102', 2, 18000000, 720, 21, 0, 0),
       (30066, 173, '103', 3, 27000000, 510, 21, 0, 0),
       (30067, 173, '104', 2, 17000000, 490, 21, 0, 0),
       (30068, 173, '105', 1, 30000000, 750, 21, 0, 0),
       (30069, 173, '106', 3, 20000000, 500, 22, 0, 0),
       (30070, 173, '107', 1, 10000000, 530, 22, 0, 0),
       (30071, 173, '108', 1, 29000000, 610, 22, 0, 0),
       (30072, 173, '109', 3, 14000000, 620, 22, 0, 0),
       (30073, 173, '110', 4, 14000000, 990, 22, 0, 0),
       (30074, 173, '111', 3, 30000000, 870, 23, 0, 0),
       (30075, 173, '112', 1, 27000000, 650, 23, 0, 0),
       (30076, 173, '113', 2, 25000000, 500, 23, 0, 0),
       (30077, 173, '114', 4, 11000000, 900, 23, 0, 0),
       (30078, 173, '115', 2, 26000000, 460, 23, 0, 0),
       (30079, 173, '116', 2, 14000000, 420, 24, 0, 0),
       (30080, 173, '117', 4, 30000000, 570, 24, 0, 0),
       (30081, 173, '118', 2, 24000000, 440, 24, 0, 0),
       (30082, 173, '119', 4, 17000000, 430, 24, 0, 0),
       (30083, 173, '120', 4, 21000000, 440, 24, 0, 0),
       (30084, 173, '121', 4, 23000000, 490, 25, 0, 0),
       (30085, 173, '122', 1, 11000000, 520, 25, 0, 0),
       (30086, 173, '123', 4, 26000000, 660, 25, 0, 0),
       (30087, 173, '124', 1, 27000000, 840, 25, 0, 0),
       (30088, 173, '125', 4, 22000000, 890, 25, 0, 0),
       (30089, 173, '126', 2, 19000000, 700, 26, 0, 0),
       (30090, 173, '127', 3, 12000000, 910, 26, 0, 0),
       (30091, 173, '128', 1, 30000000, 460, 26, 0, 0),
       (30092, 173, '129', 3, 23000000, 510, 26, 0, 0),
       (30093, 173, '130', 1, 28000000, 1000, 26, 0, 0),
       (30094, 173, '131', 3, 21000000, 480, 27, 0, 0),
       (30095, 173, '132', 2, 16000000, 640, 27, 0, 0),
       (30096, 173, '133', 2, 11000000, 710, 27, 0, 0),
       (30097, 173, '134', 2, 26000000, 610, 27, 0, 0),
       (30098, 173, '135', 3, 25000000, 560, 27, 0, 0),
       (30099, 173, '136', 4, 20000000, 880, 28, 0, 0),
       (30100, 173, '137', 4, 14000000, 490, 28, 0, 0),
       (30101, 173, '138', 1, 30000000, 750, 28, 0, 0),
       (30102, 173, '139', 2, 27000000, 830, 28, 0, 0),
       (30103, 173, '140', 3, 19000000, 710, 28, 0, 0),
       (30104, 173, '141', 3, 17000000, 700, 29, 0, 0),
       (30105, 173, '142', 1, 13000000, 570, 29, 0, 0),
       (30106, 173, '143', 4, 11000000, 890, 29, 0, 0),
       (30107, 173, '144', 3, 30000000, 880, 29, 0, 0),
       (30108, 173, '145', 4, 17000000, 540, 29, 0, 0),
       (30109, 173, '146', 4, 20000000, 800, 30, 0, 0),
       (30110, 173, '147', 1, 24000000, 900, 30, 0, 0),
       (30111, 173, '148', 2, 26000000, 640, 30, 0, 0),
       (30112, 173, '149', 3, 21000000, 570, 30, 0, 0),
       (30113, 173, '150', 2, 23000000, 980, 30, 0, 0),
       (30114, 173, '151', 3, 14000000, 910, 31, 0, 0),
       (30115, 173, '152', 1, 28000000, 630, 31, 0, 0),
       (30116, 173, '153', 3, 29000000, 940, 31, 0, 0),
       (30117, 173, '154', 2, 24000000, 980, 31, 0, 0),
       (30118, 173, '155', 4, 16000000, 430, 31, 0, 0),
       (30119, 173, '156', 3, 21000000, 770, 32, 0, 0),
       (30120, 173, '157', 4, 25000000, 840, 32, 0, 0),
       (30121, 173, '158', 4, 29000000, 930, 32, 0, 0),
       (30122, 173, '159', 2, 19000000, 520, 32, 0, 0),
       (30123, 173, '160', 1, 16000000, 560, 32, 0, 0),
       (30124, 173, '161', 3, 10000000, 970, 33, 0, 0),
       (30125, 173, '162', 1, 10000000, 470, 33, 0, 0),
       (30126, 173, '163', 3, 14000000, 480, 33, 0, 0),
       (30127, 173, '164', 4, 10000000, 980, 33, 0, 0),
       (30128, 173, '165', 2, 23000000, 760, 33, 0, 0),
       (30129, 173, '166', 4, 13000000, 670, 34, 0, 0),
       (30130, 173, '167', 4, 10000000, 970, 34, 0, 0),
       (30131, 173, '168', 1, 26000000, 680, 34, 0, 0),
       (30132, 173, '169', 2, 12000000, 760, 34, 0, 0),
       (30133, 173, '170', 1, 12000000, 610, 34, 0, 0),
       (30134, 173, '171', 1, 18000000, 450, 35, 0, 0),
       (30135, 173, '172', 1, 18000000, 730, 35, 0, 0),
       (30136, 173, '173', 1, 10000000, 410, 35, 0, 0),
       (30137, 173, '174', 1, 11000000, 660, 35, 0, 0),
       (30138, 173, '175', 3, 23000000, 540, 35, 0, 0),
       (30139, 173, '176', 1, 29000000, 520, 36, 0, 0),
       (30140, 173, '177', 3, 23000000, 890, 36, 0, 0),
       (30141, 173, '178', 2, 15000000, 650, 36, 0, 0),
       (30142, 173, '179', 2, 30000000, 690, 36, 0, 0),
       (30143, 173, '180', 2, 26000000, 540, 36, 0, 0),
       (30144, 173, '181', 1, 11000000, 410, 37, 0, 0),
       (30145, 173, '182', 1, 25000000, 400, 37, 0, 0),
       (30146, 173, '183', 4, 10000000, 880, 37, 0, 0),
       (30147, 173, '184', 4, 12000000, 660, 37, 0, 0),
       (30148, 173, '185', 3, 30000000, 420, 37, 0, 0),
       (30149, 173, '186', 3, 26000000, 930, 38, 0, 0),
       (30150, 173, '187', 1, 28000000, 880, 38, 0, 0),
       (30151, 173, '188', 1, 23000000, 700, 38, 0, 0),
       (30152, 173, '189', 2, 21000000, 490, 38, 0, 0),
       (30153, 173, '190', 1, 14000000, 820, 38, 0, 0),
       (30154, 173, '191', 2, 15000000, 510, 39, 0, 0),
       (30155, 173, '192', 4, 27000000, 780, 39, 0, 0),
       (30156, 173, '193', 4, 28000000, 1000, 39, 0, 0),
       (30157, 173, '194', 4, 29000000, 720, 39, 0, 0),
       (30158, 173, '195', 1, 18000000, 1000, 39, 0, 0),
       (30159, 173, '196', 3, 18000000, 920, 40, 0, 0),
       (30160, 173, '197', 1, 12000000, 980, 40, 0, 0),
       (30161, 173, '198', 4, 13000000, 470, 40, 0, 0),
       (30162, 173, '199', 4, 12000000, 1000, 40, 0, 0),
       (30163, 173, '200', 1, 26000000, 730, 40, 0, 0),
       (30164, 173, '201', 4, 29000000, 400, 41, 0, 0),
       (30165, 173, '202', 3, 30000000, 910, 41, 0, 0),
       (30166, 173, '203', 4, 13000000, 820, 41, 0, 0),
       (30167, 173, '204', 4, 22000000, 970, 41, 0, 0),
       (30168, 173, '205', 3, 26000000, 570, 41, 0, 0),
       (30169, 173, '206', 1, 17000000, 780, 42, 0, 0),
       (30170, 173, '207', 4, 19000000, 650, 42, 0, 0),
       (30171, 173, '208', 3, 15000000, 420, 42, 0, 0),
       (30172, 173, '209', 1, 27000000, 730, 42, 0, 0),
       (30173, 173, '210', 3, 17000000, 730, 42, 0, 0),
       (30174, 173, '211', 4, 26000000, 590, 43, 0, 0),
       (30175, 173, '212', 1, 20000000, 1000, 43, 0, 0),
       (30176, 173, '213', 4, 19000000, 550, 43, 0, 0),
       (30177, 173, '214', 1, 18000000, 450, 43, 0, 0),
       (30178, 173, '215', 3, 12000000, 400, 43, 0, 0),
       (30179, 173, '216', 2, 14000000, 480, 44, 0, 0),
       (30180, 173, '217', 4, 19000000, 990, 44, 0, 0),
       (30181, 173, '218', 3, 24000000, 730, 44, 0, 0),
       (30182, 173, '219', 3, 30000000, 760, 44, 0, 0),
       (30183, 173, '220', 2, 10000000, 470, 44, 0, 0);
insert into real_estate_building (id, address, complex_id, floor_count, dev_id)
values (174, 'г. Москва, ул. Ленинская, д. 48', 7, 53, 7);
insert into real_estate_object (id, building_id ,local_address, places, price, area, floor, type, estate_type)
values (30184, 174, '1', 2, 16000000, 640, 1, 0, 0),
       (30185, 174, '2', 1, 12000000, 410, 1, 0, 0),
       (30186, 174, '3', 4, 15000000, 700, 1, 0, 0),
       (30187, 174, '4', 3, 29000000, 610, 1, 0, 0),
       (30188, 174, '5', 1, 20000000, 870, 1, 0, 0),
       (30189, 174, '6', 1, 15000000, 560, 2, 0, 0),
       (30190, 174, '7', 2, 18000000, 690, 2, 0, 0),
       (30191, 174, '8', 2, 17000000, 580, 2, 0, 0),
       (30192, 174, '9', 1, 13000000, 620, 2, 0, 0),
       (30193, 174, '10', 2, 16000000, 720, 2, 0, 0),
       (30194, 174, '11', 3, 15000000, 890, 3, 0, 0),
       (30195, 174, '12', 1, 21000000, 740, 3, 0, 0),
       (30196, 174, '13', 2, 20000000, 460, 3, 0, 0),
       (30197, 174, '14', 1, 21000000, 830, 3, 0, 0),
       (30198, 174, '15', 1, 20000000, 410, 3, 0, 0),
       (30199, 174, '16', 2, 27000000, 620, 4, 0, 0),
       (30200, 174, '17', 3, 27000000, 790, 4, 0, 0),
       (30201, 174, '18', 4, 18000000, 550, 4, 0, 0),
       (30202, 174, '19', 2, 25000000, 540, 4, 0, 0),
       (30203, 174, '20', 3, 10000000, 790, 4, 0, 0),
       (30204, 174, '21', 4, 18000000, 810, 5, 0, 0),
       (30205, 174, '22', 2, 12000000, 960, 5, 0, 0),
       (30206, 174, '23', 1, 27000000, 690, 5, 0, 0),
       (30207, 174, '24', 4, 28000000, 750, 5, 0, 0),
       (30208, 174, '25', 1, 17000000, 860, 5, 0, 0),
       (30209, 174, '26', 1, 15000000, 930, 6, 0, 0),
       (30210, 174, '27', 1, 15000000, 570, 6, 0, 0),
       (30211, 174, '28', 4, 27000000, 920, 6, 0, 0),
       (30212, 174, '29', 1, 29000000, 680, 6, 0, 0),
       (30213, 174, '30', 4, 14000000, 680, 6, 0, 0),
       (30214, 174, '31', 4, 19000000, 600, 7, 0, 0),
       (30215, 174, '32', 1, 26000000, 980, 7, 0, 0),
       (30216, 174, '33', 1, 28000000, 740, 7, 0, 0),
       (30217, 174, '34', 3, 30000000, 1000, 7, 0, 0),
       (30218, 174, '35', 1, 12000000, 950, 7, 0, 0),
       (30219, 174, '36', 1, 28000000, 920, 8, 0, 0),
       (30220, 174, '37', 2, 11000000, 580, 8, 0, 0),
       (30221, 174, '38', 4, 11000000, 910, 8, 0, 0),
       (30222, 174, '39', 1, 18000000, 460, 8, 0, 0),
       (30223, 174, '40', 3, 22000000, 760, 8, 0, 0),
       (30224, 174, '41', 4, 20000000, 830, 9, 0, 0),
       (30225, 174, '42', 1, 17000000, 430, 9, 0, 0),
       (30226, 174, '43', 3, 26000000, 480, 9, 0, 0),
       (30227, 174, '44', 2, 15000000, 960, 9, 0, 0),
       (30228, 174, '45', 4, 18000000, 760, 9, 0, 0),
       (30229, 174, '46', 4, 14000000, 630, 10, 0, 0),
       (30230, 174, '47', 3, 23000000, 840, 10, 0, 0),
       (30231, 174, '48', 1, 21000000, 1000, 10, 0, 0),
       (30232, 174, '49', 4, 11000000, 880, 10, 0, 0),
       (30233, 174, '50', 1, 19000000, 710, 10, 0, 0),
       (30234, 174, '51', 4, 28000000, 980, 11, 0, 0),
       (30235, 174, '52', 1, 25000000, 650, 11, 0, 0),
       (30236, 174, '53', 3, 16000000, 620, 11, 0, 0),
       (30237, 174, '54', 4, 27000000, 740, 11, 0, 0),
       (30238, 174, '55', 1, 19000000, 980, 11, 0, 0),
       (30239, 174, '56', 1, 24000000, 640, 12, 0, 0),
       (30240, 174, '57', 4, 22000000, 650, 12, 0, 0),
       (30241, 174, '58', 1, 16000000, 880, 12, 0, 0),
       (30242, 174, '59', 4, 22000000, 970, 12, 0, 0),
       (30243, 174, '60', 4, 11000000, 930, 12, 0, 0),
       (30244, 174, '61', 4, 17000000, 570, 13, 0, 0),
       (30245, 174, '62', 2, 25000000, 510, 13, 0, 0),
       (30246, 174, '63', 1, 14000000, 890, 13, 0, 0),
       (30247, 174, '64', 3, 30000000, 960, 13, 0, 0),
       (30248, 174, '65', 3, 25000000, 920, 13, 0, 0),
       (30249, 174, '66', 2, 24000000, 510, 14, 0, 0),
       (30250, 174, '67', 3, 17000000, 440, 14, 0, 0),
       (30251, 174, '68', 2, 25000000, 510, 14, 0, 0),
       (30252, 174, '69', 3, 25000000, 410, 14, 0, 0),
       (30253, 174, '70', 2, 13000000, 730, 14, 0, 0),
       (30254, 174, '71', 1, 11000000, 730, 15, 0, 0),
       (30255, 174, '72', 1, 26000000, 620, 15, 0, 0),
       (30256, 174, '73', 4, 18000000, 610, 15, 0, 0),
       (30257, 174, '74', 4, 10000000, 740, 15, 0, 0),
       (30258, 174, '75', 3, 29000000, 590, 15, 0, 0),
       (30259, 174, '76', 4, 12000000, 640, 16, 0, 0),
       (30260, 174, '77', 4, 10000000, 900, 16, 0, 0),
       (30261, 174, '78', 1, 26000000, 500, 16, 0, 0),
       (30262, 174, '79', 3, 12000000, 680, 16, 0, 0),
       (30263, 174, '80', 4, 22000000, 720, 16, 0, 0),
       (30264, 174, '81', 2, 20000000, 430, 17, 0, 0),
       (30265, 174, '82', 1, 30000000, 570, 17, 0, 0),
       (30266, 174, '83', 3, 17000000, 450, 17, 0, 0),
       (30267, 174, '84', 2, 19000000, 410, 17, 0, 0),
       (30268, 174, '85', 3, 10000000, 410, 17, 0, 0),
       (30269, 174, '86', 4, 14000000, 660, 18, 0, 0),
       (30270, 174, '87', 1, 13000000, 430, 18, 0, 0),
       (30271, 174, '88', 2, 16000000, 930, 18, 0, 0),
       (30272, 174, '89', 3, 25000000, 690, 18, 0, 0),
       (30273, 174, '90', 2, 15000000, 900, 18, 0, 0),
       (30274, 174, '91', 3, 20000000, 840, 19, 0, 0),
       (30275, 174, '92', 2, 28000000, 650, 19, 0, 0),
       (30276, 174, '93', 4, 28000000, 840, 19, 0, 0),
       (30277, 174, '94', 3, 10000000, 420, 19, 0, 0),
       (30278, 174, '95', 4, 27000000, 750, 19, 0, 0),
       (30279, 174, '96', 3, 21000000, 660, 20, 0, 0),
       (30280, 174, '97', 1, 17000000, 580, 20, 0, 0),
       (30281, 174, '98', 2, 28000000, 670, 20, 0, 0),
       (30282, 174, '99', 2, 11000000, 520, 20, 0, 0),
       (30283, 174, '100', 4, 12000000, 810, 20, 0, 0),
       (30284, 174, '101', 1, 22000000, 940, 21, 0, 0),
       (30285, 174, '102', 1, 24000000, 680, 21, 0, 0),
       (30286, 174, '103', 4, 21000000, 890, 21, 0, 0),
       (30287, 174, '104', 1, 18000000, 500, 21, 0, 0),
       (30288, 174, '105', 3, 14000000, 600, 21, 0, 0),
       (30289, 174, '106', 1, 30000000, 940, 22, 0, 0),
       (30290, 174, '107', 1, 23000000, 840, 22, 0, 0),
       (30291, 174, '108', 1, 20000000, 830, 22, 0, 0),
       (30292, 174, '109', 4, 16000000, 800, 22, 0, 0),
       (30293, 174, '110', 4, 26000000, 690, 22, 0, 0),
       (30294, 174, '111', 4, 22000000, 930, 23, 0, 0),
       (30295, 174, '112', 1, 10000000, 640, 23, 0, 0),
       (30296, 174, '113', 4, 13000000, 920, 23, 0, 0),
       (30297, 174, '114', 3, 24000000, 590, 23, 0, 0),
       (30298, 174, '115', 4, 28000000, 550, 23, 0, 0),
       (30299, 174, '116', 1, 22000000, 630, 24, 0, 0),
       (30300, 174, '117', 3, 12000000, 490, 24, 0, 0),
       (30301, 174, '118', 3, 14000000, 860, 24, 0, 0),
       (30302, 174, '119', 4, 28000000, 910, 24, 0, 0),
       (30303, 174, '120', 2, 17000000, 750, 24, 0, 0),
       (30304, 174, '121', 4, 20000000, 600, 25, 0, 0),
       (30305, 174, '122', 4, 19000000, 460, 25, 0, 0),
       (30306, 174, '123', 4, 12000000, 630, 25, 0, 0),
       (30307, 174, '124', 1, 16000000, 800, 25, 0, 0),
       (30308, 174, '125', 3, 20000000, 560, 25, 0, 0),
       (30309, 174, '126', 3, 12000000, 720, 26, 0, 0),
       (30310, 174, '127', 4, 16000000, 930, 26, 0, 0),
       (30311, 174, '128', 1, 27000000, 520, 26, 0, 0),
       (30312, 174, '129', 1, 27000000, 720, 26, 0, 0),
       (30313, 174, '130', 3, 10000000, 840, 26, 0, 0),
       (30314, 174, '131', 4, 19000000, 490, 27, 0, 0),
       (30315, 174, '132', 4, 30000000, 960, 27, 0, 0),
       (30316, 174, '133', 2, 20000000, 420, 27, 0, 0),
       (30317, 174, '134', 2, 16000000, 950, 27, 0, 0),
       (30318, 174, '135', 3, 10000000, 460, 27, 0, 0),
       (30319, 174, '136', 1, 11000000, 570, 28, 0, 0),
       (30320, 174, '137', 2, 21000000, 830, 28, 0, 0),
       (30321, 174, '138', 3, 28000000, 970, 28, 0, 0),
       (30322, 174, '139', 4, 16000000, 980, 28, 0, 0),
       (30323, 174, '140', 3, 22000000, 720, 28, 0, 0),
       (30324, 174, '141', 1, 10000000, 530, 29, 0, 0),
       (30325, 174, '142', 3, 17000000, 570, 29, 0, 0),
       (30326, 174, '143', 1, 24000000, 710, 29, 0, 0),
       (30327, 174, '144', 2, 18000000, 550, 29, 0, 0),
       (30328, 174, '145', 2, 15000000, 960, 29, 0, 0),
       (30329, 174, '146', 3, 19000000, 720, 30, 0, 0),
       (30330, 174, '147', 2, 27000000, 790, 30, 0, 0),
       (30331, 174, '148', 4, 26000000, 460, 30, 0, 0),
       (30332, 174, '149', 4, 13000000, 710, 30, 0, 0),
       (30333, 174, '150', 2, 19000000, 670, 30, 0, 0),
       (30334, 174, '151', 4, 11000000, 740, 31, 0, 0),
       (30335, 174, '152', 1, 14000000, 530, 31, 0, 0),
       (30336, 174, '153', 1, 14000000, 760, 31, 0, 0),
       (30337, 174, '154', 1, 24000000, 520, 31, 0, 0),
       (30338, 174, '155', 3, 19000000, 930, 31, 0, 0),
       (30339, 174, '156', 2, 27000000, 880, 32, 0, 0),
       (30340, 174, '157', 4, 26000000, 890, 32, 0, 0),
       (30341, 174, '158', 2, 12000000, 400, 32, 0, 0),
       (30342, 174, '159', 3, 21000000, 1000, 32, 0, 0),
       (30343, 174, '160', 4, 14000000, 700, 32, 0, 0),
       (30344, 174, '161', 2, 29000000, 420, 33, 0, 0),
       (30345, 174, '162', 1, 23000000, 560, 33, 0, 0),
       (30346, 174, '163', 4, 30000000, 480, 33, 0, 0),
       (30347, 174, '164', 3, 21000000, 500, 33, 0, 0),
       (30348, 174, '165', 1, 13000000, 550, 33, 0, 0),
       (30349, 174, '166', 2, 28000000, 920, 34, 0, 0),
       (30350, 174, '167', 4, 25000000, 470, 34, 0, 0),
       (30351, 174, '168', 1, 24000000, 900, 34, 0, 0),
       (30352, 174, '169', 3, 13000000, 540, 34, 0, 0),
       (30353, 174, '170', 1, 11000000, 740, 34, 0, 0),
       (30354, 174, '171', 4, 16000000, 710, 35, 0, 0),
       (30355, 174, '172', 3, 16000000, 540, 35, 0, 0),
       (30356, 174, '173', 2, 21000000, 460, 35, 0, 0),
       (30357, 174, '174', 3, 15000000, 630, 35, 0, 0),
       (30358, 174, '175', 4, 23000000, 970, 35, 0, 0),
       (30359, 174, '176', 3, 11000000, 600, 36, 0, 0),
       (30360, 174, '177', 3, 25000000, 840, 36, 0, 0),
       (30361, 174, '178', 3, 11000000, 560, 36, 0, 0),
       (30362, 174, '179', 1, 23000000, 950, 36, 0, 0),
       (30363, 174, '180', 3, 30000000, 670, 36, 0, 0),
       (30364, 174, '181', 1, 10000000, 660, 37, 0, 0),
       (30365, 174, '182', 4, 21000000, 780, 37, 0, 0),
       (30366, 174, '183', 1, 22000000, 410, 37, 0, 0),
       (30367, 174, '184', 4, 23000000, 850, 37, 0, 0),
       (30368, 174, '185', 4, 11000000, 660, 37, 0, 0),
       (30369, 174, '186', 1, 14000000, 430, 38, 0, 0),
       (30370, 174, '187', 3, 15000000, 770, 38, 0, 0),
       (30371, 174, '188', 3, 14000000, 650, 38, 0, 0),
       (30372, 174, '189', 3, 25000000, 860, 38, 0, 0),
       (30373, 174, '190', 1, 12000000, 1000, 38, 0, 0),
       (30374, 174, '191', 3, 11000000, 540, 39, 0, 0),
       (30375, 174, '192', 2, 28000000, 1000, 39, 0, 0),
       (30376, 174, '193', 1, 15000000, 930, 39, 0, 0),
       (30377, 174, '194', 2, 24000000, 1000, 39, 0, 0),
       (30378, 174, '195', 3, 23000000, 870, 39, 0, 0),
       (30379, 174, '196', 3, 17000000, 620, 40, 0, 0),
       (30380, 174, '197', 4, 14000000, 900, 40, 0, 0),
       (30381, 174, '198', 4, 25000000, 570, 40, 0, 0),
       (30382, 174, '199', 3, 29000000, 400, 40, 0, 0),
       (30383, 174, '200', 1, 24000000, 800, 40, 0, 0),
       (30384, 174, '201', 4, 21000000, 690, 41, 0, 0),
       (30385, 174, '202', 2, 23000000, 400, 41, 0, 0),
       (30386, 174, '203', 3, 19000000, 1000, 41, 0, 0),
       (30387, 174, '204', 2, 27000000, 830, 41, 0, 0),
       (30388, 174, '205', 4, 11000000, 630, 41, 0, 0),
       (30389, 174, '206', 3, 17000000, 800, 42, 0, 0),
       (30390, 174, '207', 1, 19000000, 660, 42, 0, 0),
       (30391, 174, '208', 2, 25000000, 650, 42, 0, 0),
       (30392, 174, '209', 1, 20000000, 530, 42, 0, 0),
       (30393, 174, '210', 4, 19000000, 900, 42, 0, 0),
       (30394, 174, '211', 4, 24000000, 530, 43, 0, 0),
       (30395, 174, '212', 4, 27000000, 680, 43, 0, 0),
       (30396, 174, '213', 3, 23000000, 830, 43, 0, 0),
       (30397, 174, '214', 4, 28000000, 790, 43, 0, 0),
       (30398, 174, '215', 2, 22000000, 870, 43, 0, 0),
       (30399, 174, '216', 4, 17000000, 740, 44, 0, 0),
       (30400, 174, '217', 1, 10000000, 960, 44, 0, 0),
       (30401, 174, '218', 1, 28000000, 650, 44, 0, 0),
       (30402, 174, '219', 3, 24000000, 440, 44, 0, 0),
       (30403, 174, '220', 1, 24000000, 640, 44, 0, 0),
       (30404, 174, '221', 2, 25000000, 970, 45, 0, 0),
       (30405, 174, '222', 2, 20000000, 900, 45, 0, 0),
       (30406, 174, '223', 4, 30000000, 410, 45, 0, 0),
       (30407, 174, '224', 1, 25000000, 670, 45, 0, 0),
       (30408, 174, '225', 4, 15000000, 750, 45, 0, 0),
       (30409, 174, '226', 2, 11000000, 670, 46, 0, 0),
       (30410, 174, '227', 4, 20000000, 460, 46, 0, 0),
       (30411, 174, '228', 1, 21000000, 530, 46, 0, 0),
       (30412, 174, '229', 4, 12000000, 930, 46, 0, 0),
       (30413, 174, '230', 3, 10000000, 480, 46, 0, 0),
       (30414, 174, '231', 1, 21000000, 790, 47, 0, 0),
       (30415, 174, '232', 2, 29000000, 710, 47, 0, 0),
       (30416, 174, '233', 3, 27000000, 700, 47, 0, 0),
       (30417, 174, '234', 4, 17000000, 630, 47, 0, 0),
       (30418, 174, '235', 2, 23000000, 960, 47, 0, 0),
       (30419, 174, '236', 2, 24000000, 570, 48, 0, 0),
       (30420, 174, '237', 2, 12000000, 450, 48, 0, 0),
       (30421, 174, '238', 2, 27000000, 510, 48, 0, 0),
       (30422, 174, '239', 3, 23000000, 780, 48, 0, 0),
       (30423, 174, '240', 3, 17000000, 770, 48, 0, 0),
       (30424, 174, '241', 2, 18000000, 880, 49, 0, 0),
       (30425, 174, '242', 1, 25000000, 550, 49, 0, 0),
       (30426, 174, '243', 4, 30000000, 590, 49, 0, 0),
       (30427, 174, '244', 3, 26000000, 790, 49, 0, 0),
       (30428, 174, '245', 4, 14000000, 630, 49, 0, 0),
       (30429, 174, '246', 1, 28000000, 950, 50, 0, 0),
       (30430, 174, '247', 3, 11000000, 830, 50, 0, 0),
       (30431, 174, '248', 3, 12000000, 450, 50, 0, 0),
       (30432, 174, '249', 1, 22000000, 510, 50, 0, 0),
       (30433, 174, '250', 4, 18000000, 970, 50, 0, 0),
       (30434, 174, '251', 2, 15000000, 810, 51, 0, 0),
       (30435, 174, '252', 2, 20000000, 790, 51, 0, 0),
       (30436, 174, '253', 4, 18000000, 810, 51, 0, 0),
       (30437, 174, '254', 1, 16000000, 610, 51, 0, 0),
       (30438, 174, '255', 3, 14000000, 470, 51, 0, 0),
       (30439, 174, '256', 1, 19000000, 420, 52, 0, 0),
       (30440, 174, '257', 3, 27000000, 840, 52, 0, 0),
       (30441, 174, '258', 2, 25000000, 660, 52, 0, 0),
       (30442, 174, '259', 3, 28000000, 860, 52, 0, 0),
       (30443, 174, '260', 1, 24000000, 910, 52, 0, 0),
       (30444, 174, '261', 3, 21000000, 820, 53, 0, 0),
       (30445, 174, '262', 2, 23000000, 620, 53, 0, 0),
       (30446, 174, '263', 1, 21000000, 470, 53, 0, 0),
       (30447, 174, '264', 2, 11000000, 490, 53, 0, 0),
       (30448, 174, '265', 4, 23000000, 820, 53, 0, 0);
insert into real_estate_building (id, address, complex_id, floor_count, dev_id)
values (175, 'г. Москва, ул. Ленинская, д. 49', 7, 51, 7);
insert into real_estate_object (id, building_id ,local_address, places, price, area, floor, type, estate_type)
values (30449, 175, '1', 2, 20000000, 730, 1, 0, 0),
       (30450, 175, '2', 3, 29000000, 1000, 1, 0, 0),
       (30451, 175, '3', 3, 24000000, 680, 1, 0, 0),
       (30452, 175, '4', 4, 29000000, 550, 1, 0, 0),
       (30453, 175, '5', 3, 27000000, 650, 1, 0, 0),
       (30454, 175, '6', 1, 19000000, 990, 2, 0, 0),
       (30455, 175, '7', 2, 30000000, 780, 2, 0, 0),
       (30456, 175, '8', 4, 20000000, 450, 2, 0, 0),
       (30457, 175, '9', 3, 12000000, 780, 2, 0, 0),
       (30458, 175, '10', 4, 15000000, 910, 2, 0, 0),
       (30459, 175, '11', 2, 13000000, 630, 3, 0, 0),
       (30460, 175, '12', 2, 15000000, 950, 3, 0, 0),
       (30461, 175, '13', 3, 16000000, 580, 3, 0, 0),
       (30462, 175, '14', 4, 26000000, 800, 3, 0, 0),
       (30463, 175, '15', 3, 27000000, 760, 3, 0, 0),
       (30464, 175, '16', 2, 24000000, 710, 4, 0, 0),
       (30465, 175, '17', 3, 12000000, 940, 4, 0, 0),
       (30466, 175, '18', 4, 13000000, 1000, 4, 0, 0),
       (30467, 175, '19', 4, 25000000, 750, 4, 0, 0),
       (30468, 175, '20', 4, 29000000, 650, 4, 0, 0),
       (30469, 175, '21', 1, 24000000, 1000, 5, 0, 0),
       (30470, 175, '22', 4, 16000000, 480, 5, 0, 0),
       (30471, 175, '23', 4, 30000000, 830, 5, 0, 0),
       (30472, 175, '24', 3, 22000000, 770, 5, 0, 0),
       (30473, 175, '25', 4, 18000000, 690, 5, 0, 0),
       (30474, 175, '26', 4, 23000000, 580, 6, 0, 0),
       (30475, 175, '27', 1, 21000000, 760, 6, 0, 0),
       (30476, 175, '28', 4, 22000000, 740, 6, 0, 0),
       (30477, 175, '29', 3, 12000000, 510, 6, 0, 0),
       (30478, 175, '30', 4, 18000000, 850, 6, 0, 0),
       (30479, 175, '31', 1, 10000000, 640, 7, 0, 0),
       (30480, 175, '32', 1, 19000000, 640, 7, 0, 0),
       (30481, 175, '33', 2, 22000000, 790, 7, 0, 0),
       (30482, 175, '34', 4, 13000000, 970, 7, 0, 0),
       (30483, 175, '35', 2, 28000000, 960, 7, 0, 0),
       (30484, 175, '36', 3, 14000000, 840, 8, 0, 0),
       (30485, 175, '37', 3, 15000000, 960, 8, 0, 0),
       (30486, 175, '38', 2, 20000000, 840, 8, 0, 0),
       (30487, 175, '39', 4, 20000000, 430, 8, 0, 0),
       (30488, 175, '40', 2, 14000000, 420, 8, 0, 0),
       (30489, 175, '41', 1, 15000000, 830, 9, 0, 0),
       (30490, 175, '42', 2, 21000000, 620, 9, 0, 0),
       (30491, 175, '43', 4, 29000000, 780, 9, 0, 0),
       (30492, 175, '44', 3, 30000000, 740, 9, 0, 0),
       (30493, 175, '45', 2, 11000000, 590, 9, 0, 0),
       (30494, 175, '46', 4, 24000000, 850, 10, 0, 0),
       (30495, 175, '47', 1, 23000000, 760, 10, 0, 0),
       (30496, 175, '48', 3, 29000000, 830, 10, 0, 0),
       (30497, 175, '49', 3, 24000000, 780, 10, 0, 0),
       (30498, 175, '50', 1, 18000000, 790, 10, 0, 0),
       (30499, 175, '51', 3, 12000000, 560, 11, 0, 0),
       (30500, 175, '52', 4, 19000000, 530, 11, 0, 0),
       (30501, 175, '53', 3, 21000000, 930, 11, 0, 0),
       (30502, 175, '54', 2, 23000000, 880, 11, 0, 0),
       (30503, 175, '55', 2, 11000000, 750, 11, 0, 0),
       (30504, 175, '56', 1, 21000000, 430, 12, 0, 0),
       (30505, 175, '57', 3, 27000000, 480, 12, 0, 0),
       (30506, 175, '58', 4, 23000000, 710, 12, 0, 0),
       (30507, 175, '59', 1, 22000000, 990, 12, 0, 0),
       (30508, 175, '60', 4, 20000000, 580, 12, 0, 0),
       (30509, 175, '61', 3, 16000000, 870, 13, 0, 0),
       (30510, 175, '62', 2, 12000000, 910, 13, 0, 0),
       (30511, 175, '63', 4, 13000000, 450, 13, 0, 0),
       (30512, 175, '64', 2, 14000000, 570, 13, 0, 0),
       (30513, 175, '65', 4, 28000000, 780, 13, 0, 0),
       (30514, 175, '66', 1, 22000000, 690, 14, 0, 0),
       (30515, 175, '67', 3, 10000000, 570, 14, 0, 0),
       (30516, 175, '68', 2, 24000000, 560, 14, 0, 0),
       (30517, 175, '69', 4, 28000000, 490, 14, 0, 0),
       (30518, 175, '70', 2, 22000000, 860, 14, 0, 0),
       (30519, 175, '71', 4, 19000000, 480, 15, 0, 0),
       (30520, 175, '72', 3, 20000000, 930, 15, 0, 0),
       (30521, 175, '73', 3, 23000000, 500, 15, 0, 0),
       (30522, 175, '74', 2, 11000000, 560, 15, 0, 0),
       (30523, 175, '75', 4, 16000000, 680, 15, 0, 0),
       (30524, 175, '76', 3, 26000000, 850, 16, 0, 0),
       (30525, 175, '77', 2, 13000000, 990, 16, 0, 0),
       (30526, 175, '78', 2, 29000000, 430, 16, 0, 0),
       (30527, 175, '79', 4, 27000000, 610, 16, 0, 0),
       (30528, 175, '80', 1, 24000000, 850, 16, 0, 0),
       (30529, 175, '81', 2, 13000000, 550, 17, 0, 0),
       (30530, 175, '82', 4, 15000000, 910, 17, 0, 0),
       (30531, 175, '83', 2, 23000000, 980, 17, 0, 0),
       (30532, 175, '84', 2, 25000000, 870, 17, 0, 0),
       (30533, 175, '85', 3, 19000000, 710, 17, 0, 0),
       (30534, 175, '86', 2, 21000000, 660, 18, 0, 0),
       (30535, 175, '87', 1, 19000000, 490, 18, 0, 0),
       (30536, 175, '88', 2, 18000000, 580, 18, 0, 0),
       (30537, 175, '89', 3, 15000000, 970, 18, 0, 0),
       (30538, 175, '90', 1, 18000000, 440, 18, 0, 0),
       (30539, 175, '91', 4, 21000000, 1000, 19, 0, 0),
       (30540, 175, '92', 4, 25000000, 410, 19, 0, 0),
       (30541, 175, '93', 1, 30000000, 420, 19, 0, 0),
       (30542, 175, '94', 3, 30000000, 630, 19, 0, 0),
       (30543, 175, '95', 3, 11000000, 970, 19, 0, 0),
       (30544, 175, '96', 3, 20000000, 800, 20, 0, 0),
       (30545, 175, '97', 4, 25000000, 730, 20, 0, 0),
       (30546, 175, '98', 2, 16000000, 640, 20, 0, 0),
       (30547, 175, '99', 3, 18000000, 760, 20, 0, 0),
       (30548, 175, '100', 1, 17000000, 510, 20, 0, 0),
       (30549, 175, '101', 3, 11000000, 730, 21, 0, 0),
       (30550, 175, '102', 2, 25000000, 830, 21, 0, 0),
       (30551, 175, '103', 2, 30000000, 920, 21, 0, 0),
       (30552, 175, '104', 4, 19000000, 960, 21, 0, 0),
       (30553, 175, '105', 2, 10000000, 570, 21, 0, 0),
       (30554, 175, '106', 1, 14000000, 660, 22, 0, 0),
       (30555, 175, '107', 1, 22000000, 540, 22, 0, 0),
       (30556, 175, '108', 2, 17000000, 420, 22, 0, 0),
       (30557, 175, '109', 1, 20000000, 880, 22, 0, 0),
       (30558, 175, '110', 2, 28000000, 500, 22, 0, 0),
       (30559, 175, '111', 4, 19000000, 1000, 23, 0, 0),
       (30560, 175, '112', 2, 17000000, 420, 23, 0, 0),
       (30561, 175, '113', 3, 25000000, 910, 23, 0, 0),
       (30562, 175, '114', 1, 29000000, 600, 23, 0, 0),
       (30563, 175, '115', 1, 16000000, 610, 23, 0, 0),
       (30564, 175, '116', 3, 24000000, 450, 24, 0, 0),
       (30565, 175, '117', 1, 22000000, 710, 24, 0, 0),
       (30566, 175, '118', 1, 21000000, 540, 24, 0, 0),
       (30567, 175, '119', 1, 23000000, 900, 24, 0, 0),
       (30568, 175, '120', 2, 22000000, 700, 24, 0, 0),
       (30569, 175, '121', 1, 16000000, 480, 25, 0, 0),
       (30570, 175, '122', 2, 20000000, 670, 25, 0, 0),
       (30571, 175, '123', 2, 24000000, 910, 25, 0, 0),
       (30572, 175, '124', 1, 27000000, 840, 25, 0, 0),
       (30573, 175, '125', 3, 14000000, 900, 25, 0, 0),
       (30574, 175, '126', 4, 14000000, 730, 26, 0, 0),
       (30575, 175, '127', 4, 28000000, 520, 26, 0, 0),
       (30576, 175, '128', 1, 26000000, 710, 26, 0, 0),
       (30577, 175, '129', 4, 23000000, 820, 26, 0, 0),
       (30578, 175, '130', 2, 27000000, 480, 26, 0, 0),
       (30579, 175, '131', 1, 20000000, 490, 27, 0, 0),
       (30580, 175, '132', 1, 23000000, 790, 27, 0, 0),
       (30581, 175, '133', 2, 10000000, 850, 27, 0, 0),
       (30582, 175, '134', 1, 18000000, 720, 27, 0, 0),
       (30583, 175, '135', 2, 15000000, 550, 27, 0, 0),
       (30584, 175, '136', 1, 21000000, 470, 28, 0, 0),
       (30585, 175, '137', 1, 14000000, 740, 28, 0, 0),
       (30586, 175, '138', 4, 26000000, 810, 28, 0, 0),
       (30587, 175, '139', 4, 24000000, 920, 28, 0, 0),
       (30588, 175, '140', 2, 30000000, 590, 28, 0, 0),
       (30589, 175, '141', 1, 30000000, 760, 29, 0, 0),
       (30590, 175, '142', 4, 22000000, 810, 29, 0, 0),
       (30591, 175, '143', 4, 29000000, 690, 29, 0, 0),
       (30592, 175, '144', 1, 18000000, 580, 29, 0, 0),
       (30593, 175, '145', 4, 22000000, 660, 29, 0, 0),
       (30594, 175, '146', 3, 27000000, 750, 30, 0, 0),
       (30595, 175, '147', 3, 24000000, 440, 30, 0, 0),
       (30596, 175, '148', 2, 21000000, 570, 30, 0, 0),
       (30597, 175, '149', 4, 19000000, 400, 30, 0, 0),
       (30598, 175, '150', 1, 14000000, 520, 30, 0, 0),
       (30599, 175, '151', 3, 19000000, 500, 31, 0, 0),
       (30600, 175, '152', 3, 17000000, 810, 31, 0, 0),
       (30601, 175, '153', 1, 25000000, 490, 31, 0, 0),
       (30602, 175, '154', 1, 16000000, 730, 31, 0, 0),
       (30603, 175, '155', 2, 24000000, 740, 31, 0, 0),
       (30604, 175, '156', 1, 27000000, 470, 32, 0, 0),
       (30605, 175, '157', 4, 17000000, 490, 32, 0, 0),
       (30606, 175, '158', 4, 22000000, 460, 32, 0, 0),
       (30607, 175, '159', 2, 14000000, 600, 32, 0, 0),
       (30608, 175, '160', 3, 22000000, 810, 32, 0, 0),
       (30609, 175, '161', 3, 13000000, 750, 33, 0, 0),
       (30610, 175, '162', 3, 21000000, 520, 33, 0, 0),
       (30611, 175, '163', 3, 14000000, 660, 33, 0, 0),
       (30612, 175, '164', 3, 21000000, 760, 33, 0, 0),
       (30613, 175, '165', 2, 17000000, 630, 33, 0, 0),
       (30614, 175, '166', 3, 14000000, 560, 34, 0, 0),
       (30615, 175, '167', 3, 28000000, 460, 34, 0, 0),
       (30616, 175, '168', 4, 26000000, 940, 34, 0, 0),
       (30617, 175, '169', 2, 17000000, 750, 34, 0, 0),
       (30618, 175, '170', 3, 12000000, 830, 34, 0, 0),
       (30619, 175, '171', 2, 14000000, 680, 35, 0, 0),
       (30620, 175, '172', 4, 19000000, 510, 35, 0, 0),
       (30621, 175, '173', 3, 18000000, 600, 35, 0, 0),
       (30622, 175, '174', 3, 20000000, 770, 35, 0, 0),
       (30623, 175, '175', 4, 23000000, 510, 35, 0, 0),
       (30624, 175, '176', 1, 23000000, 560, 36, 0, 0),
       (30625, 175, '177', 3, 24000000, 440, 36, 0, 0),
       (30626, 175, '178', 4, 25000000, 670, 36, 0, 0),
       (30627, 175, '179', 2, 13000000, 430, 36, 0, 0),
       (30628, 175, '180', 3, 21000000, 840, 36, 0, 0),
       (30629, 175, '181', 3, 14000000, 570, 37, 0, 0),
       (30630, 175, '182', 4, 13000000, 900, 37, 0, 0),
       (30631, 175, '183', 2, 20000000, 740, 37, 0, 0),
       (30632, 175, '184', 2, 25000000, 870, 37, 0, 0),
       (30633, 175, '185', 2, 18000000, 930, 37, 0, 0),
       (30634, 175, '186', 3, 23000000, 850, 38, 0, 0),
       (30635, 175, '187', 2, 29000000, 660, 38, 0, 0),
       (30636, 175, '188', 2, 22000000, 780, 38, 0, 0),
       (30637, 175, '189', 1, 20000000, 810, 38, 0, 0),
       (30638, 175, '190', 1, 10000000, 440, 38, 0, 0),
       (30639, 175, '191', 4, 24000000, 790, 39, 0, 0),
       (30640, 175, '192', 1, 26000000, 680, 39, 0, 0),
       (30641, 175, '193', 1, 28000000, 800, 39, 0, 0),
       (30642, 175, '194', 2, 11000000, 410, 39, 0, 0),
       (30643, 175, '195', 2, 24000000, 520, 39, 0, 0),
       (30644, 175, '196', 1, 12000000, 700, 40, 0, 0),
       (30645, 175, '197', 4, 21000000, 760, 40, 0, 0),
       (30646, 175, '198', 4, 23000000, 830, 40, 0, 0),
       (30647, 175, '199', 3, 12000000, 680, 40, 0, 0),
       (30648, 175, '200', 3, 15000000, 720, 40, 0, 0),
       (30649, 175, '201', 1, 15000000, 590, 41, 0, 0),
       (30650, 175, '202', 1, 11000000, 980, 41, 0, 0),
       (30651, 175, '203', 4, 17000000, 410, 41, 0, 0),
       (30652, 175, '204', 4, 16000000, 450, 41, 0, 0),
       (30653, 175, '205', 4, 23000000, 530, 41, 0, 0),
       (30654, 175, '206', 3, 20000000, 1000, 42, 0, 0),
       (30655, 175, '207', 3, 19000000, 670, 42, 0, 0),
       (30656, 175, '208', 2, 24000000, 850, 42, 0, 0),
       (30657, 175, '209', 3, 24000000, 780, 42, 0, 0),
       (30658, 175, '210', 3, 12000000, 650, 42, 0, 0),
       (30659, 175, '211', 3, 29000000, 870, 43, 0, 0),
       (30660, 175, '212', 1, 15000000, 620, 43, 0, 0),
       (30661, 175, '213', 3, 26000000, 980, 43, 0, 0),
       (30662, 175, '214', 1, 12000000, 530, 43, 0, 0),
       (30663, 175, '215', 1, 11000000, 780, 43, 0, 0),
       (30664, 175, '216', 2, 24000000, 770, 44, 0, 0),
       (30665, 175, '217', 1, 12000000, 470, 44, 0, 0),
       (30666, 175, '218', 3, 16000000, 710, 44, 0, 0),
       (30667, 175, '219', 3, 12000000, 600, 44, 0, 0),
       (30668, 175, '220', 4, 25000000, 810, 44, 0, 0),
       (30669, 175, '221', 3, 27000000, 500, 45, 0, 0),
       (30670, 175, '222', 2, 15000000, 770, 45, 0, 0),
       (30671, 175, '223', 1, 15000000, 820, 45, 0, 0),
       (30672, 175, '224', 3, 22000000, 820, 45, 0, 0),
       (30673, 175, '225', 2, 10000000, 710, 45, 0, 0),
       (30674, 175, '226', 4, 26000000, 640, 46, 0, 0),
       (30675, 175, '227', 1, 14000000, 570, 46, 0, 0),
       (30676, 175, '228', 4, 26000000, 820, 46, 0, 0),
       (30677, 175, '229', 3, 11000000, 430, 46, 0, 0),
       (30678, 175, '230', 4, 14000000, 760, 46, 0, 0),
       (30679, 175, '231', 4, 14000000, 410, 47, 0, 0),
       (30680, 175, '232', 3, 25000000, 620, 47, 0, 0),
       (30681, 175, '233', 4, 13000000, 710, 47, 0, 0),
       (30682, 175, '234', 2, 25000000, 630, 47, 0, 0),
       (30683, 175, '235', 4, 11000000, 570, 47, 0, 0),
       (30684, 175, '236', 3, 15000000, 790, 48, 0, 0),
       (30685, 175, '237', 1, 16000000, 700, 48, 0, 0),
       (30686, 175, '238', 2, 20000000, 540, 48, 0, 0),
       (30687, 175, '239', 1, 10000000, 460, 48, 0, 0),
       (30688, 175, '240', 3, 25000000, 870, 48, 0, 0),
       (30689, 175, '241', 4, 22000000, 780, 49, 0, 0),
       (30690, 175, '242', 1, 20000000, 530, 49, 0, 0),
       (30691, 175, '243', 1, 18000000, 930, 49, 0, 0),
       (30692, 175, '244', 2, 20000000, 590, 49, 0, 0),
       (30693, 175, '245', 2, 22000000, 500, 49, 0, 0),
       (30694, 175, '246', 1, 12000000, 600, 50, 0, 0),
       (30695, 175, '247', 3, 12000000, 680, 50, 0, 0),
       (30696, 175, '248', 1, 12000000, 740, 50, 0, 0),
       (30697, 175, '249', 1, 21000000, 600, 50, 0, 0),
       (30698, 175, '250', 2, 29000000, 690, 50, 0, 0),
       (30699, 175, '251', 3, 19000000, 950, 51, 0, 0),
       (30700, 175, '252', 3, 14000000, 620, 51, 0, 0),
       (30701, 175, '253', 4, 28000000, 910, 51, 0, 0),
       (30702, 175, '254', 3, 21000000, 620, 51, 0, 0),
       (30703, 175, '255', 1, 29000000, 780, 51, 0, 0);
insert into real_estate_building (id, address, complex_id, floor_count, dev_id)
values (176, 'г. Москва, ул. Европейская, д. 13', 8, 16, 8);
insert into real_estate_object (id, building_id ,local_address, places, price, area, floor, type, estate_type)
values (30704, 176, '1', 2, 49000000, 920, 1, 0, 0),
       (30705, 176, '2', 3, 88000000, 870, 1, 0, 0),
       (30706, 176, '3', 1, 33000000, 980, 1, 0, 0),
       (30707, 176, '4', 4, 31000000, 670, 2, 0, 0),
       (30708, 176, '5', 4, 53000000, 770, 2, 0, 0),
       (30709, 176, '6', 2, 90000000, 470, 2, 0, 0),
       (30710, 176, '7', 4, 90000000, 900, 3, 0, 0),
       (30711, 176, '8', 3, 55000000, 790, 3, 0, 0),
       (30712, 176, '9', 3, 63000000, 670, 3, 0, 0),
       (30713, 176, '10', 1, 78000000, 730, 4, 0, 0),
       (30714, 176, '11', 2, 75000000, 490, 4, 0, 0),
       (30715, 176, '12', 1, 85000000, 820, 4, 0, 0),
       (30716, 176, '13', 3, 76000000, 830, 5, 0, 0),
       (30717, 176, '14', 3, 51000000, 770, 5, 0, 0),
       (30718, 176, '15', 1, 30000000, 440, 5, 0, 0),
       (30719, 176, '16', 3, 62000000, 670, 6, 0, 0),
       (30720, 176, '17', 2, 92000000, 820, 6, 0, 0),
       (30721, 176, '18', 2, 59000000, 430, 6, 0, 0),
       (30722, 176, '19', 2, 42000000, 750, 7, 0, 0),
       (30723, 176, '20', 3, 59000000, 500, 7, 0, 0),
       (30724, 176, '21', 2, 43000000, 450, 7, 0, 0),
       (30725, 176, '22', 1, 39000000, 790, 8, 0, 0),
       (30726, 176, '23', 3, 76000000, 710, 8, 0, 0),
       (30727, 176, '24', 3, 32000000, 730, 8, 0, 0),
       (30728, 176, '25', 1, 31000000, 720, 9, 0, 0),
       (30729, 176, '26', 3, 53000000, 740, 9, 0, 0),
       (30730, 176, '27', 1, 72000000, 410, 9, 0, 0),
       (30731, 176, '28', 2, 66000000, 600, 10, 0, 0),
       (30732, 176, '29', 2, 36000000, 570, 10, 0, 0),
       (30733, 176, '30', 1, 71000000, 760, 10, 0, 0),
       (30734, 176, '31', 3, 100000000, 550, 11, 0, 0),
       (30735, 176, '32', 1, 98000000, 700, 11, 0, 0),
       (30736, 176, '33', 2, 63000000, 800, 11, 0, 0),
       (30737, 176, '34', 3, 98000000, 950, 12, 0, 0),
       (30738, 176, '35', 1, 64000000, 880, 12, 0, 0),
       (30739, 176, '36', 1, 40000000, 670, 12, 0, 0),
       (30740, 176, '37', 1, 36000000, 800, 13, 0, 0),
       (30741, 176, '38', 3, 47000000, 670, 13, 0, 0),
       (30742, 176, '39', 4, 90000000, 830, 13, 0, 0),
       (30743, 176, '40', 1, 68000000, 520, 14, 0, 0),
       (30744, 176, '41', 3, 34000000, 620, 14, 0, 0),
       (30745, 176, '42', 2, 81000000, 780, 14, 0, 0),
       (30746, 176, '43', 4, 33000000, 950, 15, 0, 0),
       (30747, 176, '44', 4, 97000000, 860, 15, 0, 0),
       (30748, 176, '45', 4, 38000000, 790, 15, 0, 0),
       (30749, 176, '46', 1, 92000000, 650, 16, 0, 0),
       (30750, 176, '47', 1, 88000000, 670, 16, 0, 0),
       (30751, 176, '48', 3, 64000000, 840, 16, 0, 0);
insert into real_estate_building (id, address, complex_id, floor_count, dev_id)
values (177, 'г. Москва, ул. Европейская, д. 14', 8, 17, 8);
insert into real_estate_object (id, building_id ,local_address, places, price, area, floor, type, estate_type)
values (30752, 177, '1', 4, 70000000, 790, 1, 0, 0),
       (30753, 177, '2', 4, 96000000, 660, 1, 0, 0),
       (30754, 177, '3', 1, 75000000, 660, 1, 0, 0),
       (30755, 177, '4', 2, 60000000, 960, 2, 0, 0),
       (30756, 177, '5', 4, 54000000, 530, 2, 0, 0),
       (30757, 177, '6', 4, 32000000, 1000, 2, 0, 0),
       (30758, 177, '7', 3, 61000000, 790, 3, 0, 0),
       (30759, 177, '8', 4, 53000000, 400, 3, 0, 0),
       (30760, 177, '9', 1, 82000000, 440, 3, 0, 0),
       (30761, 177, '10', 3, 64000000, 410, 4, 0, 0),
       (30762, 177, '11', 2, 71000000, 630, 4, 0, 0),
       (30763, 177, '12', 3, 79000000, 990, 4, 0, 0),
       (30764, 177, '13', 2, 31000000, 580, 5, 0, 0),
       (30765, 177, '14', 1, 79000000, 570, 5, 0, 0),
       (30766, 177, '15', 4, 81000000, 480, 5, 0, 0),
       (30767, 177, '16', 3, 97000000, 590, 6, 0, 0),
       (30768, 177, '17', 1, 41000000, 400, 6, 0, 0),
       (30769, 177, '18', 4, 43000000, 700, 6, 0, 0),
       (30770, 177, '19', 3, 87000000, 930, 7, 0, 0),
       (30771, 177, '20', 3, 45000000, 670, 7, 0, 0),
       (30772, 177, '21', 2, 44000000, 690, 7, 0, 0),
       (30773, 177, '22', 3, 43000000, 480, 8, 0, 0),
       (30774, 177, '23', 2, 88000000, 580, 8, 0, 0),
       (30775, 177, '24', 1, 92000000, 720, 8, 0, 0),
       (30776, 177, '25', 2, 43000000, 850, 9, 0, 0),
       (30777, 177, '26', 3, 37000000, 920, 9, 0, 0),
       (30778, 177, '27', 2, 60000000, 990, 9, 0, 0),
       (30779, 177, '28', 3, 80000000, 530, 10, 0, 0),
       (30780, 177, '29', 1, 65000000, 550, 10, 0, 0),
       (30781, 177, '30', 3, 90000000, 470, 10, 0, 0),
       (30782, 177, '31', 3, 88000000, 840, 11, 0, 0),
       (30783, 177, '32', 4, 91000000, 860, 11, 0, 0),
       (30784, 177, '33', 2, 44000000, 440, 11, 0, 0),
       (30785, 177, '34', 4, 39000000, 530, 12, 0, 0),
       (30786, 177, '35', 4, 94000000, 750, 12, 0, 0),
       (30787, 177, '36', 1, 99000000, 630, 12, 0, 0),
       (30788, 177, '37', 4, 87000000, 800, 13, 0, 0),
       (30789, 177, '38', 2, 48000000, 930, 13, 0, 0),
       (30790, 177, '39', 2, 37000000, 810, 13, 0, 0),
       (30791, 177, '40', 3, 89000000, 460, 14, 0, 0),
       (30792, 177, '41', 1, 90000000, 450, 14, 0, 0),
       (30793, 177, '42', 1, 65000000, 660, 14, 0, 0),
       (30794, 177, '43', 4, 39000000, 700, 15, 0, 0),
       (30795, 177, '44', 3, 51000000, 870, 15, 0, 0),
       (30796, 177, '45', 4, 94000000, 590, 15, 0, 0),
       (30797, 177, '46', 3, 34000000, 820, 16, 0, 0),
       (30798, 177, '47', 4, 43000000, 450, 16, 0, 0),
       (30799, 177, '48', 2, 42000000, 900, 16, 0, 0),
       (30800, 177, '49', 4, 43000000, 990, 17, 0, 0),
       (30801, 177, '50', 1, 36000000, 680, 17, 0, 0),
       (30802, 177, '51', 3, 79000000, 470, 17, 0, 0);
insert into real_estate_building (id, address, complex_id, floor_count, dev_id)
values (178, 'г. Москва, ул. Европейская, д. 15', 8, 17, 8);
insert into real_estate_object (id, building_id ,local_address, places, price, area, floor, type, estate_type)
values (30803, 178, '1', 1, 68000000, 820, 1, 0, 0),
       (30804, 178, '2', 4, 61000000, 930, 1, 0, 0),
       (30805, 178, '3', 1, 58000000, 540, 1, 0, 0),
       (30806, 178, '4', 2, 97000000, 960, 2, 0, 0),
       (30807, 178, '5', 3, 95000000, 560, 2, 0, 0),
       (30808, 178, '6', 1, 64000000, 590, 2, 0, 0),
       (30809, 178, '7', 2, 96000000, 520, 3, 0, 0),
       (30810, 178, '8', 2, 48000000, 690, 3, 0, 0),
       (30811, 178, '9', 4, 67000000, 480, 3, 0, 0),
       (30812, 178, '10', 4, 100000000, 720, 4, 0, 0),
       (30813, 178, '11', 2, 98000000, 740, 4, 0, 0),
       (30814, 178, '12', 4, 98000000, 950, 4, 0, 0),
       (30815, 178, '13', 3, 79000000, 920, 5, 0, 0),
       (30816, 178, '14', 1, 51000000, 650, 5, 0, 0),
       (30817, 178, '15', 3, 46000000, 680, 5, 0, 0),
       (30818, 178, '16', 1, 57000000, 570, 6, 0, 0),
       (30819, 178, '17', 4, 41000000, 910, 6, 0, 0),
       (30820, 178, '18', 1, 38000000, 740, 6, 0, 0),
       (30821, 178, '19', 2, 83000000, 450, 7, 0, 0),
       (30822, 178, '20', 1, 50000000, 420, 7, 0, 0),
       (30823, 178, '21', 1, 69000000, 1000, 7, 0, 0),
       (30824, 178, '22', 1, 52000000, 950, 8, 0, 0),
       (30825, 178, '23', 3, 47000000, 400, 8, 0, 0),
       (30826, 178, '24', 3, 60000000, 740, 8, 0, 0),
       (30827, 178, '25', 1, 54000000, 580, 9, 0, 0),
       (30828, 178, '26', 4, 82000000, 690, 9, 0, 0),
       (30829, 178, '27', 1, 54000000, 610, 9, 0, 0),
       (30830, 178, '28', 1, 48000000, 670, 10, 0, 0),
       (30831, 178, '29', 2, 44000000, 760, 10, 0, 0),
       (30832, 178, '30', 2, 56000000, 570, 10, 0, 0),
       (30833, 178, '31', 1, 53000000, 820, 11, 0, 0),
       (30834, 178, '32', 3, 80000000, 400, 11, 0, 0),
       (30835, 178, '33', 1, 45000000, 470, 11, 0, 0),
       (30836, 178, '34', 3, 48000000, 640, 12, 0, 0),
       (30837, 178, '35', 3, 76000000, 830, 12, 0, 0),
       (30838, 178, '36', 3, 54000000, 670, 12, 0, 0),
       (30839, 178, '37', 4, 87000000, 650, 13, 0, 0),
       (30840, 178, '38', 4, 63000000, 610, 13, 0, 0),
       (30841, 178, '39', 4, 31000000, 810, 13, 0, 0),
       (30842, 178, '40', 3, 61000000, 820, 14, 0, 0),
       (30843, 178, '41', 3, 87000000, 520, 14, 0, 0),
       (30844, 178, '42', 2, 94000000, 720, 14, 0, 0),
       (30845, 178, '43', 1, 90000000, 610, 15, 0, 0),
       (30846, 178, '44', 1, 58000000, 920, 15, 0, 0),
       (30847, 178, '45', 4, 50000000, 610, 15, 0, 0),
       (30848, 178, '46', 3, 80000000, 980, 16, 0, 0),
       (30849, 178, '47', 4, 89000000, 540, 16, 0, 0),
       (30850, 178, '48', 3, 80000000, 740, 16, 0, 0),
       (30851, 178, '49', 3, 82000000, 820, 17, 0, 0),
       (30852, 178, '50', 2, 54000000, 450, 17, 0, 0),
       (30853, 178, '51', 2, 100000000, 1000, 17, 0, 0);
insert into real_estate_building (id, address, complex_id, floor_count, dev_id)
values (179, 'г. Москва, ул. Европейская, д. 16', 8, 18, 8);
insert into real_estate_object (id, building_id ,local_address, places, price, area, floor, type, estate_type)
values (30854, 179, '1', 4, 80000000, 990, 1, 0, 0),
       (30855, 179, '2', 1, 79000000, 890, 1, 0, 0),
       (30856, 179, '3', 1, 80000000, 840, 1, 0, 0),
       (30857, 179, '4', 2, 84000000, 600, 2, 0, 0),
       (30858, 179, '5', 1, 60000000, 720, 2, 0, 0),
       (30859, 179, '6', 4, 31000000, 850, 2, 0, 0),
       (30860, 179, '7', 3, 49000000, 740, 3, 0, 0),
       (30861, 179, '8', 2, 94000000, 710, 3, 0, 0),
       (30862, 179, '9', 4, 71000000, 870, 3, 0, 0),
       (30863, 179, '10', 4, 50000000, 870, 4, 0, 0),
       (30864, 179, '11', 4, 58000000, 770, 4, 0, 0),
       (30865, 179, '12', 4, 46000000, 560, 4, 0, 0),
       (30866, 179, '13', 3, 34000000, 590, 5, 0, 0),
       (30867, 179, '14', 1, 62000000, 700, 5, 0, 0),
       (30868, 179, '15', 4, 42000000, 820, 5, 0, 0),
       (30869, 179, '16', 4, 98000000, 820, 6, 0, 0),
       (30870, 179, '17', 2, 33000000, 690, 6, 0, 0),
       (30871, 179, '18', 2, 44000000, 900, 6, 0, 0),
       (30872, 179, '19', 2, 97000000, 450, 7, 0, 0),
       (30873, 179, '20', 4, 36000000, 850, 7, 0, 0),
       (30874, 179, '21', 3, 89000000, 410, 7, 0, 0),
       (30875, 179, '22', 4, 66000000, 710, 8, 0, 0),
       (30876, 179, '23', 3, 35000000, 510, 8, 0, 0),
       (30877, 179, '24', 4, 79000000, 920, 8, 0, 0),
       (30878, 179, '25', 3, 47000000, 620, 9, 0, 0),
       (30879, 179, '26', 2, 30000000, 450, 9, 0, 0),
       (30880, 179, '27', 1, 52000000, 700, 9, 0, 0),
       (30881, 179, '28', 2, 68000000, 560, 10, 0, 0),
       (30882, 179, '29', 3, 94000000, 890, 10, 0, 0),
       (30883, 179, '30', 1, 66000000, 680, 10, 0, 0),
       (30884, 179, '31', 4, 79000000, 820, 11, 0, 0),
       (30885, 179, '32', 4, 86000000, 890, 11, 0, 0),
       (30886, 179, '33', 3, 74000000, 560, 11, 0, 0),
       (30887, 179, '34', 2, 85000000, 850, 12, 0, 0),
       (30888, 179, '35', 1, 84000000, 650, 12, 0, 0),
       (30889, 179, '36', 4, 67000000, 860, 12, 0, 0),
       (30890, 179, '37', 4, 59000000, 910, 13, 0, 0),
       (30891, 179, '38', 1, 91000000, 500, 13, 0, 0),
       (30892, 179, '39', 1, 83000000, 870, 13, 0, 0),
       (30893, 179, '40', 1, 59000000, 990, 14, 0, 0),
       (30894, 179, '41', 3, 43000000, 420, 14, 0, 0),
       (30895, 179, '42', 3, 82000000, 480, 14, 0, 0),
       (30896, 179, '43', 2, 34000000, 880, 15, 0, 0),
       (30897, 179, '44', 4, 90000000, 760, 15, 0, 0),
       (30898, 179, '45', 4, 46000000, 540, 15, 0, 0),
       (30899, 179, '46', 3, 99000000, 650, 16, 0, 0),
       (30900, 179, '47', 4, 73000000, 630, 16, 0, 0),
       (30901, 179, '48', 2, 84000000, 560, 16, 0, 0),
       (30902, 179, '49', 1, 81000000, 540, 17, 0, 0),
       (30903, 179, '50', 4, 56000000, 580, 17, 0, 0),
       (30904, 179, '51', 3, 60000000, 610, 17, 0, 0),
       (30905, 179, '52', 3, 50000000, 710, 18, 0, 0),
       (30906, 179, '53', 4, 56000000, 790, 18, 0, 0),
       (30907, 179, '54', 3, 39000000, 420, 18, 0, 0);
insert into real_estate_building (id, address, complex_id, floor_count, dev_id)
values (180, 'г. Москва, ул. Европейская, д. 17', 8, 16, 8);
insert into real_estate_object (id, building_id ,local_address, places, price, area, floor, type, estate_type)
values (30908, 180, '1', 2, 93000000, 430, 1, 0, 0),
       (30909, 180, '2', 2, 39000000, 540, 1, 0, 0),
       (30910, 180, '3', 4, 85000000, 550, 1, 0, 0),
       (30911, 180, '4', 2, 37000000, 500, 2, 0, 0),
       (30912, 180, '5', 2, 69000000, 910, 2, 0, 0),
       (30913, 180, '6', 4, 34000000, 450, 2, 0, 0),
       (30914, 180, '7', 2, 39000000, 920, 3, 0, 0),
       (30915, 180, '8', 1, 86000000, 940, 3, 0, 0),
       (30916, 180, '9', 1, 63000000, 750, 3, 0, 0),
       (30917, 180, '10', 4, 48000000, 630, 4, 0, 0),
       (30918, 180, '11', 4, 55000000, 480, 4, 0, 0),
       (30919, 180, '12', 3, 71000000, 760, 4, 0, 0),
       (30920, 180, '13', 3, 92000000, 600, 5, 0, 0),
       (30921, 180, '14', 2, 52000000, 930, 5, 0, 0),
       (30922, 180, '15', 2, 33000000, 430, 5, 0, 0),
       (30923, 180, '16', 2, 93000000, 400, 6, 0, 0),
       (30924, 180, '17', 3, 64000000, 800, 6, 0, 0),
       (30925, 180, '18', 2, 54000000, 950, 6, 0, 0),
       (30926, 180, '19', 1, 39000000, 420, 7, 0, 0),
       (30927, 180, '20', 3, 76000000, 910, 7, 0, 0),
       (30928, 180, '21', 3, 30000000, 400, 7, 0, 0),
       (30929, 180, '22', 2, 74000000, 850, 8, 0, 0),
       (30930, 180, '23', 1, 72000000, 880, 8, 0, 0),
       (30931, 180, '24', 2, 58000000, 880, 8, 0, 0),
       (30932, 180, '25', 2, 45000000, 500, 9, 0, 0),
       (30933, 180, '26', 1, 66000000, 530, 9, 0, 0),
       (30934, 180, '27', 2, 31000000, 560, 9, 0, 0),
       (30935, 180, '28', 1, 89000000, 700, 10, 0, 0),
       (30936, 180, '29', 4, 98000000, 560, 10, 0, 0),
       (30937, 180, '30', 1, 77000000, 880, 10, 0, 0),
       (30938, 180, '31', 2, 73000000, 580, 11, 0, 0),
       (30939, 180, '32', 3, 52000000, 970, 11, 0, 0),
       (30940, 180, '33', 1, 75000000, 510, 11, 0, 0),
       (30941, 180, '34', 3, 77000000, 780, 12, 0, 0),
       (30942, 180, '35', 3, 54000000, 670, 12, 0, 0),
       (30943, 180, '36', 1, 32000000, 540, 12, 0, 0),
       (30944, 180, '37', 3, 42000000, 710, 13, 0, 0),
       (30945, 180, '38', 2, 97000000, 620, 13, 0, 0),
       (30946, 180, '39', 4, 86000000, 590, 13, 0, 0),
       (30947, 180, '40', 1, 38000000, 450, 14, 0, 0),
       (30948, 180, '41', 4, 65000000, 760, 14, 0, 0),
       (30949, 180, '42', 2, 67000000, 430, 14, 0, 0),
       (30950, 180, '43', 1, 84000000, 960, 15, 0, 0),
       (30951, 180, '44', 4, 98000000, 510, 15, 0, 0),
       (30952, 180, '45', 1, 58000000, 860, 15, 0, 0),
       (30953, 180, '46', 3, 91000000, 630, 16, 0, 0),
       (30954, 180, '47', 4, 95000000, 470, 16, 0, 0),
       (30955, 180, '48', 4, 97000000, 900, 16, 0, 0);
insert into real_estate_building (id, address, complex_id, floor_count, dev_id)
values (181, 'г. Москва, ул. Европейская, д. 18', 8, 17, 8);
insert into real_estate_object (id, building_id ,local_address, places, price, area, floor, type, estate_type)
values (30956, 181, '1', 4, 61000000, 520, 1, 0, 0),
       (30957, 181, '2', 3, 38000000, 960, 1, 0, 0),
       (30958, 181, '3', 4, 47000000, 980, 1, 0, 0),
       (30959, 181, '4', 2, 53000000, 750, 2, 0, 0),
       (30960, 181, '5', 1, 84000000, 500, 2, 0, 0),
       (30961, 181, '6', 3, 46000000, 890, 2, 0, 0),
       (30962, 181, '7', 3, 79000000, 590, 3, 0, 0),
       (30963, 181, '8', 1, 62000000, 780, 3, 0, 0),
       (30964, 181, '9', 3, 55000000, 630, 3, 0, 0),
       (30965, 181, '10', 1, 40000000, 490, 4, 0, 0),
       (30966, 181, '11', 4, 99000000, 860, 4, 0, 0),
       (30967, 181, '12', 3, 53000000, 910, 4, 0, 0),
       (30968, 181, '13', 2, 68000000, 550, 5, 0, 0),
       (30969, 181, '14', 1, 88000000, 710, 5, 0, 0),
       (30970, 181, '15', 3, 83000000, 820, 5, 0, 0),
       (30971, 181, '16', 2, 34000000, 640, 6, 0, 0),
       (30972, 181, '17', 1, 49000000, 890, 6, 0, 0),
       (30973, 181, '18', 1, 46000000, 490, 6, 0, 0),
       (30974, 181, '19', 4, 40000000, 950, 7, 0, 0),
       (30975, 181, '20', 4, 83000000, 480, 7, 0, 0),
       (30976, 181, '21', 2, 99000000, 750, 7, 0, 0),
       (30977, 181, '22', 2, 81000000, 560, 8, 0, 0),
       (30978, 181, '23', 2, 55000000, 860, 8, 0, 0),
       (30979, 181, '24', 2, 31000000, 960, 8, 0, 0),
       (30980, 181, '25', 3, 32000000, 720, 9, 0, 0),
       (30981, 181, '26', 4, 59000000, 860, 9, 0, 0),
       (30982, 181, '27', 3, 30000000, 820, 9, 0, 0),
       (30983, 181, '28', 4, 62000000, 880, 10, 0, 0),
       (30984, 181, '29', 3, 82000000, 930, 10, 0, 0),
       (30985, 181, '30', 4, 47000000, 860, 10, 0, 0),
       (30986, 181, '31', 1, 35000000, 910, 11, 0, 0),
       (30987, 181, '32', 2, 85000000, 660, 11, 0, 0),
       (30988, 181, '33', 3, 98000000, 650, 11, 0, 0),
       (30989, 181, '34', 4, 69000000, 630, 12, 0, 0),
       (30990, 181, '35', 4, 99000000, 820, 12, 0, 0),
       (30991, 181, '36', 3, 64000000, 920, 12, 0, 0),
       (30992, 181, '37', 3, 43000000, 1000, 13, 0, 0),
       (30993, 181, '38', 2, 84000000, 640, 13, 0, 0),
       (30994, 181, '39', 4, 39000000, 720, 13, 0, 0),
       (30995, 181, '40', 4, 89000000, 880, 14, 0, 0),
       (30996, 181, '41', 3, 83000000, 720, 14, 0, 0),
       (30997, 181, '42', 3, 76000000, 690, 14, 0, 0),
       (30998, 181, '43', 4, 75000000, 660, 15, 0, 0),
       (30999, 181, '44', 2, 64000000, 760, 15, 0, 0),
       (31000, 181, '45', 4, 85000000, 950, 15, 0, 0),
       (31001, 181, '46', 3, 57000000, 640, 16, 0, 0),
       (31002, 181, '47', 4, 37000000, 710, 16, 0, 0),
       (31003, 181, '48', 1, 66000000, 730, 16, 0, 0),
       (31004, 181, '49', 2, 63000000, 820, 17, 0, 0),
       (31005, 181, '50', 4, 31000000, 740, 17, 0, 0),
       (31006, 181, '51', 4, 63000000, 910, 17, 0, 0);
insert into real_estate_building (id, address, complex_id, floor_count, dev_id)
values (182, 'г. Москва, ул. Европейская, д. 19', 8, 15, 8);
insert into real_estate_object (id, building_id ,local_address, places, price, area, floor, type, estate_type)
values (31007, 182, '1', 2, 78000000, 490, 1, 0, 0),
       (31008, 182, '2', 1, 62000000, 530, 1, 0, 0),
       (31009, 182, '3', 3, 72000000, 870, 1, 0, 0),
       (31010, 182, '4', 2, 80000000, 1000, 2, 0, 0),
       (31011, 182, '5', 2, 67000000, 680, 2, 0, 0),
       (31012, 182, '6', 2, 89000000, 810, 2, 0, 0),
       (31013, 182, '7', 4, 39000000, 880, 3, 0, 0),
       (31014, 182, '8', 2, 48000000, 470, 3, 0, 0),
       (31015, 182, '9', 3, 36000000, 720, 3, 0, 0),
       (31016, 182, '10', 2, 75000000, 980, 4, 0, 0),
       (31017, 182, '11', 1, 60000000, 460, 4, 0, 0),
       (31018, 182, '12', 2, 46000000, 450, 4, 0, 0),
       (31019, 182, '13', 1, 87000000, 940, 5, 0, 0),
       (31020, 182, '14', 3, 43000000, 480, 5, 0, 0),
       (31021, 182, '15', 3, 48000000, 480, 5, 0, 0),
       (31022, 182, '16', 1, 50000000, 730, 6, 0, 0),
       (31023, 182, '17', 3, 43000000, 790, 6, 0, 0),
       (31024, 182, '18', 2, 48000000, 450, 6, 0, 0),
       (31025, 182, '19', 1, 54000000, 970, 7, 0, 0),
       (31026, 182, '20', 3, 37000000, 620, 7, 0, 0),
       (31027, 182, '21', 4, 39000000, 930, 7, 0, 0),
       (31028, 182, '22', 2, 87000000, 650, 8, 0, 0),
       (31029, 182, '23', 1, 32000000, 530, 8, 0, 0),
       (31030, 182, '24', 2, 81000000, 850, 8, 0, 0),
       (31031, 182, '25', 1, 94000000, 840, 9, 0, 0),
       (31032, 182, '26', 1, 96000000, 520, 9, 0, 0),
       (31033, 182, '27', 3, 61000000, 840, 9, 0, 0),
       (31034, 182, '28', 2, 64000000, 790, 10, 0, 0),
       (31035, 182, '29', 2, 47000000, 500, 10, 0, 0),
       (31036, 182, '30', 2, 66000000, 800, 10, 0, 0),
       (31037, 182, '31', 3, 71000000, 860, 11, 0, 0),
       (31038, 182, '32', 4, 83000000, 690, 11, 0, 0),
       (31039, 182, '33', 3, 83000000, 600, 11, 0, 0),
       (31040, 182, '34', 1, 53000000, 520, 12, 0, 0),
       (31041, 182, '35', 3, 53000000, 440, 12, 0, 0),
       (31042, 182, '36', 4, 86000000, 750, 12, 0, 0),
       (31043, 182, '37', 2, 55000000, 550, 13, 0, 0),
       (31044, 182, '38', 3, 73000000, 540, 13, 0, 0),
       (31045, 182, '39', 4, 76000000, 650, 13, 0, 0),
       (31046, 182, '40', 2, 30000000, 990, 14, 0, 0),
       (31047, 182, '41', 1, 45000000, 550, 14, 0, 0),
       (31048, 182, '42', 4, 85000000, 480, 14, 0, 0),
       (31049, 182, '43', 4, 91000000, 720, 15, 0, 0),
       (31050, 182, '44', 3, 33000000, 710, 15, 0, 0),
       (31051, 182, '45', 1, 49000000, 410, 15, 0, 0);
insert into real_estate_building (id, address, complex_id, floor_count, dev_id)
values (183, 'г. Москва, ул. Европейская, д. 20', 8, 18, 8);
insert into real_estate_object (id, building_id ,local_address, places, price, area, floor, type, estate_type)
values (31052, 183, '1', 3, 53000000, 890, 1, 0, 0),
       (31053, 183, '2', 3, 84000000, 530, 1, 0, 0),
       (31054, 183, '3', 3, 73000000, 680, 1, 0, 0),
       (31055, 183, '4', 1, 42000000, 470, 2, 0, 0),
       (31056, 183, '5', 1, 74000000, 710, 2, 0, 0),
       (31057, 183, '6', 4, 52000000, 490, 2, 0, 0),
       (31058, 183, '7', 1, 44000000, 980, 3, 0, 0),
       (31059, 183, '8', 4, 45000000, 490, 3, 0, 0),
       (31060, 183, '9', 4, 90000000, 420, 3, 0, 0),
       (31061, 183, '10', 4, 30000000, 830, 4, 0, 0),
       (31062, 183, '11', 2, 74000000, 470, 4, 0, 0),
       (31063, 183, '12', 4, 53000000, 460, 4, 0, 0),
       (31064, 183, '13', 4, 54000000, 970, 5, 0, 0),
       (31065, 183, '14', 1, 55000000, 800, 5, 0, 0),
       (31066, 183, '15', 1, 56000000, 880, 5, 0, 0),
       (31067, 183, '16', 2, 53000000, 460, 6, 0, 0),
       (31068, 183, '17', 1, 91000000, 900, 6, 0, 0),
       (31069, 183, '18', 1, 60000000, 430, 6, 0, 0),
       (31070, 183, '19', 3, 76000000, 620, 7, 0, 0),
       (31071, 183, '20', 3, 49000000, 400, 7, 0, 0),
       (31072, 183, '21', 3, 65000000, 820, 7, 0, 0),
       (31073, 183, '22', 2, 48000000, 640, 8, 0, 0),
       (31074, 183, '23', 3, 57000000, 940, 8, 0, 0),
       (31075, 183, '24', 4, 45000000, 710, 8, 0, 0),
       (31076, 183, '25', 4, 38000000, 610, 9, 0, 0),
       (31077, 183, '26', 2, 94000000, 800, 9, 0, 0),
       (31078, 183, '27', 4, 87000000, 880, 9, 0, 0),
       (31079, 183, '28', 2, 73000000, 450, 10, 0, 0),
       (31080, 183, '29', 1, 54000000, 830, 10, 0, 0),
       (31081, 183, '30', 2, 82000000, 480, 10, 0, 0),
       (31082, 183, '31', 2, 90000000, 830, 11, 0, 0),
       (31083, 183, '32', 3, 75000000, 470, 11, 0, 0),
       (31084, 183, '33', 1, 35000000, 810, 11, 0, 0),
       (31085, 183, '34', 2, 92000000, 970, 12, 0, 0),
       (31086, 183, '35', 4, 45000000, 860, 12, 0, 0),
       (31087, 183, '36', 4, 71000000, 490, 12, 0, 0),
       (31088, 183, '37', 1, 92000000, 570, 13, 0, 0),
       (31089, 183, '38', 2, 62000000, 420, 13, 0, 0),
       (31090, 183, '39', 1, 66000000, 600, 13, 0, 0),
       (31091, 183, '40', 1, 90000000, 990, 14, 0, 0),
       (31092, 183, '41', 2, 64000000, 540, 14, 0, 0),
       (31093, 183, '42', 1, 87000000, 490, 14, 0, 0),
       (31094, 183, '43', 2, 66000000, 480, 15, 0, 0),
       (31095, 183, '44', 2, 96000000, 660, 15, 0, 0),
       (31096, 183, '45', 2, 57000000, 800, 15, 0, 0),
       (31097, 183, '46', 4, 66000000, 710, 16, 0, 0),
       (31098, 183, '47', 4, 86000000, 870, 16, 0, 0),
       (31099, 183, '48', 1, 50000000, 650, 16, 0, 0),
       (31100, 183, '49', 1, 49000000, 870, 17, 0, 0),
       (31101, 183, '50', 4, 98000000, 660, 17, 0, 0),
       (31102, 183, '51', 4, 89000000, 880, 17, 0, 0),
       (31103, 183, '52', 2, 60000000, 780, 18, 0, 0),
       (31104, 183, '53', 3, 74000000, 430, 18, 0, 0),
       (31105, 183, '54', 4, 82000000, 450, 18, 0, 0);
insert into real_estate_building (id, address, complex_id, floor_count, dev_id)
values (184, 'г. Москва, ул. Европейская, д. 21', 8, 20, 8);
insert into real_estate_object (id, building_id ,local_address, places, price, area, floor, type, estate_type)
values (31106, 184, '1', 3, 42000000, 920, 1, 0, 0),
       (31107, 184, '2', 4, 45000000, 810, 1, 0, 0),
       (31108, 184, '3', 4, 99000000, 480, 1, 0, 0),
       (31109, 184, '4', 4, 65000000, 750, 2, 0, 0),
       (31110, 184, '5', 1, 85000000, 770, 2, 0, 0),
       (31111, 184, '6', 3, 52000000, 640, 2, 0, 0),
       (31112, 184, '7', 2, 44000000, 450, 3, 0, 0),
       (31113, 184, '8', 4, 51000000, 510, 3, 0, 0),
       (31114, 184, '9', 2, 39000000, 440, 3, 0, 0),
       (31115, 184, '10', 1, 69000000, 510, 4, 0, 0),
       (31116, 184, '11', 2, 56000000, 980, 4, 0, 0),
       (31117, 184, '12', 1, 85000000, 480, 4, 0, 0),
       (31118, 184, '13', 3, 70000000, 680, 5, 0, 0),
       (31119, 184, '14', 4, 51000000, 940, 5, 0, 0),
       (31120, 184, '15', 3, 54000000, 500, 5, 0, 0),
       (31121, 184, '16', 2, 34000000, 860, 6, 0, 0),
       (31122, 184, '17', 3, 48000000, 670, 6, 0, 0),
       (31123, 184, '18', 1, 41000000, 780, 6, 0, 0),
       (31124, 184, '19', 2, 32000000, 580, 7, 0, 0),
       (31125, 184, '20', 2, 33000000, 920, 7, 0, 0),
       (31126, 184, '21', 3, 31000000, 580, 7, 0, 0),
       (31127, 184, '22', 2, 87000000, 730, 8, 0, 0),
       (31128, 184, '23', 3, 83000000, 690, 8, 0, 0),
       (31129, 184, '24', 4, 34000000, 840, 8, 0, 0),
       (31130, 184, '25', 2, 72000000, 720, 9, 0, 0),
       (31131, 184, '26', 2, 30000000, 850, 9, 0, 0),
       (31132, 184, '27', 4, 54000000, 670, 9, 0, 0),
       (31133, 184, '28', 2, 44000000, 500, 10, 0, 0),
       (31134, 184, '29', 3, 37000000, 680, 10, 0, 0),
       (31135, 184, '30', 1, 76000000, 700, 10, 0, 0),
       (31136, 184, '31', 4, 95000000, 520, 11, 0, 0),
       (31137, 184, '32', 2, 98000000, 640, 11, 0, 0),
       (31138, 184, '33', 1, 31000000, 610, 11, 0, 0),
       (31139, 184, '34', 2, 88000000, 630, 12, 0, 0),
       (31140, 184, '35', 4, 36000000, 970, 12, 0, 0),
       (31141, 184, '36', 2, 50000000, 630, 12, 0, 0),
       (31142, 184, '37', 4, 48000000, 980, 13, 0, 0),
       (31143, 184, '38', 3, 61000000, 450, 13, 0, 0),
       (31144, 184, '39', 1, 71000000, 450, 13, 0, 0),
       (31145, 184, '40', 4, 53000000, 1000, 14, 0, 0),
       (31146, 184, '41', 4, 50000000, 730, 14, 0, 0),
       (31147, 184, '42', 1, 51000000, 710, 14, 0, 0),
       (31148, 184, '43', 2, 48000000, 690, 15, 0, 0),
       (31149, 184, '44', 2, 79000000, 440, 15, 0, 0),
       (31150, 184, '45', 3, 59000000, 900, 15, 0, 0),
       (31151, 184, '46', 4, 82000000, 950, 16, 0, 0),
       (31152, 184, '47', 2, 85000000, 860, 16, 0, 0),
       (31153, 184, '48', 2, 63000000, 930, 16, 0, 0),
       (31154, 184, '49', 2, 98000000, 480, 17, 0, 0),
       (31155, 184, '50', 4, 96000000, 410, 17, 0, 0),
       (31156, 184, '51', 3, 66000000, 930, 17, 0, 0),
       (31157, 184, '52', 1, 56000000, 910, 18, 0, 0),
       (31158, 184, '53', 4, 61000000, 480, 18, 0, 0),
       (31159, 184, '54', 4, 31000000, 770, 18, 0, 0),
       (31160, 184, '55', 2, 85000000, 820, 19, 0, 0),
       (31161, 184, '56', 2, 41000000, 880, 19, 0, 0),
       (31162, 184, '57', 3, 47000000, 630, 19, 0, 0),
       (31163, 184, '58', 1, 46000000, 730, 20, 0, 0),
       (31164, 184, '59', 2, 92000000, 540, 20, 0, 0),
       (31165, 184, '60', 3, 93000000, 490, 20, 0, 0);
insert into real_estate_building (id, address, complex_id, floor_count, dev_id)
values (185, 'г. Москва, ул. Европейская, д. 22', 8, 20, 8);
insert into real_estate_object (id, building_id ,local_address, places, price, area, floor, type, estate_type)
values (31166, 185, '1', 3, 74000000, 790, 1, 0, 0),
       (31167, 185, '2', 1, 31000000, 550, 1, 0, 0),
       (31168, 185, '3', 1, 90000000, 550, 1, 0, 0),
       (31169, 185, '4', 4, 50000000, 630, 2, 0, 0),
       (31170, 185, '5', 2, 47000000, 420, 2, 0, 0),
       (31171, 185, '6', 4, 79000000, 440, 2, 0, 0),
       (31172, 185, '7', 1, 76000000, 930, 3, 0, 0),
       (31173, 185, '8', 4, 48000000, 1000, 3, 0, 0),
       (31174, 185, '9', 2, 35000000, 690, 3, 0, 0),
       (31175, 185, '10', 2, 32000000, 450, 4, 0, 0),
       (31176, 185, '11', 3, 64000000, 750, 4, 0, 0),
       (31177, 185, '12', 3, 66000000, 650, 4, 0, 0),
       (31178, 185, '13', 1, 47000000, 400, 5, 0, 0),
       (31179, 185, '14', 4, 58000000, 1000, 5, 0, 0),
       (31180, 185, '15', 3, 89000000, 820, 5, 0, 0),
       (31181, 185, '16', 4, 35000000, 760, 6, 0, 0),
       (31182, 185, '17', 3, 30000000, 520, 6, 0, 0),
       (31183, 185, '18', 3, 88000000, 730, 6, 0, 0),
       (31184, 185, '19', 2, 42000000, 900, 7, 0, 0),
       (31185, 185, '20', 4, 36000000, 420, 7, 0, 0),
       (31186, 185, '21', 4, 44000000, 620, 7, 0, 0),
       (31187, 185, '22', 3, 84000000, 990, 8, 0, 0),
       (31188, 185, '23', 1, 94000000, 680, 8, 0, 0),
       (31189, 185, '24', 4, 94000000, 440, 8, 0, 0),
       (31190, 185, '25', 4, 63000000, 990, 9, 0, 0),
       (31191, 185, '26', 2, 41000000, 560, 9, 0, 0),
       (31192, 185, '27', 3, 36000000, 980, 9, 0, 0),
       (31193, 185, '28', 3, 67000000, 740, 10, 0, 0),
       (31194, 185, '29', 1, 56000000, 730, 10, 0, 0),
       (31195, 185, '30', 4, 72000000, 1000, 10, 0, 0),
       (31196, 185, '31', 4, 60000000, 440, 11, 0, 0),
       (31197, 185, '32', 1, 49000000, 830, 11, 0, 0),
       (31198, 185, '33', 3, 68000000, 620, 11, 0, 0),
       (31199, 185, '34', 4, 48000000, 950, 12, 0, 0),
       (31200, 185, '35', 2, 74000000, 980, 12, 0, 0),
       (31201, 185, '36', 2, 48000000, 850, 12, 0, 0),
       (31202, 185, '37', 4, 68000000, 1000, 13, 0, 0),
       (31203, 185, '38', 1, 52000000, 650, 13, 0, 0),
       (31204, 185, '39', 1, 84000000, 610, 13, 0, 0),
       (31205, 185, '40', 4, 53000000, 520, 14, 0, 0),
       (31206, 185, '41', 2, 86000000, 990, 14, 0, 0),
       (31207, 185, '42', 2, 99000000, 850, 14, 0, 0),
       (31208, 185, '43', 3, 62000000, 910, 15, 0, 0),
       (31209, 185, '44', 4, 67000000, 790, 15, 0, 0),
       (31210, 185, '45', 1, 45000000, 560, 15, 0, 0),
       (31211, 185, '46', 4, 53000000, 880, 16, 0, 0),
       (31212, 185, '47', 3, 96000000, 640, 16, 0, 0),
       (31213, 185, '48', 3, 58000000, 640, 16, 0, 0),
       (31214, 185, '49', 3, 38000000, 490, 17, 0, 0),
       (31215, 185, '50', 2, 70000000, 720, 17, 0, 0),
       (31216, 185, '51', 2, 47000000, 940, 17, 0, 0),
       (31217, 185, '52', 2, 42000000, 710, 18, 0, 0),
       (31218, 185, '53', 2, 67000000, 790, 18, 0, 0),
       (31219, 185, '54', 4, 30000000, 720, 18, 0, 0),
       (31220, 185, '55', 3, 64000000, 600, 19, 0, 0),
       (31221, 185, '56', 1, 96000000, 970, 19, 0, 0),
       (31222, 185, '57', 3, 65000000, 440, 19, 0, 0),
       (31223, 185, '58', 1, 34000000, 430, 20, 0, 0),
       (31224, 185, '59', 4, 35000000, 760, 20, 0, 0),
       (31225, 185, '60', 3, 54000000, 870, 20, 0, 0);
insert into real_estate_building (id, address, complex_id, floor_count, dev_id)
values (186, 'г. Москва, ул. Европейская, д. 23', 8, 15, 8);
insert into real_estate_object (id, building_id ,local_address, places, price, area, floor, type, estate_type)
values (31226, 186, '1', 1, 56000000, 460, 1, 0, 0),
       (31227, 186, '2', 1, 69000000, 550, 1, 0, 0),
       (31228, 186, '3', 4, 57000000, 950, 1, 0, 0),
       (31229, 186, '4', 1, 61000000, 420, 2, 0, 0),
       (31230, 186, '5', 3, 96000000, 850, 2, 0, 0),
       (31231, 186, '6', 1, 43000000, 850, 2, 0, 0),
       (31232, 186, '7', 2, 72000000, 530, 3, 0, 0),
       (31233, 186, '8', 4, 98000000, 630, 3, 0, 0),
       (31234, 186, '9', 4, 60000000, 780, 3, 0, 0),
       (31235, 186, '10', 2, 30000000, 440, 4, 0, 0),
       (31236, 186, '11', 4, 48000000, 860, 4, 0, 0),
       (31237, 186, '12', 1, 40000000, 440, 4, 0, 0),
       (31238, 186, '13', 4, 55000000, 510, 5, 0, 0),
       (31239, 186, '14', 2, 64000000, 550, 5, 0, 0),
       (31240, 186, '15', 3, 81000000, 680, 5, 0, 0),
       (31241, 186, '16', 1, 58000000, 530, 6, 0, 0),
       (31242, 186, '17', 3, 51000000, 580, 6, 0, 0),
       (31243, 186, '18', 2, 36000000, 970, 6, 0, 0),
       (31244, 186, '19', 4, 82000000, 530, 7, 0, 0),
       (31245, 186, '20', 2, 38000000, 790, 7, 0, 0),
       (31246, 186, '21', 2, 87000000, 720, 7, 0, 0),
       (31247, 186, '22', 1, 39000000, 490, 8, 0, 0),
       (31248, 186, '23', 2, 60000000, 960, 8, 0, 0),
       (31249, 186, '24', 3, 95000000, 420, 8, 0, 0),
       (31250, 186, '25', 2, 36000000, 420, 9, 0, 0),
       (31251, 186, '26', 1, 46000000, 720, 9, 0, 0),
       (31252, 186, '27', 4, 46000000, 990, 9, 0, 0),
       (31253, 186, '28', 1, 50000000, 600, 10, 0, 0),
       (31254, 186, '29', 4, 82000000, 430, 10, 0, 0),
       (31255, 186, '30', 3, 77000000, 950, 10, 0, 0),
       (31256, 186, '31', 1, 93000000, 490, 11, 0, 0),
       (31257, 186, '32', 1, 39000000, 580, 11, 0, 0),
       (31258, 186, '33', 3, 91000000, 790, 11, 0, 0),
       (31259, 186, '34', 4, 65000000, 790, 12, 0, 0),
       (31260, 186, '35', 2, 70000000, 890, 12, 0, 0),
       (31261, 186, '36', 2, 37000000, 440, 12, 0, 0),
       (31262, 186, '37', 1, 70000000, 830, 13, 0, 0),
       (31263, 186, '38', 4, 55000000, 570, 13, 0, 0),
       (31264, 186, '39', 1, 33000000, 820, 13, 0, 0),
       (31265, 186, '40', 4, 86000000, 750, 14, 0, 0),
       (31266, 186, '41', 4, 45000000, 780, 14, 0, 0),
       (31267, 186, '42', 4, 78000000, 450, 14, 0, 0),
       (31268, 186, '43', 4, 37000000, 970, 15, 0, 0),
       (31269, 186, '44', 1, 67000000, 500, 15, 0, 0),
       (31270, 186, '45', 4, 47000000, 430, 15, 0, 0);
insert into real_estate_building (id, address, complex_id, floor_count, dev_id)
values (187, 'г. Москва, ул. Европейская, д. 24', 8, 15, 8);
insert into real_estate_object (id, building_id ,local_address, places, price, area, floor, type, estate_type)
values (31271, 187, '1', 4, 76000000, 760, 1, 0, 0),
       (31272, 187, '2', 4, 39000000, 660, 1, 0, 0),
       (31273, 187, '3', 4, 46000000, 750, 1, 0, 0),
       (31274, 187, '4', 3, 61000000, 550, 2, 0, 0),
       (31275, 187, '5', 4, 72000000, 980, 2, 0, 0),
       (31276, 187, '6', 2, 30000000, 440, 2, 0, 0),
       (31277, 187, '7', 2, 46000000, 480, 3, 0, 0),
       (31278, 187, '8', 2, 71000000, 680, 3, 0, 0),
       (31279, 187, '9', 1, 82000000, 750, 3, 0, 0),
       (31280, 187, '10', 4, 58000000, 820, 4, 0, 0),
       (31281, 187, '11', 1, 61000000, 920, 4, 0, 0),
       (31282, 187, '12', 3, 97000000, 600, 4, 0, 0),
       (31283, 187, '13', 4, 64000000, 400, 5, 0, 0),
       (31284, 187, '14', 1, 88000000, 940, 5, 0, 0),
       (31285, 187, '15', 3, 92000000, 510, 5, 0, 0),
       (31286, 187, '16', 2, 90000000, 650, 6, 0, 0),
       (31287, 187, '17', 4, 82000000, 700, 6, 0, 0),
       (31288, 187, '18', 1, 46000000, 510, 6, 0, 0),
       (31289, 187, '19', 1, 74000000, 710, 7, 0, 0),
       (31290, 187, '20', 1, 34000000, 520, 7, 0, 0),
       (31291, 187, '21', 3, 32000000, 620, 7, 0, 0),
       (31292, 187, '22', 4, 45000000, 790, 8, 0, 0),
       (31293, 187, '23', 1, 54000000, 830, 8, 0, 0),
       (31294, 187, '24', 2, 31000000, 570, 8, 0, 0),
       (31295, 187, '25', 2, 80000000, 770, 9, 0, 0),
       (31296, 187, '26', 2, 45000000, 450, 9, 0, 0),
       (31297, 187, '27', 1, 74000000, 1000, 9, 0, 0),
       (31298, 187, '28', 3, 45000000, 830, 10, 0, 0),
       (31299, 187, '29', 2, 38000000, 810, 10, 0, 0),
       (31300, 187, '30', 4, 88000000, 410, 10, 0, 0),
       (31301, 187, '31', 1, 55000000, 660, 11, 0, 0),
       (31302, 187, '32', 2, 79000000, 800, 11, 0, 0),
       (31303, 187, '33', 1, 42000000, 880, 11, 0, 0),
       (31304, 187, '34', 4, 68000000, 700, 12, 0, 0),
       (31305, 187, '35', 1, 51000000, 610, 12, 0, 0),
       (31306, 187, '36', 3, 85000000, 920, 12, 0, 0),
       (31307, 187, '37', 2, 91000000, 540, 13, 0, 0),
       (31308, 187, '38', 2, 61000000, 490, 13, 0, 0),
       (31309, 187, '39', 3, 89000000, 770, 13, 0, 0),
       (31310, 187, '40', 2, 100000000, 990, 14, 0, 0),
       (31311, 187, '41', 4, 36000000, 850, 14, 0, 0),
       (31312, 187, '42', 3, 41000000, 410, 14, 0, 0),
       (31313, 187, '43', 4, 80000000, 850, 15, 0, 0),
       (31314, 187, '44', 4, 77000000, 790, 15, 0, 0),
       (31315, 187, '45', 3, 86000000, 910, 15, 0, 0);
insert into real_estate_building (id, address, complex_id, floor_count, dev_id)
values (188, 'г. Москва, ул. Европейская, д. 25', 8, 16, 8);
insert into real_estate_object (id, building_id ,local_address, places, price, area, floor, type, estate_type)
values (31316, 188, '1', 1, 95000000, 610, 1, 0, 0),
       (31317, 188, '2', 4, 41000000, 1000, 1, 0, 0),
       (31318, 188, '3', 4, 57000000, 800, 1, 0, 0),
       (31319, 188, '4', 4, 77000000, 670, 2, 0, 0),
       (31320, 188, '5', 3, 30000000, 570, 2, 0, 0),
       (31321, 188, '6', 2, 32000000, 860, 2, 0, 0),
       (31322, 188, '7', 1, 52000000, 430, 3, 0, 0),
       (31323, 188, '8', 4, 70000000, 440, 3, 0, 0),
       (31324, 188, '9', 3, 57000000, 950, 3, 0, 0),
       (31325, 188, '10', 1, 89000000, 960, 4, 0, 0),
       (31326, 188, '11', 1, 99000000, 400, 4, 0, 0),
       (31327, 188, '12', 4, 75000000, 410, 4, 0, 0),
       (31328, 188, '13', 1, 98000000, 460, 5, 0, 0),
       (31329, 188, '14', 3, 82000000, 490, 5, 0, 0),
       (31330, 188, '15', 3, 34000000, 470, 5, 0, 0),
       (31331, 188, '16', 1, 78000000, 620, 6, 0, 0),
       (31332, 188, '17', 1, 100000000, 730, 6, 0, 0),
       (31333, 188, '18', 2, 56000000, 540, 6, 0, 0),
       (31334, 188, '19', 4, 53000000, 990, 7, 0, 0),
       (31335, 188, '20', 1, 97000000, 1000, 7, 0, 0),
       (31336, 188, '21', 3, 52000000, 810, 7, 0, 0),
       (31337, 188, '22', 2, 33000000, 870, 8, 0, 0),
       (31338, 188, '23', 1, 47000000, 700, 8, 0, 0),
       (31339, 188, '24', 4, 92000000, 780, 8, 0, 0),
       (31340, 188, '25', 1, 76000000, 730, 9, 0, 0),
       (31341, 188, '26', 3, 35000000, 780, 9, 0, 0),
       (31342, 188, '27', 1, 50000000, 880, 9, 0, 0),
       (31343, 188, '28', 2, 65000000, 580, 10, 0, 0),
       (31344, 188, '29', 4, 41000000, 520, 10, 0, 0),
       (31345, 188, '30', 1, 38000000, 460, 10, 0, 0),
       (31346, 188, '31', 4, 71000000, 860, 11, 0, 0),
       (31347, 188, '32', 1, 76000000, 770, 11, 0, 0),
       (31348, 188, '33', 1, 81000000, 460, 11, 0, 0),
       (31349, 188, '34', 4, 58000000, 760, 12, 0, 0),
       (31350, 188, '35', 1, 54000000, 730, 12, 0, 0),
       (31351, 188, '36', 4, 69000000, 640, 12, 0, 0),
       (31352, 188, '37', 4, 83000000, 400, 13, 0, 0),
       (31353, 188, '38', 4, 92000000, 690, 13, 0, 0),
       (31354, 188, '39', 2, 33000000, 730, 13, 0, 0),
       (31355, 188, '40', 2, 90000000, 800, 14, 0, 0),
       (31356, 188, '41', 1, 37000000, 780, 14, 0, 0),
       (31357, 188, '42', 2, 62000000, 960, 14, 0, 0),
       (31358, 188, '43', 4, 76000000, 760, 15, 0, 0),
       (31359, 188, '44', 4, 100000000, 520, 15, 0, 0),
       (31360, 188, '45', 3, 98000000, 500, 15, 0, 0),
       (31361, 188, '46', 3, 69000000, 480, 16, 0, 0),
       (31362, 188, '47', 3, 74000000, 410, 16, 0, 0),
       (31363, 188, '48', 2, 67000000, 510, 16, 0, 0);
insert into real_estate_building (id, address, complex_id, floor_count, dev_id)
values (189, 'г. Москва, ул. Европейская, д. 26', 8, 19, 8);
insert into real_estate_object (id, building_id ,local_address, places, price, area, floor, type, estate_type)
values (31364, 189, '1', 2, 57000000, 840, 1, 0, 0),
       (31365, 189, '2', 1, 95000000, 650, 1, 0, 0),
       (31366, 189, '3', 3, 55000000, 760, 1, 0, 0),
       (31367, 189, '4', 4, 83000000, 780, 2, 0, 0),
       (31368, 189, '5', 4, 78000000, 710, 2, 0, 0),
       (31369, 189, '6', 1, 53000000, 440, 2, 0, 0),
       (31370, 189, '7', 1, 96000000, 620, 3, 0, 0),
       (31371, 189, '8', 4, 32000000, 690, 3, 0, 0),
       (31372, 189, '9', 3, 34000000, 650, 3, 0, 0),
       (31373, 189, '10', 3, 68000000, 860, 4, 0, 0),
       (31374, 189, '11', 2, 50000000, 490, 4, 0, 0),
       (31375, 189, '12', 4, 80000000, 820, 4, 0, 0),
       (31376, 189, '13', 3, 58000000, 470, 5, 0, 0),
       (31377, 189, '14', 3, 43000000, 670, 5, 0, 0),
       (31378, 189, '15', 3, 78000000, 430, 5, 0, 0),
       (31379, 189, '16', 4, 67000000, 570, 6, 0, 0),
       (31380, 189, '17', 2, 49000000, 710, 6, 0, 0),
       (31381, 189, '18', 2, 74000000, 830, 6, 0, 0),
       (31382, 189, '19', 2, 48000000, 490, 7, 0, 0),
       (31383, 189, '20', 2, 60000000, 410, 7, 0, 0),
       (31384, 189, '21', 2, 66000000, 760, 7, 0, 0),
       (31385, 189, '22', 2, 35000000, 540, 8, 0, 0),
       (31386, 189, '23', 3, 40000000, 880, 8, 0, 0),
       (31387, 189, '24', 3, 40000000, 680, 8, 0, 0),
       (31388, 189, '25', 1, 50000000, 930, 9, 0, 0),
       (31389, 189, '26', 4, 61000000, 800, 9, 0, 0),
       (31390, 189, '27', 3, 71000000, 860, 9, 0, 0),
       (31391, 189, '28', 1, 45000000, 520, 10, 0, 0),
       (31392, 189, '29', 4, 43000000, 640, 10, 0, 0),
       (31393, 189, '30', 3, 61000000, 490, 10, 0, 0),
       (31394, 189, '31', 4, 59000000, 670, 11, 0, 0),
       (31395, 189, '32', 1, 92000000, 980, 11, 0, 0),
       (31396, 189, '33', 3, 38000000, 660, 11, 0, 0),
       (31397, 189, '34', 4, 80000000, 540, 12, 0, 0),
       (31398, 189, '35', 1, 86000000, 620, 12, 0, 0),
       (31399, 189, '36', 3, 79000000, 610, 12, 0, 0),
       (31400, 189, '37', 1, 76000000, 850, 13, 0, 0),
       (31401, 189, '38', 4, 31000000, 610, 13, 0, 0),
       (31402, 189, '39', 4, 86000000, 910, 13, 0, 0),
       (31403, 189, '40', 4, 85000000, 430, 14, 0, 0),
       (31404, 189, '41', 3, 58000000, 920, 14, 0, 0),
       (31405, 189, '42', 4, 99000000, 800, 14, 0, 0),
       (31406, 189, '43', 2, 69000000, 810, 15, 0, 0),
       (31407, 189, '44', 2, 72000000, 840, 15, 0, 0),
       (31408, 189, '45', 3, 67000000, 570, 15, 0, 0),
       (31409, 189, '46', 4, 34000000, 990, 16, 0, 0),
       (31410, 189, '47', 1, 41000000, 460, 16, 0, 0),
       (31411, 189, '48', 3, 34000000, 560, 16, 0, 0),
       (31412, 189, '49', 4, 74000000, 570, 17, 0, 0),
       (31413, 189, '50', 4, 61000000, 700, 17, 0, 0),
       (31414, 189, '51', 1, 54000000, 430, 17, 0, 0),
       (31415, 189, '52', 4, 50000000, 530, 18, 0, 0),
       (31416, 189, '53', 4, 77000000, 630, 18, 0, 0),
       (31417, 189, '54', 4, 35000000, 650, 18, 0, 0),
       (31418, 189, '55', 4, 94000000, 730, 19, 0, 0),
       (31419, 189, '56', 4, 80000000, 750, 19, 0, 0),
       (31420, 189, '57', 4, 91000000, 640, 19, 0, 0);
insert into real_estate_building (id, address, complex_id, floor_count, dev_id)
values (190, 'г. Москва, ул. Европейская, д. 27', 8, 15, 8);
insert into real_estate_object (id, building_id ,local_address, places, price, area, floor, type, estate_type)
values (31421, 190, '1', 3, 31000000, 860, 1, 0, 0),
       (31422, 190, '2', 2, 31000000, 600, 1, 0, 0),
       (31423, 190, '3', 3, 47000000, 450, 1, 0, 0),
       (31424, 190, '4', 4, 57000000, 860, 2, 0, 0),
       (31425, 190, '5', 3, 52000000, 860, 2, 0, 0),
       (31426, 190, '6', 2, 57000000, 780, 2, 0, 0),
       (31427, 190, '7', 3, 81000000, 790, 3, 0, 0),
       (31428, 190, '8', 4, 54000000, 810, 3, 0, 0),
       (31429, 190, '9', 4, 90000000, 460, 3, 0, 0),
       (31430, 190, '10', 3, 46000000, 630, 4, 0, 0),
       (31431, 190, '11', 4, 76000000, 630, 4, 0, 0),
       (31432, 190, '12', 1, 72000000, 640, 4, 0, 0),
       (31433, 190, '13', 1, 77000000, 930, 5, 0, 0),
       (31434, 190, '14', 1, 92000000, 680, 5, 0, 0),
       (31435, 190, '15', 4, 93000000, 830, 5, 0, 0),
       (31436, 190, '16', 1, 62000000, 590, 6, 0, 0),
       (31437, 190, '17', 4, 72000000, 790, 6, 0, 0),
       (31438, 190, '18', 1, 80000000, 420, 6, 0, 0),
       (31439, 190, '19', 1, 90000000, 680, 7, 0, 0),
       (31440, 190, '20', 2, 37000000, 600, 7, 0, 0),
       (31441, 190, '21', 1, 83000000, 510, 7, 0, 0),
       (31442, 190, '22', 1, 81000000, 450, 8, 0, 0),
       (31443, 190, '23', 2, 44000000, 790, 8, 0, 0),
       (31444, 190, '24', 3, 36000000, 900, 8, 0, 0),
       (31445, 190, '25', 4, 90000000, 990, 9, 0, 0),
       (31446, 190, '26', 4, 77000000, 690, 9, 0, 0),
       (31447, 190, '27', 1, 39000000, 550, 9, 0, 0),
       (31448, 190, '28', 4, 42000000, 550, 10, 0, 0),
       (31449, 190, '29', 3, 62000000, 700, 10, 0, 0),
       (31450, 190, '30', 4, 68000000, 470, 10, 0, 0),
       (31451, 190, '31', 4, 71000000, 690, 11, 0, 0),
       (31452, 190, '32', 4, 33000000, 540, 11, 0, 0),
       (31453, 190, '33', 1, 91000000, 540, 11, 0, 0),
       (31454, 190, '34', 4, 30000000, 400, 12, 0, 0),
       (31455, 190, '35', 3, 78000000, 560, 12, 0, 0),
       (31456, 190, '36', 3, 54000000, 460, 12, 0, 0),
       (31457, 190, '37', 1, 65000000, 820, 13, 0, 0),
       (31458, 190, '38', 4, 92000000, 580, 13, 0, 0),
       (31459, 190, '39', 2, 73000000, 960, 13, 0, 0),
       (31460, 190, '40', 1, 33000000, 560, 14, 0, 0),
       (31461, 190, '41', 1, 79000000, 730, 14, 0, 0),
       (31462, 190, '42', 1, 49000000, 710, 14, 0, 0),
       (31463, 190, '43', 4, 38000000, 840, 15, 0, 0),
       (31464, 190, '44', 1, 92000000, 650, 15, 0, 0),
       (31465, 190, '45', 1, 60000000, 650, 15, 0, 0);
insert into real_estate_building (id, address, complex_id, floor_count, dev_id)
values (191, 'г. Москва, ул. Европейская, д. 28', 8, 16, 8);
insert into real_estate_object (id, building_id ,local_address, places, price, area, floor, type, estate_type)
values (31466, 191, '1', 2, 46000000, 870, 1, 0, 0),
       (31467, 191, '2', 4, 80000000, 650, 1, 0, 0),
       (31468, 191, '3', 1, 66000000, 1000, 1, 0, 0),
       (31469, 191, '4', 3, 80000000, 540, 2, 0, 0),
       (31470, 191, '5', 1, 85000000, 430, 2, 0, 0),
       (31471, 191, '6', 4, 45000000, 920, 2, 0, 0),
       (31472, 191, '7', 1, 56000000, 780, 3, 0, 0),
       (31473, 191, '8', 2, 49000000, 960, 3, 0, 0),
       (31474, 191, '9', 2, 47000000, 700, 3, 0, 0),
       (31475, 191, '10', 4, 38000000, 840, 4, 0, 0),
       (31476, 191, '11', 1, 57000000, 810, 4, 0, 0),
       (31477, 191, '12', 4, 70000000, 600, 4, 0, 0),
       (31478, 191, '13', 2, 71000000, 820, 5, 0, 0),
       (31479, 191, '14', 3, 58000000, 590, 5, 0, 0),
       (31480, 191, '15', 1, 89000000, 490, 5, 0, 0),
       (31481, 191, '16', 4, 34000000, 880, 6, 0, 0),
       (31482, 191, '17', 3, 60000000, 680, 6, 0, 0),
       (31483, 191, '18', 1, 74000000, 760, 6, 0, 0),
       (31484, 191, '19', 2, 70000000, 870, 7, 0, 0),
       (31485, 191, '20', 1, 98000000, 720, 7, 0, 0),
       (31486, 191, '21', 4, 90000000, 820, 7, 0, 0),
       (31487, 191, '22', 1, 46000000, 580, 8, 0, 0),
       (31488, 191, '23', 1, 68000000, 1000, 8, 0, 0),
       (31489, 191, '24', 1, 97000000, 670, 8, 0, 0),
       (31490, 191, '25', 2, 36000000, 580, 9, 0, 0),
       (31491, 191, '26', 1, 55000000, 830, 9, 0, 0),
       (31492, 191, '27', 1, 39000000, 580, 9, 0, 0),
       (31493, 191, '28', 1, 41000000, 700, 10, 0, 0),
       (31494, 191, '29', 4, 44000000, 570, 10, 0, 0),
       (31495, 191, '30', 1, 72000000, 740, 10, 0, 0),
       (31496, 191, '31', 2, 63000000, 740, 11, 0, 0),
       (31497, 191, '32', 2, 72000000, 720, 11, 0, 0),
       (31498, 191, '33', 1, 97000000, 590, 11, 0, 0),
       (31499, 191, '34', 1, 93000000, 790, 12, 0, 0),
       (31500, 191, '35', 1, 30000000, 800, 12, 0, 0),
       (31501, 191, '36', 2, 57000000, 1000, 12, 0, 0),
       (31502, 191, '37', 3, 78000000, 850, 13, 0, 0),
       (31503, 191, '38', 3, 48000000, 820, 13, 0, 0),
       (31504, 191, '39', 2, 68000000, 800, 13, 0, 0),
       (31505, 191, '40', 4, 89000000, 500, 14, 0, 0),
       (31506, 191, '41', 1, 98000000, 770, 14, 0, 0),
       (31507, 191, '42', 2, 43000000, 510, 14, 0, 0),
       (31508, 191, '43', 2, 48000000, 630, 15, 0, 0),
       (31509, 191, '44', 3, 78000000, 870, 15, 0, 0),
       (31510, 191, '45', 2, 95000000, 460, 15, 0, 0),
       (31511, 191, '46', 2, 55000000, 770, 16, 0, 0),
       (31512, 191, '47', 1, 86000000, 610, 16, 0, 0),
       (31513, 191, '48', 1, 52000000, 480, 16, 0, 0);
insert into real_estate_building (id, address, complex_id, floor_count, dev_id)
values (192, 'г. Москва, ул. Европейская, д. 29', 8, 18, 8);
insert into real_estate_object (id, building_id ,local_address, places, price, area, floor, type, estate_type)
values (31514, 192, '1', 4, 36000000, 830, 1, 0, 0),
       (31515, 192, '2', 1, 63000000, 730, 1, 0, 0),
       (31516, 192, '3', 4, 57000000, 970, 1, 0, 0),
       (31517, 192, '4', 3, 65000000, 710, 2, 0, 0),
       (31518, 192, '5', 3, 100000000, 930, 2, 0, 0),
       (31519, 192, '6', 3, 100000000, 860, 2, 0, 0),
       (31520, 192, '7', 2, 79000000, 760, 3, 0, 0),
       (31521, 192, '8', 2, 50000000, 810, 3, 0, 0),
       (31522, 192, '9', 4, 67000000, 470, 3, 0, 0),
       (31523, 192, '10', 2, 56000000, 570, 4, 0, 0),
       (31524, 192, '11', 1, 75000000, 810, 4, 0, 0),
       (31525, 192, '12', 1, 59000000, 910, 4, 0, 0),
       (31526, 192, '13', 1, 59000000, 550, 5, 0, 0),
       (31527, 192, '14', 4, 39000000, 440, 5, 0, 0),
       (31528, 192, '15', 2, 39000000, 420, 5, 0, 0),
       (31529, 192, '16', 1, 91000000, 600, 6, 0, 0),
       (31530, 192, '17', 3, 98000000, 1000, 6, 0, 0),
       (31531, 192, '18', 1, 68000000, 720, 6, 0, 0),
       (31532, 192, '19', 1, 58000000, 900, 7, 0, 0),
       (31533, 192, '20', 4, 67000000, 620, 7, 0, 0),
       (31534, 192, '21', 3, 35000000, 910, 7, 0, 0),
       (31535, 192, '22', 4, 54000000, 800, 8, 0, 0),
       (31536, 192, '23', 2, 41000000, 460, 8, 0, 0),
       (31537, 192, '24', 4, 45000000, 480, 8, 0, 0),
       (31538, 192, '25', 2, 66000000, 770, 9, 0, 0),
       (31539, 192, '26', 3, 90000000, 640, 9, 0, 0),
       (31540, 192, '27', 2, 60000000, 480, 9, 0, 0),
       (31541, 192, '28', 4, 96000000, 750, 10, 0, 0),
       (31542, 192, '29', 1, 71000000, 840, 10, 0, 0),
       (31543, 192, '30', 1, 74000000, 520, 10, 0, 0),
       (31544, 192, '31', 4, 39000000, 540, 11, 0, 0),
       (31545, 192, '32', 3, 50000000, 800, 11, 0, 0),
       (31546, 192, '33', 3, 70000000, 550, 11, 0, 0),
       (31547, 192, '34', 3, 33000000, 960, 12, 0, 0),
       (31548, 192, '35', 3, 61000000, 590, 12, 0, 0),
       (31549, 192, '36', 1, 85000000, 710, 12, 0, 0),
       (31550, 192, '37', 2, 73000000, 700, 13, 0, 0),
       (31551, 192, '38', 3, 54000000, 400, 13, 0, 0),
       (31552, 192, '39', 3, 44000000, 920, 13, 0, 0),
       (31553, 192, '40', 2, 99000000, 570, 14, 0, 0),
       (31554, 192, '41', 1, 62000000, 480, 14, 0, 0),
       (31555, 192, '42', 3, 68000000, 990, 14, 0, 0),
       (31556, 192, '43', 4, 31000000, 530, 15, 0, 0),
       (31557, 192, '44', 1, 79000000, 680, 15, 0, 0),
       (31558, 192, '45', 3, 33000000, 580, 15, 0, 0),
       (31559, 192, '46', 4, 85000000, 930, 16, 0, 0),
       (31560, 192, '47', 2, 94000000, 500, 16, 0, 0),
       (31561, 192, '48', 2, 93000000, 770, 16, 0, 0),
       (31562, 192, '49', 1, 93000000, 790, 17, 0, 0),
       (31563, 192, '50', 4, 86000000, 750, 17, 0, 0),
       (31564, 192, '51', 3, 36000000, 610, 17, 0, 0),
       (31565, 192, '52', 3, 55000000, 830, 18, 0, 0),
       (31566, 192, '53', 3, 37000000, 980, 18, 0, 0),
       (31567, 192, '54', 3, 36000000, 840, 18, 0, 0);
insert into real_estate_building (id, address, complex_id, floor_count, dev_id)
values (193, 'г. Москва, ул. Европейская, д. 30', 8, 18, 8);
insert into real_estate_object (id, building_id ,local_address, places, price, area, floor, type, estate_type)
values (31568, 193, '1', 2, 33000000, 460, 1, 0, 0),
       (31569, 193, '2', 1, 92000000, 680, 1, 0, 0),
       (31570, 193, '3', 2, 87000000, 410, 1, 0, 0),
       (31571, 193, '4', 2, 82000000, 570, 2, 0, 0),
       (31572, 193, '5', 2, 78000000, 430, 2, 0, 0),
       (31573, 193, '6', 4, 91000000, 960, 2, 0, 0),
       (31574, 193, '7', 1, 41000000, 420, 3, 0, 0),
       (31575, 193, '8', 3, 38000000, 770, 3, 0, 0),
       (31576, 193, '9', 1, 95000000, 400, 3, 0, 0),
       (31577, 193, '10', 4, 33000000, 940, 4, 0, 0),
       (31578, 193, '11', 2, 71000000, 950, 4, 0, 0),
       (31579, 193, '12', 1, 87000000, 460, 4, 0, 0),
       (31580, 193, '13', 1, 68000000, 550, 5, 0, 0),
       (31581, 193, '14', 4, 85000000, 590, 5, 0, 0),
       (31582, 193, '15', 4, 42000000, 900, 5, 0, 0),
       (31583, 193, '16', 1, 84000000, 460, 6, 0, 0),
       (31584, 193, '17', 3, 72000000, 730, 6, 0, 0),
       (31585, 193, '18', 2, 73000000, 580, 6, 0, 0),
       (31586, 193, '19', 1, 56000000, 1000, 7, 0, 0),
       (31587, 193, '20', 2, 85000000, 630, 7, 0, 0),
       (31588, 193, '21', 1, 78000000, 910, 7, 0, 0),
       (31589, 193, '22', 3, 61000000, 500, 8, 0, 0),
       (31590, 193, '23', 2, 95000000, 560, 8, 0, 0),
       (31591, 193, '24', 4, 67000000, 760, 8, 0, 0),
       (31592, 193, '25', 3, 76000000, 480, 9, 0, 0),
       (31593, 193, '26', 4, 83000000, 700, 9, 0, 0),
       (31594, 193, '27', 4, 91000000, 790, 9, 0, 0),
       (31595, 193, '28', 2, 85000000, 580, 10, 0, 0),
       (31596, 193, '29', 4, 74000000, 860, 10, 0, 0),
       (31597, 193, '30', 1, 86000000, 540, 10, 0, 0),
       (31598, 193, '31', 4, 49000000, 540, 11, 0, 0),
       (31599, 193, '32', 2, 84000000, 410, 11, 0, 0),
       (31600, 193, '33', 1, 46000000, 910, 11, 0, 0),
       (31601, 193, '34', 4, 78000000, 560, 12, 0, 0),
       (31602, 193, '35', 2, 65000000, 680, 12, 0, 0),
       (31603, 193, '36', 4, 92000000, 740, 12, 0, 0),
       (31604, 193, '37', 3, 94000000, 910, 13, 0, 0),
       (31605, 193, '38', 3, 35000000, 940, 13, 0, 0),
       (31606, 193, '39', 3, 84000000, 590, 13, 0, 0),
       (31607, 193, '40', 1, 76000000, 990, 14, 0, 0),
       (31608, 193, '41', 4, 65000000, 440, 14, 0, 0),
       (31609, 193, '42', 1, 85000000, 670, 14, 0, 0),
       (31610, 193, '43', 4, 75000000, 830, 15, 0, 0),
       (31611, 193, '44', 2, 86000000, 570, 15, 0, 0),
       (31612, 193, '45', 2, 55000000, 560, 15, 0, 0),
       (31613, 193, '46', 2, 30000000, 740, 16, 0, 0),
       (31614, 193, '47', 4, 64000000, 480, 16, 0, 0),
       (31615, 193, '48', 1, 48000000, 970, 16, 0, 0),
       (31616, 193, '49', 4, 92000000, 910, 17, 0, 0),
       (31617, 193, '50', 4, 73000000, 790, 17, 0, 0),
       (31618, 193, '51', 3, 49000000, 650, 17, 0, 0),
       (31619, 193, '52', 2, 42000000, 460, 18, 0, 0),
       (31620, 193, '53', 3, 55000000, 430, 18, 0, 0),
       (31621, 193, '54', 3, 70000000, 710, 18, 0, 0);
insert into real_estate_building (id, address, complex_id, floor_count, dev_id)
values (194, 'г. Москва, ул. Кутузовская, д. 13', 9, 58, 9);
insert into real_estate_object (id, building_id ,local_address, places, price, area, floor, type, estate_type)
values (31622, 194, '1', 3, 102000000, 600, 1, 0, 0),
       (31623, 194, '2', 2, 102000000, 470, 1, 0, 0),
       (31624, 194, '3', 2, 107000000, 970, 1, 0, 0),
       (31625, 194, '4', 1, 135000000, 660, 1, 0, 0),
       (31626, 194, '5', 2, 100000000, 750, 1, 0, 0),
       (31627, 194, '6', 4, 110000000, 600, 1, 0, 0),
       (31628, 194, '7', 1, 108000000, 930, 2, 0, 0),
       (31629, 194, '8', 4, 139000000, 600, 2, 0, 0),
       (31630, 194, '9', 2, 81000000, 660, 2, 0, 0),
       (31631, 194, '10', 4, 145000000, 960, 2, 0, 0),
       (31632, 194, '11', 4, 99000000, 530, 2, 0, 0),
       (31633, 194, '12', 3, 136000000, 800, 2, 0, 0),
       (31634, 194, '13', 4, 68000000, 480, 3, 0, 0),
       (31635, 194, '14', 4, 66000000, 460, 3, 0, 0),
       (31636, 194, '15', 2, 66000000, 950, 3, 0, 0),
       (31637, 194, '16', 3, 78000000, 650, 3, 0, 0),
       (31638, 194, '17', 4, 90000000, 560, 3, 0, 0),
       (31639, 194, '18', 1, 89000000, 640, 3, 0, 0),
       (31640, 194, '19', 3, 60000000, 820, 4, 0, 0),
       (31641, 194, '20', 4, 139000000, 850, 4, 0, 0),
       (31642, 194, '21', 1, 122000000, 890, 4, 0, 0),
       (31643, 194, '22', 4, 139000000, 800, 4, 0, 0),
       (31644, 194, '23', 4, 112000000, 560, 4, 0, 0),
       (31645, 194, '24', 1, 91000000, 510, 4, 0, 0),
       (31646, 194, '25', 1, 144000000, 970, 5, 0, 0),
       (31647, 194, '26', 2, 114000000, 990, 5, 0, 0),
       (31648, 194, '27', 2, 123000000, 600, 5, 0, 0),
       (31649, 194, '28', 2, 78000000, 880, 5, 0, 0),
       (31650, 194, '29', 2, 135000000, 410, 5, 0, 0),
       (31651, 194, '30', 4, 72000000, 640, 5, 0, 0),
       (31652, 194, '31', 3, 110000000, 840, 6, 0, 0),
       (31653, 194, '32', 1, 119000000, 480, 6, 0, 0),
       (31654, 194, '33', 4, 97000000, 710, 6, 0, 0),
       (31655, 194, '34', 2, 72000000, 990, 6, 0, 0),
       (31656, 194, '35', 2, 69000000, 970, 6, 0, 0),
       (31657, 194, '36', 2, 68000000, 750, 6, 0, 0),
       (31658, 194, '37', 3, 100000000, 770, 7, 0, 0),
       (31659, 194, '38', 3, 61000000, 420, 7, 0, 0),
       (31660, 194, '39', 3, 126000000, 620, 7, 0, 0),
       (31661, 194, '40', 4, 143000000, 890, 7, 0, 0),
       (31662, 194, '41', 2, 123000000, 890, 7, 0, 0),
       (31663, 194, '42', 4, 90000000, 430, 7, 0, 0),
       (31664, 194, '43', 3, 101000000, 440, 8, 0, 0),
       (31665, 194, '44', 1, 65000000, 840, 8, 0, 0),
       (31666, 194, '45', 1, 141000000, 560, 8, 0, 0),
       (31667, 194, '46', 2, 77000000, 500, 8, 0, 0),
       (31668, 194, '47', 3, 150000000, 490, 8, 0, 0),
       (31669, 194, '48', 2, 94000000, 730, 8, 0, 0),
       (31670, 194, '49', 3, 117000000, 710, 9, 0, 0),
       (31671, 194, '50', 3, 141000000, 530, 9, 0, 0),
       (31672, 194, '51', 1, 76000000, 620, 9, 0, 0),
       (31673, 194, '52', 1, 119000000, 720, 9, 0, 0),
       (31674, 194, '53', 4, 121000000, 530, 9, 0, 0),
       (31675, 194, '54', 2, 146000000, 980, 9, 0, 0),
       (31676, 194, '55', 4, 119000000, 690, 10, 0, 0),
       (31677, 194, '56', 4, 141000000, 660, 10, 0, 0),
       (31678, 194, '57', 2, 147000000, 650, 10, 0, 0),
       (31679, 194, '58', 1, 81000000, 450, 10, 0, 0),
       (31680, 194, '59', 1, 67000000, 940, 10, 0, 0),
       (31681, 194, '60', 4, 97000000, 830, 10, 0, 0),
       (31682, 194, '61', 1, 88000000, 920, 11, 0, 0),
       (31683, 194, '62', 1, 126000000, 750, 11, 0, 0),
       (31684, 194, '63', 4, 121000000, 820, 11, 0, 0),
       (31685, 194, '64', 1, 80000000, 670, 11, 0, 0),
       (31686, 194, '65', 1, 68000000, 490, 11, 0, 0),
       (31687, 194, '66', 2, 122000000, 560, 11, 0, 0),
       (31688, 194, '67', 3, 108000000, 680, 12, 0, 0),
       (31689, 194, '68', 4, 121000000, 660, 12, 0, 0),
       (31690, 194, '69', 4, 118000000, 870, 12, 0, 0),
       (31691, 194, '70', 3, 109000000, 680, 12, 0, 0),
       (31692, 194, '71', 2, 113000000, 730, 12, 0, 0),
       (31693, 194, '72', 2, 109000000, 560, 12, 0, 0),
       (31694, 194, '73', 1, 124000000, 910, 13, 0, 0),
       (31695, 194, '74', 1, 148000000, 640, 13, 0, 0),
       (31696, 194, '75', 2, 94000000, 660, 13, 0, 0),
       (31697, 194, '76', 3, 71000000, 700, 13, 0, 0),
       (31698, 194, '77', 3, 122000000, 860, 13, 0, 0),
       (31699, 194, '78', 3, 85000000, 450, 13, 0, 0),
       (31700, 194, '79', 2, 89000000, 490, 14, 0, 0),
       (31701, 194, '80', 1, 71000000, 670, 14, 0, 0),
       (31702, 194, '81', 1, 103000000, 810, 14, 0, 0),
       (31703, 194, '82', 2, 96000000, 830, 14, 0, 0),
       (31704, 194, '83', 4, 140000000, 620, 14, 0, 0),
       (31705, 194, '84', 3, 105000000, 610, 14, 0, 0),
       (31706, 194, '85', 2, 93000000, 720, 15, 0, 0),
       (31707, 194, '86', 1, 66000000, 820, 15, 0, 0),
       (31708, 194, '87', 3, 94000000, 440, 15, 0, 0),
       (31709, 194, '88', 3, 65000000, 860, 15, 0, 0),
       (31710, 194, '89', 3, 145000000, 700, 15, 0, 0),
       (31711, 194, '90', 1, 68000000, 680, 15, 0, 0),
       (31712, 194, '91', 3, 100000000, 930, 16, 0, 0),
       (31713, 194, '92', 2, 141000000, 590, 16, 0, 0),
       (31714, 194, '93', 1, 144000000, 870, 16, 0, 0),
       (31715, 194, '94', 1, 116000000, 430, 16, 0, 0),
       (31716, 194, '95', 1, 144000000, 800, 16, 0, 0),
       (31717, 194, '96', 4, 88000000, 570, 16, 0, 0),
       (31718, 194, '97', 3, 88000000, 560, 17, 0, 0),
       (31719, 194, '98', 4, 144000000, 600, 17, 0, 0),
       (31720, 194, '99', 4, 74000000, 820, 17, 0, 0),
       (31721, 194, '100', 1, 124000000, 940, 17, 0, 0),
       (31722, 194, '101', 1, 86000000, 910, 17, 0, 0),
       (31723, 194, '102', 2, 131000000, 440, 17, 0, 0),
       (31724, 194, '103', 4, 66000000, 960, 18, 0, 0),
       (31725, 194, '104', 1, 139000000, 860, 18, 0, 0),
       (31726, 194, '105', 2, 119000000, 570, 18, 0, 0),
       (31727, 194, '106', 1, 102000000, 710, 18, 0, 0),
       (31728, 194, '107', 4, 79000000, 800, 18, 0, 0),
       (31729, 194, '108', 1, 112000000, 900, 18, 0, 0),
       (31730, 194, '109', 3, 61000000, 800, 19, 0, 0),
       (31731, 194, '110', 3, 146000000, 860, 19, 0, 0),
       (31732, 194, '111', 1, 106000000, 420, 19, 0, 0),
       (31733, 194, '112', 2, 143000000, 650, 19, 0, 0),
       (31734, 194, '113', 1, 67000000, 550, 19, 0, 0),
       (31735, 194, '114', 2, 97000000, 870, 19, 0, 0),
       (31736, 194, '115', 4, 123000000, 820, 20, 0, 0),
       (31737, 194, '116', 4, 123000000, 880, 20, 0, 0),
       (31738, 194, '117', 2, 83000000, 580, 20, 0, 0),
       (31739, 194, '118', 4, 93000000, 540, 20, 0, 0),
       (31740, 194, '119', 4, 93000000, 990, 20, 0, 0),
       (31741, 194, '120', 1, 94000000, 670, 20, 0, 0),
       (31742, 194, '121', 2, 109000000, 610, 21, 0, 0),
       (31743, 194, '122', 3, 97000000, 670, 21, 0, 0),
       (31744, 194, '123', 2, 129000000, 560, 21, 0, 0),
       (31745, 194, '124', 4, 101000000, 690, 21, 0, 0),
       (31746, 194, '125', 1, 130000000, 440, 21, 0, 0),
       (31747, 194, '126', 1, 111000000, 420, 21, 0, 0),
       (31748, 194, '127', 4, 83000000, 460, 22, 0, 0),
       (31749, 194, '128', 3, 69000000, 580, 22, 0, 0),
       (31750, 194, '129', 1, 69000000, 750, 22, 0, 0),
       (31751, 194, '130', 4, 109000000, 740, 22, 0, 0),
       (31752, 194, '131', 1, 107000000, 500, 22, 0, 0),
       (31753, 194, '132', 1, 123000000, 850, 22, 0, 0),
       (31754, 194, '133', 4, 98000000, 420, 23, 0, 0),
       (31755, 194, '134', 2, 135000000, 540, 23, 0, 0),
       (31756, 194, '135', 1, 103000000, 580, 23, 0, 0),
       (31757, 194, '136', 1, 145000000, 860, 23, 0, 0),
       (31758, 194, '137', 1, 129000000, 800, 23, 0, 0),
       (31759, 194, '138', 1, 69000000, 690, 23, 0, 0),
       (31760, 194, '139', 1, 67000000, 650, 24, 0, 0),
       (31761, 194, '140', 3, 60000000, 1000, 24, 0, 0),
       (31762, 194, '141', 3, 114000000, 410, 24, 0, 0),
       (31763, 194, '142', 1, 144000000, 840, 24, 0, 0),
       (31764, 194, '143', 3, 114000000, 550, 24, 0, 0),
       (31765, 194, '144', 1, 125000000, 490, 24, 0, 0),
       (31766, 194, '145', 3, 89000000, 660, 25, 0, 0),
       (31767, 194, '146', 3, 113000000, 530, 25, 0, 0),
       (31768, 194, '147', 3, 63000000, 400, 25, 0, 0),
       (31769, 194, '148', 4, 68000000, 610, 25, 0, 0),
       (31770, 194, '149', 3, 133000000, 500, 25, 0, 0),
       (31771, 194, '150', 1, 84000000, 670, 25, 0, 0),
       (31772, 194, '151', 3, 106000000, 740, 26, 0, 0),
       (31773, 194, '152', 2, 82000000, 420, 26, 0, 0),
       (31774, 194, '153', 2, 99000000, 730, 26, 0, 0),
       (31775, 194, '154', 4, 124000000, 940, 26, 0, 0),
       (31776, 194, '155', 1, 106000000, 750, 26, 0, 0),
       (31777, 194, '156', 4, 74000000, 570, 26, 0, 0),
       (31778, 194, '157', 4, 82000000, 910, 27, 0, 0),
       (31779, 194, '158', 2, 144000000, 700, 27, 0, 0),
       (31780, 194, '159', 3, 143000000, 710, 27, 0, 0),
       (31781, 194, '160', 3, 63000000, 760, 27, 0, 0),
       (31782, 194, '161', 1, 105000000, 910, 27, 0, 0),
       (31783, 194, '162', 3, 69000000, 950, 27, 0, 0),
       (31784, 194, '163', 2, 143000000, 800, 28, 0, 0),
       (31785, 194, '164', 4, 120000000, 770, 28, 0, 0),
       (31786, 194, '165', 3, 105000000, 850, 28, 0, 0),
       (31787, 194, '166', 1, 112000000, 930, 28, 0, 0),
       (31788, 194, '167', 1, 121000000, 580, 28, 0, 0),
       (31789, 194, '168', 4, 143000000, 920, 28, 0, 0),
       (31790, 194, '169', 1, 74000000, 780, 29, 0, 0),
       (31791, 194, '170', 2, 87000000, 660, 29, 0, 0),
       (31792, 194, '171', 4, 64000000, 940, 29, 0, 0),
       (31793, 194, '172', 1, 67000000, 640, 29, 0, 0),
       (31794, 194, '173', 1, 125000000, 680, 29, 0, 0),
       (31795, 194, '174', 4, 112000000, 740, 29, 0, 0),
       (31796, 194, '175', 1, 75000000, 420, 30, 0, 0),
       (31797, 194, '176', 4, 63000000, 720, 30, 0, 0),
       (31798, 194, '177', 1, 103000000, 620, 30, 0, 0),
       (31799, 194, '178', 2, 132000000, 560, 30, 0, 0),
       (31800, 194, '179', 3, 139000000, 650, 30, 0, 0),
       (31801, 194, '180', 4, 99000000, 900, 30, 0, 0),
       (31802, 194, '181', 1, 88000000, 730, 31, 0, 0),
       (31803, 194, '182', 3, 138000000, 600, 31, 0, 0),
       (31804, 194, '183', 2, 144000000, 770, 31, 0, 0),
       (31805, 194, '184', 1, 67000000, 720, 31, 0, 0),
       (31806, 194, '185', 1, 72000000, 870, 31, 0, 0),
       (31807, 194, '186', 1, 64000000, 740, 31, 0, 0),
       (31808, 194, '187', 4, 84000000, 910, 32, 0, 0),
       (31809, 194, '188', 3, 60000000, 590, 32, 0, 0),
       (31810, 194, '189', 2, 102000000, 980, 32, 0, 0),
       (31811, 194, '190', 3, 124000000, 470, 32, 0, 0),
       (31812, 194, '191', 2, 121000000, 910, 32, 0, 0),
       (31813, 194, '192', 3, 129000000, 430, 32, 0, 0),
       (31814, 194, '193', 3, 72000000, 490, 33, 0, 0),
       (31815, 194, '194', 3, 79000000, 540, 33, 0, 0),
       (31816, 194, '195', 4, 95000000, 910, 33, 0, 0),
       (31817, 194, '196', 4, 133000000, 760, 33, 0, 0),
       (31818, 194, '197', 1, 88000000, 910, 33, 0, 0),
       (31819, 194, '198', 3, 65000000, 500, 33, 0, 0),
       (31820, 194, '199', 4, 133000000, 530, 34, 0, 0),
       (31821, 194, '200', 2, 147000000, 790, 34, 0, 0),
       (31822, 194, '201', 4, 77000000, 580, 34, 0, 0),
       (31823, 194, '202', 3, 93000000, 900, 34, 0, 0),
       (31824, 194, '203', 4, 131000000, 940, 34, 0, 0),
       (31825, 194, '204', 1, 129000000, 630, 34, 0, 0),
       (31826, 194, '205', 2, 134000000, 860, 35, 0, 0),
       (31827, 194, '206', 2, 145000000, 910, 35, 0, 0),
       (31828, 194, '207', 2, 100000000, 930, 35, 0, 0),
       (31829, 194, '208', 2, 71000000, 880, 35, 0, 0),
       (31830, 194, '209', 1, 146000000, 450, 35, 0, 0),
       (31831, 194, '210', 4, 98000000, 980, 35, 0, 0),
       (31832, 194, '211', 4, 124000000, 800, 36, 0, 0),
       (31833, 194, '212', 3, 142000000, 730, 36, 0, 0),
       (31834, 194, '213', 3, 144000000, 590, 36, 0, 0),
       (31835, 194, '214', 3, 103000000, 640, 36, 0, 0),
       (31836, 194, '215', 1, 149000000, 750, 36, 0, 0),
       (31837, 194, '216', 4, 76000000, 650, 36, 0, 0),
       (31838, 194, '217', 1, 150000000, 820, 37, 0, 0),
       (31839, 194, '218', 1, 62000000, 720, 37, 0, 0),
       (31840, 194, '219', 1, 150000000, 800, 37, 0, 0),
       (31841, 194, '220', 1, 75000000, 910, 37, 0, 0),
       (31842, 194, '221', 1, 103000000, 960, 37, 0, 0),
       (31843, 194, '222', 3, 92000000, 750, 37, 0, 0),
       (31844, 194, '223', 3, 90000000, 910, 38, 0, 0),
       (31845, 194, '224', 3, 120000000, 500, 38, 0, 0),
       (31846, 194, '225', 1, 129000000, 850, 38, 0, 0),
       (31847, 194, '226', 4, 86000000, 720, 38, 0, 0),
       (31848, 194, '227', 1, 129000000, 550, 38, 0, 0),
       (31849, 194, '228', 1, 101000000, 960, 38, 0, 0),
       (31850, 194, '229', 1, 106000000, 730, 39, 0, 0),
       (31851, 194, '230', 2, 119000000, 440, 39, 0, 0),
       (31852, 194, '231', 1, 144000000, 570, 39, 0, 0),
       (31853, 194, '232', 2, 132000000, 930, 39, 0, 0),
       (31854, 194, '233', 4, 109000000, 840, 39, 0, 0),
       (31855, 194, '234', 3, 122000000, 400, 39, 0, 0),
       (31856, 194, '235', 3, 109000000, 970, 40, 0, 0),
       (31857, 194, '236', 1, 64000000, 710, 40, 0, 0),
       (31858, 194, '237', 4, 113000000, 700, 40, 0, 0),
       (31859, 194, '238', 3, 127000000, 580, 40, 0, 0),
       (31860, 194, '239', 4, 139000000, 450, 40, 0, 0),
       (31861, 194, '240', 4, 100000000, 450, 40, 0, 0),
       (31862, 194, '241', 1, 94000000, 700, 41, 0, 0),
       (31863, 194, '242', 2, 94000000, 990, 41, 0, 0),
       (31864, 194, '243', 1, 74000000, 710, 41, 0, 0),
       (31865, 194, '244', 3, 92000000, 820, 41, 0, 0),
       (31866, 194, '245', 1, 122000000, 640, 41, 0, 0),
       (31867, 194, '246', 1, 74000000, 920, 41, 0, 0),
       (31868, 194, '247', 3, 113000000, 420, 42, 0, 0),
       (31869, 194, '248', 3, 113000000, 900, 42, 0, 0),
       (31870, 194, '249', 1, 147000000, 600, 42, 0, 0),
       (31871, 194, '250', 3, 91000000, 560, 42, 0, 0),
       (31872, 194, '251', 4, 150000000, 500, 42, 0, 0),
       (31873, 194, '252', 4, 105000000, 720, 42, 0, 0),
       (31874, 194, '253', 3, 129000000, 840, 43, 0, 0),
       (31875, 194, '254', 4, 149000000, 700, 43, 0, 0),
       (31876, 194, '255', 2, 76000000, 880, 43, 0, 0),
       (31877, 194, '256', 1, 127000000, 730, 43, 0, 0),
       (31878, 194, '257', 4, 62000000, 400, 43, 0, 0),
       (31879, 194, '258', 3, 101000000, 830, 43, 0, 0),
       (31880, 194, '259', 4, 81000000, 810, 44, 0, 0),
       (31881, 194, '260', 2, 124000000, 680, 44, 0, 0),
       (31882, 194, '261', 4, 126000000, 510, 44, 0, 0),
       (31883, 194, '262', 4, 147000000, 750, 44, 0, 0),
       (31884, 194, '263', 1, 115000000, 560, 44, 0, 0),
       (31885, 194, '264', 1, 62000000, 800, 44, 0, 0),
       (31886, 194, '265', 4, 150000000, 720, 45, 0, 0),
       (31887, 194, '266', 1, 132000000, 510, 45, 0, 0),
       (31888, 194, '267', 2, 140000000, 770, 45, 0, 0),
       (31889, 194, '268', 1, 101000000, 860, 45, 0, 0),
       (31890, 194, '269', 2, 88000000, 900, 45, 0, 0),
       (31891, 194, '270', 4, 107000000, 500, 45, 0, 0),
       (31892, 194, '271', 2, 146000000, 450, 46, 0, 0),
       (31893, 194, '272', 3, 72000000, 960, 46, 0, 0),
       (31894, 194, '273', 2, 135000000, 780, 46, 0, 0),
       (31895, 194, '274', 4, 93000000, 460, 46, 0, 0),
       (31896, 194, '275', 1, 105000000, 710, 46, 0, 0),
       (31897, 194, '276', 3, 113000000, 410, 46, 0, 0),
       (31898, 194, '277', 3, 127000000, 810, 47, 0, 0),
       (31899, 194, '278', 2, 132000000, 720, 47, 0, 0),
       (31900, 194, '279', 1, 86000000, 610, 47, 0, 0),
       (31901, 194, '280', 1, 88000000, 650, 47, 0, 0),
       (31902, 194, '281', 1, 63000000, 530, 47, 0, 0),
       (31903, 194, '282', 2, 128000000, 780, 47, 0, 0),
       (31904, 194, '283', 4, 64000000, 850, 48, 0, 0),
       (31905, 194, '284', 1, 100000000, 460, 48, 0, 0),
       (31906, 194, '285', 2, 105000000, 560, 48, 0, 0),
       (31907, 194, '286', 1, 65000000, 570, 48, 0, 0),
       (31908, 194, '287', 1, 85000000, 760, 48, 0, 0),
       (31909, 194, '288', 1, 131000000, 420, 48, 0, 0),
       (31910, 194, '289', 1, 114000000, 610, 49, 0, 0),
       (31911, 194, '290', 4, 91000000, 680, 49, 0, 0),
       (31912, 194, '291', 2, 93000000, 580, 49, 0, 0),
       (31913, 194, '292', 2, 124000000, 760, 49, 0, 0),
       (31914, 194, '293', 1, 73000000, 480, 49, 0, 0),
       (31915, 194, '294', 4, 107000000, 810, 49, 0, 0),
       (31916, 194, '295', 4, 68000000, 820, 50, 0, 0),
       (31917, 194, '296', 4, 89000000, 890, 50, 0, 0),
       (31918, 194, '297', 1, 97000000, 590, 50, 0, 0),
       (31919, 194, '298', 4, 73000000, 980, 50, 0, 0),
       (31920, 194, '299', 1, 144000000, 680, 50, 0, 0),
       (31921, 194, '300', 2, 123000000, 690, 50, 0, 0),
       (31922, 194, '301', 1, 107000000, 970, 51, 0, 0),
       (31923, 194, '302', 4, 137000000, 520, 51, 0, 0),
       (31924, 194, '303', 2, 140000000, 900, 51, 0, 0),
       (31925, 194, '304', 4, 71000000, 800, 51, 0, 0),
       (31926, 194, '305', 2, 114000000, 510, 51, 0, 0),
       (31927, 194, '306', 1, 73000000, 850, 51, 0, 0),
       (31928, 194, '307', 4, 116000000, 990, 52, 0, 0),
       (31929, 194, '308', 3, 99000000, 600, 52, 0, 0),
       (31930, 194, '309', 3, 141000000, 540, 52, 0, 0),
       (31931, 194, '310', 2, 77000000, 420, 52, 0, 0),
       (31932, 194, '311', 1, 126000000, 920, 52, 0, 0),
       (31933, 194, '312', 3, 141000000, 640, 52, 0, 0),
       (31934, 194, '313', 2, 117000000, 800, 53, 0, 0),
       (31935, 194, '314', 4, 148000000, 530, 53, 0, 0),
       (31936, 194, '315', 1, 112000000, 400, 53, 0, 0),
       (31937, 194, '316', 1, 110000000, 570, 53, 0, 0),
       (31938, 194, '317', 1, 125000000, 850, 53, 0, 0),
       (31939, 194, '318', 2, 136000000, 520, 53, 0, 0),
       (31940, 194, '319', 1, 97000000, 540, 54, 0, 0),
       (31941, 194, '320', 1, 95000000, 600, 54, 0, 0),
       (31942, 194, '321', 3, 75000000, 560, 54, 0, 0),
       (31943, 194, '322', 1, 79000000, 820, 54, 0, 0),
       (31944, 194, '323', 4, 138000000, 950, 54, 0, 0),
       (31945, 194, '324', 4, 66000000, 570, 54, 0, 0),
       (31946, 194, '325', 4, 73000000, 750, 55, 0, 0),
       (31947, 194, '326', 3, 132000000, 930, 55, 0, 0),
       (31948, 194, '327', 2, 97000000, 910, 55, 0, 0),
       (31949, 194, '328', 4, 94000000, 580, 55, 0, 0),
       (31950, 194, '329', 1, 112000000, 830, 55, 0, 0),
       (31951, 194, '330', 1, 107000000, 920, 55, 0, 0),
       (31952, 194, '331', 1, 82000000, 690, 56, 0, 0),
       (31953, 194, '332', 1, 70000000, 570, 56, 0, 0),
       (31954, 194, '333', 4, 123000000, 750, 56, 0, 0),
       (31955, 194, '334', 2, 94000000, 760, 56, 0, 0),
       (31956, 194, '335', 1, 135000000, 540, 56, 0, 0),
       (31957, 194, '336', 3, 140000000, 760, 56, 0, 0),
       (31958, 194, '337', 4, 104000000, 890, 57, 0, 0),
       (31959, 194, '338', 1, 67000000, 660, 57, 0, 0),
       (31960, 194, '339', 4, 86000000, 520, 57, 0, 0),
       (31961, 194, '340', 4, 98000000, 570, 57, 0, 0),
       (31962, 194, '341', 3, 100000000, 760, 57, 0, 0),
       (31963, 194, '342', 1, 91000000, 750, 57, 0, 0),
       (31964, 194, '343', 2, 77000000, 700, 58, 0, 0),
       (31965, 194, '344', 1, 103000000, 460, 58, 0, 0),
       (31966, 194, '345', 4, 140000000, 730, 58, 0, 0),
       (31967, 194, '346', 3, 127000000, 560, 58, 0, 0),
       (31968, 194, '347', 1, 104000000, 410, 58, 0, 0),
       (31969, 194, '348', 3, 74000000, 400, 58, 0, 0);
insert into real_estate_building (id, address, complex_id, floor_count, dev_id)
values (195, 'г. Москва, ул. Кутузовская, д. 14', 9, 60, 9);
insert into real_estate_object (id, building_id ,local_address, places, price, area, floor, type, estate_type)
values (31970, 195, '1', 3, 82000000, 990, 1, 0, 0),
       (31971, 195, '2', 3, 65000000, 470, 1, 0, 0),
       (31972, 195, '3', 3, 142000000, 850, 1, 0, 0),
       (31973, 195, '4', 1, 147000000, 860, 1, 0, 0),
       (31974, 195, '5', 1, 120000000, 580, 1, 0, 0),
       (31975, 195, '6', 2, 67000000, 860, 1, 0, 0),
       (31976, 195, '7', 1, 106000000, 990, 2, 0, 0),
       (31977, 195, '8', 4, 99000000, 820, 2, 0, 0),
       (31978, 195, '9', 4, 112000000, 430, 2, 0, 0),
       (31979, 195, '10', 2, 138000000, 780, 2, 0, 0),
       (31980, 195, '11', 4, 65000000, 980, 2, 0, 0),
       (31981, 195, '12', 3, 146000000, 1000, 2, 0, 0),
       (31982, 195, '13', 1, 65000000, 780, 3, 0, 0),
       (31983, 195, '14', 4, 68000000, 910, 3, 0, 0),
       (31984, 195, '15', 2, 84000000, 770, 3, 0, 0),
       (31985, 195, '16', 2, 99000000, 430, 3, 0, 0),
       (31986, 195, '17', 3, 114000000, 790, 3, 0, 0),
       (31987, 195, '18', 4, 101000000, 910, 3, 0, 0),
       (31988, 195, '19', 4, 131000000, 840, 4, 0, 0),
       (31989, 195, '20', 3, 112000000, 460, 4, 0, 0),
       (31990, 195, '21', 2, 81000000, 790, 4, 0, 0),
       (31991, 195, '22', 2, 131000000, 700, 4, 0, 0),
       (31992, 195, '23', 3, 104000000, 760, 4, 0, 0),
       (31993, 195, '24', 2, 142000000, 770, 4, 0, 0),
       (31994, 195, '25', 1, 139000000, 730, 5, 0, 0),
       (31995, 195, '26', 3, 69000000, 860, 5, 0, 0),
       (31996, 195, '27', 1, 148000000, 540, 5, 0, 0),
       (31997, 195, '28', 2, 75000000, 930, 5, 0, 0),
       (31998, 195, '29', 1, 91000000, 870, 5, 0, 0),
       (31999, 195, '30', 3, 86000000, 800, 5, 0, 0),
       (32000, 195, '31', 2, 77000000, 940, 6, 0, 0),
       (32001, 195, '32', 3, 105000000, 420, 6, 0, 0),
       (32002, 195, '33', 4, 60000000, 660, 6, 0, 0),
       (32003, 195, '34', 4, 110000000, 640, 6, 0, 0),
       (32004, 195, '35', 2, 105000000, 700, 6, 0, 0),
       (32005, 195, '36', 4, 135000000, 460, 6, 0, 0),
       (32006, 195, '37', 3, 147000000, 400, 7, 0, 0),
       (32007, 195, '38', 1, 103000000, 700, 7, 0, 0),
       (32008, 195, '39', 2, 142000000, 960, 7, 0, 0),
       (32009, 195, '40', 4, 98000000, 430, 7, 0, 0),
       (32010, 195, '41', 3, 92000000, 580, 7, 0, 0),
       (32011, 195, '42', 3, 89000000, 610, 7, 0, 0),
       (32012, 195, '43', 4, 89000000, 580, 8, 0, 0),
       (32013, 195, '44', 3, 126000000, 400, 8, 0, 0),
       (32014, 195, '45', 3, 73000000, 910, 8, 0, 0),
       (32015, 195, '46', 4, 149000000, 510, 8, 0, 0),
       (32016, 195, '47', 2, 150000000, 580, 8, 0, 0),
       (32017, 195, '48', 3, 116000000, 590, 8, 0, 0),
       (32018, 195, '49', 4, 78000000, 920, 9, 0, 0),
       (32019, 195, '50', 4, 124000000, 500, 9, 0, 0),
       (32020, 195, '51', 2, 148000000, 790, 9, 0, 0),
       (32021, 195, '52', 1, 65000000, 570, 9, 0, 0),
       (32022, 195, '53', 3, 65000000, 410, 9, 0, 0),
       (32023, 195, '54', 3, 75000000, 990, 9, 0, 0),
       (32024, 195, '55', 4, 85000000, 580, 10, 0, 0),
       (32025, 195, '56', 1, 134000000, 420, 10, 0, 0),
       (32026, 195, '57', 2, 137000000, 700, 10, 0, 0),
       (32027, 195, '58', 2, 97000000, 900, 10, 0, 0),
       (32028, 195, '59', 4, 120000000, 880, 10, 0, 0),
       (32029, 195, '60', 1, 99000000, 830, 10, 0, 0),
       (32030, 195, '61', 3, 116000000, 420, 11, 0, 0),
       (32031, 195, '62', 3, 81000000, 710, 11, 0, 0),
       (32032, 195, '63', 1, 88000000, 910, 11, 0, 0),
       (32033, 195, '64', 2, 64000000, 910, 11, 0, 0),
       (32034, 195, '65', 1, 136000000, 760, 11, 0, 0),
       (32035, 195, '66', 3, 133000000, 530, 11, 0, 0),
       (32036, 195, '67', 1, 62000000, 450, 12, 0, 0),
       (32037, 195, '68', 4, 75000000, 830, 12, 0, 0),
       (32038, 195, '69', 2, 122000000, 850, 12, 0, 0),
       (32039, 195, '70', 4, 66000000, 940, 12, 0, 0),
       (32040, 195, '71', 4, 105000000, 400, 12, 0, 0),
       (32041, 195, '72', 4, 130000000, 920, 12, 0, 0),
       (32042, 195, '73', 3, 139000000, 530, 13, 0, 0),
       (32043, 195, '74', 3, 90000000, 970, 13, 0, 0),
       (32044, 195, '75', 1, 87000000, 910, 13, 0, 0),
       (32045, 195, '76', 1, 101000000, 400, 13, 0, 0),
       (32046, 195, '77', 1, 146000000, 860, 13, 0, 0),
       (32047, 195, '78', 3, 91000000, 500, 13, 0, 0),
       (32048, 195, '79', 4, 96000000, 820, 14, 0, 0),
       (32049, 195, '80', 2, 148000000, 870, 14, 0, 0),
       (32050, 195, '81', 3, 63000000, 690, 14, 0, 0),
       (32051, 195, '82', 3, 63000000, 870, 14, 0, 0),
       (32052, 195, '83', 4, 117000000, 860, 14, 0, 0),
       (32053, 195, '84', 1, 123000000, 440, 14, 0, 0),
       (32054, 195, '85', 4, 136000000, 610, 15, 0, 0),
       (32055, 195, '86', 2, 102000000, 840, 15, 0, 0),
       (32056, 195, '87', 3, 116000000, 410, 15, 0, 0),
       (32057, 195, '88', 3, 102000000, 510, 15, 0, 0),
       (32058, 195, '89', 4, 85000000, 450, 15, 0, 0),
       (32059, 195, '90', 2, 123000000, 690, 15, 0, 0),
       (32060, 195, '91', 2, 149000000, 550, 16, 0, 0),
       (32061, 195, '92', 3, 148000000, 810, 16, 0, 0),
       (32062, 195, '93', 1, 98000000, 920, 16, 0, 0),
       (32063, 195, '94', 2, 61000000, 460, 16, 0, 0),
       (32064, 195, '95', 4, 133000000, 560, 16, 0, 0),
       (32065, 195, '96', 3, 147000000, 560, 16, 0, 0),
       (32066, 195, '97', 1, 140000000, 790, 17, 0, 0),
       (32067, 195, '98', 1, 125000000, 830, 17, 0, 0),
       (32068, 195, '99', 2, 90000000, 700, 17, 0, 0),
       (32069, 195, '100', 1, 83000000, 600, 17, 0, 0),
       (32070, 195, '101', 4, 76000000, 930, 17, 0, 0),
       (32071, 195, '102', 3, 92000000, 830, 17, 0, 0),
       (32072, 195, '103', 1, 99000000, 800, 18, 0, 0),
       (32073, 195, '104', 3, 146000000, 850, 18, 0, 0),
       (32074, 195, '105', 4, 65000000, 530, 18, 0, 0),
       (32075, 195, '106', 2, 139000000, 450, 18, 0, 0),
       (32076, 195, '107', 3, 69000000, 990, 18, 0, 0),
       (32077, 195, '108', 4, 73000000, 790, 18, 0, 0),
       (32078, 195, '109', 3, 131000000, 830, 19, 0, 0),
       (32079, 195, '110', 4, 66000000, 640, 19, 0, 0),
       (32080, 195, '111', 1, 110000000, 580, 19, 0, 0),
       (32081, 195, '112', 3, 144000000, 490, 19, 0, 0),
       (32082, 195, '113', 3, 83000000, 670, 19, 0, 0),
       (32083, 195, '114', 3, 149000000, 680, 19, 0, 0),
       (32084, 195, '115', 4, 141000000, 620, 20, 0, 0),
       (32085, 195, '116', 1, 124000000, 770, 20, 0, 0),
       (32086, 195, '117', 2, 102000000, 450, 20, 0, 0),
       (32087, 195, '118', 4, 81000000, 880, 20, 0, 0),
       (32088, 195, '119', 4, 139000000, 640, 20, 0, 0),
       (32089, 195, '120', 2, 96000000, 760, 20, 0, 0),
       (32090, 195, '121', 1, 98000000, 710, 21, 0, 0),
       (32091, 195, '122', 1, 115000000, 430, 21, 0, 0),
       (32092, 195, '123', 4, 113000000, 650, 21, 0, 0),
       (32093, 195, '124', 1, 139000000, 540, 21, 0, 0),
       (32094, 195, '125', 1, 96000000, 870, 21, 0, 0),
       (32095, 195, '126', 2, 73000000, 940, 21, 0, 0),
       (32096, 195, '127', 3, 142000000, 560, 22, 0, 0),
       (32097, 195, '128', 3, 149000000, 760, 22, 0, 0),
       (32098, 195, '129', 1, 100000000, 810, 22, 0, 0),
       (32099, 195, '130', 2, 139000000, 400, 22, 0, 0),
       (32100, 195, '131', 2, 96000000, 610, 22, 0, 0),
       (32101, 195, '132', 4, 65000000, 790, 22, 0, 0),
       (32102, 195, '133', 4, 87000000, 410, 23, 0, 0),
       (32103, 195, '134', 2, 116000000, 400, 23, 0, 0),
       (32104, 195, '135', 3, 140000000, 870, 23, 0, 0),
       (32105, 195, '136', 4, 72000000, 490, 23, 0, 0),
       (32106, 195, '137', 2, 126000000, 840, 23, 0, 0),
       (32107, 195, '138', 4, 61000000, 970, 23, 0, 0),
       (32108, 195, '139', 3, 63000000, 510, 24, 0, 0),
       (32109, 195, '140', 4, 72000000, 580, 24, 0, 0),
       (32110, 195, '141', 2, 92000000, 420, 24, 0, 0),
       (32111, 195, '142', 1, 117000000, 640, 24, 0, 0),
       (32112, 195, '143', 1, 131000000, 780, 24, 0, 0),
       (32113, 195, '144', 2, 63000000, 430, 24, 0, 0),
       (32114, 195, '145', 3, 77000000, 670, 25, 0, 0),
       (32115, 195, '146', 2, 66000000, 520, 25, 0, 0),
       (32116, 195, '147', 2, 82000000, 880, 25, 0, 0),
       (32117, 195, '148', 4, 65000000, 960, 25, 0, 0),
       (32118, 195, '149', 2, 139000000, 660, 25, 0, 0),
       (32119, 195, '150', 3, 128000000, 610, 25, 0, 0),
       (32120, 195, '151', 1, 107000000, 580, 26, 0, 0),
       (32121, 195, '152', 3, 135000000, 960, 26, 0, 0),
       (32122, 195, '153', 4, 127000000, 590, 26, 0, 0),
       (32123, 195, '154', 1, 68000000, 590, 26, 0, 0),
       (32124, 195, '155', 3, 119000000, 650, 26, 0, 0),
       (32125, 195, '156', 2, 62000000, 430, 26, 0, 0),
       (32126, 195, '157', 1, 101000000, 570, 27, 0, 0),
       (32127, 195, '158', 2, 90000000, 760, 27, 0, 0),
       (32128, 195, '159', 2, 101000000, 400, 27, 0, 0),
       (32129, 195, '160', 1, 144000000, 400, 27, 0, 0),
       (32130, 195, '161', 2, 96000000, 670, 27, 0, 0),
       (32131, 195, '162', 1, 79000000, 770, 27, 0, 0),
       (32132, 195, '163', 1, 87000000, 590, 28, 0, 0),
       (32133, 195, '164', 1, 143000000, 410, 28, 0, 0),
       (32134, 195, '165', 4, 149000000, 490, 28, 0, 0),
       (32135, 195, '166', 1, 91000000, 760, 28, 0, 0),
       (32136, 195, '167', 3, 115000000, 620, 28, 0, 0),
       (32137, 195, '168', 1, 149000000, 680, 28, 0, 0),
       (32138, 195, '169', 3, 60000000, 710, 29, 0, 0),
       (32139, 195, '170', 4, 94000000, 700, 29, 0, 0),
       (32140, 195, '171', 3, 62000000, 700, 29, 0, 0),
       (32141, 195, '172', 1, 100000000, 440, 29, 0, 0),
       (32142, 195, '173', 4, 74000000, 580, 29, 0, 0),
       (32143, 195, '174', 2, 68000000, 640, 29, 0, 0),
       (32144, 195, '175', 1, 125000000, 840, 30, 0, 0),
       (32145, 195, '176', 1, 123000000, 770, 30, 0, 0),
       (32146, 195, '177', 4, 79000000, 850, 30, 0, 0),
       (32147, 195, '178', 4, 144000000, 700, 30, 0, 0),
       (32148, 195, '179', 3, 95000000, 500, 30, 0, 0),
       (32149, 195, '180', 3, 65000000, 790, 30, 0, 0),
       (32150, 195, '181', 3, 147000000, 590, 31, 0, 0),
       (32151, 195, '182', 2, 74000000, 960, 31, 0, 0),
       (32152, 195, '183', 1, 132000000, 710, 31, 0, 0),
       (32153, 195, '184', 3, 112000000, 560, 31, 0, 0),
       (32154, 195, '185', 3, 128000000, 640, 31, 0, 0),
       (32155, 195, '186', 3, 61000000, 680, 31, 0, 0),
       (32156, 195, '187', 3, 69000000, 550, 32, 0, 0),
       (32157, 195, '188', 3, 101000000, 730, 32, 0, 0),
       (32158, 195, '189', 2, 150000000, 880, 32, 0, 0),
       (32159, 195, '190', 1, 80000000, 780, 32, 0, 0),
       (32160, 195, '191', 2, 62000000, 460, 32, 0, 0),
       (32161, 195, '192', 2, 144000000, 800, 32, 0, 0),
       (32162, 195, '193', 4, 62000000, 740, 33, 0, 0),
       (32163, 195, '194', 2, 78000000, 560, 33, 0, 0),
       (32164, 195, '195', 1, 70000000, 460, 33, 0, 0),
       (32165, 195, '196', 2, 74000000, 700, 33, 0, 0),
       (32166, 195, '197', 3, 116000000, 470, 33, 0, 0),
       (32167, 195, '198', 4, 98000000, 730, 33, 0, 0),
       (32168, 195, '199', 3, 99000000, 930, 34, 0, 0),
       (32169, 195, '200', 3, 85000000, 870, 34, 0, 0),
       (32170, 195, '201', 1, 148000000, 760, 34, 0, 0),
       (32171, 195, '202', 4, 63000000, 920, 34, 0, 0),
       (32172, 195, '203', 1, 92000000, 410, 34, 0, 0),
       (32173, 195, '204', 2, 84000000, 860, 34, 0, 0),
       (32174, 195, '205', 2, 101000000, 470, 35, 0, 0),
       (32175, 195, '206', 3, 88000000, 510, 35, 0, 0),
       (32176, 195, '207', 3, 134000000, 960, 35, 0, 0),
       (32177, 195, '208', 2, 136000000, 890, 35, 0, 0),
       (32178, 195, '209', 3, 140000000, 590, 35, 0, 0),
       (32179, 195, '210', 3, 66000000, 420, 35, 0, 0),
       (32180, 195, '211', 1, 102000000, 640, 36, 0, 0),
       (32181, 195, '212', 1, 91000000, 710, 36, 0, 0),
       (32182, 195, '213', 2, 72000000, 540, 36, 0, 0),
       (32183, 195, '214', 3, 91000000, 750, 36, 0, 0),
       (32184, 195, '215', 4, 142000000, 660, 36, 0, 0),
       (32185, 195, '216', 1, 127000000, 850, 36, 0, 0),
       (32186, 195, '217', 2, 64000000, 820, 37, 0, 0),
       (32187, 195, '218', 2, 71000000, 690, 37, 0, 0),
       (32188, 195, '219', 1, 90000000, 580, 37, 0, 0),
       (32189, 195, '220', 1, 131000000, 800, 37, 0, 0),
       (32190, 195, '221', 1, 131000000, 790, 37, 0, 0),
       (32191, 195, '222', 4, 86000000, 960, 37, 0, 0),
       (32192, 195, '223', 2, 142000000, 560, 38, 0, 0),
       (32193, 195, '224', 4, 77000000, 1000, 38, 0, 0),
       (32194, 195, '225', 1, 105000000, 480, 38, 0, 0),
       (32195, 195, '226', 3, 150000000, 480, 38, 0, 0),
       (32196, 195, '227', 2, 95000000, 760, 38, 0, 0),
       (32197, 195, '228', 3, 141000000, 600, 38, 0, 0),
       (32198, 195, '229', 1, 74000000, 950, 39, 0, 0),
       (32199, 195, '230', 3, 137000000, 680, 39, 0, 0),
       (32200, 195, '231', 3, 117000000, 1000, 39, 0, 0),
       (32201, 195, '232', 3, 63000000, 940, 39, 0, 0),
       (32202, 195, '233', 2, 96000000, 830, 39, 0, 0),
       (32203, 195, '234', 1, 144000000, 710, 39, 0, 0),
       (32204, 195, '235', 4, 117000000, 590, 40, 0, 0),
       (32205, 195, '236', 4, 130000000, 660, 40, 0, 0),
       (32206, 195, '237', 1, 99000000, 870, 40, 0, 0),
       (32207, 195, '238', 1, 87000000, 840, 40, 0, 0),
       (32208, 195, '239', 2, 148000000, 650, 40, 0, 0),
       (32209, 195, '240', 3, 111000000, 620, 40, 0, 0),
       (32210, 195, '241', 1, 144000000, 580, 41, 0, 0),
       (32211, 195, '242', 2, 127000000, 950, 41, 0, 0),
       (32212, 195, '243', 4, 143000000, 950, 41, 0, 0),
       (32213, 195, '244', 2, 95000000, 400, 41, 0, 0),
       (32214, 195, '245', 1, 124000000, 520, 41, 0, 0),
       (32215, 195, '246', 2, 113000000, 830, 41, 0, 0),
       (32216, 195, '247', 2, 131000000, 890, 42, 0, 0),
       (32217, 195, '248', 2, 127000000, 590, 42, 0, 0),
       (32218, 195, '249', 3, 111000000, 760, 42, 0, 0),
       (32219, 195, '250', 3, 131000000, 640, 42, 0, 0),
       (32220, 195, '251', 1, 120000000, 660, 42, 0, 0),
       (32221, 195, '252', 2, 108000000, 1000, 42, 0, 0),
       (32222, 195, '253', 4, 93000000, 660, 43, 0, 0),
       (32223, 195, '254', 3, 80000000, 990, 43, 0, 0),
       (32224, 195, '255', 1, 63000000, 690, 43, 0, 0),
       (32225, 195, '256', 2, 87000000, 670, 43, 0, 0),
       (32226, 195, '257', 2, 95000000, 670, 43, 0, 0),
       (32227, 195, '258', 2, 73000000, 870, 43, 0, 0),
       (32228, 195, '259', 3, 126000000, 850, 44, 0, 0),
       (32229, 195, '260', 4, 88000000, 500, 44, 0, 0),
       (32230, 195, '261', 2, 67000000, 650, 44, 0, 0),
       (32231, 195, '262', 4, 99000000, 520, 44, 0, 0),
       (32232, 195, '263', 2, 61000000, 430, 44, 0, 0),
       (32233, 195, '264', 2, 70000000, 540, 44, 0, 0),
       (32234, 195, '265', 4, 77000000, 500, 45, 0, 0),
       (32235, 195, '266', 1, 132000000, 650, 45, 0, 0),
       (32236, 195, '267', 3, 125000000, 660, 45, 0, 0),
       (32237, 195, '268', 1, 100000000, 1000, 45, 0, 0),
       (32238, 195, '269', 4, 87000000, 880, 45, 0, 0),
       (32239, 195, '270', 4, 67000000, 590, 45, 0, 0),
       (32240, 195, '271', 3, 83000000, 850, 46, 0, 0),
       (32241, 195, '272', 2, 71000000, 810, 46, 0, 0),
       (32242, 195, '273', 1, 98000000, 640, 46, 0, 0),
       (32243, 195, '274', 3, 135000000, 950, 46, 0, 0),
       (32244, 195, '275', 1, 140000000, 530, 46, 0, 0),
       (32245, 195, '276', 2, 73000000, 1000, 46, 0, 0),
       (32246, 195, '277', 2, 107000000, 940, 47, 0, 0),
       (32247, 195, '278', 1, 65000000, 850, 47, 0, 0),
       (32248, 195, '279', 2, 72000000, 980, 47, 0, 0),
       (32249, 195, '280', 2, 63000000, 700, 47, 0, 0),
       (32250, 195, '281', 3, 90000000, 710, 47, 0, 0),
       (32251, 195, '282', 1, 113000000, 420, 47, 0, 0),
       (32252, 195, '283', 2, 70000000, 960, 48, 0, 0),
       (32253, 195, '284', 3, 129000000, 490, 48, 0, 0),
       (32254, 195, '285', 1, 110000000, 710, 48, 0, 0),
       (32255, 195, '286', 4, 78000000, 510, 48, 0, 0),
       (32256, 195, '287', 2, 60000000, 460, 48, 0, 0),
       (32257, 195, '288', 3, 143000000, 540, 48, 0, 0),
       (32258, 195, '289', 3, 124000000, 880, 49, 0, 0),
       (32259, 195, '290', 2, 83000000, 430, 49, 0, 0),
       (32260, 195, '291', 3, 99000000, 840, 49, 0, 0),
       (32261, 195, '292', 3, 95000000, 670, 49, 0, 0),
       (32262, 195, '293', 2, 102000000, 790, 49, 0, 0),
       (32263, 195, '294', 1, 131000000, 600, 49, 0, 0),
       (32264, 195, '295', 3, 96000000, 930, 50, 0, 0),
       (32265, 195, '296', 3, 103000000, 910, 50, 0, 0),
       (32266, 195, '297', 2, 92000000, 920, 50, 0, 0),
       (32267, 195, '298', 4, 68000000, 970, 50, 0, 0),
       (32268, 195, '299', 2, 119000000, 470, 50, 0, 0),
       (32269, 195, '300', 2, 74000000, 930, 50, 0, 0),
       (32270, 195, '301', 1, 106000000, 500, 51, 0, 0),
       (32271, 195, '302', 1, 146000000, 530, 51, 0, 0),
       (32272, 195, '303', 2, 126000000, 590, 51, 0, 0),
       (32273, 195, '304', 2, 138000000, 480, 51, 0, 0),
       (32274, 195, '305', 1, 142000000, 950, 51, 0, 0),
       (32275, 195, '306', 2, 72000000, 930, 51, 0, 0),
       (32276, 195, '307', 3, 140000000, 650, 52, 0, 0),
       (32277, 195, '308', 2, 130000000, 590, 52, 0, 0),
       (32278, 195, '309', 4, 128000000, 940, 52, 0, 0),
       (32279, 195, '310', 4, 111000000, 600, 52, 0, 0),
       (32280, 195, '311', 1, 94000000, 640, 52, 0, 0),
       (32281, 195, '312', 2, 132000000, 880, 52, 0, 0),
       (32282, 195, '313', 2, 114000000, 630, 53, 0, 0),
       (32283, 195, '314', 1, 86000000, 730, 53, 0, 0),
       (32284, 195, '315', 1, 111000000, 400, 53, 0, 0),
       (32285, 195, '316', 4, 102000000, 450, 53, 0, 0),
       (32286, 195, '317', 1, 69000000, 830, 53, 0, 0),
       (32287, 195, '318', 2, 122000000, 670, 53, 0, 0),
       (32288, 195, '319', 3, 147000000, 590, 54, 0, 0),
       (32289, 195, '320', 4, 130000000, 420, 54, 0, 0),
       (32290, 195, '321', 3, 96000000, 700, 54, 0, 0),
       (32291, 195, '322', 4, 139000000, 460, 54, 0, 0),
       (32292, 195, '323', 1, 111000000, 410, 54, 0, 0),
       (32293, 195, '324', 1, 143000000, 670, 54, 0, 0),
       (32294, 195, '325', 3, 125000000, 740, 55, 0, 0),
       (32295, 195, '326', 1, 72000000, 820, 55, 0, 0),
       (32296, 195, '327', 1, 125000000, 400, 55, 0, 0),
       (32297, 195, '328', 4, 129000000, 830, 55, 0, 0),
       (32298, 195, '329', 4, 107000000, 600, 55, 0, 0),
       (32299, 195, '330', 3, 112000000, 610, 55, 0, 0),
       (32300, 195, '331', 1, 138000000, 780, 56, 0, 0),
       (32301, 195, '332', 1, 103000000, 450, 56, 0, 0),
       (32302, 195, '333', 4, 89000000, 950, 56, 0, 0),
       (32303, 195, '334', 1, 149000000, 610, 56, 0, 0),
       (32304, 195, '335', 4, 148000000, 720, 56, 0, 0),
       (32305, 195, '336', 4, 72000000, 490, 56, 0, 0),
       (32306, 195, '337', 3, 95000000, 980, 57, 0, 0),
       (32307, 195, '338', 4, 100000000, 880, 57, 0, 0),
       (32308, 195, '339', 3, 141000000, 530, 57, 0, 0),
       (32309, 195, '340', 1, 68000000, 980, 57, 0, 0),
       (32310, 195, '341', 3, 83000000, 970, 57, 0, 0),
       (32311, 195, '342', 3, 95000000, 690, 57, 0, 0),
       (32312, 195, '343', 2, 110000000, 930, 58, 0, 0),
       (32313, 195, '344', 1, 117000000, 480, 58, 0, 0),
       (32314, 195, '345', 1, 104000000, 710, 58, 0, 0),
       (32315, 195, '346', 4, 114000000, 980, 58, 0, 0),
       (32316, 195, '347', 3, 68000000, 850, 58, 0, 0),
       (32317, 195, '348', 4, 70000000, 980, 58, 0, 0),
       (32318, 195, '349', 3, 131000000, 550, 59, 0, 0),
       (32319, 195, '350', 1, 132000000, 610, 59, 0, 0),
       (32320, 195, '351', 3, 122000000, 630, 59, 0, 0),
       (32321, 195, '352', 1, 149000000, 900, 59, 0, 0),
       (32322, 195, '353', 1, 96000000, 800, 59, 0, 0),
       (32323, 195, '354', 2, 92000000, 920, 59, 0, 0),
       (32324, 195, '355', 2, 102000000, 600, 60, 0, 0),
       (32325, 195, '356', 3, 93000000, 480, 60, 0, 0),
       (32326, 195, '357', 4, 88000000, 910, 60, 0, 0),
       (32327, 195, '358', 2, 84000000, 920, 60, 0, 0),
       (32328, 195, '359', 4, 117000000, 780, 60, 0, 0),
       (32329, 195, '360', 1, 74000000, 690, 60, 0, 0);
insert into real_estate_building (id, address, complex_id, floor_count, dev_id)
values (196, 'г. Москва, ул. Кутузовская, д. 15', 9, 65, 9);
insert into real_estate_object (id, building_id ,local_address, places, price, area, floor, type, estate_type)
values (32330, 196, '1', 3, 126000000, 640, 1, 0, 0),
       (32331, 196, '2', 4, 74000000, 460, 1, 0, 0),
       (32332, 196, '3', 2, 82000000, 950, 1, 0, 0),
       (32333, 196, '4', 2, 137000000, 660, 1, 0, 0),
       (32334, 196, '5', 4, 84000000, 400, 1, 0, 0),
       (32335, 196, '6', 1, 135000000, 660, 1, 0, 0),
       (32336, 196, '7', 2, 139000000, 830, 2, 0, 0),
       (32337, 196, '8', 2, 68000000, 650, 2, 0, 0),
       (32338, 196, '9', 1, 75000000, 600, 2, 0, 0),
       (32339, 196, '10', 4, 131000000, 890, 2, 0, 0),
       (32340, 196, '11', 2, 115000000, 910, 2, 0, 0),
       (32341, 196, '12', 3, 103000000, 410, 2, 0, 0),
       (32342, 196, '13', 2, 78000000, 810, 3, 0, 0),
       (32343, 196, '14', 2, 131000000, 670, 3, 0, 0),
       (32344, 196, '15', 2, 71000000, 720, 3, 0, 0),
       (32345, 196, '16', 1, 79000000, 980, 3, 0, 0),
       (32346, 196, '17', 2, 62000000, 620, 3, 0, 0),
       (32347, 196, '18', 4, 74000000, 480, 3, 0, 0),
       (32348, 196, '19', 3, 78000000, 800, 4, 0, 0),
       (32349, 196, '20', 3, 60000000, 520, 4, 0, 0),
       (32350, 196, '21', 2, 103000000, 700, 4, 0, 0),
       (32351, 196, '22', 4, 117000000, 480, 4, 0, 0),
       (32352, 196, '23', 4, 66000000, 740, 4, 0, 0),
       (32353, 196, '24', 3, 103000000, 400, 4, 0, 0),
       (32354, 196, '25', 2, 149000000, 410, 5, 0, 0),
       (32355, 196, '26', 4, 80000000, 420, 5, 0, 0),
       (32356, 196, '27', 3, 82000000, 430, 5, 0, 0),
       (32357, 196, '28', 3, 111000000, 770, 5, 0, 0),
       (32358, 196, '29', 1, 73000000, 480, 5, 0, 0),
       (32359, 196, '30', 3, 63000000, 610, 5, 0, 0),
       (32360, 196, '31', 1, 75000000, 630, 6, 0, 0),
       (32361, 196, '32', 3, 86000000, 460, 6, 0, 0),
       (32362, 196, '33', 1, 141000000, 760, 6, 0, 0),
       (32363, 196, '34', 3, 112000000, 560, 6, 0, 0),
       (32364, 196, '35', 4, 140000000, 840, 6, 0, 0),
       (32365, 196, '36', 3, 137000000, 650, 6, 0, 0),
       (32366, 196, '37', 4, 68000000, 990, 7, 0, 0),
       (32367, 196, '38', 1, 62000000, 670, 7, 0, 0),
       (32368, 196, '39', 1, 146000000, 920, 7, 0, 0),
       (32369, 196, '40', 2, 105000000, 430, 7, 0, 0),
       (32370, 196, '41', 3, 75000000, 750, 7, 0, 0),
       (32371, 196, '42', 3, 135000000, 520, 7, 0, 0),
       (32372, 196, '43', 3, 60000000, 510, 8, 0, 0),
       (32373, 196, '44', 2, 123000000, 930, 8, 0, 0),
       (32374, 196, '45', 2, 60000000, 760, 8, 0, 0),
       (32375, 196, '46', 1, 112000000, 820, 8, 0, 0),
       (32376, 196, '47', 4, 79000000, 850, 8, 0, 0),
       (32377, 196, '48', 3, 118000000, 620, 8, 0, 0),
       (32378, 196, '49', 4, 135000000, 910, 9, 0, 0),
       (32379, 196, '50', 3, 75000000, 900, 9, 0, 0),
       (32380, 196, '51', 3, 142000000, 580, 9, 0, 0),
       (32381, 196, '52', 2, 62000000, 540, 9, 0, 0),
       (32382, 196, '53', 1, 150000000, 890, 9, 0, 0),
       (32383, 196, '54', 3, 140000000, 690, 9, 0, 0),
       (32384, 196, '55', 1, 107000000, 800, 10, 0, 0),
       (32385, 196, '56', 2, 83000000, 490, 10, 0, 0),
       (32386, 196, '57', 1, 101000000, 960, 10, 0, 0),
       (32387, 196, '58', 1, 91000000, 760, 10, 0, 0),
       (32388, 196, '59', 3, 114000000, 670, 10, 0, 0),
       (32389, 196, '60', 1, 69000000, 930, 10, 0, 0),
       (32390, 196, '61', 3, 72000000, 990, 11, 0, 0),
       (32391, 196, '62', 4, 131000000, 720, 11, 0, 0),
       (32392, 196, '63', 2, 92000000, 900, 11, 0, 0),
       (32393, 196, '64', 1, 145000000, 520, 11, 0, 0),
       (32394, 196, '65', 2, 112000000, 570, 11, 0, 0),
       (32395, 196, '66', 2, 130000000, 500, 11, 0, 0),
       (32396, 196, '67', 1, 147000000, 470, 12, 0, 0),
       (32397, 196, '68', 4, 71000000, 720, 12, 0, 0),
       (32398, 196, '69', 4, 97000000, 900, 12, 0, 0),
       (32399, 196, '70', 1, 62000000, 680, 12, 0, 0),
       (32400, 196, '71', 3, 122000000, 400, 12, 0, 0),
       (32401, 196, '72', 1, 146000000, 850, 12, 0, 0),
       (32402, 196, '73', 3, 120000000, 990, 13, 0, 0),
       (32403, 196, '74', 1, 91000000, 420, 13, 0, 0),
       (32404, 196, '75', 3, 126000000, 420, 13, 0, 0),
       (32405, 196, '76', 4, 96000000, 600, 13, 0, 0),
       (32406, 196, '77', 1, 88000000, 450, 13, 0, 0),
       (32407, 196, '78', 1, 124000000, 740, 13, 0, 0),
       (32408, 196, '79', 2, 146000000, 900, 14, 0, 0),
       (32409, 196, '80', 4, 66000000, 420, 14, 0, 0),
       (32410, 196, '81', 2, 91000000, 460, 14, 0, 0),
       (32411, 196, '82', 4, 91000000, 800, 14, 0, 0),
       (32412, 196, '83', 1, 73000000, 990, 14, 0, 0),
       (32413, 196, '84', 1, 97000000, 650, 14, 0, 0),
       (32414, 196, '85', 3, 105000000, 860, 15, 0, 0),
       (32415, 196, '86', 2, 130000000, 1000, 15, 0, 0),
       (32416, 196, '87', 2, 116000000, 420, 15, 0, 0),
       (32417, 196, '88', 2, 66000000, 410, 15, 0, 0),
       (32418, 196, '89', 3, 108000000, 630, 15, 0, 0),
       (32419, 196, '90', 3, 100000000, 470, 15, 0, 0),
       (32420, 196, '91', 1, 130000000, 910, 16, 0, 0),
       (32421, 196, '92', 2, 112000000, 650, 16, 0, 0),
       (32422, 196, '93', 3, 138000000, 470, 16, 0, 0),
       (32423, 196, '94', 4, 85000000, 550, 16, 0, 0),
       (32424, 196, '95', 4, 148000000, 580, 16, 0, 0),
       (32425, 196, '96', 3, 81000000, 830, 16, 0, 0),
       (32426, 196, '97', 1, 109000000, 590, 17, 0, 0),
       (32427, 196, '98', 1, 101000000, 440, 17, 0, 0),
       (32428, 196, '99', 3, 120000000, 730, 17, 0, 0),
       (32429, 196, '100', 3, 110000000, 540, 17, 0, 0),
       (32430, 196, '101', 2, 119000000, 660, 17, 0, 0),
       (32431, 196, '102', 3, 94000000, 750, 17, 0, 0),
       (32432, 196, '103', 3, 142000000, 570, 18, 0, 0),
       (32433, 196, '104', 1, 111000000, 650, 18, 0, 0),
       (32434, 196, '105', 3, 106000000, 960, 18, 0, 0),
       (32435, 196, '106', 2, 117000000, 850, 18, 0, 0),
       (32436, 196, '107', 4, 103000000, 800, 18, 0, 0),
       (32437, 196, '108', 3, 125000000, 760, 18, 0, 0),
       (32438, 196, '109', 3, 123000000, 620, 19, 0, 0),
       (32439, 196, '110', 2, 117000000, 460, 19, 0, 0),
       (32440, 196, '111', 4, 128000000, 530, 19, 0, 0),
       (32441, 196, '112', 1, 106000000, 450, 19, 0, 0),
       (32442, 196, '113', 3, 73000000, 690, 19, 0, 0),
       (32443, 196, '114', 3, 106000000, 630, 19, 0, 0),
       (32444, 196, '115', 2, 118000000, 720, 20, 0, 0),
       (32445, 196, '116', 4, 81000000, 460, 20, 0, 0),
       (32446, 196, '117', 2, 96000000, 970, 20, 0, 0),
       (32447, 196, '118', 2, 126000000, 400, 20, 0, 0),
       (32448, 196, '119', 2, 82000000, 740, 20, 0, 0),
       (32449, 196, '120', 4, 121000000, 470, 20, 0, 0),
       (32450, 196, '121', 4, 142000000, 780, 21, 0, 0),
       (32451, 196, '122', 1, 135000000, 600, 21, 0, 0),
       (32452, 196, '123', 2, 106000000, 420, 21, 0, 0),
       (32453, 196, '124', 4, 134000000, 750, 21, 0, 0),
       (32454, 196, '125', 3, 143000000, 890, 21, 0, 0),
       (32455, 196, '126', 1, 123000000, 730, 21, 0, 0),
       (32456, 196, '127', 1, 128000000, 970, 22, 0, 0),
       (32457, 196, '128', 4, 79000000, 1000, 22, 0, 0),
       (32458, 196, '129', 2, 116000000, 470, 22, 0, 0),
       (32459, 196, '130', 2, 101000000, 440, 22, 0, 0),
       (32460, 196, '131', 2, 60000000, 720, 22, 0, 0),
       (32461, 196, '132', 4, 80000000, 410, 22, 0, 0),
       (32462, 196, '133', 4, 84000000, 440, 23, 0, 0),
       (32463, 196, '134', 2, 121000000, 640, 23, 0, 0),
       (32464, 196, '135', 1, 67000000, 520, 23, 0, 0),
       (32465, 196, '136', 4, 147000000, 470, 23, 0, 0),
       (32466, 196, '137', 2, 111000000, 710, 23, 0, 0),
       (32467, 196, '138', 2, 111000000, 680, 23, 0, 0),
       (32468, 196, '139', 1, 94000000, 680, 24, 0, 0),
       (32469, 196, '140', 1, 109000000, 490, 24, 0, 0),
       (32470, 196, '141', 1, 101000000, 620, 24, 0, 0),
       (32471, 196, '142', 2, 105000000, 760, 24, 0, 0),
       (32472, 196, '143', 2, 119000000, 590, 24, 0, 0),
       (32473, 196, '144', 3, 126000000, 450, 24, 0, 0),
       (32474, 196, '145', 4, 127000000, 500, 25, 0, 0),
       (32475, 196, '146', 2, 68000000, 910, 25, 0, 0),
       (32476, 196, '147', 1, 135000000, 720, 25, 0, 0),
       (32477, 196, '148', 2, 83000000, 670, 25, 0, 0),
       (32478, 196, '149', 1, 139000000, 690, 25, 0, 0),
       (32479, 196, '150', 4, 86000000, 600, 25, 0, 0),
       (32480, 196, '151', 3, 123000000, 850, 26, 0, 0),
       (32481, 196, '152', 1, 63000000, 470, 26, 0, 0),
       (32482, 196, '153', 2, 83000000, 400, 26, 0, 0),
       (32483, 196, '154', 2, 139000000, 780, 26, 0, 0),
       (32484, 196, '155', 4, 108000000, 840, 26, 0, 0),
       (32485, 196, '156', 2, 95000000, 870, 26, 0, 0),
       (32486, 196, '157', 2, 90000000, 580, 27, 0, 0),
       (32487, 196, '158', 3, 132000000, 660, 27, 0, 0),
       (32488, 196, '159', 1, 80000000, 610, 27, 0, 0),
       (32489, 196, '160', 2, 147000000, 800, 27, 0, 0),
       (32490, 196, '161', 1, 86000000, 720, 27, 0, 0),
       (32491, 196, '162', 2, 126000000, 790, 27, 0, 0),
       (32492, 196, '163', 4, 104000000, 880, 28, 0, 0),
       (32493, 196, '164', 3, 124000000, 940, 28, 0, 0),
       (32494, 196, '165', 3, 115000000, 790, 28, 0, 0),
       (32495, 196, '166', 3, 140000000, 400, 28, 0, 0),
       (32496, 196, '167', 4, 78000000, 710, 28, 0, 0),
       (32497, 196, '168', 3, 139000000, 410, 28, 0, 0),
       (32498, 196, '169', 2, 115000000, 790, 29, 0, 0),
       (32499, 196, '170', 3, 125000000, 410, 29, 0, 0),
       (32500, 196, '171', 4, 121000000, 930, 29, 0, 0),
       (32501, 196, '172', 4, 86000000, 680, 29, 0, 0),
       (32502, 196, '173', 1, 81000000, 400, 29, 0, 0),
       (32503, 196, '174', 4, 93000000, 800, 29, 0, 0),
       (32504, 196, '175', 3, 70000000, 760, 30, 0, 0),
       (32505, 196, '176', 2, 122000000, 430, 30, 0, 0),
       (32506, 196, '177', 3, 115000000, 570, 30, 0, 0),
       (32507, 196, '178', 2, 95000000, 950, 30, 0, 0),
       (32508, 196, '179', 4, 92000000, 500, 30, 0, 0),
       (32509, 196, '180', 1, 88000000, 490, 30, 0, 0),
       (32510, 196, '181', 4, 119000000, 720, 31, 0, 0),
       (32511, 196, '182', 1, 148000000, 750, 31, 0, 0),
       (32512, 196, '183', 1, 147000000, 590, 31, 0, 0),
       (32513, 196, '184', 4, 129000000, 800, 31, 0, 0),
       (32514, 196, '185', 1, 135000000, 700, 31, 0, 0),
       (32515, 196, '186', 4, 143000000, 420, 31, 0, 0),
       (32516, 196, '187', 4, 103000000, 940, 32, 0, 0),
       (32517, 196, '188', 4, 66000000, 750, 32, 0, 0),
       (32518, 196, '189', 1, 62000000, 620, 32, 0, 0),
       (32519, 196, '190', 4, 78000000, 530, 32, 0, 0),
       (32520, 196, '191', 3, 65000000, 530, 32, 0, 0),
       (32521, 196, '192', 3, 74000000, 980, 32, 0, 0),
       (32522, 196, '193', 2, 146000000, 480, 33, 0, 0),
       (32523, 196, '194', 2, 125000000, 950, 33, 0, 0),
       (32524, 196, '195', 1, 97000000, 540, 33, 0, 0),
       (32525, 196, '196', 1, 139000000, 650, 33, 0, 0),
       (32526, 196, '197', 2, 142000000, 730, 33, 0, 0),
       (32527, 196, '198', 1, 76000000, 660, 33, 0, 0),
       (32528, 196, '199', 4, 102000000, 590, 34, 0, 0),
       (32529, 196, '200', 1, 108000000, 740, 34, 0, 0),
       (32530, 196, '201', 2, 111000000, 620, 34, 0, 0),
       (32531, 196, '202', 1, 122000000, 610, 34, 0, 0),
       (32532, 196, '203', 1, 141000000, 650, 34, 0, 0),
       (32533, 196, '204', 3, 134000000, 490, 34, 0, 0),
       (32534, 196, '205', 1, 134000000, 760, 35, 0, 0),
       (32535, 196, '206', 3, 148000000, 750, 35, 0, 0),
       (32536, 196, '207', 1, 124000000, 460, 35, 0, 0),
       (32537, 196, '208', 4, 143000000, 500, 35, 0, 0),
       (32538, 196, '209', 3, 81000000, 820, 35, 0, 0),
       (32539, 196, '210', 2, 112000000, 470, 35, 0, 0),
       (32540, 196, '211', 1, 98000000, 520, 36, 0, 0),
       (32541, 196, '212', 2, 125000000, 830, 36, 0, 0),
       (32542, 196, '213', 1, 89000000, 740, 36, 0, 0),
       (32543, 196, '214', 2, 150000000, 860, 36, 0, 0),
       (32544, 196, '215', 4, 96000000, 970, 36, 0, 0),
       (32545, 196, '216', 4, 136000000, 520, 36, 0, 0),
       (32546, 196, '217', 2, 99000000, 820, 37, 0, 0),
       (32547, 196, '218', 4, 74000000, 960, 37, 0, 0),
       (32548, 196, '219', 2, 149000000, 680, 37, 0, 0),
       (32549, 196, '220', 2, 75000000, 880, 37, 0, 0),
       (32550, 196, '221', 1, 117000000, 800, 37, 0, 0),
       (32551, 196, '222', 1, 60000000, 660, 37, 0, 0),
       (32552, 196, '223', 2, 150000000, 660, 38, 0, 0),
       (32553, 196, '224', 3, 134000000, 960, 38, 0, 0),
       (32554, 196, '225', 1, 70000000, 500, 38, 0, 0),
       (32555, 196, '226', 4, 97000000, 810, 38, 0, 0),
       (32556, 196, '227', 4, 95000000, 780, 38, 0, 0),
       (32557, 196, '228', 1, 132000000, 970, 38, 0, 0),
       (32558, 196, '229', 3, 109000000, 630, 39, 0, 0),
       (32559, 196, '230', 3, 69000000, 590, 39, 0, 0),
       (32560, 196, '231', 1, 62000000, 640, 39, 0, 0),
       (32561, 196, '232', 4, 85000000, 620, 39, 0, 0),
       (32562, 196, '233', 3, 75000000, 860, 39, 0, 0),
       (32563, 196, '234', 3, 136000000, 590, 39, 0, 0),
       (32564, 196, '235', 2, 150000000, 520, 40, 0, 0),
       (32565, 196, '236', 1, 80000000, 970, 40, 0, 0),
       (32566, 196, '237', 2, 138000000, 900, 40, 0, 0),
       (32567, 196, '238', 2, 66000000, 690, 40, 0, 0),
       (32568, 196, '239', 4, 144000000, 630, 40, 0, 0),
       (32569, 196, '240', 3, 147000000, 890, 40, 0, 0),
       (32570, 196, '241', 3, 137000000, 950, 41, 0, 0),
       (32571, 196, '242', 1, 126000000, 820, 41, 0, 0),
       (32572, 196, '243', 2, 98000000, 910, 41, 0, 0),
       (32573, 196, '244', 3, 128000000, 640, 41, 0, 0),
       (32574, 196, '245', 3, 127000000, 900, 41, 0, 0),
       (32575, 196, '246', 4, 131000000, 580, 41, 0, 0),
       (32576, 196, '247', 1, 102000000, 900, 42, 0, 0),
       (32577, 196, '248', 3, 126000000, 700, 42, 0, 0),
       (32578, 196, '249', 2, 124000000, 690, 42, 0, 0),
       (32579, 196, '250', 3, 117000000, 630, 42, 0, 0),
       (32580, 196, '251', 1, 85000000, 610, 42, 0, 0),
       (32581, 196, '252', 2, 75000000, 690, 42, 0, 0),
       (32582, 196, '253', 2, 69000000, 470, 43, 0, 0),
       (32583, 196, '254', 4, 90000000, 630, 43, 0, 0),
       (32584, 196, '255', 2, 82000000, 420, 43, 0, 0),
       (32585, 196, '256', 4, 150000000, 990, 43, 0, 0),
       (32586, 196, '257', 2, 131000000, 530, 43, 0, 0),
       (32587, 196, '258', 1, 147000000, 830, 43, 0, 0),
       (32588, 196, '259', 4, 68000000, 490, 44, 0, 0),
       (32589, 196, '260', 4, 67000000, 640, 44, 0, 0),
       (32590, 196, '261', 2, 112000000, 500, 44, 0, 0),
       (32591, 196, '262', 1, 76000000, 680, 44, 0, 0),
       (32592, 196, '263', 1, 94000000, 600, 44, 0, 0),
       (32593, 196, '264', 4, 135000000, 750, 44, 0, 0),
       (32594, 196, '265', 2, 62000000, 490, 45, 0, 0),
       (32595, 196, '266', 1, 61000000, 810, 45, 0, 0),
       (32596, 196, '267', 3, 133000000, 780, 45, 0, 0),
       (32597, 196, '268', 4, 118000000, 760, 45, 0, 0),
       (32598, 196, '269', 3, 134000000, 530, 45, 0, 0),
       (32599, 196, '270', 1, 78000000, 590, 45, 0, 0),
       (32600, 196, '271', 1, 124000000, 460, 46, 0, 0),
       (32601, 196, '272', 1, 83000000, 490, 46, 0, 0),
       (32602, 196, '273', 4, 104000000, 760, 46, 0, 0),
       (32603, 196, '274', 2, 118000000, 860, 46, 0, 0),
       (32604, 196, '275', 2, 145000000, 600, 46, 0, 0),
       (32605, 196, '276', 1, 132000000, 940, 46, 0, 0),
       (32606, 196, '277', 2, 96000000, 590, 47, 0, 0),
       (32607, 196, '278', 2, 118000000, 580, 47, 0, 0),
       (32608, 196, '279', 1, 97000000, 440, 47, 0, 0),
       (32609, 196, '280', 4, 119000000, 690, 47, 0, 0),
       (32610, 196, '281', 3, 62000000, 990, 47, 0, 0),
       (32611, 196, '282', 1, 140000000, 940, 47, 0, 0),
       (32612, 196, '283', 1, 143000000, 930, 48, 0, 0),
       (32613, 196, '284', 1, 139000000, 400, 48, 0, 0),
       (32614, 196, '285', 1, 82000000, 780, 48, 0, 0),
       (32615, 196, '286', 2, 61000000, 760, 48, 0, 0),
       (32616, 196, '287', 4, 72000000, 440, 48, 0, 0),
       (32617, 196, '288', 4, 149000000, 510, 48, 0, 0),
       (32618, 196, '289', 2, 62000000, 620, 49, 0, 0),
       (32619, 196, '290', 2, 141000000, 660, 49, 0, 0),
       (32620, 196, '291', 4, 65000000, 720, 49, 0, 0),
       (32621, 196, '292', 3, 117000000, 960, 49, 0, 0),
       (32622, 196, '293', 3, 99000000, 900, 49, 0, 0),
       (32623, 196, '294', 4, 66000000, 500, 49, 0, 0),
       (32624, 196, '295', 3, 76000000, 770, 50, 0, 0),
       (32625, 196, '296', 3, 108000000, 810, 50, 0, 0),
       (32626, 196, '297', 4, 93000000, 520, 50, 0, 0),
       (32627, 196, '298', 4, 90000000, 600, 50, 0, 0),
       (32628, 196, '299', 4, 69000000, 820, 50, 0, 0),
       (32629, 196, '300', 2, 128000000, 470, 50, 0, 0),
       (32630, 196, '301', 2, 112000000, 510, 51, 0, 0),
       (32631, 196, '302', 4, 146000000, 790, 51, 0, 0),
       (32632, 196, '303', 3, 110000000, 940, 51, 0, 0),
       (32633, 196, '304', 3, 76000000, 750, 51, 0, 0),
       (32634, 196, '305', 4, 94000000, 820, 51, 0, 0),
       (32635, 196, '306', 4, 143000000, 960, 51, 0, 0),
       (32636, 196, '307', 1, 72000000, 780, 52, 0, 0),
       (32637, 196, '308', 3, 94000000, 440, 52, 0, 0),
       (32638, 196, '309', 2, 132000000, 770, 52, 0, 0),
       (32639, 196, '310', 2, 70000000, 990, 52, 0, 0),
       (32640, 196, '311', 2, 131000000, 740, 52, 0, 0),
       (32641, 196, '312', 4, 124000000, 860, 52, 0, 0),
       (32642, 196, '313', 3, 146000000, 440, 53, 0, 0),
       (32643, 196, '314', 4, 116000000, 630, 53, 0, 0),
       (32644, 196, '315', 3, 70000000, 920, 53, 0, 0),
       (32645, 196, '316', 3, 134000000, 580, 53, 0, 0),
       (32646, 196, '317', 3, 96000000, 640, 53, 0, 0),
       (32647, 196, '318', 4, 70000000, 730, 53, 0, 0),
       (32648, 196, '319', 2, 128000000, 600, 54, 0, 0),
       (32649, 196, '320', 3, 79000000, 580, 54, 0, 0),
       (32650, 196, '321', 1, 111000000, 730, 54, 0, 0),
       (32651, 196, '322', 3, 149000000, 540, 54, 0, 0),
       (32652, 196, '323', 3, 103000000, 510, 54, 0, 0),
       (32653, 196, '324', 2, 61000000, 960, 54, 0, 0),
       (32654, 196, '325', 3, 135000000, 750, 55, 0, 0),
       (32655, 196, '326', 1, 100000000, 900, 55, 0, 0),
       (32656, 196, '327', 1, 118000000, 550, 55, 0, 0),
       (32657, 196, '328', 4, 64000000, 820, 55, 0, 0),
       (32658, 196, '329', 3, 141000000, 980, 55, 0, 0),
       (32659, 196, '330', 4, 150000000, 760, 55, 0, 0),
       (32660, 196, '331', 4, 106000000, 800, 56, 0, 0),
       (32661, 196, '332', 4, 138000000, 720, 56, 0, 0),
       (32662, 196, '333', 3, 93000000, 940, 56, 0, 0),
       (32663, 196, '334', 3, 113000000, 430, 56, 0, 0),
       (32664, 196, '335', 1, 86000000, 810, 56, 0, 0),
       (32665, 196, '336', 4, 148000000, 560, 56, 0, 0),
       (32666, 196, '337', 2, 76000000, 550, 57, 0, 0),
       (32667, 196, '338', 1, 70000000, 460, 57, 0, 0),
       (32668, 196, '339', 3, 148000000, 740, 57, 0, 0),
       (32669, 196, '340', 4, 131000000, 550, 57, 0, 0),
       (32670, 196, '341', 4, 132000000, 610, 57, 0, 0),
       (32671, 196, '342', 3, 137000000, 920, 57, 0, 0),
       (32672, 196, '343', 4, 64000000, 770, 58, 0, 0),
       (32673, 196, '344', 1, 135000000, 870, 58, 0, 0),
       (32674, 196, '345', 1, 65000000, 500, 58, 0, 0),
       (32675, 196, '346', 1, 114000000, 840, 58, 0, 0),
       (32676, 196, '347', 2, 71000000, 650, 58, 0, 0),
       (32677, 196, '348', 4, 76000000, 430, 58, 0, 0),
       (32678, 196, '349', 2, 97000000, 900, 59, 0, 0),
       (32679, 196, '350', 3, 85000000, 760, 59, 0, 0),
       (32680, 196, '351', 3, 137000000, 760, 59, 0, 0),
       (32681, 196, '352', 4, 146000000, 720, 59, 0, 0),
       (32682, 196, '353', 4, 88000000, 820, 59, 0, 0),
       (32683, 196, '354', 3, 72000000, 650, 59, 0, 0),
       (32684, 196, '355', 2, 120000000, 710, 60, 0, 0),
       (32685, 196, '356', 1, 130000000, 740, 60, 0, 0),
       (32686, 196, '357', 4, 82000000, 790, 60, 0, 0),
       (32687, 196, '358', 3, 133000000, 1000, 60, 0, 0),
       (32688, 196, '359', 2, 147000000, 800, 60, 0, 0),
       (32689, 196, '360', 3, 148000000, 410, 60, 0, 0),
       (32690, 196, '361', 2, 89000000, 940, 61, 0, 0),
       (32691, 196, '362', 3, 116000000, 400, 61, 0, 0),
       (32692, 196, '363', 2, 93000000, 820, 61, 0, 0),
       (32693, 196, '364', 2, 97000000, 780, 61, 0, 0),
       (32694, 196, '365', 3, 132000000, 490, 61, 0, 0),
       (32695, 196, '366', 4, 147000000, 830, 61, 0, 0),
       (32696, 196, '367', 2, 123000000, 810, 62, 0, 0),
       (32697, 196, '368', 2, 66000000, 710, 62, 0, 0),
       (32698, 196, '369', 4, 116000000, 950, 62, 0, 0),
       (32699, 196, '370', 1, 60000000, 790, 62, 0, 0),
       (32700, 196, '371', 4, 136000000, 750, 62, 0, 0),
       (32701, 196, '372', 4, 134000000, 870, 62, 0, 0),
       (32702, 196, '373', 3, 65000000, 750, 63, 0, 0),
       (32703, 196, '374', 1, 87000000, 620, 63, 0, 0),
       (32704, 196, '375', 2, 104000000, 700, 63, 0, 0),
       (32705, 196, '376', 2, 98000000, 480, 63, 0, 0),
       (32706, 196, '377', 2, 92000000, 650, 63, 0, 0),
       (32707, 196, '378', 3, 117000000, 730, 63, 0, 0),
       (32708, 196, '379', 3, 60000000, 920, 64, 0, 0),
       (32709, 196, '380', 1, 113000000, 440, 64, 0, 0),
       (32710, 196, '381', 1, 103000000, 650, 64, 0, 0),
       (32711, 196, '382', 4, 112000000, 430, 64, 0, 0),
       (32712, 196, '383', 1, 136000000, 440, 64, 0, 0),
       (32713, 196, '384', 3, 100000000, 710, 64, 0, 0),
       (32714, 196, '385', 2, 145000000, 780, 65, 0, 0),
       (32715, 196, '386', 2, 76000000, 750, 65, 0, 0),
       (32716, 196, '387', 1, 134000000, 620, 65, 0, 0),
       (32717, 196, '388', 1, 89000000, 760, 65, 0, 0),
       (32718, 196, '389', 3, 61000000, 790, 65, 0, 0),
       (32719, 196, '390', 3, 106000000, 1000, 65, 0, 0);
insert into real_estate_building (id, address, complex_id, floor_count, dev_id)
values (197, 'г. Москва, ул. Кутузовская, д. 16', 9, 52, 9);
insert into real_estate_object (id, building_id ,local_address, places, price, area, floor, type, estate_type)
values (32720, 197, '1', 3, 104000000, 960, 1, 0, 0),
       (32721, 197, '2', 4, 87000000, 780, 1, 0, 0),
       (32722, 197, '3', 4, 88000000, 570, 1, 0, 0),
       (32723, 197, '4', 4, 70000000, 710, 1, 0, 0),
       (32724, 197, '5', 3, 124000000, 550, 1, 0, 0),
       (32725, 197, '6', 2, 119000000, 530, 1, 0, 0),
       (32726, 197, '7', 2, 60000000, 640, 2, 0, 0),
       (32727, 197, '8', 2, 103000000, 920, 2, 0, 0),
       (32728, 197, '9', 2, 144000000, 720, 2, 0, 0),
       (32729, 197, '10', 1, 146000000, 570, 2, 0, 0),
       (32730, 197, '11', 2, 121000000, 990, 2, 0, 0),
       (32731, 197, '12', 2, 128000000, 440, 2, 0, 0),
       (32732, 197, '13', 3, 112000000, 970, 3, 0, 0),
       (32733, 197, '14', 1, 150000000, 700, 3, 0, 0),
       (32734, 197, '15', 3, 66000000, 560, 3, 0, 0),
       (32735, 197, '16', 1, 85000000, 840, 3, 0, 0),
       (32736, 197, '17', 2, 84000000, 910, 3, 0, 0),
       (32737, 197, '18', 3, 103000000, 450, 3, 0, 0),
       (32738, 197, '19', 4, 112000000, 890, 4, 0, 0),
       (32739, 197, '20', 4, 76000000, 480, 4, 0, 0),
       (32740, 197, '21', 1, 146000000, 800, 4, 0, 0),
       (32741, 197, '22', 4, 146000000, 490, 4, 0, 0),
       (32742, 197, '23', 1, 136000000, 730, 4, 0, 0),
       (32743, 197, '24', 1, 105000000, 910, 4, 0, 0),
       (32744, 197, '25', 3, 80000000, 610, 5, 0, 0),
       (32745, 197, '26', 1, 148000000, 900, 5, 0, 0),
       (32746, 197, '27', 3, 138000000, 920, 5, 0, 0),
       (32747, 197, '28', 3, 72000000, 950, 5, 0, 0),
       (32748, 197, '29', 3, 93000000, 720, 5, 0, 0),
       (32749, 197, '30', 4, 121000000, 630, 5, 0, 0),
       (32750, 197, '31', 2, 131000000, 770, 6, 0, 0),
       (32751, 197, '32', 1, 150000000, 900, 6, 0, 0),
       (32752, 197, '33', 1, 95000000, 990, 6, 0, 0),
       (32753, 197, '34', 1, 84000000, 750, 6, 0, 0),
       (32754, 197, '35', 2, 146000000, 740, 6, 0, 0),
       (32755, 197, '36', 4, 110000000, 790, 6, 0, 0),
       (32756, 197, '37', 4, 127000000, 660, 7, 0, 0),
       (32757, 197, '38', 4, 94000000, 520, 7, 0, 0),
       (32758, 197, '39', 3, 113000000, 450, 7, 0, 0),
       (32759, 197, '40', 1, 110000000, 840, 7, 0, 0),
       (32760, 197, '41', 3, 77000000, 410, 7, 0, 0),
       (32761, 197, '42', 2, 91000000, 840, 7, 0, 0),
       (32762, 197, '43', 3, 110000000, 430, 8, 0, 0),
       (32763, 197, '44', 4, 121000000, 640, 8, 0, 0),
       (32764, 197, '45', 4, 103000000, 620, 8, 0, 0),
       (32765, 197, '46', 3, 137000000, 690, 8, 0, 0),
       (32766, 197, '47', 3, 73000000, 800, 8, 0, 0),
       (32767, 197, '48', 4, 70000000, 570, 8, 0, 0),
       (32768, 197, '49', 3, 93000000, 780, 9, 0, 0),
       (32769, 197, '50', 4, 135000000, 700, 9, 0, 0),
       (32770, 197, '51', 1, 80000000, 740, 9, 0, 0),
       (32771, 197, '52', 1, 76000000, 830, 9, 0, 0),
       (32772, 197, '53', 2, 62000000, 580, 9, 0, 0),
       (32773, 197, '54', 1, 134000000, 520, 9, 0, 0),
       (32774, 197, '55', 2, 136000000, 910, 10, 0, 0),
       (32775, 197, '56', 1, 96000000, 750, 10, 0, 0),
       (32776, 197, '57', 1, 130000000, 1000, 10, 0, 0),
       (32777, 197, '58', 3, 104000000, 660, 10, 0, 0),
       (32778, 197, '59', 3, 74000000, 520, 10, 0, 0),
       (32779, 197, '60', 1, 69000000, 780, 10, 0, 0),
       (32780, 197, '61', 3, 109000000, 580, 11, 0, 0),
       (32781, 197, '62', 4, 126000000, 770, 11, 0, 0),
       (32782, 197, '63', 3, 76000000, 500, 11, 0, 0),
       (32783, 197, '64', 2, 88000000, 620, 11, 0, 0),
       (32784, 197, '65', 1, 98000000, 920, 11, 0, 0),
       (32785, 197, '66', 4, 134000000, 570, 11, 0, 0),
       (32786, 197, '67', 3, 120000000, 630, 12, 0, 0),
       (32787, 197, '68', 3, 77000000, 880, 12, 0, 0),
       (32788, 197, '69', 3, 97000000, 610, 12, 0, 0),
       (32789, 197, '70', 4, 64000000, 680, 12, 0, 0),
       (32790, 197, '71', 3, 76000000, 730, 12, 0, 0),
       (32791, 197, '72', 2, 131000000, 850, 12, 0, 0),
       (32792, 197, '73', 1, 63000000, 630, 13, 0, 0),
       (32793, 197, '74', 3, 149000000, 660, 13, 0, 0),
       (32794, 197, '75', 2, 71000000, 610, 13, 0, 0),
       (32795, 197, '76', 3, 122000000, 460, 13, 0, 0),
       (32796, 197, '77', 3, 141000000, 750, 13, 0, 0),
       (32797, 197, '78', 1, 118000000, 670, 13, 0, 0),
       (32798, 197, '79', 4, 61000000, 770, 14, 0, 0),
       (32799, 197, '80', 1, 82000000, 700, 14, 0, 0),
       (32800, 197, '81', 1, 145000000, 610, 14, 0, 0),
       (32801, 197, '82', 1, 80000000, 400, 14, 0, 0),
       (32802, 197, '83', 3, 148000000, 650, 14, 0, 0),
       (32803, 197, '84', 1, 79000000, 950, 14, 0, 0),
       (32804, 197, '85', 2, 145000000, 960, 15, 0, 0),
       (32805, 197, '86', 1, 147000000, 740, 15, 0, 0),
       (32806, 197, '87', 1, 137000000, 540, 15, 0, 0),
       (32807, 197, '88', 4, 127000000, 730, 15, 0, 0),
       (32808, 197, '89', 1, 75000000, 470, 15, 0, 0),
       (32809, 197, '90', 4, 69000000, 850, 15, 0, 0),
       (32810, 197, '91', 3, 118000000, 720, 16, 0, 0),
       (32811, 197, '92', 1, 96000000, 880, 16, 0, 0),
       (32812, 197, '93', 2, 119000000, 520, 16, 0, 0),
       (32813, 197, '94', 3, 137000000, 460, 16, 0, 0),
       (32814, 197, '95', 4, 144000000, 460, 16, 0, 0),
       (32815, 197, '96', 2, 66000000, 500, 16, 0, 0),
       (32816, 197, '97', 3, 146000000, 580, 17, 0, 0),
       (32817, 197, '98', 4, 131000000, 600, 17, 0, 0),
       (32818, 197, '99', 3, 130000000, 620, 17, 0, 0),
       (32819, 197, '100', 4, 138000000, 470, 17, 0, 0),
       (32820, 197, '101', 3, 124000000, 480, 17, 0, 0),
       (32821, 197, '102', 1, 149000000, 880, 17, 0, 0),
       (32822, 197, '103', 3, 95000000, 690, 18, 0, 0),
       (32823, 197, '104', 3, 61000000, 620, 18, 0, 0),
       (32824, 197, '105', 3, 134000000, 770, 18, 0, 0),
       (32825, 197, '106', 3, 63000000, 570, 18, 0, 0),
       (32826, 197, '107', 1, 91000000, 800, 18, 0, 0),
       (32827, 197, '108', 2, 141000000, 750, 18, 0, 0),
       (32828, 197, '109', 4, 129000000, 850, 19, 0, 0),
       (32829, 197, '110', 4, 81000000, 770, 19, 0, 0),
       (32830, 197, '111', 1, 63000000, 400, 19, 0, 0),
       (32831, 197, '112', 1, 85000000, 400, 19, 0, 0),
       (32832, 197, '113', 2, 60000000, 910, 19, 0, 0),
       (32833, 197, '114', 4, 79000000, 980, 19, 0, 0),
       (32834, 197, '115', 1, 69000000, 930, 20, 0, 0),
       (32835, 197, '116', 3, 62000000, 960, 20, 0, 0),
       (32836, 197, '117', 1, 119000000, 700, 20, 0, 0),
       (32837, 197, '118', 4, 114000000, 840, 20, 0, 0),
       (32838, 197, '119', 1, 100000000, 800, 20, 0, 0),
       (32839, 197, '120', 2, 143000000, 740, 20, 0, 0),
       (32840, 197, '121', 1, 118000000, 960, 21, 0, 0),
       (32841, 197, '122', 2, 65000000, 480, 21, 0, 0),
       (32842, 197, '123', 4, 77000000, 470, 21, 0, 0),
       (32843, 197, '124', 3, 118000000, 960, 21, 0, 0),
       (32844, 197, '125', 2, 106000000, 840, 21, 0, 0),
       (32845, 197, '126', 1, 63000000, 660, 21, 0, 0),
       (32846, 197, '127', 4, 142000000, 500, 22, 0, 0),
       (32847, 197, '128', 1, 106000000, 920, 22, 0, 0),
       (32848, 197, '129', 4, 123000000, 510, 22, 0, 0),
       (32849, 197, '130', 2, 123000000, 820, 22, 0, 0),
       (32850, 197, '131', 3, 79000000, 820, 22, 0, 0),
       (32851, 197, '132', 4, 117000000, 450, 22, 0, 0),
       (32852, 197, '133', 3, 122000000, 500, 23, 0, 0),
       (32853, 197, '134', 2, 117000000, 420, 23, 0, 0),
       (32854, 197, '135', 4, 123000000, 880, 23, 0, 0),
       (32855, 197, '136', 3, 98000000, 800, 23, 0, 0),
       (32856, 197, '137', 3, 148000000, 720, 23, 0, 0),
       (32857, 197, '138', 1, 127000000, 430, 23, 0, 0),
       (32858, 197, '139', 2, 120000000, 860, 24, 0, 0),
       (32859, 197, '140', 2, 86000000, 740, 24, 0, 0),
       (32860, 197, '141', 3, 105000000, 490, 24, 0, 0),
       (32861, 197, '142', 3, 142000000, 650, 24, 0, 0),
       (32862, 197, '143', 2, 140000000, 550, 24, 0, 0),
       (32863, 197, '144', 1, 125000000, 950, 24, 0, 0),
       (32864, 197, '145', 1, 61000000, 690, 25, 0, 0),
       (32865, 197, '146', 1, 145000000, 420, 25, 0, 0),
       (32866, 197, '147', 1, 139000000, 420, 25, 0, 0),
       (32867, 197, '148', 2, 139000000, 430, 25, 0, 0),
       (32868, 197, '149', 3, 92000000, 400, 25, 0, 0),
       (32869, 197, '150', 2, 134000000, 550, 25, 0, 0),
       (32870, 197, '151', 3, 71000000, 640, 26, 0, 0),
       (32871, 197, '152', 4, 139000000, 430, 26, 0, 0),
       (32872, 197, '153', 2, 150000000, 570, 26, 0, 0),
       (32873, 197, '154', 1, 68000000, 950, 26, 0, 0),
       (32874, 197, '155', 4, 99000000, 630, 26, 0, 0),
       (32875, 197, '156', 3, 116000000, 470, 26, 0, 0),
       (32876, 197, '157', 3, 141000000, 660, 27, 0, 0),
       (32877, 197, '158', 4, 74000000, 460, 27, 0, 0),
       (32878, 197, '159', 1, 84000000, 620, 27, 0, 0),
       (32879, 197, '160', 2, 148000000, 980, 27, 0, 0),
       (32880, 197, '161', 2, 69000000, 490, 27, 0, 0),
       (32881, 197, '162', 4, 124000000, 640, 27, 0, 0),
       (32882, 197, '163', 3, 64000000, 1000, 28, 0, 0),
       (32883, 197, '164', 4, 131000000, 780, 28, 0, 0),
       (32884, 197, '165', 1, 116000000, 410, 28, 0, 0),
       (32885, 197, '166', 1, 80000000, 500, 28, 0, 0),
       (32886, 197, '167', 1, 142000000, 650, 28, 0, 0),
       (32887, 197, '168', 2, 119000000, 520, 28, 0, 0),
       (32888, 197, '169', 4, 67000000, 910, 29, 0, 0),
       (32889, 197, '170', 2, 92000000, 480, 29, 0, 0),
       (32890, 197, '171', 2, 96000000, 480, 29, 0, 0),
       (32891, 197, '172', 2, 86000000, 860, 29, 0, 0),
       (32892, 197, '173', 4, 141000000, 730, 29, 0, 0),
       (32893, 197, '174', 3, 106000000, 770, 29, 0, 0),
       (32894, 197, '175', 2, 86000000, 580, 30, 0, 0),
       (32895, 197, '176', 4, 116000000, 470, 30, 0, 0),
       (32896, 197, '177', 4, 60000000, 990, 30, 0, 0),
       (32897, 197, '178', 3, 103000000, 980, 30, 0, 0),
       (32898, 197, '179', 2, 99000000, 470, 30, 0, 0),
       (32899, 197, '180', 4, 121000000, 980, 30, 0, 0),
       (32900, 197, '181', 1, 80000000, 670, 31, 0, 0),
       (32901, 197, '182', 2, 111000000, 920, 31, 0, 0),
       (32902, 197, '183', 1, 104000000, 580, 31, 0, 0),
       (32903, 197, '184', 2, 83000000, 410, 31, 0, 0),
       (32904, 197, '185', 4, 139000000, 470, 31, 0, 0),
       (32905, 197, '186', 4, 104000000, 810, 31, 0, 0),
       (32906, 197, '187', 1, 80000000, 480, 32, 0, 0),
       (32907, 197, '188', 4, 114000000, 950, 32, 0, 0),
       (32908, 197, '189', 1, 140000000, 730, 32, 0, 0),
       (32909, 197, '190', 4, 65000000, 410, 32, 0, 0),
       (32910, 197, '191', 3, 89000000, 630, 32, 0, 0),
       (32911, 197, '192', 1, 107000000, 430, 32, 0, 0),
       (32912, 197, '193', 1, 132000000, 850, 33, 0, 0),
       (32913, 197, '194', 2, 91000000, 600, 33, 0, 0),
       (32914, 197, '195', 3, 130000000, 780, 33, 0, 0),
       (32915, 197, '196', 2, 137000000, 960, 33, 0, 0),
       (32916, 197, '197', 1, 133000000, 600, 33, 0, 0),
       (32917, 197, '198', 2, 121000000, 950, 33, 0, 0),
       (32918, 197, '199', 4, 105000000, 710, 34, 0, 0),
       (32919, 197, '200', 4, 79000000, 960, 34, 0, 0),
       (32920, 197, '201', 4, 100000000, 880, 34, 0, 0),
       (32921, 197, '202', 2, 142000000, 830, 34, 0, 0),
       (32922, 197, '203', 4, 90000000, 690, 34, 0, 0),
       (32923, 197, '204', 4, 74000000, 560, 34, 0, 0),
       (32924, 197, '205', 4, 146000000, 420, 35, 0, 0),
       (32925, 197, '206', 4, 121000000, 470, 35, 0, 0),
       (32926, 197, '207', 1, 72000000, 760, 35, 0, 0),
       (32927, 197, '208', 4, 90000000, 710, 35, 0, 0),
       (32928, 197, '209', 1, 91000000, 870, 35, 0, 0),
       (32929, 197, '210', 4, 76000000, 690, 35, 0, 0),
       (32930, 197, '211', 2, 104000000, 510, 36, 0, 0),
       (32931, 197, '212', 4, 127000000, 630, 36, 0, 0),
       (32932, 197, '213', 3, 120000000, 590, 36, 0, 0),
       (32933, 197, '214', 3, 68000000, 430, 36, 0, 0),
       (32934, 197, '215', 4, 93000000, 570, 36, 0, 0),
       (32935, 197, '216', 2, 127000000, 460, 36, 0, 0),
       (32936, 197, '217', 1, 119000000, 960, 37, 0, 0),
       (32937, 197, '218', 3, 127000000, 680, 37, 0, 0),
       (32938, 197, '219', 3, 118000000, 1000, 37, 0, 0),
       (32939, 197, '220', 4, 142000000, 730, 37, 0, 0),
       (32940, 197, '221', 1, 98000000, 830, 37, 0, 0),
       (32941, 197, '222', 2, 106000000, 860, 37, 0, 0),
       (32942, 197, '223', 2, 110000000, 430, 38, 0, 0),
       (32943, 197, '224', 4, 88000000, 460, 38, 0, 0),
       (32944, 197, '225', 4, 81000000, 900, 38, 0, 0),
       (32945, 197, '226', 1, 80000000, 700, 38, 0, 0),
       (32946, 197, '227', 2, 66000000, 900, 38, 0, 0),
       (32947, 197, '228', 3, 116000000, 450, 38, 0, 0),
       (32948, 197, '229', 2, 131000000, 440, 39, 0, 0),
       (32949, 197, '230', 4, 140000000, 500, 39, 0, 0),
       (32950, 197, '231', 1, 122000000, 610, 39, 0, 0),
       (32951, 197, '232', 1, 71000000, 470, 39, 0, 0),
       (32952, 197, '233', 2, 71000000, 600, 39, 0, 0),
       (32953, 197, '234', 3, 80000000, 980, 39, 0, 0),
       (32954, 197, '235', 2, 104000000, 460, 40, 0, 0),
       (32955, 197, '236', 1, 124000000, 800, 40, 0, 0),
       (32956, 197, '237', 1, 74000000, 980, 40, 0, 0),
       (32957, 197, '238', 1, 66000000, 690, 40, 0, 0),
       (32958, 197, '239', 2, 66000000, 540, 40, 0, 0),
       (32959, 197, '240', 2, 111000000, 950, 40, 0, 0),
       (32960, 197, '241', 4, 117000000, 840, 41, 0, 0),
       (32961, 197, '242', 3, 91000000, 660, 41, 0, 0),
       (32962, 197, '243', 4, 68000000, 970, 41, 0, 0),
       (32963, 197, '244', 3, 107000000, 710, 41, 0, 0),
       (32964, 197, '245', 1, 67000000, 910, 41, 0, 0),
       (32965, 197, '246', 3, 80000000, 940, 41, 0, 0),
       (32966, 197, '247', 2, 142000000, 490, 42, 0, 0),
       (32967, 197, '248', 3, 65000000, 700, 42, 0, 0),
       (32968, 197, '249', 3, 130000000, 530, 42, 0, 0),
       (32969, 197, '250', 4, 122000000, 600, 42, 0, 0),
       (32970, 197, '251', 3, 86000000, 870, 42, 0, 0),
       (32971, 197, '252', 3, 121000000, 870, 42, 0, 0),
       (32972, 197, '253', 3, 123000000, 590, 43, 0, 0),
       (32973, 197, '254', 3, 125000000, 700, 43, 0, 0),
       (32974, 197, '255', 3, 138000000, 520, 43, 0, 0),
       (32975, 197, '256', 4, 125000000, 420, 43, 0, 0),
       (32976, 197, '257', 4, 102000000, 560, 43, 0, 0),
       (32977, 197, '258', 1, 121000000, 690, 43, 0, 0),
       (32978, 197, '259', 1, 67000000, 750, 44, 0, 0),
       (32979, 197, '260', 4, 89000000, 840, 44, 0, 0),
       (32980, 197, '261', 4, 127000000, 420, 44, 0, 0),
       (32981, 197, '262', 4, 108000000, 590, 44, 0, 0),
       (32982, 197, '263', 4, 127000000, 710, 44, 0, 0),
       (32983, 197, '264', 4, 119000000, 780, 44, 0, 0),
       (32984, 197, '265', 1, 133000000, 800, 45, 0, 0),
       (32985, 197, '266', 1, 68000000, 560, 45, 0, 0),
       (32986, 197, '267', 4, 146000000, 580, 45, 0, 0),
       (32987, 197, '268', 2, 89000000, 790, 45, 0, 0),
       (32988, 197, '269', 1, 148000000, 750, 45, 0, 0),
       (32989, 197, '270', 1, 66000000, 530, 45, 0, 0),
       (32990, 197, '271', 4, 99000000, 660, 46, 0, 0),
       (32991, 197, '272', 4, 77000000, 550, 46, 0, 0),
       (32992, 197, '273', 2, 111000000, 940, 46, 0, 0),
       (32993, 197, '274', 1, 62000000, 620, 46, 0, 0),
       (32994, 197, '275', 3, 86000000, 930, 46, 0, 0),
       (32995, 197, '276', 3, 107000000, 680, 46, 0, 0),
       (32996, 197, '277', 1, 102000000, 490, 47, 0, 0),
       (32997, 197, '278', 4, 101000000, 560, 47, 0, 0),
       (32998, 197, '279', 3, 70000000, 850, 47, 0, 0),
       (32999, 197, '280', 1, 150000000, 880, 47, 0, 0),
       (33000, 197, '281', 3, 68000000, 870, 47, 0, 0),
       (33001, 197, '282', 4, 137000000, 870, 47, 0, 0),
       (33002, 197, '283', 2, 73000000, 700, 48, 0, 0),
       (33003, 197, '284', 3, 146000000, 810, 48, 0, 0),
       (33004, 197, '285', 1, 128000000, 990, 48, 0, 0),
       (33005, 197, '286', 2, 88000000, 560, 48, 0, 0),
       (33006, 197, '287', 4, 135000000, 510, 48, 0, 0),
       (33007, 197, '288', 1, 123000000, 840, 48, 0, 0),
       (33008, 197, '289', 4, 78000000, 800, 49, 0, 0),
       (33009, 197, '290', 3, 132000000, 450, 49, 0, 0),
       (33010, 197, '291', 2, 135000000, 690, 49, 0, 0),
       (33011, 197, '292', 2, 101000000, 940, 49, 0, 0),
       (33012, 197, '293', 1, 63000000, 500, 49, 0, 0),
       (33013, 197, '294', 4, 107000000, 540, 49, 0, 0),
       (33014, 197, '295', 4, 107000000, 640, 50, 0, 0),
       (33015, 197, '296', 2, 61000000, 500, 50, 0, 0),
       (33016, 197, '297', 3, 140000000, 900, 50, 0, 0),
       (33017, 197, '298', 1, 103000000, 600, 50, 0, 0),
       (33018, 197, '299', 3, 128000000, 820, 50, 0, 0),
       (33019, 197, '300', 4, 130000000, 900, 50, 0, 0),
       (33020, 197, '301', 3, 60000000, 530, 51, 0, 0),
       (33021, 197, '302', 2, 120000000, 900, 51, 0, 0),
       (33022, 197, '303', 3, 149000000, 780, 51, 0, 0),
       (33023, 197, '304', 4, 106000000, 460, 51, 0, 0),
       (33024, 197, '305', 3, 133000000, 720, 51, 0, 0),
       (33025, 197, '306', 2, 117000000, 400, 51, 0, 0),
       (33026, 197, '307', 2, 91000000, 790, 52, 0, 0),
       (33027, 197, '308', 2, 103000000, 800, 52, 0, 0),
       (33028, 197, '309', 1, 76000000, 600, 52, 0, 0),
       (33029, 197, '310', 2, 62000000, 780, 52, 0, 0),
       (33030, 197, '311', 2, 134000000, 780, 52, 0, 0),
       (33031, 197, '312', 4, 105000000, 450, 52, 0, 0);
insert into real_estate_building (id, address, complex_id, floor_count, dev_id)
values (198, 'г. Москва, ул. Кутузовская, д. 17', 9, 59, 9);
insert into real_estate_object (id, building_id ,local_address, places, price, area, floor, type, estate_type)
values (33032, 198, '1', 1, 126000000, 410, 1, 0, 0),
       (33033, 198, '2', 4, 116000000, 530, 1, 0, 0),
       (33034, 198, '3', 2, 124000000, 780, 1, 0, 0),
       (33035, 198, '4', 1, 126000000, 470, 1, 0, 0),
       (33036, 198, '5', 4, 90000000, 610, 1, 0, 0),
       (33037, 198, '6', 3, 79000000, 820, 1, 0, 0),
       (33038, 198, '7', 1, 71000000, 990, 2, 0, 0),
       (33039, 198, '8', 1, 130000000, 800, 2, 0, 0),
       (33040, 198, '9', 2, 66000000, 460, 2, 0, 0),
       (33041, 198, '10', 4, 61000000, 450, 2, 0, 0),
       (33042, 198, '11', 2, 74000000, 770, 2, 0, 0),
       (33043, 198, '12', 4, 78000000, 820, 2, 0, 0),
       (33044, 198, '13', 4, 72000000, 650, 3, 0, 0),
       (33045, 198, '14', 2, 112000000, 530, 3, 0, 0),
       (33046, 198, '15', 2, 108000000, 780, 3, 0, 0),
       (33047, 198, '16', 2, 121000000, 510, 3, 0, 0),
       (33048, 198, '17', 4, 103000000, 610, 3, 0, 0),
       (33049, 198, '18', 2, 132000000, 920, 3, 0, 0),
       (33050, 198, '19', 4, 107000000, 530, 4, 0, 0),
       (33051, 198, '20', 4, 148000000, 770, 4, 0, 0),
       (33052, 198, '21', 2, 66000000, 410, 4, 0, 0),
       (33053, 198, '22', 3, 119000000, 700, 4, 0, 0),
       (33054, 198, '23', 1, 130000000, 600, 4, 0, 0),
       (33055, 198, '24', 1, 68000000, 800, 4, 0, 0),
       (33056, 198, '25', 1, 67000000, 820, 5, 0, 0),
       (33057, 198, '26', 4, 60000000, 820, 5, 0, 0),
       (33058, 198, '27', 3, 141000000, 430, 5, 0, 0),
       (33059, 198, '28', 2, 143000000, 850, 5, 0, 0),
       (33060, 198, '29', 1, 65000000, 670, 5, 0, 0),
       (33061, 198, '30', 1, 62000000, 560, 5, 0, 0),
       (33062, 198, '31', 1, 134000000, 970, 6, 0, 0),
       (33063, 198, '32', 3, 113000000, 450, 6, 0, 0),
       (33064, 198, '33', 3, 94000000, 540, 6, 0, 0),
       (33065, 198, '34', 3, 125000000, 810, 6, 0, 0),
       (33066, 198, '35', 2, 73000000, 810, 6, 0, 0),
       (33067, 198, '36', 4, 99000000, 710, 6, 0, 0),
       (33068, 198, '37', 2, 92000000, 410, 7, 0, 0),
       (33069, 198, '38', 1, 100000000, 600, 7, 0, 0),
       (33070, 198, '39', 1, 128000000, 870, 7, 0, 0),
       (33071, 198, '40', 2, 136000000, 990, 7, 0, 0),
       (33072, 198, '41', 4, 144000000, 790, 7, 0, 0),
       (33073, 198, '42', 1, 73000000, 950, 7, 0, 0),
       (33074, 198, '43', 4, 74000000, 510, 8, 0, 0),
       (33075, 198, '44', 3, 141000000, 860, 8, 0, 0),
       (33076, 198, '45', 3, 122000000, 880, 8, 0, 0),
       (33077, 198, '46', 1, 72000000, 500, 8, 0, 0),
       (33078, 198, '47', 4, 61000000, 970, 8, 0, 0),
       (33079, 198, '48', 3, 106000000, 830, 8, 0, 0),
       (33080, 198, '49', 3, 76000000, 960, 9, 0, 0),
       (33081, 198, '50', 1, 130000000, 400, 9, 0, 0),
       (33082, 198, '51', 1, 122000000, 410, 9, 0, 0),
       (33083, 198, '52', 1, 107000000, 850, 9, 0, 0),
       (33084, 198, '53', 4, 80000000, 450, 9, 0, 0),
       (33085, 198, '54', 1, 124000000, 550, 9, 0, 0),
       (33086, 198, '55', 3, 93000000, 450, 10, 0, 0),
       (33087, 198, '56', 2, 65000000, 450, 10, 0, 0),
       (33088, 198, '57', 4, 116000000, 840, 10, 0, 0),
       (33089, 198, '58', 1, 96000000, 570, 10, 0, 0),
       (33090, 198, '59', 1, 132000000, 690, 10, 0, 0),
       (33091, 198, '60', 4, 118000000, 880, 10, 0, 0),
       (33092, 198, '61', 2, 125000000, 850, 11, 0, 0),
       (33093, 198, '62', 4, 93000000, 810, 11, 0, 0),
       (33094, 198, '63', 4, 78000000, 450, 11, 0, 0),
       (33095, 198, '64', 1, 95000000, 870, 11, 0, 0),
       (33096, 198, '65', 1, 63000000, 990, 11, 0, 0),
       (33097, 198, '66', 2, 92000000, 550, 11, 0, 0),
       (33098, 198, '67', 4, 81000000, 540, 12, 0, 0),
       (33099, 198, '68', 2, 81000000, 540, 12, 0, 0),
       (33100, 198, '69', 4, 106000000, 620, 12, 0, 0),
       (33101, 198, '70', 4, 95000000, 490, 12, 0, 0),
       (33102, 198, '71', 4, 76000000, 470, 12, 0, 0),
       (33103, 198, '72', 3, 147000000, 830, 12, 0, 0),
       (33104, 198, '73', 2, 131000000, 520, 13, 0, 0),
       (33105, 198, '74', 3, 122000000, 540, 13, 0, 0),
       (33106, 198, '75', 3, 78000000, 630, 13, 0, 0),
       (33107, 198, '76', 1, 102000000, 750, 13, 0, 0),
       (33108, 198, '77', 4, 66000000, 730, 13, 0, 0),
       (33109, 198, '78', 1, 76000000, 1000, 13, 0, 0),
       (33110, 198, '79', 1, 64000000, 530, 14, 0, 0),
       (33111, 198, '80', 2, 137000000, 570, 14, 0, 0),
       (33112, 198, '81', 1, 104000000, 810, 14, 0, 0),
       (33113, 198, '82', 3, 129000000, 650, 14, 0, 0),
       (33114, 198, '83', 3, 103000000, 700, 14, 0, 0),
       (33115, 198, '84', 2, 86000000, 900, 14, 0, 0),
       (33116, 198, '85', 1, 96000000, 800, 15, 0, 0),
       (33117, 198, '86', 4, 140000000, 410, 15, 0, 0),
       (33118, 198, '87', 4, 134000000, 450, 15, 0, 0),
       (33119, 198, '88', 1, 106000000, 980, 15, 0, 0),
       (33120, 198, '89', 4, 104000000, 790, 15, 0, 0),
       (33121, 198, '90', 4, 149000000, 690, 15, 0, 0),
       (33122, 198, '91', 3, 145000000, 790, 16, 0, 0),
       (33123, 198, '92', 2, 119000000, 840, 16, 0, 0),
       (33124, 198, '93', 2, 100000000, 530, 16, 0, 0),
       (33125, 198, '94', 3, 81000000, 640, 16, 0, 0),
       (33126, 198, '95', 1, 122000000, 620, 16, 0, 0),
       (33127, 198, '96', 2, 143000000, 610, 16, 0, 0),
       (33128, 198, '97', 1, 87000000, 690, 17, 0, 0),
       (33129, 198, '98', 3, 136000000, 910, 17, 0, 0),
       (33130, 198, '99', 2, 82000000, 890, 17, 0, 0),
       (33131, 198, '100', 3, 102000000, 900, 17, 0, 0),
       (33132, 198, '101', 3, 84000000, 880, 17, 0, 0),
       (33133, 198, '102', 1, 124000000, 650, 17, 0, 0),
       (33134, 198, '103', 3, 128000000, 860, 18, 0, 0),
       (33135, 198, '104', 4, 149000000, 730, 18, 0, 0),
       (33136, 198, '105', 2, 94000000, 950, 18, 0, 0),
       (33137, 198, '106', 4, 87000000, 530, 18, 0, 0),
       (33138, 198, '107', 3, 132000000, 820, 18, 0, 0),
       (33139, 198, '108', 1, 120000000, 900, 18, 0, 0),
       (33140, 198, '109', 2, 76000000, 670, 19, 0, 0),
       (33141, 198, '110', 1, 70000000, 800, 19, 0, 0),
       (33142, 198, '111', 2, 66000000, 530, 19, 0, 0),
       (33143, 198, '112', 2, 135000000, 610, 19, 0, 0),
       (33144, 198, '113', 4, 97000000, 930, 19, 0, 0),
       (33145, 198, '114', 3, 126000000, 530, 19, 0, 0),
       (33146, 198, '115', 3, 126000000, 510, 20, 0, 0),
       (33147, 198, '116', 3, 129000000, 950, 20, 0, 0),
       (33148, 198, '117', 4, 95000000, 940, 20, 0, 0),
       (33149, 198, '118', 2, 104000000, 810, 20, 0, 0),
       (33150, 198, '119', 2, 94000000, 770, 20, 0, 0),
       (33151, 198, '120', 4, 147000000, 1000, 20, 0, 0),
       (33152, 198, '121', 2, 89000000, 730, 21, 0, 0),
       (33153, 198, '122', 2, 145000000, 620, 21, 0, 0),
       (33154, 198, '123', 4, 85000000, 810, 21, 0, 0),
       (33155, 198, '124', 4, 87000000, 780, 21, 0, 0),
       (33156, 198, '125', 3, 127000000, 650, 21, 0, 0),
       (33157, 198, '126', 1, 63000000, 420, 21, 0, 0),
       (33158, 198, '127', 3, 134000000, 480, 22, 0, 0),
       (33159, 198, '128', 4, 93000000, 600, 22, 0, 0),
       (33160, 198, '129', 1, 62000000, 570, 22, 0, 0),
       (33161, 198, '130', 3, 107000000, 440, 22, 0, 0),
       (33162, 198, '131', 3, 89000000, 990, 22, 0, 0),
       (33163, 198, '132', 4, 147000000, 580, 22, 0, 0),
       (33164, 198, '133', 2, 119000000, 570, 23, 0, 0),
       (33165, 198, '134', 1, 80000000, 860, 23, 0, 0),
       (33166, 198, '135', 4, 80000000, 780, 23, 0, 0),
       (33167, 198, '136', 1, 81000000, 690, 23, 0, 0),
       (33168, 198, '137', 2, 118000000, 610, 23, 0, 0),
       (33169, 198, '138', 2, 84000000, 960, 23, 0, 0),
       (33170, 198, '139', 1, 141000000, 450, 24, 0, 0),
       (33171, 198, '140', 1, 75000000, 530, 24, 0, 0),
       (33172, 198, '141', 4, 117000000, 480, 24, 0, 0),
       (33173, 198, '142', 2, 105000000, 460, 24, 0, 0),
       (33174, 198, '143', 1, 61000000, 460, 24, 0, 0),
       (33175, 198, '144', 3, 94000000, 600, 24, 0, 0),
       (33176, 198, '145', 2, 123000000, 580, 25, 0, 0),
       (33177, 198, '146', 4, 60000000, 540, 25, 0, 0),
       (33178, 198, '147', 2, 116000000, 750, 25, 0, 0),
       (33179, 198, '148', 3, 108000000, 700, 25, 0, 0),
       (33180, 198, '149', 1, 60000000, 650, 25, 0, 0),
       (33181, 198, '150', 1, 84000000, 930, 25, 0, 0),
       (33182, 198, '151', 4, 89000000, 740, 26, 0, 0),
       (33183, 198, '152', 2, 95000000, 400, 26, 0, 0),
       (33184, 198, '153', 3, 64000000, 530, 26, 0, 0),
       (33185, 198, '154', 2, 80000000, 870, 26, 0, 0),
       (33186, 198, '155', 2, 100000000, 690, 26, 0, 0),
       (33187, 198, '156', 4, 76000000, 930, 26, 0, 0),
       (33188, 198, '157', 4, 95000000, 770, 27, 0, 0),
       (33189, 198, '158', 1, 76000000, 750, 27, 0, 0),
       (33190, 198, '159', 1, 91000000, 500, 27, 0, 0),
       (33191, 198, '160', 3, 89000000, 570, 27, 0, 0),
       (33192, 198, '161', 1, 129000000, 610, 27, 0, 0),
       (33193, 198, '162', 4, 138000000, 970, 27, 0, 0),
       (33194, 198, '163', 4, 114000000, 920, 28, 0, 0),
       (33195, 198, '164', 2, 95000000, 990, 28, 0, 0),
       (33196, 198, '165', 1, 125000000, 700, 28, 0, 0),
       (33197, 198, '166', 3, 62000000, 770, 28, 0, 0),
       (33198, 198, '167', 2, 95000000, 610, 28, 0, 0),
       (33199, 198, '168', 1, 144000000, 830, 28, 0, 0),
       (33200, 198, '169', 1, 71000000, 950, 29, 0, 0),
       (33201, 198, '170', 2, 62000000, 880, 29, 0, 0),
       (33202, 198, '171', 2, 149000000, 960, 29, 0, 0),
       (33203, 198, '172', 4, 97000000, 560, 29, 0, 0),
       (33204, 198, '173', 1, 148000000, 550, 29, 0, 0),
       (33205, 198, '174', 3, 110000000, 800, 29, 0, 0),
       (33206, 198, '175', 2, 90000000, 970, 30, 0, 0),
       (33207, 198, '176', 2, 148000000, 790, 30, 0, 0),
       (33208, 198, '177', 3, 113000000, 770, 30, 0, 0),
       (33209, 198, '178', 3, 124000000, 970, 30, 0, 0),
       (33210, 198, '179', 4, 113000000, 450, 30, 0, 0),
       (33211, 198, '180', 4, 80000000, 460, 30, 0, 0),
       (33212, 198, '181', 3, 96000000, 570, 31, 0, 0),
       (33213, 198, '182', 4, 82000000, 440, 31, 0, 0),
       (33214, 198, '183', 3, 71000000, 920, 31, 0, 0),
       (33215, 198, '184', 2, 148000000, 920, 31, 0, 0),
       (33216, 198, '185', 4, 124000000, 410, 31, 0, 0),
       (33217, 198, '186', 1, 136000000, 540, 31, 0, 0),
       (33218, 198, '187', 4, 97000000, 750, 32, 0, 0),
       (33219, 198, '188', 2, 90000000, 540, 32, 0, 0),
       (33220, 198, '189', 2, 122000000, 1000, 32, 0, 0),
       (33221, 198, '190', 2, 72000000, 440, 32, 0, 0),
       (33222, 198, '191', 2, 102000000, 850, 32, 0, 0),
       (33223, 198, '192', 1, 108000000, 670, 32, 0, 0),
       (33224, 198, '193', 3, 128000000, 910, 33, 0, 0),
       (33225, 198, '194', 3, 121000000, 930, 33, 0, 0),
       (33226, 198, '195', 3, 106000000, 500, 33, 0, 0),
       (33227, 198, '196', 3, 77000000, 910, 33, 0, 0),
       (33228, 198, '197', 1, 98000000, 430, 33, 0, 0),
       (33229, 198, '198', 3, 140000000, 990, 33, 0, 0),
       (33230, 198, '199', 1, 65000000, 910, 34, 0, 0),
       (33231, 198, '200', 1, 100000000, 880, 34, 0, 0),
       (33232, 198, '201', 4, 129000000, 690, 34, 0, 0),
       (33233, 198, '202', 3, 91000000, 620, 34, 0, 0),
       (33234, 198, '203', 3, 131000000, 930, 34, 0, 0),
       (33235, 198, '204', 4, 97000000, 720, 34, 0, 0),
       (33236, 198, '205', 2, 149000000, 860, 35, 0, 0),
       (33237, 198, '206', 1, 107000000, 840, 35, 0, 0),
       (33238, 198, '207', 1, 111000000, 860, 35, 0, 0),
       (33239, 198, '208', 1, 73000000, 400, 35, 0, 0),
       (33240, 198, '209', 1, 99000000, 510, 35, 0, 0),
       (33241, 198, '210', 4, 142000000, 690, 35, 0, 0),
       (33242, 198, '211', 2, 88000000, 730, 36, 0, 0),
       (33243, 198, '212', 1, 60000000, 460, 36, 0, 0),
       (33244, 198, '213', 2, 66000000, 820, 36, 0, 0),
       (33245, 198, '214', 3, 142000000, 500, 36, 0, 0),
       (33246, 198, '215', 1, 78000000, 920, 36, 0, 0),
       (33247, 198, '216', 3, 80000000, 1000, 36, 0, 0),
       (33248, 198, '217', 2, 127000000, 410, 37, 0, 0),
       (33249, 198, '218', 3, 114000000, 820, 37, 0, 0),
       (33250, 198, '219', 1, 94000000, 830, 37, 0, 0),
       (33251, 198, '220', 2, 91000000, 510, 37, 0, 0),
       (33252, 198, '221', 3, 101000000, 450, 37, 0, 0),
       (33253, 198, '222', 1, 78000000, 400, 37, 0, 0),
       (33254, 198, '223', 1, 63000000, 830, 38, 0, 0),
       (33255, 198, '224', 2, 137000000, 660, 38, 0, 0),
       (33256, 198, '225', 4, 83000000, 710, 38, 0, 0),
       (33257, 198, '226', 1, 74000000, 590, 38, 0, 0),
       (33258, 198, '227', 2, 60000000, 720, 38, 0, 0),
       (33259, 198, '228', 1, 128000000, 750, 38, 0, 0),
       (33260, 198, '229', 2, 91000000, 970, 39, 0, 0),
       (33261, 198, '230', 3, 94000000, 470, 39, 0, 0),
       (33262, 198, '231', 3, 149000000, 530, 39, 0, 0),
       (33263, 198, '232', 1, 148000000, 680, 39, 0, 0),
       (33264, 198, '233', 4, 82000000, 470, 39, 0, 0),
       (33265, 198, '234', 1, 119000000, 930, 39, 0, 0),
       (33266, 198, '235', 4, 119000000, 650, 40, 0, 0),
       (33267, 198, '236', 3, 135000000, 670, 40, 0, 0),
       (33268, 198, '237', 2, 109000000, 1000, 40, 0, 0),
       (33269, 198, '238', 4, 142000000, 460, 40, 0, 0),
       (33270, 198, '239', 1, 96000000, 830, 40, 0, 0),
       (33271, 198, '240', 2, 80000000, 920, 40, 0, 0),
       (33272, 198, '241', 3, 61000000, 820, 41, 0, 0),
       (33273, 198, '242', 2, 150000000, 450, 41, 0, 0),
       (33274, 198, '243', 4, 83000000, 530, 41, 0, 0),
       (33275, 198, '244', 3, 97000000, 780, 41, 0, 0),
       (33276, 198, '245', 3, 83000000, 580, 41, 0, 0),
       (33277, 198, '246', 3, 99000000, 680, 41, 0, 0),
       (33278, 198, '247', 1, 111000000, 400, 42, 0, 0),
       (33279, 198, '248', 1, 78000000, 670, 42, 0, 0),
       (33280, 198, '249', 3, 92000000, 780, 42, 0, 0),
       (33281, 198, '250', 1, 150000000, 470, 42, 0, 0),
       (33282, 198, '251', 3, 79000000, 830, 42, 0, 0),
       (33283, 198, '252', 3, 134000000, 880, 42, 0, 0),
       (33284, 198, '253', 4, 88000000, 870, 43, 0, 0),
       (33285, 198, '254', 2, 92000000, 860, 43, 0, 0),
       (33286, 198, '255', 4, 147000000, 550, 43, 0, 0),
       (33287, 198, '256', 2, 143000000, 580, 43, 0, 0),
       (33288, 198, '257', 1, 126000000, 450, 43, 0, 0),
       (33289, 198, '258', 1, 78000000, 970, 43, 0, 0),
       (33290, 198, '259', 2, 101000000, 520, 44, 0, 0),
       (33291, 198, '260', 1, 101000000, 670, 44, 0, 0),
       (33292, 198, '261', 2, 86000000, 480, 44, 0, 0),
       (33293, 198, '262', 1, 66000000, 700, 44, 0, 0),
       (33294, 198, '263', 1, 104000000, 840, 44, 0, 0),
       (33295, 198, '264', 1, 80000000, 470, 44, 0, 0),
       (33296, 198, '265', 2, 112000000, 880, 45, 0, 0),
       (33297, 198, '266', 1, 98000000, 700, 45, 0, 0),
       (33298, 198, '267', 3, 91000000, 400, 45, 0, 0),
       (33299, 198, '268', 1, 145000000, 910, 45, 0, 0),
       (33300, 198, '269', 2, 124000000, 930, 45, 0, 0),
       (33301, 198, '270', 2, 150000000, 860, 45, 0, 0),
       (33302, 198, '271', 1, 85000000, 800, 46, 0, 0),
       (33303, 198, '272', 2, 118000000, 920, 46, 0, 0),
       (33304, 198, '273', 4, 139000000, 800, 46, 0, 0),
       (33305, 198, '274', 3, 130000000, 580, 46, 0, 0),
       (33306, 198, '275', 1, 81000000, 530, 46, 0, 0),
       (33307, 198, '276', 1, 130000000, 860, 46, 0, 0),
       (33308, 198, '277', 3, 144000000, 720, 47, 0, 0),
       (33309, 198, '278', 3, 62000000, 410, 47, 0, 0),
       (33310, 198, '279', 2, 69000000, 830, 47, 0, 0),
       (33311, 198, '280', 4, 74000000, 680, 47, 0, 0),
       (33312, 198, '281', 4, 103000000, 710, 47, 0, 0),
       (33313, 198, '282', 3, 103000000, 770, 47, 0, 0),
       (33314, 198, '283', 2, 111000000, 640, 48, 0, 0),
       (33315, 198, '284', 3, 121000000, 720, 48, 0, 0),
       (33316, 198, '285', 1, 124000000, 750, 48, 0, 0),
       (33317, 198, '286', 4, 131000000, 670, 48, 0, 0),
       (33318, 198, '287', 4, 80000000, 860, 48, 0, 0),
       (33319, 198, '288', 4, 116000000, 860, 48, 0, 0),
       (33320, 198, '289', 3, 111000000, 780, 49, 0, 0),
       (33321, 198, '290', 1, 105000000, 940, 49, 0, 0),
       (33322, 198, '291', 1, 148000000, 950, 49, 0, 0),
       (33323, 198, '292', 1, 89000000, 410, 49, 0, 0),
       (33324, 198, '293', 2, 131000000, 930, 49, 0, 0),
       (33325, 198, '294', 1, 91000000, 520, 49, 0, 0),
       (33326, 198, '295', 4, 84000000, 1000, 50, 0, 0),
       (33327, 198, '296', 4, 106000000, 980, 50, 0, 0),
       (33328, 198, '297', 1, 123000000, 490, 50, 0, 0),
       (33329, 198, '298', 3, 99000000, 560, 50, 0, 0),
       (33330, 198, '299', 1, 149000000, 870, 50, 0, 0),
       (33331, 198, '300', 3, 80000000, 420, 50, 0, 0),
       (33332, 198, '301', 4, 145000000, 580, 51, 0, 0),
       (33333, 198, '302', 1, 100000000, 830, 51, 0, 0),
       (33334, 198, '303', 4, 140000000, 450, 51, 0, 0),
       (33335, 198, '304', 2, 96000000, 590, 51, 0, 0),
       (33336, 198, '305', 4, 87000000, 550, 51, 0, 0),
       (33337, 198, '306', 2, 79000000, 840, 51, 0, 0),
       (33338, 198, '307', 1, 109000000, 430, 52, 0, 0),
       (33339, 198, '308', 3, 93000000, 880, 52, 0, 0),
       (33340, 198, '309', 2, 104000000, 650, 52, 0, 0),
       (33341, 198, '310', 3, 71000000, 800, 52, 0, 0),
       (33342, 198, '311', 2, 124000000, 480, 52, 0, 0),
       (33343, 198, '312', 3, 125000000, 960, 52, 0, 0),
       (33344, 198, '313', 2, 128000000, 870, 53, 0, 0),
       (33345, 198, '314', 3, 135000000, 580, 53, 0, 0),
       (33346, 198, '315', 1, 123000000, 610, 53, 0, 0),
       (33347, 198, '316', 3, 106000000, 510, 53, 0, 0),
       (33348, 198, '317', 1, 70000000, 470, 53, 0, 0),
       (33349, 198, '318', 1, 131000000, 420, 53, 0, 0),
       (33350, 198, '319', 3, 67000000, 630, 54, 0, 0),
       (33351, 198, '320', 1, 118000000, 420, 54, 0, 0),
       (33352, 198, '321', 2, 123000000, 900, 54, 0, 0),
       (33353, 198, '322', 2, 70000000, 970, 54, 0, 0),
       (33354, 198, '323', 2, 107000000, 790, 54, 0, 0),
       (33355, 198, '324', 3, 85000000, 470, 54, 0, 0),
       (33356, 198, '325', 1, 69000000, 1000, 55, 0, 0),
       (33357, 198, '326', 2, 102000000, 770, 55, 0, 0),
       (33358, 198, '327', 4, 80000000, 850, 55, 0, 0),
       (33359, 198, '328', 1, 124000000, 650, 55, 0, 0),
       (33360, 198, '329', 2, 125000000, 450, 55, 0, 0),
       (33361, 198, '330', 2, 76000000, 860, 55, 0, 0),
       (33362, 198, '331', 1, 90000000, 920, 56, 0, 0),
       (33363, 198, '332', 3, 121000000, 930, 56, 0, 0),
       (33364, 198, '333', 2, 73000000, 550, 56, 0, 0),
       (33365, 198, '334', 3, 145000000, 960, 56, 0, 0),
       (33366, 198, '335', 4, 73000000, 590, 56, 0, 0),
       (33367, 198, '336', 4, 117000000, 620, 56, 0, 0),
       (33368, 198, '337', 4, 126000000, 810, 57, 0, 0),
       (33369, 198, '338', 3, 116000000, 930, 57, 0, 0),
       (33370, 198, '339', 4, 81000000, 660, 57, 0, 0),
       (33371, 198, '340', 1, 84000000, 470, 57, 0, 0),
       (33372, 198, '341', 1, 87000000, 630, 57, 0, 0),
       (33373, 198, '342', 1, 127000000, 490, 57, 0, 0),
       (33374, 198, '343', 4, 66000000, 500, 58, 0, 0),
       (33375, 198, '344', 3, 109000000, 620, 58, 0, 0),
       (33376, 198, '345', 4, 76000000, 920, 58, 0, 0),
       (33377, 198, '346', 3, 146000000, 760, 58, 0, 0),
       (33378, 198, '347', 3, 144000000, 600, 58, 0, 0),
       (33379, 198, '348', 2, 78000000, 650, 58, 0, 0),
       (33380, 198, '349', 4, 67000000, 900, 59, 0, 0),
       (33381, 198, '350', 4, 67000000, 900, 59, 0, 0),
       (33382, 198, '351', 3, 125000000, 770, 59, 0, 0),
       (33383, 198, '352', 3, 142000000, 970, 59, 0, 0),
       (33384, 198, '353', 2, 73000000, 400, 59, 0, 0),
       (33385, 198, '354', 1, 126000000, 870, 59, 0, 0);
insert into real_estate_building (id, address, complex_id, floor_count, dev_id)
values (199, 'г. Москва, ул. Кутузовская, д. 18', 9, 55, 9);
insert into real_estate_object (id, building_id ,local_address, places, price, area, floor, type, estate_type)
values (33386, 199, '1', 4, 132000000, 770, 1, 0, 0),
       (33387, 199, '2', 3, 105000000, 960, 1, 0, 0),
       (33388, 199, '3', 3, 89000000, 880, 1, 0, 0),
       (33389, 199, '4', 1, 130000000, 920, 1, 0, 0),
       (33390, 199, '5', 4, 110000000, 740, 1, 0, 0),
       (33391, 199, '6', 4, 77000000, 630, 1, 0, 0),
       (33392, 199, '7', 3, 77000000, 480, 2, 0, 0),
       (33393, 199, '8', 3, 137000000, 930, 2, 0, 0),
       (33394, 199, '9', 1, 128000000, 860, 2, 0, 0),
       (33395, 199, '10', 3, 81000000, 590, 2, 0, 0),
       (33396, 199, '11', 4, 79000000, 600, 2, 0, 0),
       (33397, 199, '12', 3, 88000000, 970, 2, 0, 0),
       (33398, 199, '13', 1, 77000000, 610, 3, 0, 0),
       (33399, 199, '14', 4, 102000000, 590, 3, 0, 0),
       (33400, 199, '15', 4, 79000000, 630, 3, 0, 0),
       (33401, 199, '16', 4, 138000000, 680, 3, 0, 0),
       (33402, 199, '17', 3, 94000000, 760, 3, 0, 0),
       (33403, 199, '18', 2, 108000000, 900, 3, 0, 0),
       (33404, 199, '19', 1, 120000000, 540, 4, 0, 0),
       (33405, 199, '20', 2, 135000000, 430, 4, 0, 0),
       (33406, 199, '21', 1, 121000000, 790, 4, 0, 0),
       (33407, 199, '22', 1, 67000000, 750, 4, 0, 0),
       (33408, 199, '23', 2, 108000000, 840, 4, 0, 0),
       (33409, 199, '24', 3, 64000000, 820, 4, 0, 0),
       (33410, 199, '25', 4, 132000000, 730, 5, 0, 0),
       (33411, 199, '26', 1, 136000000, 890, 5, 0, 0),
       (33412, 199, '27', 1, 88000000, 900, 5, 0, 0),
       (33413, 199, '28', 1, 78000000, 800, 5, 0, 0),
       (33414, 199, '29', 2, 132000000, 880, 5, 0, 0),
       (33415, 199, '30', 4, 74000000, 820, 5, 0, 0),
       (33416, 199, '31', 3, 103000000, 880, 6, 0, 0),
       (33417, 199, '32', 3, 134000000, 720, 6, 0, 0),
       (33418, 199, '33', 2, 101000000, 820, 6, 0, 0),
       (33419, 199, '34', 3, 95000000, 550, 6, 0, 0),
       (33420, 199, '35', 3, 120000000, 640, 6, 0, 0),
       (33421, 199, '36', 3, 122000000, 920, 6, 0, 0),
       (33422, 199, '37', 1, 142000000, 1000, 7, 0, 0),
       (33423, 199, '38', 1, 105000000, 480, 7, 0, 0),
       (33424, 199, '39', 1, 126000000, 820, 7, 0, 0),
       (33425, 199, '40', 2, 104000000, 560, 7, 0, 0),
       (33426, 199, '41', 4, 99000000, 600, 7, 0, 0),
       (33427, 199, '42', 2, 127000000, 630, 7, 0, 0),
       (33428, 199, '43', 3, 80000000, 610, 8, 0, 0),
       (33429, 199, '44', 3, 134000000, 750, 8, 0, 0),
       (33430, 199, '45', 3, 80000000, 890, 8, 0, 0),
       (33431, 199, '46', 3, 121000000, 890, 8, 0, 0),
       (33432, 199, '47', 4, 75000000, 420, 8, 0, 0),
       (33433, 199, '48', 2, 141000000, 920, 8, 0, 0),
       (33434, 199, '49', 3, 80000000, 910, 9, 0, 0),
       (33435, 199, '50', 2, 63000000, 910, 9, 0, 0),
       (33436, 199, '51', 4, 96000000, 920, 9, 0, 0),
       (33437, 199, '52', 1, 70000000, 1000, 9, 0, 0),
       (33438, 199, '53', 4, 85000000, 640, 9, 0, 0),
       (33439, 199, '54', 4, 130000000, 770, 9, 0, 0),
       (33440, 199, '55', 2, 112000000, 960, 10, 0, 0),
       (33441, 199, '56', 4, 145000000, 450, 10, 0, 0),
       (33442, 199, '57', 1, 101000000, 660, 10, 0, 0),
       (33443, 199, '58', 1, 123000000, 930, 10, 0, 0),
       (33444, 199, '59', 3, 80000000, 720, 10, 0, 0),
       (33445, 199, '60', 4, 79000000, 1000, 10, 0, 0),
       (33446, 199, '61', 2, 68000000, 580, 11, 0, 0),
       (33447, 199, '62', 2, 69000000, 400, 11, 0, 0),
       (33448, 199, '63', 4, 147000000, 480, 11, 0, 0),
       (33449, 199, '64', 4, 82000000, 500, 11, 0, 0),
       (33450, 199, '65', 2, 117000000, 610, 11, 0, 0),
       (33451, 199, '66', 1, 117000000, 570, 11, 0, 0),
       (33452, 199, '67', 4, 114000000, 660, 12, 0, 0),
       (33453, 199, '68', 4, 81000000, 880, 12, 0, 0),
       (33454, 199, '69', 4, 76000000, 920, 12, 0, 0),
       (33455, 199, '70', 3, 108000000, 770, 12, 0, 0),
       (33456, 199, '71', 1, 146000000, 560, 12, 0, 0),
       (33457, 199, '72', 4, 69000000, 560, 12, 0, 0),
       (33458, 199, '73', 4, 68000000, 760, 13, 0, 0),
       (33459, 199, '74', 4, 77000000, 640, 13, 0, 0),
       (33460, 199, '75', 1, 88000000, 860, 13, 0, 0),
       (33461, 199, '76', 2, 133000000, 620, 13, 0, 0),
       (33462, 199, '77', 1, 62000000, 890, 13, 0, 0),
       (33463, 199, '78', 1, 114000000, 960, 13, 0, 0),
       (33464, 199, '79', 3, 109000000, 460, 14, 0, 0),
       (33465, 199, '80', 1, 120000000, 950, 14, 0, 0),
       (33466, 199, '81', 3, 128000000, 850, 14, 0, 0),
       (33467, 199, '82', 1, 125000000, 820, 14, 0, 0),
       (33468, 199, '83', 4, 85000000, 580, 14, 0, 0),
       (33469, 199, '84', 2, 75000000, 550, 14, 0, 0),
       (33470, 199, '85', 1, 121000000, 480, 15, 0, 0),
       (33471, 199, '86', 4, 76000000, 930, 15, 0, 0),
       (33472, 199, '87', 1, 134000000, 510, 15, 0, 0),
       (33473, 199, '88', 4, 89000000, 740, 15, 0, 0),
       (33474, 199, '89', 4, 131000000, 890, 15, 0, 0),
       (33475, 199, '90', 1, 87000000, 540, 15, 0, 0),
       (33476, 199, '91', 1, 89000000, 810, 16, 0, 0),
       (33477, 199, '92', 2, 109000000, 440, 16, 0, 0),
       (33478, 199, '93', 2, 145000000, 630, 16, 0, 0),
       (33479, 199, '94', 4, 122000000, 530, 16, 0, 0),
       (33480, 199, '95', 1, 110000000, 810, 16, 0, 0),
       (33481, 199, '96', 4, 132000000, 630, 16, 0, 0),
       (33482, 199, '97', 3, 115000000, 540, 17, 0, 0),
       (33483, 199, '98', 1, 133000000, 670, 17, 0, 0),
       (33484, 199, '99', 1, 122000000, 740, 17, 0, 0),
       (33485, 199, '100', 3, 69000000, 610, 17, 0, 0),
       (33486, 199, '101', 4, 134000000, 870, 17, 0, 0),
       (33487, 199, '102', 3, 87000000, 500, 17, 0, 0),
       (33488, 199, '103', 1, 136000000, 540, 18, 0, 0),
       (33489, 199, '104', 2, 105000000, 740, 18, 0, 0),
       (33490, 199, '105', 1, 61000000, 410, 18, 0, 0),
       (33491, 199, '106', 3, 99000000, 480, 18, 0, 0),
       (33492, 199, '107', 3, 84000000, 900, 18, 0, 0),
       (33493, 199, '108', 3, 124000000, 650, 18, 0, 0),
       (33494, 199, '109', 2, 74000000, 540, 19, 0, 0),
       (33495, 199, '110', 4, 85000000, 910, 19, 0, 0),
       (33496, 199, '111', 3, 146000000, 910, 19, 0, 0),
       (33497, 199, '112', 2, 85000000, 840, 19, 0, 0),
       (33498, 199, '113', 4, 124000000, 840, 19, 0, 0),
       (33499, 199, '114', 4, 101000000, 1000, 19, 0, 0),
       (33500, 199, '115', 3, 70000000, 770, 20, 0, 0),
       (33501, 199, '116', 2, 146000000, 860, 20, 0, 0),
       (33502, 199, '117', 2, 124000000, 920, 20, 0, 0),
       (33503, 199, '118', 3, 90000000, 530, 20, 0, 0),
       (33504, 199, '119', 2, 132000000, 710, 20, 0, 0),
       (33505, 199, '120', 4, 137000000, 690, 20, 0, 0),
       (33506, 199, '121', 2, 129000000, 950, 21, 0, 0),
       (33507, 199, '122', 2, 76000000, 960, 21, 0, 0),
       (33508, 199, '123', 4, 74000000, 430, 21, 0, 0),
       (33509, 199, '124', 4, 122000000, 630, 21, 0, 0),
       (33510, 199, '125', 3, 64000000, 990, 21, 0, 0),
       (33511, 199, '126', 2, 85000000, 790, 21, 0, 0),
       (33512, 199, '127', 3, 95000000, 920, 22, 0, 0),
       (33513, 199, '128', 4, 134000000, 410, 22, 0, 0),
       (33514, 199, '129', 1, 71000000, 490, 22, 0, 0),
       (33515, 199, '130', 3, 93000000, 660, 22, 0, 0),
       (33516, 199, '131', 2, 83000000, 670, 22, 0, 0),
       (33517, 199, '132', 4, 111000000, 490, 22, 0, 0),
       (33518, 199, '133', 1, 134000000, 570, 23, 0, 0),
       (33519, 199, '134', 3, 108000000, 1000, 23, 0, 0),
       (33520, 199, '135', 4, 77000000, 740, 23, 0, 0),
       (33521, 199, '136', 4, 111000000, 470, 23, 0, 0),
       (33522, 199, '137', 3, 150000000, 540, 23, 0, 0),
       (33523, 199, '138', 3, 123000000, 620, 23, 0, 0),
       (33524, 199, '139', 3, 124000000, 540, 24, 0, 0),
       (33525, 199, '140', 3, 133000000, 790, 24, 0, 0),
       (33526, 199, '141', 1, 72000000, 780, 24, 0, 0),
       (33527, 199, '142', 1, 69000000, 780, 24, 0, 0),
       (33528, 199, '143', 1, 126000000, 550, 24, 0, 0),
       (33529, 199, '144', 1, 126000000, 980, 24, 0, 0),
       (33530, 199, '145', 4, 98000000, 780, 25, 0, 0),
       (33531, 199, '146', 4, 130000000, 620, 25, 0, 0),
       (33532, 199, '147', 1, 104000000, 850, 25, 0, 0),
       (33533, 199, '148', 4, 113000000, 490, 25, 0, 0),
       (33534, 199, '149', 4, 148000000, 910, 25, 0, 0),
       (33535, 199, '150', 1, 90000000, 690, 25, 0, 0),
       (33536, 199, '151', 4, 134000000, 550, 26, 0, 0),
       (33537, 199, '152', 3, 122000000, 410, 26, 0, 0),
       (33538, 199, '153', 4, 90000000, 970, 26, 0, 0),
       (33539, 199, '154', 1, 60000000, 960, 26, 0, 0),
       (33540, 199, '155', 3, 73000000, 580, 26, 0, 0),
       (33541, 199, '156', 2, 65000000, 520, 26, 0, 0),
       (33542, 199, '157', 2, 104000000, 730, 27, 0, 0),
       (33543, 199, '158', 3, 78000000, 890, 27, 0, 0),
       (33544, 199, '159', 2, 144000000, 820, 27, 0, 0),
       (33545, 199, '160', 2, 103000000, 840, 27, 0, 0),
       (33546, 199, '161', 2, 121000000, 730, 27, 0, 0),
       (33547, 199, '162', 4, 112000000, 580, 27, 0, 0),
       (33548, 199, '163', 3, 88000000, 680, 28, 0, 0),
       (33549, 199, '164', 4, 66000000, 730, 28, 0, 0),
       (33550, 199, '165', 1, 110000000, 660, 28, 0, 0),
       (33551, 199, '166', 2, 68000000, 840, 28, 0, 0),
       (33552, 199, '167', 2, 60000000, 980, 28, 0, 0),
       (33553, 199, '168', 1, 135000000, 660, 28, 0, 0),
       (33554, 199, '169', 4, 149000000, 950, 29, 0, 0),
       (33555, 199, '170', 1, 101000000, 680, 29, 0, 0),
       (33556, 199, '171', 1, 94000000, 810, 29, 0, 0),
       (33557, 199, '172', 3, 129000000, 480, 29, 0, 0),
       (33558, 199, '173', 3, 67000000, 550, 29, 0, 0),
       (33559, 199, '174', 2, 114000000, 600, 29, 0, 0),
       (33560, 199, '175', 1, 107000000, 1000, 30, 0, 0),
       (33561, 199, '176', 4, 94000000, 910, 30, 0, 0),
       (33562, 199, '177', 2, 95000000, 600, 30, 0, 0),
       (33563, 199, '178', 3, 122000000, 960, 30, 0, 0),
       (33564, 199, '179', 1, 89000000, 810, 30, 0, 0),
       (33565, 199, '180', 2, 121000000, 710, 30, 0, 0),
       (33566, 199, '181', 3, 119000000, 440, 31, 0, 0),
       (33567, 199, '182', 3, 94000000, 550, 31, 0, 0),
       (33568, 199, '183', 1, 86000000, 770, 31, 0, 0),
       (33569, 199, '184', 1, 149000000, 700, 31, 0, 0),
       (33570, 199, '185', 3, 142000000, 750, 31, 0, 0),
       (33571, 199, '186', 2, 107000000, 650, 31, 0, 0),
       (33572, 199, '187', 1, 99000000, 930, 32, 0, 0),
       (33573, 199, '188', 2, 69000000, 610, 32, 0, 0),
       (33574, 199, '189', 4, 87000000, 590, 32, 0, 0),
       (33575, 199, '190', 2, 79000000, 770, 32, 0, 0),
       (33576, 199, '191', 4, 123000000, 670, 32, 0, 0),
       (33577, 199, '192', 4, 88000000, 520, 32, 0, 0),
       (33578, 199, '193', 4, 103000000, 590, 33, 0, 0),
       (33579, 199, '194', 1, 123000000, 580, 33, 0, 0),
       (33580, 199, '195', 1, 71000000, 520, 33, 0, 0),
       (33581, 199, '196', 4, 88000000, 660, 33, 0, 0),
       (33582, 199, '197', 1, 149000000, 990, 33, 0, 0),
       (33583, 199, '198', 2, 100000000, 910, 33, 0, 0),
       (33584, 199, '199', 1, 74000000, 960, 34, 0, 0),
       (33585, 199, '200', 2, 124000000, 590, 34, 0, 0),
       (33586, 199, '201', 1, 123000000, 550, 34, 0, 0),
       (33587, 199, '202', 1, 126000000, 990, 34, 0, 0),
       (33588, 199, '203', 2, 76000000, 450, 34, 0, 0),
       (33589, 199, '204', 3, 149000000, 470, 34, 0, 0),
       (33590, 199, '205', 1, 86000000, 460, 35, 0, 0),
       (33591, 199, '206', 3, 107000000, 900, 35, 0, 0),
       (33592, 199, '207', 1, 69000000, 920, 35, 0, 0),
       (33593, 199, '208', 4, 91000000, 540, 35, 0, 0),
       (33594, 199, '209', 4, 115000000, 410, 35, 0, 0),
       (33595, 199, '210', 3, 98000000, 740, 35, 0, 0),
       (33596, 199, '211', 4, 138000000, 850, 36, 0, 0),
       (33597, 199, '212', 1, 118000000, 610, 36, 0, 0),
       (33598, 199, '213', 4, 144000000, 610, 36, 0, 0),
       (33599, 199, '214', 1, 129000000, 490, 36, 0, 0),
       (33600, 199, '215', 2, 124000000, 1000, 36, 0, 0),
       (33601, 199, '216', 3, 140000000, 620, 36, 0, 0),
       (33602, 199, '217', 4, 69000000, 760, 37, 0, 0),
       (33603, 199, '218', 1, 120000000, 750, 37, 0, 0),
       (33604, 199, '219', 1, 118000000, 990, 37, 0, 0),
       (33605, 199, '220', 4, 71000000, 570, 37, 0, 0),
       (33606, 199, '221', 4, 93000000, 910, 37, 0, 0),
       (33607, 199, '222', 3, 76000000, 660, 37, 0, 0),
       (33608, 199, '223', 2, 149000000, 530, 38, 0, 0),
       (33609, 199, '224', 2, 82000000, 770, 38, 0, 0),
       (33610, 199, '225', 2, 94000000, 900, 38, 0, 0),
       (33611, 199, '226', 2, 127000000, 820, 38, 0, 0),
       (33612, 199, '227', 3, 105000000, 490, 38, 0, 0),
       (33613, 199, '228', 1, 135000000, 490, 38, 0, 0),
       (33614, 199, '229', 3, 148000000, 1000, 39, 0, 0),
       (33615, 199, '230', 2, 106000000, 900, 39, 0, 0),
       (33616, 199, '231', 3, 99000000, 960, 39, 0, 0),
       (33617, 199, '232', 3, 71000000, 990, 39, 0, 0),
       (33618, 199, '233', 2, 74000000, 500, 39, 0, 0),
       (33619, 199, '234', 1, 90000000, 600, 39, 0, 0),
       (33620, 199, '235', 2, 93000000, 440, 40, 0, 0),
       (33621, 199, '236', 4, 75000000, 440, 40, 0, 0),
       (33622, 199, '237', 3, 101000000, 650, 40, 0, 0),
       (33623, 199, '238', 3, 99000000, 630, 40, 0, 0),
       (33624, 199, '239', 1, 115000000, 860, 40, 0, 0),
       (33625, 199, '240', 4, 83000000, 780, 40, 0, 0),
       (33626, 199, '241', 4, 70000000, 960, 41, 0, 0),
       (33627, 199, '242', 2, 78000000, 750, 41, 0, 0),
       (33628, 199, '243', 3, 146000000, 770, 41, 0, 0),
       (33629, 199, '244', 2, 129000000, 710, 41, 0, 0),
       (33630, 199, '245', 1, 69000000, 400, 41, 0, 0),
       (33631, 199, '246', 1, 76000000, 400, 41, 0, 0),
       (33632, 199, '247', 1, 107000000, 910, 42, 0, 0),
       (33633, 199, '248', 3, 120000000, 690, 42, 0, 0),
       (33634, 199, '249', 3, 146000000, 550, 42, 0, 0),
       (33635, 199, '250', 4, 115000000, 700, 42, 0, 0),
       (33636, 199, '251', 4, 149000000, 810, 42, 0, 0),
       (33637, 199, '252', 4, 82000000, 900, 42, 0, 0),
       (33638, 199, '253', 4, 113000000, 870, 43, 0, 0),
       (33639, 199, '254', 4, 146000000, 630, 43, 0, 0),
       (33640, 199, '255', 4, 80000000, 440, 43, 0, 0),
       (33641, 199, '256', 1, 122000000, 870, 43, 0, 0),
       (33642, 199, '257', 4, 70000000, 860, 43, 0, 0),
       (33643, 199, '258', 1, 144000000, 960, 43, 0, 0),
       (33644, 199, '259', 4, 61000000, 610, 44, 0, 0),
       (33645, 199, '260', 2, 136000000, 460, 44, 0, 0),
       (33646, 199, '261', 1, 91000000, 500, 44, 0, 0),
       (33647, 199, '262', 3, 114000000, 960, 44, 0, 0),
       (33648, 199, '263', 1, 61000000, 580, 44, 0, 0),
       (33649, 199, '264', 3, 112000000, 640, 44, 0, 0),
       (33650, 199, '265', 3, 80000000, 460, 45, 0, 0),
       (33651, 199, '266', 3, 94000000, 770, 45, 0, 0),
       (33652, 199, '267', 3, 119000000, 520, 45, 0, 0),
       (33653, 199, '268', 3, 112000000, 740, 45, 0, 0),
       (33654, 199, '269', 1, 145000000, 480, 45, 0, 0),
       (33655, 199, '270', 4, 148000000, 910, 45, 0, 0),
       (33656, 199, '271', 3, 81000000, 620, 46, 0, 0),
       (33657, 199, '272', 4, 125000000, 940, 46, 0, 0),
       (33658, 199, '273', 2, 78000000, 830, 46, 0, 0),
       (33659, 199, '274', 3, 119000000, 720, 46, 0, 0),
       (33660, 199, '275', 2, 117000000, 690, 46, 0, 0),
       (33661, 199, '276', 1, 130000000, 730, 46, 0, 0),
       (33662, 199, '277', 4, 127000000, 480, 47, 0, 0),
       (33663, 199, '278', 2, 136000000, 500, 47, 0, 0),
       (33664, 199, '279', 4, 150000000, 630, 47, 0, 0),
       (33665, 199, '280', 2, 77000000, 530, 47, 0, 0),
       (33666, 199, '281', 1, 124000000, 680, 47, 0, 0),
       (33667, 199, '282', 2, 85000000, 620, 47, 0, 0),
       (33668, 199, '283', 4, 128000000, 430, 48, 0, 0),
       (33669, 199, '284', 2, 83000000, 460, 48, 0, 0),
       (33670, 199, '285', 4, 147000000, 420, 48, 0, 0),
       (33671, 199, '286', 3, 108000000, 920, 48, 0, 0),
       (33672, 199, '287', 2, 113000000, 980, 48, 0, 0),
       (33673, 199, '288', 1, 137000000, 570, 48, 0, 0),
       (33674, 199, '289', 1, 66000000, 450, 49, 0, 0),
       (33675, 199, '290', 4, 80000000, 430, 49, 0, 0),
       (33676, 199, '291', 4, 145000000, 980, 49, 0, 0),
       (33677, 199, '292', 2, 138000000, 590, 49, 0, 0),
       (33678, 199, '293', 2, 77000000, 740, 49, 0, 0),
       (33679, 199, '294', 1, 70000000, 550, 49, 0, 0),
       (33680, 199, '295', 4, 106000000, 900, 50, 0, 0),
       (33681, 199, '296', 3, 99000000, 860, 50, 0, 0),
       (33682, 199, '297', 1, 138000000, 670, 50, 0, 0),
       (33683, 199, '298', 3, 81000000, 840, 50, 0, 0),
       (33684, 199, '299', 2, 144000000, 880, 50, 0, 0),
       (33685, 199, '300', 3, 79000000, 900, 50, 0, 0),
       (33686, 199, '301', 3, 80000000, 710, 51, 0, 0),
       (33687, 199, '302', 3, 91000000, 560, 51, 0, 0),
       (33688, 199, '303', 3, 132000000, 510, 51, 0, 0),
       (33689, 199, '304', 4, 148000000, 830, 51, 0, 0),
       (33690, 199, '305', 1, 64000000, 430, 51, 0, 0),
       (33691, 199, '306', 3, 115000000, 900, 51, 0, 0),
       (33692, 199, '307', 1, 99000000, 730, 52, 0, 0),
       (33693, 199, '308', 4, 108000000, 470, 52, 0, 0),
       (33694, 199, '309', 4, 93000000, 820, 52, 0, 0),
       (33695, 199, '310', 3, 121000000, 740, 52, 0, 0),
       (33696, 199, '311', 2, 83000000, 970, 52, 0, 0),
       (33697, 199, '312', 3, 86000000, 840, 52, 0, 0),
       (33698, 199, '313', 3, 142000000, 430, 53, 0, 0),
       (33699, 199, '314', 3, 62000000, 760, 53, 0, 0),
       (33700, 199, '315', 2, 109000000, 450, 53, 0, 0),
       (33701, 199, '316', 4, 85000000, 720, 53, 0, 0),
       (33702, 199, '317', 3, 91000000, 540, 53, 0, 0),
       (33703, 199, '318', 2, 105000000, 460, 53, 0, 0),
       (33704, 199, '319', 3, 99000000, 680, 54, 0, 0),
       (33705, 199, '320', 3, 102000000, 470, 54, 0, 0),
       (33706, 199, '321', 3, 80000000, 950, 54, 0, 0),
       (33707, 199, '322', 2, 105000000, 490, 54, 0, 0),
       (33708, 199, '323', 2, 105000000, 640, 54, 0, 0),
       (33709, 199, '324', 4, 121000000, 720, 54, 0, 0),
       (33710, 199, '325', 2, 100000000, 670, 55, 0, 0),
       (33711, 199, '326', 3, 133000000, 530, 55, 0, 0),
       (33712, 199, '327', 2, 88000000, 590, 55, 0, 0),
       (33713, 199, '328', 4, 86000000, 440, 55, 0, 0),
       (33714, 199, '329', 4, 146000000, 960, 55, 0, 0),
       (33715, 199, '330', 4, 144000000, 930, 55, 0, 0);
insert into real_estate_building (id, address, complex_id, floor_count, dev_id)
values (200, 'г. Москва, ул. Кутузовская, д. 19', 9, 53, 9);
insert into real_estate_object (id, building_id ,local_address, places, price, area, floor, type, estate_type)
values (33716, 200, '1', 2, 141000000, 650, 1, 0, 0),
       (33717, 200, '2', 4, 62000000, 870, 1, 0, 0),
       (33718, 200, '3', 4, 63000000, 560, 1, 0, 0),
       (33719, 200, '4', 3, 149000000, 510, 1, 0, 0),
       (33720, 200, '5', 1, 120000000, 600, 1, 0, 0),
       (33721, 200, '6', 3, 73000000, 480, 1, 0, 0),
       (33722, 200, '7', 1, 107000000, 430, 2, 0, 0),
       (33723, 200, '8', 2, 96000000, 540, 2, 0, 0),
       (33724, 200, '9', 1, 66000000, 1000, 2, 0, 0),
       (33725, 200, '10', 1, 99000000, 410, 2, 0, 0),
       (33726, 200, '11', 2, 128000000, 690, 2, 0, 0),
       (33727, 200, '12', 3, 92000000, 700, 2, 0, 0),
       (33728, 200, '13', 4, 65000000, 650, 3, 0, 0),
       (33729, 200, '14', 2, 135000000, 850, 3, 0, 0),
       (33730, 200, '15', 1, 117000000, 790, 3, 0, 0),
       (33731, 200, '16', 1, 114000000, 740, 3, 0, 0),
       (33732, 200, '17', 2, 89000000, 440, 3, 0, 0),
       (33733, 200, '18', 1, 88000000, 720, 3, 0, 0),
       (33734, 200, '19', 4, 108000000, 800, 4, 0, 0),
       (33735, 200, '20', 2, 110000000, 420, 4, 0, 0),
       (33736, 200, '21', 1, 75000000, 930, 4, 0, 0),
       (33737, 200, '22', 4, 69000000, 770, 4, 0, 0),
       (33738, 200, '23', 4, 126000000, 650, 4, 0, 0),
       (33739, 200, '24', 4, 87000000, 1000, 4, 0, 0),
       (33740, 200, '25', 1, 68000000, 610, 5, 0, 0),
       (33741, 200, '26', 4, 93000000, 970, 5, 0, 0),
       (33742, 200, '27', 1, 132000000, 470, 5, 0, 0),
       (33743, 200, '28', 4, 68000000, 720, 5, 0, 0),
       (33744, 200, '29', 4, 102000000, 560, 5, 0, 0),
       (33745, 200, '30', 3, 72000000, 670, 5, 0, 0),
       (33746, 200, '31', 2, 100000000, 690, 6, 0, 0),
       (33747, 200, '32', 3, 149000000, 940, 6, 0, 0),
       (33748, 200, '33', 1, 99000000, 480, 6, 0, 0),
       (33749, 200, '34', 2, 135000000, 710, 6, 0, 0),
       (33750, 200, '35', 2, 68000000, 520, 6, 0, 0),
       (33751, 200, '36', 3, 132000000, 480, 6, 0, 0),
       (33752, 200, '37', 2, 70000000, 600, 7, 0, 0),
       (33753, 200, '38', 3, 133000000, 970, 7, 0, 0),
       (33754, 200, '39', 3, 95000000, 870, 7, 0, 0),
       (33755, 200, '40', 4, 110000000, 450, 7, 0, 0),
       (33756, 200, '41', 1, 92000000, 830, 7, 0, 0),
       (33757, 200, '42', 4, 93000000, 710, 7, 0, 0),
       (33758, 200, '43', 2, 125000000, 440, 8, 0, 0),
       (33759, 200, '44', 4, 66000000, 720, 8, 0, 0),
       (33760, 200, '45', 1, 143000000, 540, 8, 0, 0),
       (33761, 200, '46', 1, 83000000, 470, 8, 0, 0),
       (33762, 200, '47', 1, 82000000, 640, 8, 0, 0),
       (33763, 200, '48', 4, 104000000, 640, 8, 0, 0),
       (33764, 200, '49', 4, 147000000, 540, 9, 0, 0),
       (33765, 200, '50', 2, 61000000, 880, 9, 0, 0),
       (33766, 200, '51', 2, 112000000, 590, 9, 0, 0),
       (33767, 200, '52', 3, 140000000, 730, 9, 0, 0),
       (33768, 200, '53', 3, 94000000, 960, 9, 0, 0),
       (33769, 200, '54', 4, 117000000, 740, 9, 0, 0),
       (33770, 200, '55', 1, 80000000, 480, 10, 0, 0),
       (33771, 200, '56', 2, 76000000, 970, 10, 0, 0),
       (33772, 200, '57', 1, 117000000, 790, 10, 0, 0),
       (33773, 200, '58', 2, 146000000, 910, 10, 0, 0),
       (33774, 200, '59', 2, 72000000, 900, 10, 0, 0),
       (33775, 200, '60', 3, 73000000, 920, 10, 0, 0),
       (33776, 200, '61', 3, 126000000, 840, 11, 0, 0),
       (33777, 200, '62', 4, 87000000, 520, 11, 0, 0),
       (33778, 200, '63', 4, 60000000, 810, 11, 0, 0),
       (33779, 200, '64', 1, 75000000, 740, 11, 0, 0),
       (33780, 200, '65', 4, 100000000, 660, 11, 0, 0),
       (33781, 200, '66', 1, 142000000, 770, 11, 0, 0),
       (33782, 200, '67', 4, 100000000, 770, 12, 0, 0),
       (33783, 200, '68', 4, 121000000, 470, 12, 0, 0),
       (33784, 200, '69', 1, 119000000, 990, 12, 0, 0),
       (33785, 200, '70', 4, 110000000, 810, 12, 0, 0),
       (33786, 200, '71', 1, 116000000, 750, 12, 0, 0),
       (33787, 200, '72', 2, 110000000, 510, 12, 0, 0),
       (33788, 200, '73', 3, 137000000, 910, 13, 0, 0),
       (33789, 200, '74', 4, 78000000, 630, 13, 0, 0),
       (33790, 200, '75', 1, 119000000, 480, 13, 0, 0),
       (33791, 200, '76', 3, 140000000, 990, 13, 0, 0),
       (33792, 200, '77', 4, 148000000, 510, 13, 0, 0),
       (33793, 200, '78', 1, 129000000, 590, 13, 0, 0),
       (33794, 200, '79', 3, 107000000, 920, 14, 0, 0),
       (33795, 200, '80', 3, 136000000, 890, 14, 0, 0),
       (33796, 200, '81', 1, 87000000, 520, 14, 0, 0),
       (33797, 200, '82', 2, 136000000, 610, 14, 0, 0),
       (33798, 200, '83', 4, 76000000, 980, 14, 0, 0),
       (33799, 200, '84', 1, 104000000, 480, 14, 0, 0),
       (33800, 200, '85', 2, 131000000, 550, 15, 0, 0),
       (33801, 200, '86', 1, 107000000, 770, 15, 0, 0),
       (33802, 200, '87', 4, 91000000, 640, 15, 0, 0),
       (33803, 200, '88', 2, 89000000, 940, 15, 0, 0),
       (33804, 200, '89', 2, 142000000, 970, 15, 0, 0),
       (33805, 200, '90', 3, 129000000, 520, 15, 0, 0),
       (33806, 200, '91', 1, 132000000, 600, 16, 0, 0),
       (33807, 200, '92', 3, 90000000, 640, 16, 0, 0),
       (33808, 200, '93', 4, 105000000, 400, 16, 0, 0),
       (33809, 200, '94', 3, 107000000, 650, 16, 0, 0),
       (33810, 200, '95', 2, 129000000, 970, 16, 0, 0),
       (33811, 200, '96', 1, 64000000, 650, 16, 0, 0),
       (33812, 200, '97', 3, 138000000, 560, 17, 0, 0),
       (33813, 200, '98', 1, 79000000, 620, 17, 0, 0),
       (33814, 200, '99', 2, 128000000, 850, 17, 0, 0),
       (33815, 200, '100', 1, 74000000, 710, 17, 0, 0),
       (33816, 200, '101', 1, 70000000, 780, 17, 0, 0),
       (33817, 200, '102', 3, 111000000, 520, 17, 0, 0),
       (33818, 200, '103', 2, 95000000, 700, 18, 0, 0),
       (33819, 200, '104', 3, 77000000, 840, 18, 0, 0),
       (33820, 200, '105', 3, 72000000, 400, 18, 0, 0),
       (33821, 200, '106', 2, 117000000, 670, 18, 0, 0),
       (33822, 200, '107', 2, 126000000, 700, 18, 0, 0),
       (33823, 200, '108', 3, 112000000, 630, 18, 0, 0),
       (33824, 200, '109', 2, 82000000, 680, 19, 0, 0),
       (33825, 200, '110', 1, 75000000, 460, 19, 0, 0),
       (33826, 200, '111', 2, 67000000, 430, 19, 0, 0),
       (33827, 200, '112', 3, 118000000, 950, 19, 0, 0),
       (33828, 200, '113', 2, 68000000, 720, 19, 0, 0),
       (33829, 200, '114', 3, 146000000, 480, 19, 0, 0),
       (33830, 200, '115', 4, 120000000, 780, 20, 0, 0),
       (33831, 200, '116', 2, 88000000, 890, 20, 0, 0),
       (33832, 200, '117', 1, 106000000, 680, 20, 0, 0),
       (33833, 200, '118', 1, 123000000, 810, 20, 0, 0),
       (33834, 200, '119', 4, 127000000, 800, 20, 0, 0),
       (33835, 200, '120', 3, 68000000, 690, 20, 0, 0),
       (33836, 200, '121', 2, 96000000, 970, 21, 0, 0),
       (33837, 200, '122', 3, 74000000, 970, 21, 0, 0),
       (33838, 200, '123', 3, 88000000, 820, 21, 0, 0),
       (33839, 200, '124', 2, 133000000, 580, 21, 0, 0),
       (33840, 200, '125', 2, 66000000, 510, 21, 0, 0),
       (33841, 200, '126', 2, 143000000, 520, 21, 0, 0),
       (33842, 200, '127', 2, 122000000, 870, 22, 0, 0),
       (33843, 200, '128', 2, 80000000, 720, 22, 0, 0),
       (33844, 200, '129', 3, 64000000, 880, 22, 0, 0),
       (33845, 200, '130', 3, 135000000, 850, 22, 0, 0),
       (33846, 200, '131', 3, 65000000, 850, 22, 0, 0),
       (33847, 200, '132', 2, 147000000, 510, 22, 0, 0),
       (33848, 200, '133', 1, 147000000, 650, 23, 0, 0),
       (33849, 200, '134', 2, 115000000, 780, 23, 0, 0),
       (33850, 200, '135', 1, 99000000, 410, 23, 0, 0),
       (33851, 200, '136', 2, 105000000, 780, 23, 0, 0),
       (33852, 200, '137', 3, 62000000, 570, 23, 0, 0),
       (33853, 200, '138', 4, 82000000, 870, 23, 0, 0),
       (33854, 200, '139', 4, 146000000, 610, 24, 0, 0),
       (33855, 200, '140', 4, 111000000, 590, 24, 0, 0),
       (33856, 200, '141', 1, 112000000, 770, 24, 0, 0),
       (33857, 200, '142', 1, 88000000, 880, 24, 0, 0),
       (33858, 200, '143', 3, 124000000, 730, 24, 0, 0),
       (33859, 200, '144', 1, 127000000, 520, 24, 0, 0),
       (33860, 200, '145', 1, 103000000, 450, 25, 0, 0),
       (33861, 200, '146', 2, 138000000, 690, 25, 0, 0),
       (33862, 200, '147', 2, 143000000, 1000, 25, 0, 0),
       (33863, 200, '148', 4, 81000000, 430, 25, 0, 0),
       (33864, 200, '149', 2, 108000000, 840, 25, 0, 0),
       (33865, 200, '150', 3, 94000000, 620, 25, 0, 0),
       (33866, 200, '151', 4, 97000000, 870, 26, 0, 0),
       (33867, 200, '152', 1, 97000000, 780, 26, 0, 0),
       (33868, 200, '153', 4, 121000000, 940, 26, 0, 0),
       (33869, 200, '154', 4, 150000000, 770, 26, 0, 0),
       (33870, 200, '155', 4, 76000000, 690, 26, 0, 0),
       (33871, 200, '156', 2, 133000000, 740, 26, 0, 0),
       (33872, 200, '157', 4, 67000000, 410, 27, 0, 0),
       (33873, 200, '158', 4, 78000000, 620, 27, 0, 0),
       (33874, 200, '159', 4, 139000000, 930, 27, 0, 0),
       (33875, 200, '160', 1, 73000000, 810, 27, 0, 0),
       (33876, 200, '161', 3, 123000000, 760, 27, 0, 0),
       (33877, 200, '162', 3, 138000000, 740, 27, 0, 0),
       (33878, 200, '163', 1, 80000000, 580, 28, 0, 0),
       (33879, 200, '164', 1, 81000000, 930, 28, 0, 0),
       (33880, 200, '165', 3, 89000000, 410, 28, 0, 0),
       (33881, 200, '166', 3, 138000000, 710, 28, 0, 0),
       (33882, 200, '167', 3, 106000000, 690, 28, 0, 0),
       (33883, 200, '168', 3, 124000000, 420, 28, 0, 0),
       (33884, 200, '169', 2, 84000000, 860, 29, 0, 0),
       (33885, 200, '170', 3, 127000000, 490, 29, 0, 0),
       (33886, 200, '171', 4, 78000000, 720, 29, 0, 0),
       (33887, 200, '172', 2, 126000000, 490, 29, 0, 0),
       (33888, 200, '173', 2, 122000000, 860, 29, 0, 0),
       (33889, 200, '174', 1, 123000000, 730, 29, 0, 0),
       (33890, 200, '175', 4, 109000000, 940, 30, 0, 0),
       (33891, 200, '176', 4, 147000000, 670, 30, 0, 0),
       (33892, 200, '177', 3, 60000000, 690, 30, 0, 0),
       (33893, 200, '178', 1, 76000000, 510, 30, 0, 0),
       (33894, 200, '179', 1, 91000000, 820, 30, 0, 0),
       (33895, 200, '180', 4, 92000000, 670, 30, 0, 0),
       (33896, 200, '181', 2, 115000000, 420, 31, 0, 0),
       (33897, 200, '182', 1, 105000000, 650, 31, 0, 0),
       (33898, 200, '183', 2, 67000000, 740, 31, 0, 0),
       (33899, 200, '184', 3, 64000000, 740, 31, 0, 0),
       (33900, 200, '185', 4, 68000000, 510, 31, 0, 0),
       (33901, 200, '186', 1, 79000000, 510, 31, 0, 0),
       (33902, 200, '187', 3, 77000000, 510, 32, 0, 0),
       (33903, 200, '188', 2, 98000000, 490, 32, 0, 0),
       (33904, 200, '189', 3, 147000000, 500, 32, 0, 0),
       (33905, 200, '190', 1, 115000000, 480, 32, 0, 0),
       (33906, 200, '191', 1, 120000000, 840, 32, 0, 0),
       (33907, 200, '192', 1, 107000000, 430, 32, 0, 0),
       (33908, 200, '193', 1, 111000000, 860, 33, 0, 0),
       (33909, 200, '194', 2, 69000000, 620, 33, 0, 0),
       (33910, 200, '195', 4, 138000000, 650, 33, 0, 0),
       (33911, 200, '196', 4, 136000000, 630, 33, 0, 0),
       (33912, 200, '197', 2, 106000000, 540, 33, 0, 0),
       (33913, 200, '198', 2, 138000000, 660, 33, 0, 0),
       (33914, 200, '199', 1, 97000000, 560, 34, 0, 0),
       (33915, 200, '200', 1, 115000000, 420, 34, 0, 0),
       (33916, 200, '201', 3, 149000000, 550, 34, 0, 0),
       (33917, 200, '202', 2, 92000000, 600, 34, 0, 0),
       (33918, 200, '203', 2, 91000000, 630, 34, 0, 0),
       (33919, 200, '204', 1, 120000000, 650, 34, 0, 0),
       (33920, 200, '205', 4, 134000000, 930, 35, 0, 0),
       (33921, 200, '206', 2, 69000000, 540, 35, 0, 0),
       (33922, 200, '207', 2, 122000000, 410, 35, 0, 0),
       (33923, 200, '208', 2, 102000000, 970, 35, 0, 0),
       (33924, 200, '209', 1, 66000000, 410, 35, 0, 0),
       (33925, 200, '210', 4, 70000000, 730, 35, 0, 0),
       (33926, 200, '211', 1, 146000000, 640, 36, 0, 0),
       (33927, 200, '212', 2, 119000000, 810, 36, 0, 0),
       (33928, 200, '213', 2, 63000000, 540, 36, 0, 0),
       (33929, 200, '214', 1, 79000000, 930, 36, 0, 0),
       (33930, 200, '215', 3, 134000000, 740, 36, 0, 0),
       (33931, 200, '216', 3, 105000000, 840, 36, 0, 0),
       (33932, 200, '217', 2, 129000000, 990, 37, 0, 0),
       (33933, 200, '218', 4, 138000000, 480, 37, 0, 0),
       (33934, 200, '219', 2, 129000000, 600, 37, 0, 0),
       (33935, 200, '220', 4, 61000000, 750, 37, 0, 0),
       (33936, 200, '221', 2, 63000000, 430, 37, 0, 0),
       (33937, 200, '222', 3, 80000000, 800, 37, 0, 0),
       (33938, 200, '223', 3, 118000000, 680, 38, 0, 0),
       (33939, 200, '224', 1, 109000000, 720, 38, 0, 0),
       (33940, 200, '225', 1, 76000000, 980, 38, 0, 0),
       (33941, 200, '226', 1, 128000000, 560, 38, 0, 0),
       (33942, 200, '227', 4, 138000000, 810, 38, 0, 0),
       (33943, 200, '228', 2, 102000000, 620, 38, 0, 0),
       (33944, 200, '229', 2, 62000000, 480, 39, 0, 0),
       (33945, 200, '230', 1, 74000000, 500, 39, 0, 0),
       (33946, 200, '231', 1, 98000000, 460, 39, 0, 0),
       (33947, 200, '232', 1, 87000000, 810, 39, 0, 0),
       (33948, 200, '233', 2, 129000000, 590, 39, 0, 0),
       (33949, 200, '234', 3, 96000000, 480, 39, 0, 0),
       (33950, 200, '235', 3, 106000000, 770, 40, 0, 0),
       (33951, 200, '236', 3, 71000000, 640, 40, 0, 0),
       (33952, 200, '237', 4, 129000000, 740, 40, 0, 0),
       (33953, 200, '238', 3, 60000000, 850, 40, 0, 0),
       (33954, 200, '239', 2, 147000000, 510, 40, 0, 0),
       (33955, 200, '240', 4, 85000000, 460, 40, 0, 0),
       (33956, 200, '241', 3, 113000000, 400, 41, 0, 0),
       (33957, 200, '242', 3, 136000000, 600, 41, 0, 0),
       (33958, 200, '243', 3, 89000000, 830, 41, 0, 0),
       (33959, 200, '244', 2, 113000000, 490, 41, 0, 0),
       (33960, 200, '245', 1, 65000000, 690, 41, 0, 0),
       (33961, 200, '246', 2, 149000000, 590, 41, 0, 0),
       (33962, 200, '247', 2, 103000000, 950, 42, 0, 0),
       (33963, 200, '248', 1, 132000000, 460, 42, 0, 0),
       (33964, 200, '249', 1, 88000000, 650, 42, 0, 0),
       (33965, 200, '250', 2, 133000000, 900, 42, 0, 0),
       (33966, 200, '251', 1, 127000000, 950, 42, 0, 0),
       (33967, 200, '252', 3, 86000000, 800, 42, 0, 0),
       (33968, 200, '253', 3, 112000000, 780, 43, 0, 0),
       (33969, 200, '254', 3, 144000000, 510, 43, 0, 0),
       (33970, 200, '255', 3, 89000000, 770, 43, 0, 0),
       (33971, 200, '256', 1, 80000000, 740, 43, 0, 0),
       (33972, 200, '257', 4, 102000000, 650, 43, 0, 0),
       (33973, 200, '258', 4, 91000000, 460, 43, 0, 0),
       (33974, 200, '259', 3, 107000000, 440, 44, 0, 0),
       (33975, 200, '260', 2, 130000000, 540, 44, 0, 0),
       (33976, 200, '261', 2, 116000000, 500, 44, 0, 0),
       (33977, 200, '262', 3, 89000000, 670, 44, 0, 0),
       (33978, 200, '263', 2, 96000000, 410, 44, 0, 0),
       (33979, 200, '264', 3, 121000000, 490, 44, 0, 0),
       (33980, 200, '265', 2, 87000000, 990, 45, 0, 0),
       (33981, 200, '266', 1, 125000000, 600, 45, 0, 0),
       (33982, 200, '267', 4, 137000000, 660, 45, 0, 0),
       (33983, 200, '268', 2, 83000000, 500, 45, 0, 0),
       (33984, 200, '269', 3, 70000000, 1000, 45, 0, 0),
       (33985, 200, '270', 3, 105000000, 600, 45, 0, 0),
       (33986, 200, '271', 3, 62000000, 620, 46, 0, 0),
       (33987, 200, '272', 3, 103000000, 910, 46, 0, 0),
       (33988, 200, '273', 1, 132000000, 430, 46, 0, 0),
       (33989, 200, '274', 2, 134000000, 840, 46, 0, 0),
       (33990, 200, '275', 4, 94000000, 510, 46, 0, 0),
       (33991, 200, '276', 3, 68000000, 730, 46, 0, 0),
       (33992, 200, '277', 3, 73000000, 520, 47, 0, 0),
       (33993, 200, '278', 2, 142000000, 680, 47, 0, 0),
       (33994, 200, '279', 1, 148000000, 590, 47, 0, 0),
       (33995, 200, '280', 2, 90000000, 490, 47, 0, 0),
       (33996, 200, '281', 3, 101000000, 820, 47, 0, 0),
       (33997, 200, '282', 4, 111000000, 540, 47, 0, 0),
       (33998, 200, '283', 3, 62000000, 930, 48, 0, 0),
       (33999, 200, '284', 2, 128000000, 730, 48, 0, 0),
       (34000, 200, '285', 2, 66000000, 520, 48, 0, 0),
       (34001, 200, '286', 3, 113000000, 990, 48, 0, 0),
       (34002, 200, '287', 3, 135000000, 830, 48, 0, 0),
       (34003, 200, '288', 1, 141000000, 740, 48, 0, 0),
       (34004, 200, '289', 3, 106000000, 450, 49, 0, 0),
       (34005, 200, '290', 3, 80000000, 680, 49, 0, 0),
       (34006, 200, '291', 3, 63000000, 550, 49, 0, 0),
       (34007, 200, '292', 1, 71000000, 930, 49, 0, 0),
       (34008, 200, '293', 1, 96000000, 590, 49, 0, 0),
       (34009, 200, '294', 2, 105000000, 400, 49, 0, 0),
       (34010, 200, '295', 3, 85000000, 470, 50, 0, 0),
       (34011, 200, '296', 3, 145000000, 570, 50, 0, 0),
       (34012, 200, '297', 1, 93000000, 440, 50, 0, 0),
       (34013, 200, '298', 3, 82000000, 800, 50, 0, 0),
       (34014, 200, '299', 3, 105000000, 520, 50, 0, 0),
       (34015, 200, '300', 4, 115000000, 560, 50, 0, 0),
       (34016, 200, '301', 4, 114000000, 400, 51, 0, 0),
       (34017, 200, '302', 1, 102000000, 500, 51, 0, 0),
       (34018, 200, '303', 1, 89000000, 660, 51, 0, 0),
       (34019, 200, '304', 2, 129000000, 620, 51, 0, 0),
       (34020, 200, '305', 3, 139000000, 960, 51, 0, 0),
       (34021, 200, '306', 2, 117000000, 930, 51, 0, 0),
       (34022, 200, '307', 2, 80000000, 670, 52, 0, 0),
       (34023, 200, '308', 1, 88000000, 880, 52, 0, 0),
       (34024, 200, '309', 2, 101000000, 970, 52, 0, 0),
       (34025, 200, '310', 4, 87000000, 620, 52, 0, 0),
       (34026, 200, '311', 3, 126000000, 780, 52, 0, 0),
       (34027, 200, '312', 3, 119000000, 680, 52, 0, 0),
       (34028, 200, '313', 2, 125000000, 740, 53, 0, 0),
       (34029, 200, '314', 4, 113000000, 910, 53, 0, 0),
       (34030, 200, '315', 4, 115000000, 550, 53, 0, 0),
       (34031, 200, '316', 3, 111000000, 940, 53, 0, 0),
       (34032, 200, '317', 3, 104000000, 570, 53, 0, 0),
       (34033, 200, '318', 2, 147000000, 650, 53, 0, 0);
insert into real_estate_building (id, address, complex_id, floor_count, dev_id)
values (201, 'г. Москва, ул. Кутузовская, д. 20', 9, 54, 9);
insert into real_estate_object (id, building_id ,local_address, places, price, area, floor, type, estate_type)
values (34034, 201, '1', 3, 137000000, 560, 1, 0, 0),
       (34035, 201, '2', 4, 143000000, 760, 1, 0, 0),
       (34036, 201, '3', 1, 85000000, 610, 1, 0, 0),
       (34037, 201, '4', 1, 101000000, 800, 1, 0, 0),
       (34038, 201, '5', 2, 83000000, 920, 1, 0, 0),
       (34039, 201, '6', 1, 64000000, 430, 1, 0, 0),
       (34040, 201, '7', 4, 118000000, 500, 2, 0, 0),
       (34041, 201, '8', 1, 140000000, 580, 2, 0, 0),
       (34042, 201, '9', 2, 109000000, 850, 2, 0, 0),
       (34043, 201, '10', 1, 131000000, 620, 2, 0, 0),
       (34044, 201, '11', 3, 134000000, 590, 2, 0, 0),
       (34045, 201, '12', 3, 97000000, 1000, 2, 0, 0),
       (34046, 201, '13', 4, 107000000, 1000, 3, 0, 0),
       (34047, 201, '14', 1, 143000000, 720, 3, 0, 0),
       (34048, 201, '15', 1, 109000000, 540, 3, 0, 0),
       (34049, 201, '16', 4, 143000000, 400, 3, 0, 0),
       (34050, 201, '17', 4, 149000000, 720, 3, 0, 0),
       (34051, 201, '18', 2, 121000000, 760, 3, 0, 0),
       (34052, 201, '19', 1, 69000000, 530, 4, 0, 0),
       (34053, 201, '20', 3, 92000000, 650, 4, 0, 0),
       (34054, 201, '21', 2, 143000000, 440, 4, 0, 0),
       (34055, 201, '22', 4, 115000000, 870, 4, 0, 0),
       (34056, 201, '23', 1, 110000000, 420, 4, 0, 0),
       (34057, 201, '24', 1, 134000000, 680, 4, 0, 0),
       (34058, 201, '25', 1, 92000000, 730, 5, 0, 0),
       (34059, 201, '26', 3, 90000000, 460, 5, 0, 0),
       (34060, 201, '27', 1, 60000000, 680, 5, 0, 0),
       (34061, 201, '28', 4, 136000000, 960, 5, 0, 0),
       (34062, 201, '29', 3, 146000000, 960, 5, 0, 0),
       (34063, 201, '30', 2, 80000000, 840, 5, 0, 0),
       (34064, 201, '31', 2, 132000000, 650, 6, 0, 0),
       (34065, 201, '32', 1, 111000000, 650, 6, 0, 0),
       (34066, 201, '33', 3, 145000000, 790, 6, 0, 0),
       (34067, 201, '34', 4, 65000000, 640, 6, 0, 0),
       (34068, 201, '35', 2, 124000000, 960, 6, 0, 0),
       (34069, 201, '36', 2, 75000000, 770, 6, 0, 0),
       (34070, 201, '37', 1, 120000000, 420, 7, 0, 0),
       (34071, 201, '38', 3, 69000000, 1000, 7, 0, 0),
       (34072, 201, '39', 1, 129000000, 790, 7, 0, 0),
       (34073, 201, '40', 2, 115000000, 480, 7, 0, 0),
       (34074, 201, '41', 2, 95000000, 720, 7, 0, 0),
       (34075, 201, '42', 2, 118000000, 510, 7, 0, 0),
       (34076, 201, '43', 1, 115000000, 650, 8, 0, 0),
       (34077, 201, '44', 3, 64000000, 740, 8, 0, 0),
       (34078, 201, '45', 1, 150000000, 630, 8, 0, 0),
       (34079, 201, '46', 2, 88000000, 900, 8, 0, 0),
       (34080, 201, '47', 4, 133000000, 990, 8, 0, 0),
       (34081, 201, '48', 4, 92000000, 450, 8, 0, 0),
       (34082, 201, '49', 1, 70000000, 690, 9, 0, 0),
       (34083, 201, '50', 4, 133000000, 470, 9, 0, 0),
       (34084, 201, '51', 3, 113000000, 590, 9, 0, 0),
       (34085, 201, '52', 1, 101000000, 400, 9, 0, 0),
       (34086, 201, '53', 3, 95000000, 840, 9, 0, 0),
       (34087, 201, '54', 1, 86000000, 440, 9, 0, 0),
       (34088, 201, '55', 4, 91000000, 470, 10, 0, 0),
       (34089, 201, '56', 3, 130000000, 720, 10, 0, 0),
       (34090, 201, '57', 2, 81000000, 450, 10, 0, 0),
       (34091, 201, '58', 2, 120000000, 490, 10, 0, 0),
       (34092, 201, '59', 3, 97000000, 830, 10, 0, 0),
       (34093, 201, '60', 4, 87000000, 950, 10, 0, 0),
       (34094, 201, '61', 2, 87000000, 900, 11, 0, 0),
       (34095, 201, '62', 3, 76000000, 450, 11, 0, 0),
       (34096, 201, '63', 3, 84000000, 740, 11, 0, 0),
       (34097, 201, '64', 4, 130000000, 830, 11, 0, 0),
       (34098, 201, '65', 3, 79000000, 430, 11, 0, 0),
       (34099, 201, '66', 3, 147000000, 630, 11, 0, 0),
       (34100, 201, '67', 2, 60000000, 490, 12, 0, 0),
       (34101, 201, '68', 1, 139000000, 450, 12, 0, 0),
       (34102, 201, '69', 2, 87000000, 710, 12, 0, 0),
       (34103, 201, '70', 4, 79000000, 900, 12, 0, 0),
       (34104, 201, '71', 2, 96000000, 690, 12, 0, 0),
       (34105, 201, '72', 1, 113000000, 990, 12, 0, 0),
       (34106, 201, '73', 3, 134000000, 910, 13, 0, 0),
       (34107, 201, '74', 3, 68000000, 430, 13, 0, 0),
       (34108, 201, '75', 1, 129000000, 800, 13, 0, 0),
       (34109, 201, '76', 3, 101000000, 790, 13, 0, 0),
       (34110, 201, '77', 2, 110000000, 460, 13, 0, 0),
       (34111, 201, '78', 1, 65000000, 840, 13, 0, 0),
       (34112, 201, '79', 3, 81000000, 520, 14, 0, 0),
       (34113, 201, '80', 3, 77000000, 650, 14, 0, 0),
       (34114, 201, '81', 2, 131000000, 680, 14, 0, 0),
       (34115, 201, '82', 3, 148000000, 670, 14, 0, 0),
       (34116, 201, '83', 3, 135000000, 720, 14, 0, 0),
       (34117, 201, '84', 3, 103000000, 780, 14, 0, 0),
       (34118, 201, '85', 4, 123000000, 720, 15, 0, 0),
       (34119, 201, '86', 1, 91000000, 640, 15, 0, 0),
       (34120, 201, '87', 2, 131000000, 900, 15, 0, 0),
       (34121, 201, '88', 2, 94000000, 820, 15, 0, 0),
       (34122, 201, '89', 2, 79000000, 970, 15, 0, 0),
       (34123, 201, '90', 2, 80000000, 430, 15, 0, 0),
       (34124, 201, '91', 3, 83000000, 930, 16, 0, 0),
       (34125, 201, '92', 3, 71000000, 500, 16, 0, 0),
       (34126, 201, '93', 3, 147000000, 680, 16, 0, 0),
       (34127, 201, '94', 3, 125000000, 790, 16, 0, 0),
       (34128, 201, '95', 1, 123000000, 860, 16, 0, 0),
       (34129, 201, '96', 3, 96000000, 530, 16, 0, 0),
       (34130, 201, '97', 2, 69000000, 880, 17, 0, 0),
       (34131, 201, '98', 3, 147000000, 690, 17, 0, 0),
       (34132, 201, '99', 1, 91000000, 770, 17, 0, 0),
       (34133, 201, '100', 1, 137000000, 680, 17, 0, 0),
       (34134, 201, '101', 2, 119000000, 690, 17, 0, 0),
       (34135, 201, '102', 3, 136000000, 910, 17, 0, 0),
       (34136, 201, '103', 1, 60000000, 550, 18, 0, 0),
       (34137, 201, '104', 4, 74000000, 720, 18, 0, 0),
       (34138, 201, '105', 4, 147000000, 670, 18, 0, 0),
       (34139, 201, '106', 1, 96000000, 740, 18, 0, 0),
       (34140, 201, '107', 3, 119000000, 610, 18, 0, 0),
       (34141, 201, '108', 2, 106000000, 910, 18, 0, 0),
       (34142, 201, '109', 2, 86000000, 860, 19, 0, 0),
       (34143, 201, '110', 1, 105000000, 420, 19, 0, 0),
       (34144, 201, '111', 2, 75000000, 910, 19, 0, 0),
       (34145, 201, '112', 2, 110000000, 530, 19, 0, 0),
       (34146, 201, '113', 2, 119000000, 460, 19, 0, 0),
       (34147, 201, '114', 3, 60000000, 580, 19, 0, 0),
       (34148, 201, '115', 2, 142000000, 540, 20, 0, 0),
       (34149, 201, '116', 1, 129000000, 770, 20, 0, 0),
       (34150, 201, '117', 3, 138000000, 680, 20, 0, 0),
       (34151, 201, '118', 4, 101000000, 940, 20, 0, 0),
       (34152, 201, '119', 1, 94000000, 860, 20, 0, 0),
       (34153, 201, '120', 3, 148000000, 450, 20, 0, 0),
       (34154, 201, '121', 2, 124000000, 460, 21, 0, 0),
       (34155, 201, '122', 3, 94000000, 670, 21, 0, 0),
       (34156, 201, '123', 3, 147000000, 870, 21, 0, 0),
       (34157, 201, '124', 1, 130000000, 540, 21, 0, 0),
       (34158, 201, '125', 3, 62000000, 860, 21, 0, 0),
       (34159, 201, '126', 3, 104000000, 970, 21, 0, 0),
       (34160, 201, '127', 3, 64000000, 450, 22, 0, 0),
       (34161, 201, '128', 2, 81000000, 600, 22, 0, 0),
       (34162, 201, '129', 3, 94000000, 880, 22, 0, 0),
       (34163, 201, '130', 4, 96000000, 640, 22, 0, 0),
       (34164, 201, '131', 1, 94000000, 830, 22, 0, 0),
       (34165, 201, '132', 4, 87000000, 740, 22, 0, 0),
       (34166, 201, '133', 1, 79000000, 480, 23, 0, 0),
       (34167, 201, '134', 1, 63000000, 620, 23, 0, 0),
       (34168, 201, '135', 3, 89000000, 850, 23, 0, 0),
       (34169, 201, '136', 2, 72000000, 840, 23, 0, 0),
       (34170, 201, '137', 2, 90000000, 660, 23, 0, 0),
       (34171, 201, '138', 3, 69000000, 420, 23, 0, 0),
       (34172, 201, '139', 4, 89000000, 480, 24, 0, 0),
       (34173, 201, '140', 3, 119000000, 1000, 24, 0, 0),
       (34174, 201, '141', 4, 73000000, 830, 24, 0, 0),
       (34175, 201, '142', 3, 112000000, 400, 24, 0, 0),
       (34176, 201, '143', 2, 120000000, 600, 24, 0, 0),
       (34177, 201, '144', 3, 78000000, 840, 24, 0, 0),
       (34178, 201, '145', 2, 68000000, 800, 25, 0, 0),
       (34179, 201, '146', 3, 65000000, 960, 25, 0, 0),
       (34180, 201, '147', 3, 88000000, 500, 25, 0, 0),
       (34181, 201, '148', 4, 97000000, 610, 25, 0, 0),
       (34182, 201, '149', 2, 66000000, 510, 25, 0, 0),
       (34183, 201, '150', 2, 126000000, 640, 25, 0, 0),
       (34184, 201, '151', 3, 108000000, 530, 26, 0, 0),
       (34185, 201, '152', 1, 75000000, 890, 26, 0, 0),
       (34186, 201, '153', 1, 86000000, 640, 26, 0, 0),
       (34187, 201, '154', 2, 82000000, 560, 26, 0, 0),
       (34188, 201, '155', 3, 119000000, 560, 26, 0, 0),
       (34189, 201, '156', 1, 63000000, 400, 26, 0, 0),
       (34190, 201, '157', 3, 85000000, 940, 27, 0, 0),
       (34191, 201, '158', 1, 128000000, 430, 27, 0, 0),
       (34192, 201, '159', 4, 142000000, 980, 27, 0, 0),
       (34193, 201, '160', 1, 138000000, 780, 27, 0, 0),
       (34194, 201, '161', 1, 92000000, 710, 27, 0, 0),
       (34195, 201, '162', 1, 86000000, 990, 27, 0, 0),
       (34196, 201, '163', 1, 133000000, 420, 28, 0, 0),
       (34197, 201, '164', 4, 142000000, 490, 28, 0, 0),
       (34198, 201, '165', 4, 119000000, 580, 28, 0, 0),
       (34199, 201, '166', 4, 103000000, 690, 28, 0, 0),
       (34200, 201, '167', 1, 104000000, 800, 28, 0, 0),
       (34201, 201, '168', 3, 96000000, 710, 28, 0, 0),
       (34202, 201, '169', 4, 143000000, 980, 29, 0, 0),
       (34203, 201, '170', 4, 134000000, 900, 29, 0, 0),
       (34204, 201, '171', 1, 112000000, 490, 29, 0, 0),
       (34205, 201, '172', 2, 101000000, 700, 29, 0, 0),
       (34206, 201, '173', 3, 104000000, 660, 29, 0, 0),
       (34207, 201, '174', 1, 110000000, 560, 29, 0, 0),
       (34208, 201, '175', 4, 117000000, 420, 30, 0, 0),
       (34209, 201, '176', 4, 117000000, 880, 30, 0, 0),
       (34210, 201, '177', 3, 95000000, 410, 30, 0, 0),
       (34211, 201, '178', 3, 132000000, 760, 30, 0, 0),
       (34212, 201, '179', 2, 147000000, 520, 30, 0, 0),
       (34213, 201, '180', 2, 78000000, 610, 30, 0, 0),
       (34214, 201, '181', 3, 121000000, 1000, 31, 0, 0),
       (34215, 201, '182', 4, 112000000, 740, 31, 0, 0),
       (34216, 201, '183', 1, 80000000, 470, 31, 0, 0),
       (34217, 201, '184', 4, 90000000, 520, 31, 0, 0),
       (34218, 201, '185', 2, 126000000, 570, 31, 0, 0),
       (34219, 201, '186', 1, 118000000, 810, 31, 0, 0),
       (34220, 201, '187', 2, 60000000, 970, 32, 0, 0),
       (34221, 201, '188', 2, 126000000, 560, 32, 0, 0),
       (34222, 201, '189', 3, 134000000, 480, 32, 0, 0),
       (34223, 201, '190', 1, 71000000, 710, 32, 0, 0),
       (34224, 201, '191', 4, 126000000, 810, 32, 0, 0),
       (34225, 201, '192', 4, 65000000, 520, 32, 0, 0),
       (34226, 201, '193', 2, 148000000, 820, 33, 0, 0),
       (34227, 201, '194', 1, 111000000, 460, 33, 0, 0),
       (34228, 201, '195', 4, 121000000, 440, 33, 0, 0),
       (34229, 201, '196', 3, 71000000, 900, 33, 0, 0),
       (34230, 201, '197', 3, 138000000, 640, 33, 0, 0),
       (34231, 201, '198', 1, 111000000, 790, 33, 0, 0),
       (34232, 201, '199', 3, 82000000, 840, 34, 0, 0),
       (34233, 201, '200', 4, 137000000, 800, 34, 0, 0),
       (34234, 201, '201', 1, 132000000, 980, 34, 0, 0),
       (34235, 201, '202', 2, 149000000, 430, 34, 0, 0),
       (34236, 201, '203', 2, 86000000, 640, 34, 0, 0),
       (34237, 201, '204', 3, 102000000, 560, 34, 0, 0),
       (34238, 201, '205', 4, 117000000, 410, 35, 0, 0),
       (34239, 201, '206', 2, 71000000, 440, 35, 0, 0),
       (34240, 201, '207', 3, 80000000, 670, 35, 0, 0),
       (34241, 201, '208', 2, 73000000, 400, 35, 0, 0),
       (34242, 201, '209', 1, 95000000, 600, 35, 0, 0),
       (34243, 201, '210', 3, 150000000, 890, 35, 0, 0),
       (34244, 201, '211', 2, 139000000, 450, 36, 0, 0),
       (34245, 201, '212', 1, 66000000, 630, 36, 0, 0),
       (34246, 201, '213', 2, 95000000, 570, 36, 0, 0),
       (34247, 201, '214', 4, 108000000, 840, 36, 0, 0),
       (34248, 201, '215', 4, 96000000, 940, 36, 0, 0),
       (34249, 201, '216', 3, 83000000, 490, 36, 0, 0),
       (34250, 201, '217', 4, 143000000, 400, 37, 0, 0),
       (34251, 201, '218', 3, 139000000, 630, 37, 0, 0),
       (34252, 201, '219', 4, 94000000, 620, 37, 0, 0),
       (34253, 201, '220', 3, 90000000, 750, 37, 0, 0),
       (34254, 201, '221', 4, 132000000, 420, 37, 0, 0),
       (34255, 201, '222', 2, 101000000, 560, 37, 0, 0),
       (34256, 201, '223', 1, 119000000, 870, 38, 0, 0),
       (34257, 201, '224', 4, 66000000, 480, 38, 0, 0),
       (34258, 201, '225', 2, 124000000, 750, 38, 0, 0),
       (34259, 201, '226', 2, 89000000, 790, 38, 0, 0),
       (34260, 201, '227', 1, 67000000, 490, 38, 0, 0),
       (34261, 201, '228', 3, 66000000, 420, 38, 0, 0),
       (34262, 201, '229', 3, 73000000, 540, 39, 0, 0),
       (34263, 201, '230', 4, 112000000, 830, 39, 0, 0),
       (34264, 201, '231', 1, 70000000, 670, 39, 0, 0),
       (34265, 201, '232', 3, 96000000, 450, 39, 0, 0),
       (34266, 201, '233', 4, 93000000, 980, 39, 0, 0),
       (34267, 201, '234', 1, 111000000, 580, 39, 0, 0),
       (34268, 201, '235', 2, 89000000, 680, 40, 0, 0),
       (34269, 201, '236', 2, 122000000, 790, 40, 0, 0),
       (34270, 201, '237', 1, 126000000, 770, 40, 0, 0),
       (34271, 201, '238', 3, 70000000, 870, 40, 0, 0),
       (34272, 201, '239', 4, 101000000, 420, 40, 0, 0),
       (34273, 201, '240', 3, 123000000, 830, 40, 0, 0),
       (34274, 201, '241', 2, 133000000, 680, 41, 0, 0),
       (34275, 201, '242', 2, 107000000, 990, 41, 0, 0),
       (34276, 201, '243', 1, 104000000, 890, 41, 0, 0),
       (34277, 201, '244', 2, 145000000, 980, 41, 0, 0),
       (34278, 201, '245', 3, 112000000, 820, 41, 0, 0),
       (34279, 201, '246', 3, 133000000, 970, 41, 0, 0),
       (34280, 201, '247', 1, 89000000, 980, 42, 0, 0),
       (34281, 201, '248', 1, 61000000, 500, 42, 0, 0),
       (34282, 201, '249', 1, 79000000, 850, 42, 0, 0),
       (34283, 201, '250', 3, 133000000, 870, 42, 0, 0),
       (34284, 201, '251', 4, 146000000, 790, 42, 0, 0),
       (34285, 201, '252', 2, 115000000, 470, 42, 0, 0),
       (34286, 201, '253', 2, 113000000, 750, 43, 0, 0),
       (34287, 201, '254', 1, 126000000, 650, 43, 0, 0),
       (34288, 201, '255', 1, 84000000, 490, 43, 0, 0),
       (34289, 201, '256', 4, 66000000, 1000, 43, 0, 0),
       (34290, 201, '257', 2, 60000000, 580, 43, 0, 0),
       (34291, 201, '258', 3, 142000000, 900, 43, 0, 0),
       (34292, 201, '259', 1, 91000000, 960, 44, 0, 0),
       (34293, 201, '260', 3, 87000000, 530, 44, 0, 0),
       (34294, 201, '261', 4, 91000000, 630, 44, 0, 0),
       (34295, 201, '262', 2, 66000000, 640, 44, 0, 0),
       (34296, 201, '263', 2, 134000000, 570, 44, 0, 0),
       (34297, 201, '264', 4, 125000000, 530, 44, 0, 0),
       (34298, 201, '265', 4, 102000000, 820, 45, 0, 0),
       (34299, 201, '266', 2, 85000000, 800, 45, 0, 0),
       (34300, 201, '267', 4, 96000000, 940, 45, 0, 0),
       (34301, 201, '268', 2, 127000000, 660, 45, 0, 0),
       (34302, 201, '269', 2, 108000000, 890, 45, 0, 0),
       (34303, 201, '270', 2, 130000000, 450, 45, 0, 0),
       (34304, 201, '271', 2, 120000000, 840, 46, 0, 0),
       (34305, 201, '272', 4, 141000000, 440, 46, 0, 0),
       (34306, 201, '273', 1, 117000000, 480, 46, 0, 0),
       (34307, 201, '274', 2, 128000000, 520, 46, 0, 0),
       (34308, 201, '275', 1, 135000000, 890, 46, 0, 0),
       (34309, 201, '276', 1, 145000000, 890, 46, 0, 0),
       (34310, 201, '277', 4, 104000000, 470, 47, 0, 0),
       (34311, 201, '278', 3, 115000000, 790, 47, 0, 0),
       (34312, 201, '279', 3, 66000000, 850, 47, 0, 0),
       (34313, 201, '280', 1, 119000000, 800, 47, 0, 0),
       (34314, 201, '281', 4, 100000000, 840, 47, 0, 0),
       (34315, 201, '282', 2, 148000000, 890, 47, 0, 0),
       (34316, 201, '283', 4, 116000000, 720, 48, 0, 0),
       (34317, 201, '284', 4, 67000000, 560, 48, 0, 0),
       (34318, 201, '285', 4, 107000000, 870, 48, 0, 0),
       (34319, 201, '286', 2, 139000000, 840, 48, 0, 0),
       (34320, 201, '287', 2, 131000000, 870, 48, 0, 0),
       (34321, 201, '288', 1, 112000000, 500, 48, 0, 0),
       (34322, 201, '289', 4, 84000000, 840, 49, 0, 0),
       (34323, 201, '290', 3, 91000000, 530, 49, 0, 0),
       (34324, 201, '291', 2, 76000000, 710, 49, 0, 0),
       (34325, 201, '292', 1, 150000000, 660, 49, 0, 0),
       (34326, 201, '293', 2, 101000000, 750, 49, 0, 0),
       (34327, 201, '294', 2, 141000000, 510, 49, 0, 0),
       (34328, 201, '295', 4, 116000000, 740, 50, 0, 0),
       (34329, 201, '296', 3, 137000000, 610, 50, 0, 0),
       (34330, 201, '297', 3, 133000000, 830, 50, 0, 0),
       (34331, 201, '298', 1, 120000000, 460, 50, 0, 0),
       (34332, 201, '299', 2, 130000000, 830, 50, 0, 0),
       (34333, 201, '300', 1, 120000000, 600, 50, 0, 0),
       (34334, 201, '301', 1, 138000000, 630, 51, 0, 0),
       (34335, 201, '302', 1, 125000000, 1000, 51, 0, 0),
       (34336, 201, '303', 2, 103000000, 870, 51, 0, 0),
       (34337, 201, '304', 2, 149000000, 900, 51, 0, 0),
       (34338, 201, '305', 3, 66000000, 480, 51, 0, 0),
       (34339, 201, '306', 3, 125000000, 620, 51, 0, 0),
       (34340, 201, '307', 3, 80000000, 520, 52, 0, 0),
       (34341, 201, '308', 4, 76000000, 760, 52, 0, 0),
       (34342, 201, '309', 1, 108000000, 830, 52, 0, 0),
       (34343, 201, '310', 3, 64000000, 740, 52, 0, 0),
       (34344, 201, '311', 2, 70000000, 410, 52, 0, 0),
       (34345, 201, '312', 2, 121000000, 920, 52, 0, 0),
       (34346, 201, '313', 2, 78000000, 480, 53, 0, 0),
       (34347, 201, '314', 1, 148000000, 610, 53, 0, 0),
       (34348, 201, '315', 2, 139000000, 630, 53, 0, 0),
       (34349, 201, '316', 4, 92000000, 480, 53, 0, 0),
       (34350, 201, '317', 4, 122000000, 690, 53, 0, 0),
       (34351, 201, '318', 2, 121000000, 850, 53, 0, 0),
       (34352, 201, '319', 3, 133000000, 600, 54, 0, 0),
       (34353, 201, '320', 2, 68000000, 790, 54, 0, 0),
       (34354, 201, '321', 1, 78000000, 550, 54, 0, 0),
       (34355, 201, '322', 4, 108000000, 400, 54, 0, 0),
       (34356, 201, '323', 1, 64000000, 530, 54, 0, 0),
       (34357, 201, '324', 3, 146000000, 500, 54, 0, 0);
insert into real_estate_building (id, address, complex_id, floor_count, dev_id)
values (202, 'г. Москва, ул. Кутузовская, д. 21', 9, 66, 9);
insert into real_estate_object (id, building_id ,local_address, places, price, area, floor, type, estate_type)
values (34358, 202, '1', 4, 80000000, 960, 1, 0, 0),
       (34359, 202, '2', 4, 119000000, 740, 1, 0, 0),
       (34360, 202, '3', 4, 83000000, 920, 1, 0, 0),
       (34361, 202, '4', 2, 140000000, 480, 1, 0, 0),
       (34362, 202, '5', 2, 113000000, 880, 1, 0, 0),
       (34363, 202, '6', 4, 78000000, 620, 1, 0, 0),
       (34364, 202, '7', 2, 114000000, 910, 2, 0, 0),
       (34365, 202, '8', 1, 63000000, 410, 2, 0, 0),
       (34366, 202, '9', 3, 70000000, 590, 2, 0, 0),
       (34367, 202, '10', 3, 91000000, 710, 2, 0, 0),
       (34368, 202, '11', 4, 147000000, 450, 2, 0, 0),
       (34369, 202, '12', 4, 105000000, 460, 2, 0, 0),
       (34370, 202, '13', 3, 141000000, 430, 3, 0, 0),
       (34371, 202, '14', 4, 133000000, 750, 3, 0, 0),
       (34372, 202, '15', 1, 101000000, 980, 3, 0, 0),
       (34373, 202, '16', 2, 83000000, 690, 3, 0, 0),
       (34374, 202, '17', 3, 83000000, 650, 3, 0, 0),
       (34375, 202, '18', 3, 65000000, 690, 3, 0, 0),
       (34376, 202, '19', 3, 122000000, 800, 4, 0, 0),
       (34377, 202, '20', 2, 60000000, 810, 4, 0, 0),
       (34378, 202, '21', 2, 91000000, 880, 4, 0, 0),
       (34379, 202, '22', 2, 72000000, 610, 4, 0, 0),
       (34380, 202, '23', 2, 96000000, 800, 4, 0, 0),
       (34381, 202, '24', 1, 63000000, 850, 4, 0, 0),
       (34382, 202, '25', 4, 95000000, 660, 5, 0, 0),
       (34383, 202, '26', 1, 140000000, 800, 5, 0, 0),
       (34384, 202, '27', 1, 108000000, 900, 5, 0, 0),
       (34385, 202, '28', 3, 118000000, 820, 5, 0, 0),
       (34386, 202, '29', 3, 72000000, 550, 5, 0, 0),
       (34387, 202, '30', 2, 111000000, 920, 5, 0, 0),
       (34388, 202, '31', 3, 149000000, 740, 6, 0, 0),
       (34389, 202, '32', 4, 100000000, 660, 6, 0, 0),
       (34390, 202, '33', 3, 77000000, 980, 6, 0, 0),
       (34391, 202, '34', 2, 68000000, 940, 6, 0, 0),
       (34392, 202, '35', 2, 110000000, 700, 6, 0, 0),
       (34393, 202, '36', 3, 105000000, 990, 6, 0, 0),
       (34394, 202, '37', 1, 91000000, 640, 7, 0, 0),
       (34395, 202, '38', 1, 68000000, 890, 7, 0, 0),
       (34396, 202, '39', 1, 109000000, 420, 7, 0, 0),
       (34397, 202, '40', 2, 143000000, 510, 7, 0, 0),
       (34398, 202, '41', 4, 93000000, 1000, 7, 0, 0),
       (34399, 202, '42', 3, 103000000, 590, 7, 0, 0),
       (34400, 202, '43', 2, 121000000, 840, 8, 0, 0),
       (34401, 202, '44', 1, 105000000, 830, 8, 0, 0),
       (34402, 202, '45', 4, 65000000, 660, 8, 0, 0),
       (34403, 202, '46', 3, 105000000, 940, 8, 0, 0),
       (34404, 202, '47', 3, 133000000, 700, 8, 0, 0),
       (34405, 202, '48', 1, 118000000, 530, 8, 0, 0),
       (34406, 202, '49', 3, 133000000, 900, 9, 0, 0),
       (34407, 202, '50', 4, 112000000, 840, 9, 0, 0),
       (34408, 202, '51', 2, 147000000, 570, 9, 0, 0),
       (34409, 202, '52', 2, 104000000, 910, 9, 0, 0),
       (34410, 202, '53', 3, 95000000, 700, 9, 0, 0),
       (34411, 202, '54', 2, 77000000, 470, 9, 0, 0),
       (34412, 202, '55', 1, 112000000, 610, 10, 0, 0),
       (34413, 202, '56', 4, 141000000, 750, 10, 0, 0),
       (34414, 202, '57', 2, 85000000, 920, 10, 0, 0),
       (34415, 202, '58', 4, 137000000, 500, 10, 0, 0),
       (34416, 202, '59', 1, 126000000, 870, 10, 0, 0),
       (34417, 202, '60', 3, 113000000, 580, 10, 0, 0),
       (34418, 202, '61', 4, 131000000, 400, 11, 0, 0),
       (34419, 202, '62', 1, 129000000, 610, 11, 0, 0),
       (34420, 202, '63', 4, 143000000, 670, 11, 0, 0),
       (34421, 202, '64', 4, 71000000, 940, 11, 0, 0),
       (34422, 202, '65', 2, 84000000, 640, 11, 0, 0),
       (34423, 202, '66', 3, 124000000, 910, 11, 0, 0),
       (34424, 202, '67', 2, 137000000, 440, 12, 0, 0),
       (34425, 202, '68', 1, 96000000, 640, 12, 0, 0),
       (34426, 202, '69', 4, 138000000, 850, 12, 0, 0),
       (34427, 202, '70', 3, 97000000, 800, 12, 0, 0),
       (34428, 202, '71', 4, 96000000, 870, 12, 0, 0),
       (34429, 202, '72', 1, 61000000, 600, 12, 0, 0),
       (34430, 202, '73', 3, 97000000, 740, 13, 0, 0),
       (34431, 202, '74', 2, 67000000, 770, 13, 0, 0),
       (34432, 202, '75', 1, 140000000, 950, 13, 0, 0),
       (34433, 202, '76', 3, 146000000, 710, 13, 0, 0),
       (34434, 202, '77', 1, 136000000, 580, 13, 0, 0),
       (34435, 202, '78', 2, 100000000, 420, 13, 0, 0),
       (34436, 202, '79', 4, 122000000, 620, 14, 0, 0),
       (34437, 202, '80', 1, 87000000, 710, 14, 0, 0),
       (34438, 202, '81', 4, 148000000, 830, 14, 0, 0),
       (34439, 202, '82', 1, 90000000, 430, 14, 0, 0),
       (34440, 202, '83', 3, 96000000, 820, 14, 0, 0),
       (34441, 202, '84', 3, 61000000, 490, 14, 0, 0),
       (34442, 202, '85', 4, 70000000, 990, 15, 0, 0),
       (34443, 202, '86', 2, 99000000, 410, 15, 0, 0),
       (34444, 202, '87', 3, 142000000, 880, 15, 0, 0),
       (34445, 202, '88', 4, 145000000, 420, 15, 0, 0),
       (34446, 202, '89', 1, 140000000, 780, 15, 0, 0),
       (34447, 202, '90', 4, 89000000, 930, 15, 0, 0),
       (34448, 202, '91', 1, 139000000, 760, 16, 0, 0),
       (34449, 202, '92', 1, 123000000, 830, 16, 0, 0),
       (34450, 202, '93', 1, 74000000, 430, 16, 0, 0),
       (34451, 202, '94', 3, 92000000, 590, 16, 0, 0),
       (34452, 202, '95', 4, 93000000, 720, 16, 0, 0),
       (34453, 202, '96', 1, 134000000, 560, 16, 0, 0),
       (34454, 202, '97', 4, 148000000, 570, 17, 0, 0),
       (34455, 202, '98', 3, 89000000, 400, 17, 0, 0),
       (34456, 202, '99', 2, 128000000, 430, 17, 0, 0),
       (34457, 202, '100', 4, 149000000, 910, 17, 0, 0),
       (34458, 202, '101', 4, 114000000, 970, 17, 0, 0),
       (34459, 202, '102', 3, 138000000, 510, 17, 0, 0),
       (34460, 202, '103', 1, 103000000, 820, 18, 0, 0),
       (34461, 202, '104', 1, 78000000, 440, 18, 0, 0),
       (34462, 202, '105', 1, 127000000, 450, 18, 0, 0),
       (34463, 202, '106', 1, 116000000, 800, 18, 0, 0),
       (34464, 202, '107', 3, 87000000, 940, 18, 0, 0),
       (34465, 202, '108', 4, 73000000, 400, 18, 0, 0),
       (34466, 202, '109', 4, 142000000, 720, 19, 0, 0),
       (34467, 202, '110', 3, 67000000, 770, 19, 0, 0),
       (34468, 202, '111', 1, 110000000, 440, 19, 0, 0),
       (34469, 202, '112', 4, 91000000, 710, 19, 0, 0),
       (34470, 202, '113', 4, 120000000, 650, 19, 0, 0),
       (34471, 202, '114', 3, 66000000, 780, 19, 0, 0),
       (34472, 202, '115', 2, 91000000, 820, 20, 0, 0),
       (34473, 202, '116', 1, 71000000, 830, 20, 0, 0),
       (34474, 202, '117', 2, 103000000, 970, 20, 0, 0),
       (34475, 202, '118', 1, 123000000, 680, 20, 0, 0),
       (34476, 202, '119', 3, 64000000, 660, 20, 0, 0),
       (34477, 202, '120', 3, 85000000, 420, 20, 0, 0),
       (34478, 202, '121', 2, 141000000, 450, 21, 0, 0),
       (34479, 202, '122', 4, 91000000, 840, 21, 0, 0),
       (34480, 202, '123', 1, 120000000, 860, 21, 0, 0),
       (34481, 202, '124', 1, 112000000, 560, 21, 0, 0),
       (34482, 202, '125', 2, 60000000, 430, 21, 0, 0),
       (34483, 202, '126', 1, 150000000, 840, 21, 0, 0),
       (34484, 202, '127', 3, 107000000, 920, 22, 0, 0),
       (34485, 202, '128', 4, 144000000, 660, 22, 0, 0),
       (34486, 202, '129', 1, 149000000, 690, 22, 0, 0),
       (34487, 202, '130', 3, 97000000, 890, 22, 0, 0),
       (34488, 202, '131', 3, 74000000, 940, 22, 0, 0),
       (34489, 202, '132', 3, 121000000, 530, 22, 0, 0),
       (34490, 202, '133', 2, 125000000, 670, 23, 0, 0),
       (34491, 202, '134', 3, 134000000, 730, 23, 0, 0),
       (34492, 202, '135', 3, 134000000, 850, 23, 0, 0),
       (34493, 202, '136', 2, 131000000, 740, 23, 0, 0),
       (34494, 202, '137', 2, 94000000, 600, 23, 0, 0),
       (34495, 202, '138', 2, 127000000, 880, 23, 0, 0),
       (34496, 202, '139', 2, 68000000, 770, 24, 0, 0),
       (34497, 202, '140', 1, 83000000, 770, 24, 0, 0),
       (34498, 202, '141', 3, 145000000, 700, 24, 0, 0),
       (34499, 202, '142', 1, 146000000, 500, 24, 0, 0),
       (34500, 202, '143', 3, 132000000, 780, 24, 0, 0),
       (34501, 202, '144', 1, 82000000, 970, 24, 0, 0),
       (34502, 202, '145', 4, 69000000, 830, 25, 0, 0),
       (34503, 202, '146', 3, 150000000, 510, 25, 0, 0),
       (34504, 202, '147', 3, 94000000, 930, 25, 0, 0),
       (34505, 202, '148', 4, 127000000, 490, 25, 0, 0),
       (34506, 202, '149', 3, 104000000, 450, 25, 0, 0),
       (34507, 202, '150', 3, 104000000, 640, 25, 0, 0),
       (34508, 202, '151', 2, 75000000, 910, 26, 0, 0),
       (34509, 202, '152', 1, 137000000, 710, 26, 0, 0),
       (34510, 202, '153', 1, 61000000, 770, 26, 0, 0),
       (34511, 202, '154', 1, 115000000, 680, 26, 0, 0),
       (34512, 202, '155', 4, 70000000, 930, 26, 0, 0),
       (34513, 202, '156', 4, 150000000, 610, 26, 0, 0),
       (34514, 202, '157', 2, 102000000, 900, 27, 0, 0),
       (34515, 202, '158', 4, 145000000, 790, 27, 0, 0),
       (34516, 202, '159', 4, 93000000, 630, 27, 0, 0),
       (34517, 202, '160', 3, 76000000, 880, 27, 0, 0),
       (34518, 202, '161', 1, 66000000, 760, 27, 0, 0),
       (34519, 202, '162', 4, 94000000, 420, 27, 0, 0),
       (34520, 202, '163', 4, 74000000, 620, 28, 0, 0),
       (34521, 202, '164', 3, 135000000, 460, 28, 0, 0),
       (34522, 202, '165', 3, 60000000, 790, 28, 0, 0),
       (34523, 202, '166', 1, 116000000, 890, 28, 0, 0),
       (34524, 202, '167', 4, 104000000, 890, 28, 0, 0),
       (34525, 202, '168', 4, 100000000, 630, 28, 0, 0),
       (34526, 202, '169', 3, 122000000, 500, 29, 0, 0),
       (34527, 202, '170', 3, 66000000, 460, 29, 0, 0),
       (34528, 202, '171', 3, 78000000, 610, 29, 0, 0),
       (34529, 202, '172', 4, 71000000, 870, 29, 0, 0),
       (34530, 202, '173', 2, 98000000, 480, 29, 0, 0),
       (34531, 202, '174', 3, 106000000, 770, 29, 0, 0),
       (34532, 202, '175', 1, 117000000, 610, 30, 0, 0),
       (34533, 202, '176', 4, 150000000, 810, 30, 0, 0),
       (34534, 202, '177', 3, 86000000, 450, 30, 0, 0),
       (34535, 202, '178', 1, 73000000, 720, 30, 0, 0),
       (34536, 202, '179', 1, 150000000, 590, 30, 0, 0),
       (34537, 202, '180', 2, 76000000, 670, 30, 0, 0),
       (34538, 202, '181', 3, 144000000, 510, 31, 0, 0),
       (34539, 202, '182', 4, 148000000, 540, 31, 0, 0),
       (34540, 202, '183', 4, 78000000, 420, 31, 0, 0),
       (34541, 202, '184', 2, 132000000, 860, 31, 0, 0),
       (34542, 202, '185', 1, 77000000, 450, 31, 0, 0),
       (34543, 202, '186', 3, 114000000, 750, 31, 0, 0),
       (34544, 202, '187', 4, 87000000, 630, 32, 0, 0),
       (34545, 202, '188', 3, 85000000, 640, 32, 0, 0),
       (34546, 202, '189', 4, 140000000, 590, 32, 0, 0),
       (34547, 202, '190', 3, 115000000, 520, 32, 0, 0),
       (34548, 202, '191', 2, 106000000, 850, 32, 0, 0),
       (34549, 202, '192', 2, 141000000, 670, 32, 0, 0),
       (34550, 202, '193', 4, 120000000, 490, 33, 0, 0),
       (34551, 202, '194', 4, 130000000, 640, 33, 0, 0),
       (34552, 202, '195', 3, 135000000, 780, 33, 0, 0),
       (34553, 202, '196', 2, 115000000, 720, 33, 0, 0),
       (34554, 202, '197', 1, 118000000, 550, 33, 0, 0),
       (34555, 202, '198', 1, 82000000, 530, 33, 0, 0),
       (34556, 202, '199', 4, 140000000, 590, 34, 0, 0),
       (34557, 202, '200', 3, 96000000, 490, 34, 0, 0),
       (34558, 202, '201', 3, 72000000, 540, 34, 0, 0),
       (34559, 202, '202', 1, 87000000, 750, 34, 0, 0),
       (34560, 202, '203', 4, 83000000, 970, 34, 0, 0),
       (34561, 202, '204', 3, 75000000, 540, 34, 0, 0),
       (34562, 202, '205', 4, 141000000, 520, 35, 0, 0),
       (34563, 202, '206', 1, 96000000, 920, 35, 0, 0),
       (34564, 202, '207', 2, 140000000, 620, 35, 0, 0),
       (34565, 202, '208', 2, 73000000, 940, 35, 0, 0),
       (34566, 202, '209', 2, 125000000, 590, 35, 0, 0),
       (34567, 202, '210', 2, 122000000, 960, 35, 0, 0),
       (34568, 202, '211', 1, 108000000, 650, 36, 0, 0),
       (34569, 202, '212', 1, 137000000, 590, 36, 0, 0),
       (34570, 202, '213', 4, 90000000, 960, 36, 0, 0),
       (34571, 202, '214', 2, 149000000, 770, 36, 0, 0),
       (34572, 202, '215', 1, 80000000, 820, 36, 0, 0),
       (34573, 202, '216', 3, 126000000, 510, 36, 0, 0),
       (34574, 202, '217', 1, 128000000, 730, 37, 0, 0),
       (34575, 202, '218', 2, 106000000, 410, 37, 0, 0),
       (34576, 202, '219', 4, 147000000, 530, 37, 0, 0),
       (34577, 202, '220', 4, 94000000, 930, 37, 0, 0),
       (34578, 202, '221', 1, 89000000, 960, 37, 0, 0),
       (34579, 202, '222', 2, 119000000, 550, 37, 0, 0),
       (34580, 202, '223', 4, 62000000, 810, 38, 0, 0),
       (34581, 202, '224', 2, 72000000, 930, 38, 0, 0),
       (34582, 202, '225', 1, 106000000, 430, 38, 0, 0),
       (34583, 202, '226', 2, 74000000, 590, 38, 0, 0),
       (34584, 202, '227', 2, 118000000, 900, 38, 0, 0),
       (34585, 202, '228', 3, 113000000, 660, 38, 0, 0),
       (34586, 202, '229', 2, 102000000, 730, 39, 0, 0),
       (34587, 202, '230', 2, 106000000, 850, 39, 0, 0),
       (34588, 202, '231', 2, 96000000, 980, 39, 0, 0),
       (34589, 202, '232', 4, 65000000, 530, 39, 0, 0),
       (34590, 202, '233', 1, 84000000, 830, 39, 0, 0),
       (34591, 202, '234', 4, 89000000, 990, 39, 0, 0),
       (34592, 202, '235', 4, 131000000, 840, 40, 0, 0),
       (34593, 202, '236', 3, 88000000, 920, 40, 0, 0),
       (34594, 202, '237', 2, 128000000, 410, 40, 0, 0),
       (34595, 202, '238', 2, 90000000, 450, 40, 0, 0),
       (34596, 202, '239', 2, 92000000, 850, 40, 0, 0),
       (34597, 202, '240', 1, 83000000, 470, 40, 0, 0),
       (34598, 202, '241', 3, 100000000, 990, 41, 0, 0),
       (34599, 202, '242', 1, 60000000, 720, 41, 0, 0),
       (34600, 202, '243', 4, 149000000, 680, 41, 0, 0),
       (34601, 202, '244', 2, 101000000, 690, 41, 0, 0),
       (34602, 202, '245', 4, 136000000, 860, 41, 0, 0),
       (34603, 202, '246', 3, 122000000, 490, 41, 0, 0),
       (34604, 202, '247', 2, 78000000, 560, 42, 0, 0),
       (34605, 202, '248', 3, 61000000, 630, 42, 0, 0),
       (34606, 202, '249', 3, 70000000, 820, 42, 0, 0),
       (34607, 202, '250', 3, 74000000, 680, 42, 0, 0),
       (34608, 202, '251', 4, 105000000, 450, 42, 0, 0),
       (34609, 202, '252', 2, 117000000, 930, 42, 0, 0),
       (34610, 202, '253', 2, 119000000, 680, 43, 0, 0),
       (34611, 202, '254', 4, 106000000, 740, 43, 0, 0),
       (34612, 202, '255', 1, 73000000, 770, 43, 0, 0),
       (34613, 202, '256', 1, 107000000, 470, 43, 0, 0),
       (34614, 202, '257', 3, 73000000, 540, 43, 0, 0),
       (34615, 202, '258', 2, 113000000, 930, 43, 0, 0),
       (34616, 202, '259', 4, 113000000, 430, 44, 0, 0),
       (34617, 202, '260', 4, 83000000, 640, 44, 0, 0),
       (34618, 202, '261', 3, 112000000, 560, 44, 0, 0),
       (34619, 202, '262', 2, 89000000, 820, 44, 0, 0),
       (34620, 202, '263', 1, 130000000, 700, 44, 0, 0),
       (34621, 202, '264', 3, 148000000, 440, 44, 0, 0),
       (34622, 202, '265', 4, 113000000, 600, 45, 0, 0),
       (34623, 202, '266', 3, 101000000, 860, 45, 0, 0),
       (34624, 202, '267', 1, 118000000, 490, 45, 0, 0),
       (34625, 202, '268', 1, 134000000, 420, 45, 0, 0),
       (34626, 202, '269', 3, 144000000, 720, 45, 0, 0),
       (34627, 202, '270', 4, 60000000, 830, 45, 0, 0),
       (34628, 202, '271', 4, 72000000, 810, 46, 0, 0),
       (34629, 202, '272', 4, 118000000, 830, 46, 0, 0),
       (34630, 202, '273', 1, 96000000, 760, 46, 0, 0),
       (34631, 202, '274', 1, 133000000, 520, 46, 0, 0),
       (34632, 202, '275', 4, 146000000, 550, 46, 0, 0),
       (34633, 202, '276', 2, 144000000, 840, 46, 0, 0),
       (34634, 202, '277', 3, 66000000, 430, 47, 0, 0),
       (34635, 202, '278', 3, 92000000, 1000, 47, 0, 0),
       (34636, 202, '279', 1, 107000000, 820, 47, 0, 0),
       (34637, 202, '280', 4, 143000000, 900, 47, 0, 0),
       (34638, 202, '281', 1, 145000000, 440, 47, 0, 0),
       (34639, 202, '282', 1, 150000000, 640, 47, 0, 0),
       (34640, 202, '283', 4, 67000000, 400, 48, 0, 0),
       (34641, 202, '284', 2, 146000000, 1000, 48, 0, 0),
       (34642, 202, '285', 2, 139000000, 780, 48, 0, 0),
       (34643, 202, '286', 1, 79000000, 870, 48, 0, 0),
       (34644, 202, '287', 3, 74000000, 780, 48, 0, 0),
       (34645, 202, '288', 2, 99000000, 940, 48, 0, 0),
       (34646, 202, '289', 1, 117000000, 600, 49, 0, 0),
       (34647, 202, '290', 4, 74000000, 880, 49, 0, 0),
       (34648, 202, '291', 3, 131000000, 960, 49, 0, 0),
       (34649, 202, '292', 2, 122000000, 710, 49, 0, 0),
       (34650, 202, '293', 1, 87000000, 650, 49, 0, 0),
       (34651, 202, '294', 4, 78000000, 470, 49, 0, 0),
       (34652, 202, '295', 2, 143000000, 830, 50, 0, 0),
       (34653, 202, '296', 4, 82000000, 560, 50, 0, 0),
       (34654, 202, '297', 2, 126000000, 720, 50, 0, 0),
       (34655, 202, '298', 4, 137000000, 460, 50, 0, 0),
       (34656, 202, '299', 3, 83000000, 910, 50, 0, 0),
       (34657, 202, '300', 4, 93000000, 780, 50, 0, 0),
       (34658, 202, '301', 1, 68000000, 740, 51, 0, 0),
       (34659, 202, '302', 2, 81000000, 540, 51, 0, 0),
       (34660, 202, '303', 3, 146000000, 840, 51, 0, 0),
       (34661, 202, '304', 4, 85000000, 460, 51, 0, 0),
       (34662, 202, '305', 2, 80000000, 640, 51, 0, 0),
       (34663, 202, '306', 2, 99000000, 610, 51, 0, 0),
       (34664, 202, '307', 1, 61000000, 520, 52, 0, 0),
       (34665, 202, '308', 3, 126000000, 890, 52, 0, 0),
       (34666, 202, '309', 4, 139000000, 820, 52, 0, 0),
       (34667, 202, '310', 2, 117000000, 750, 52, 0, 0),
       (34668, 202, '311', 3, 81000000, 570, 52, 0, 0),
       (34669, 202, '312', 1, 115000000, 510, 52, 0, 0),
       (34670, 202, '313', 2, 79000000, 470, 53, 0, 0),
       (34671, 202, '314', 1, 88000000, 840, 53, 0, 0),
       (34672, 202, '315', 4, 95000000, 750, 53, 0, 0),
       (34673, 202, '316', 4, 69000000, 610, 53, 0, 0),
       (34674, 202, '317', 2, 112000000, 940, 53, 0, 0),
       (34675, 202, '318', 2, 130000000, 530, 53, 0, 0),
       (34676, 202, '319', 4, 61000000, 890, 54, 0, 0),
       (34677, 202, '320', 3, 64000000, 760, 54, 0, 0),
       (34678, 202, '321', 4, 118000000, 510, 54, 0, 0),
       (34679, 202, '322', 4, 74000000, 530, 54, 0, 0),
       (34680, 202, '323', 4, 104000000, 860, 54, 0, 0),
       (34681, 202, '324', 4, 138000000, 660, 54, 0, 0),
       (34682, 202, '325', 1, 135000000, 610, 55, 0, 0),
       (34683, 202, '326', 1, 147000000, 830, 55, 0, 0),
       (34684, 202, '327', 4, 61000000, 710, 55, 0, 0),
       (34685, 202, '328', 2, 70000000, 510, 55, 0, 0),
       (34686, 202, '329', 4, 126000000, 460, 55, 0, 0),
       (34687, 202, '330', 1, 119000000, 400, 55, 0, 0),
       (34688, 202, '331', 3, 145000000, 480, 56, 0, 0),
       (34689, 202, '332', 3, 71000000, 570, 56, 0, 0),
       (34690, 202, '333', 1, 135000000, 820, 56, 0, 0),
       (34691, 202, '334', 1, 74000000, 570, 56, 0, 0),
       (34692, 202, '335', 4, 102000000, 780, 56, 0, 0),
       (34693, 202, '336', 2, 113000000, 670, 56, 0, 0),
       (34694, 202, '337', 2, 109000000, 970, 57, 0, 0),
       (34695, 202, '338', 1, 149000000, 940, 57, 0, 0),
       (34696, 202, '339', 4, 134000000, 430, 57, 0, 0),
       (34697, 202, '340', 4, 99000000, 600, 57, 0, 0),
       (34698, 202, '341', 4, 97000000, 470, 57, 0, 0),
       (34699, 202, '342', 4, 106000000, 820, 57, 0, 0),
       (34700, 202, '343', 2, 70000000, 420, 58, 0, 0),
       (34701, 202, '344', 1, 150000000, 500, 58, 0, 0),
       (34702, 202, '345', 1, 136000000, 920, 58, 0, 0),
       (34703, 202, '346', 3, 138000000, 420, 58, 0, 0),
       (34704, 202, '347', 4, 132000000, 610, 58, 0, 0),
       (34705, 202, '348', 1, 78000000, 520, 58, 0, 0),
       (34706, 202, '349', 3, 86000000, 460, 59, 0, 0),
       (34707, 202, '350', 3, 85000000, 540, 59, 0, 0),
       (34708, 202, '351', 1, 127000000, 430, 59, 0, 0),
       (34709, 202, '352', 3, 105000000, 660, 59, 0, 0),
       (34710, 202, '353', 1, 110000000, 910, 59, 0, 0),
       (34711, 202, '354', 1, 131000000, 400, 59, 0, 0),
       (34712, 202, '355', 1, 147000000, 770, 60, 0, 0),
       (34713, 202, '356', 1, 140000000, 560, 60, 0, 0),
       (34714, 202, '357', 2, 91000000, 910, 60, 0, 0),
       (34715, 202, '358', 3, 95000000, 940, 60, 0, 0),
       (34716, 202, '359', 4, 147000000, 740, 60, 0, 0),
       (34717, 202, '360', 1, 108000000, 900, 60, 0, 0),
       (34718, 202, '361', 3, 110000000, 500, 61, 0, 0),
       (34719, 202, '362', 3, 103000000, 840, 61, 0, 0),
       (34720, 202, '363', 1, 61000000, 830, 61, 0, 0),
       (34721, 202, '364', 1, 126000000, 740, 61, 0, 0),
       (34722, 202, '365', 3, 98000000, 420, 61, 0, 0),
       (34723, 202, '366', 4, 92000000, 870, 61, 0, 0),
       (34724, 202, '367', 2, 122000000, 850, 62, 0, 0),
       (34725, 202, '368', 2, 93000000, 710, 62, 0, 0),
       (34726, 202, '369', 1, 107000000, 580, 62, 0, 0),
       (34727, 202, '370', 2, 72000000, 980, 62, 0, 0),
       (34728, 202, '371', 4, 132000000, 450, 62, 0, 0),
       (34729, 202, '372', 2, 92000000, 770, 62, 0, 0),
       (34730, 202, '373', 1, 98000000, 440, 63, 0, 0),
       (34731, 202, '374', 2, 92000000, 800, 63, 0, 0),
       (34732, 202, '375', 4, 80000000, 760, 63, 0, 0),
       (34733, 202, '376', 4, 111000000, 520, 63, 0, 0),
       (34734, 202, '377', 3, 72000000, 930, 63, 0, 0),
       (34735, 202, '378', 1, 134000000, 760, 63, 0, 0),
       (34736, 202, '379', 2, 96000000, 720, 64, 0, 0),
       (34737, 202, '380', 4, 128000000, 430, 64, 0, 0),
       (34738, 202, '381', 4, 112000000, 960, 64, 0, 0),
       (34739, 202, '382', 1, 89000000, 410, 64, 0, 0),
       (34740, 202, '383', 3, 74000000, 910, 64, 0, 0),
       (34741, 202, '384', 4, 129000000, 850, 64, 0, 0),
       (34742, 202, '385', 1, 125000000, 610, 65, 0, 0),
       (34743, 202, '386', 3, 71000000, 900, 65, 0, 0),
       (34744, 202, '387', 2, 132000000, 750, 65, 0, 0),
       (34745, 202, '388', 2, 91000000, 840, 65, 0, 0),
       (34746, 202, '389', 1, 122000000, 800, 65, 0, 0),
       (34747, 202, '390', 4, 137000000, 780, 65, 0, 0),
       (34748, 202, '391', 4, 75000000, 920, 66, 0, 0),
       (34749, 202, '392', 4, 127000000, 740, 66, 0, 0),
       (34750, 202, '393', 4, 129000000, 500, 66, 0, 0),
       (34751, 202, '394', 1, 110000000, 950, 66, 0, 0),
       (34752, 202, '395', 3, 62000000, 400, 66, 0, 0),
       (34753, 202, '396', 4, 94000000, 560, 66, 0, 0);
insert into real_estate_building (id, address, complex_id, floor_count, dev_id)
values (203, 'г. Москва, ул. Кутузовская, д. 22', 9, 69, 9);
insert into real_estate_object (id, building_id ,local_address, places, price, area, floor, type, estate_type)
values (34754, 203, '1', 4, 109000000, 480, 1, 0, 0),
       (34755, 203, '2', 1, 69000000, 410, 1, 0, 0),
       (34756, 203, '3', 3, 127000000, 950, 1, 0, 0),
       (34757, 203, '4', 2, 143000000, 760, 1, 0, 0),
       (34758, 203, '5', 4, 80000000, 500, 1, 0, 0),
       (34759, 203, '6', 4, 137000000, 670, 1, 0, 0),
       (34760, 203, '7', 2, 118000000, 580, 2, 0, 0),
       (34761, 203, '8', 2, 143000000, 420, 2, 0, 0),
       (34762, 203, '9', 2, 88000000, 990, 2, 0, 0),
       (34763, 203, '10', 2, 72000000, 990, 2, 0, 0),
       (34764, 203, '11', 4, 126000000, 990, 2, 0, 0),
       (34765, 203, '12', 2, 86000000, 790, 2, 0, 0),
       (34766, 203, '13', 1, 90000000, 830, 3, 0, 0),
       (34767, 203, '14', 4, 99000000, 440, 3, 0, 0),
       (34768, 203, '15', 2, 104000000, 880, 3, 0, 0),
       (34769, 203, '16', 2, 77000000, 870, 3, 0, 0),
       (34770, 203, '17', 1, 140000000, 970, 3, 0, 0),
       (34771, 203, '18', 3, 74000000, 590, 3, 0, 0),
       (34772, 203, '19', 2, 64000000, 610, 4, 0, 0),
       (34773, 203, '20', 1, 138000000, 570, 4, 0, 0),
       (34774, 203, '21', 3, 143000000, 460, 4, 0, 0),
       (34775, 203, '22', 3, 121000000, 570, 4, 0, 0),
       (34776, 203, '23', 2, 69000000, 550, 4, 0, 0),
       (34777, 203, '24', 2, 97000000, 670, 4, 0, 0),
       (34778, 203, '25', 3, 139000000, 680, 5, 0, 0),
       (34779, 203, '26', 4, 121000000, 790, 5, 0, 0),
       (34780, 203, '27', 4, 64000000, 650, 5, 0, 0),
       (34781, 203, '28', 3, 126000000, 430, 5, 0, 0),
       (34782, 203, '29', 4, 121000000, 400, 5, 0, 0),
       (34783, 203, '30', 4, 66000000, 960, 5, 0, 0),
       (34784, 203, '31', 1, 113000000, 910, 6, 0, 0),
       (34785, 203, '32', 2, 139000000, 590, 6, 0, 0),
       (34786, 203, '33', 3, 82000000, 830, 6, 0, 0),
       (34787, 203, '34', 4, 107000000, 670, 6, 0, 0),
       (34788, 203, '35', 1, 62000000, 740, 6, 0, 0),
       (34789, 203, '36', 2, 102000000, 710, 6, 0, 0),
       (34790, 203, '37', 3, 70000000, 650, 7, 0, 0),
       (34791, 203, '38', 2, 95000000, 440, 7, 0, 0),
       (34792, 203, '39', 3, 126000000, 1000, 7, 0, 0),
       (34793, 203, '40', 1, 150000000, 950, 7, 0, 0),
       (34794, 203, '41', 2, 125000000, 660, 7, 0, 0),
       (34795, 203, '42', 4, 77000000, 780, 7, 0, 0),
       (34796, 203, '43', 4, 120000000, 560, 8, 0, 0),
       (34797, 203, '44', 1, 65000000, 510, 8, 0, 0),
       (34798, 203, '45', 2, 74000000, 940, 8, 0, 0),
       (34799, 203, '46', 3, 142000000, 480, 8, 0, 0),
       (34800, 203, '47', 1, 115000000, 490, 8, 0, 0),
       (34801, 203, '48', 4, 139000000, 810, 8, 0, 0),
       (34802, 203, '49', 1, 99000000, 590, 9, 0, 0),
       (34803, 203, '50', 1, 113000000, 760, 9, 0, 0),
       (34804, 203, '51', 3, 148000000, 660, 9, 0, 0),
       (34805, 203, '52', 2, 128000000, 570, 9, 0, 0),
       (34806, 203, '53', 3, 68000000, 930, 9, 0, 0),
       (34807, 203, '54', 1, 69000000, 930, 9, 0, 0),
       (34808, 203, '55', 2, 96000000, 1000, 10, 0, 0),
       (34809, 203, '56', 4, 114000000, 950, 10, 0, 0),
       (34810, 203, '57', 3, 145000000, 940, 10, 0, 0),
       (34811, 203, '58', 4, 100000000, 910, 10, 0, 0),
       (34812, 203, '59', 3, 61000000, 970, 10, 0, 0),
       (34813, 203, '60', 3, 93000000, 900, 10, 0, 0),
       (34814, 203, '61', 3, 69000000, 760, 11, 0, 0),
       (34815, 203, '62', 3, 101000000, 850, 11, 0, 0),
       (34816, 203, '63', 4, 67000000, 470, 11, 0, 0),
       (34817, 203, '64', 2, 106000000, 420, 11, 0, 0),
       (34818, 203, '65', 2, 109000000, 430, 11, 0, 0),
       (34819, 203, '66', 4, 60000000, 600, 11, 0, 0),
       (34820, 203, '67', 2, 126000000, 410, 12, 0, 0),
       (34821, 203, '68', 4, 95000000, 590, 12, 0, 0),
       (34822, 203, '69', 1, 110000000, 1000, 12, 0, 0),
       (34823, 203, '70', 4, 87000000, 490, 12, 0, 0),
       (34824, 203, '71', 1, 120000000, 770, 12, 0, 0),
       (34825, 203, '72', 1, 95000000, 550, 12, 0, 0),
       (34826, 203, '73', 1, 127000000, 620, 13, 0, 0),
       (34827, 203, '74', 1, 143000000, 770, 13, 0, 0),
       (34828, 203, '75', 1, 68000000, 1000, 13, 0, 0),
       (34829, 203, '76', 2, 114000000, 760, 13, 0, 0),
       (34830, 203, '77', 4, 132000000, 830, 13, 0, 0),
       (34831, 203, '78', 2, 135000000, 860, 13, 0, 0),
       (34832, 203, '79', 4, 141000000, 880, 14, 0, 0),
       (34833, 203, '80', 1, 116000000, 890, 14, 0, 0),
       (34834, 203, '81', 3, 104000000, 970, 14, 0, 0),
       (34835, 203, '82', 3, 92000000, 500, 14, 0, 0),
       (34836, 203, '83', 3, 140000000, 960, 14, 0, 0),
       (34837, 203, '84', 3, 129000000, 980, 14, 0, 0),
       (34838, 203, '85', 4, 95000000, 400, 15, 0, 0),
       (34839, 203, '86', 4, 150000000, 400, 15, 0, 0),
       (34840, 203, '87', 2, 133000000, 620, 15, 0, 0),
       (34841, 203, '88', 2, 90000000, 460, 15, 0, 0),
       (34842, 203, '89', 4, 125000000, 630, 15, 0, 0),
       (34843, 203, '90', 1, 104000000, 930, 15, 0, 0),
       (34844, 203, '91', 4, 73000000, 770, 16, 0, 0),
       (34845, 203, '92', 2, 66000000, 890, 16, 0, 0),
       (34846, 203, '93', 4, 123000000, 530, 16, 0, 0),
       (34847, 203, '94', 4, 107000000, 840, 16, 0, 0),
       (34848, 203, '95', 3, 115000000, 510, 16, 0, 0),
       (34849, 203, '96', 3, 125000000, 410, 16, 0, 0),
       (34850, 203, '97', 2, 67000000, 700, 17, 0, 0),
       (34851, 203, '98', 4, 69000000, 530, 17, 0, 0),
       (34852, 203, '99', 1, 95000000, 500, 17, 0, 0),
       (34853, 203, '100', 1, 70000000, 780, 17, 0, 0),
       (34854, 203, '101', 4, 90000000, 690, 17, 0, 0),
       (34855, 203, '102', 1, 105000000, 560, 17, 0, 0),
       (34856, 203, '103', 2, 126000000, 650, 18, 0, 0),
       (34857, 203, '104', 3, 121000000, 550, 18, 0, 0),
       (34858, 203, '105', 1, 77000000, 920, 18, 0, 0),
       (34859, 203, '106', 4, 104000000, 420, 18, 0, 0),
       (34860, 203, '107', 4, 107000000, 420, 18, 0, 0),
       (34861, 203, '108', 2, 139000000, 400, 18, 0, 0),
       (34862, 203, '109', 3, 76000000, 880, 19, 0, 0),
       (34863, 203, '110', 1, 80000000, 820, 19, 0, 0),
       (34864, 203, '111', 4, 131000000, 890, 19, 0, 0),
       (34865, 203, '112', 3, 110000000, 700, 19, 0, 0),
       (34866, 203, '113', 3, 60000000, 840, 19, 0, 0),
       (34867, 203, '114', 2, 98000000, 720, 19, 0, 0),
       (34868, 203, '115', 3, 65000000, 680, 20, 0, 0),
       (34869, 203, '116', 1, 137000000, 480, 20, 0, 0),
       (34870, 203, '117', 1, 79000000, 470, 20, 0, 0),
       (34871, 203, '118', 1, 88000000, 660, 20, 0, 0),
       (34872, 203, '119', 1, 99000000, 940, 20, 0, 0),
       (34873, 203, '120', 3, 101000000, 900, 20, 0, 0),
       (34874, 203, '121', 1, 61000000, 680, 21, 0, 0),
       (34875, 203, '122', 4, 140000000, 520, 21, 0, 0),
       (34876, 203, '123', 4, 142000000, 1000, 21, 0, 0),
       (34877, 203, '124', 1, 88000000, 850, 21, 0, 0),
       (34878, 203, '125', 2, 73000000, 640, 21, 0, 0),
       (34879, 203, '126', 4, 75000000, 510, 21, 0, 0),
       (34880, 203, '127', 2, 65000000, 1000, 22, 0, 0),
       (34881, 203, '128', 3, 86000000, 690, 22, 0, 0),
       (34882, 203, '129', 1, 124000000, 600, 22, 0, 0),
       (34883, 203, '130', 4, 112000000, 980, 22, 0, 0),
       (34884, 203, '131', 2, 129000000, 1000, 22, 0, 0),
       (34885, 203, '132', 2, 141000000, 740, 22, 0, 0),
       (34886, 203, '133', 2, 149000000, 520, 23, 0, 0),
       (34887, 203, '134', 3, 93000000, 880, 23, 0, 0),
       (34888, 203, '135', 1, 87000000, 890, 23, 0, 0),
       (34889, 203, '136', 3, 73000000, 980, 23, 0, 0),
       (34890, 203, '137', 4, 144000000, 610, 23, 0, 0),
       (34891, 203, '138', 3, 133000000, 700, 23, 0, 0),
       (34892, 203, '139', 4, 138000000, 870, 24, 0, 0),
       (34893, 203, '140', 1, 150000000, 780, 24, 0, 0),
       (34894, 203, '141', 1, 137000000, 470, 24, 0, 0),
       (34895, 203, '142', 1, 142000000, 910, 24, 0, 0),
       (34896, 203, '143', 3, 63000000, 620, 24, 0, 0),
       (34897, 203, '144', 1, 124000000, 500, 24, 0, 0),
       (34898, 203, '145', 2, 65000000, 530, 25, 0, 0),
       (34899, 203, '146', 4, 68000000, 780, 25, 0, 0),
       (34900, 203, '147', 3, 70000000, 670, 25, 0, 0),
       (34901, 203, '148', 1, 67000000, 790, 25, 0, 0),
       (34902, 203, '149', 2, 107000000, 530, 25, 0, 0),
       (34903, 203, '150', 3, 150000000, 640, 25, 0, 0),
       (34904, 203, '151', 1, 145000000, 580, 26, 0, 0),
       (34905, 203, '152', 4, 120000000, 570, 26, 0, 0),
       (34906, 203, '153', 1, 98000000, 840, 26, 0, 0),
       (34907, 203, '154', 3, 62000000, 440, 26, 0, 0),
       (34908, 203, '155', 4, 91000000, 900, 26, 0, 0),
       (34909, 203, '156', 2, 64000000, 430, 26, 0, 0),
       (34910, 203, '157', 4, 80000000, 510, 27, 0, 0),
       (34911, 203, '158', 4, 150000000, 730, 27, 0, 0),
       (34912, 203, '159', 2, 114000000, 640, 27, 0, 0),
       (34913, 203, '160', 2, 109000000, 600, 27, 0, 0),
       (34914, 203, '161', 2, 110000000, 790, 27, 0, 0),
       (34915, 203, '162', 1, 132000000, 960, 27, 0, 0),
       (34916, 203, '163', 1, 115000000, 630, 28, 0, 0),
       (34917, 203, '164', 3, 132000000, 910, 28, 0, 0),
       (34918, 203, '165', 1, 77000000, 520, 28, 0, 0),
       (34919, 203, '166', 2, 144000000, 510, 28, 0, 0),
       (34920, 203, '167', 3, 133000000, 660, 28, 0, 0),
       (34921, 203, '168', 3, 141000000, 440, 28, 0, 0),
       (34922, 203, '169', 3, 86000000, 650, 29, 0, 0),
       (34923, 203, '170', 3, 116000000, 440, 29, 0, 0),
       (34924, 203, '171', 4, 114000000, 830, 29, 0, 0),
       (34925, 203, '172', 4, 65000000, 740, 29, 0, 0),
       (34926, 203, '173', 1, 108000000, 720, 29, 0, 0),
       (34927, 203, '174', 2, 108000000, 640, 29, 0, 0),
       (34928, 203, '175', 1, 72000000, 900, 30, 0, 0),
       (34929, 203, '176', 3, 148000000, 410, 30, 0, 0),
       (34930, 203, '177', 4, 68000000, 850, 30, 0, 0),
       (34931, 203, '178', 3, 126000000, 460, 30, 0, 0),
       (34932, 203, '179', 3, 88000000, 800, 30, 0, 0),
       (34933, 203, '180', 3, 60000000, 870, 30, 0, 0),
       (34934, 203, '181', 2, 86000000, 560, 31, 0, 0),
       (34935, 203, '182', 2, 123000000, 790, 31, 0, 0),
       (34936, 203, '183', 4, 89000000, 750, 31, 0, 0),
       (34937, 203, '184', 1, 60000000, 540, 31, 0, 0),
       (34938, 203, '185', 1, 124000000, 850, 31, 0, 0),
       (34939, 203, '186', 4, 150000000, 950, 31, 0, 0),
       (34940, 203, '187', 4, 63000000, 880, 32, 0, 0),
       (34941, 203, '188', 4, 83000000, 970, 32, 0, 0),
       (34942, 203, '189', 3, 95000000, 580, 32, 0, 0),
       (34943, 203, '190', 2, 106000000, 880, 32, 0, 0),
       (34944, 203, '191', 3, 79000000, 450, 32, 0, 0),
       (34945, 203, '192', 1, 146000000, 590, 32, 0, 0),
       (34946, 203, '193', 1, 80000000, 970, 33, 0, 0),
       (34947, 203, '194', 1, 62000000, 850, 33, 0, 0),
       (34948, 203, '195', 4, 132000000, 740, 33, 0, 0),
       (34949, 203, '196', 4, 120000000, 590, 33, 0, 0),
       (34950, 203, '197', 2, 108000000, 740, 33, 0, 0),
       (34951, 203, '198', 4, 147000000, 960, 33, 0, 0),
       (34952, 203, '199', 4, 113000000, 490, 34, 0, 0),
       (34953, 203, '200', 4, 65000000, 400, 34, 0, 0),
       (34954, 203, '201', 1, 128000000, 630, 34, 0, 0),
       (34955, 203, '202', 2, 141000000, 790, 34, 0, 0),
       (34956, 203, '203', 1, 103000000, 670, 34, 0, 0),
       (34957, 203, '204', 1, 139000000, 990, 34, 0, 0),
       (34958, 203, '205', 3, 107000000, 600, 35, 0, 0),
       (34959, 203, '206', 1, 144000000, 830, 35, 0, 0),
       (34960, 203, '207', 1, 126000000, 580, 35, 0, 0),
       (34961, 203, '208', 3, 120000000, 970, 35, 0, 0),
       (34962, 203, '209', 1, 103000000, 960, 35, 0, 0),
       (34963, 203, '210', 4, 101000000, 400, 35, 0, 0),
       (34964, 203, '211', 2, 132000000, 900, 36, 0, 0),
       (34965, 203, '212', 1, 115000000, 620, 36, 0, 0),
       (34966, 203, '213', 4, 126000000, 890, 36, 0, 0),
       (34967, 203, '214', 4, 122000000, 600, 36, 0, 0),
       (34968, 203, '215', 2, 94000000, 960, 36, 0, 0),
       (34969, 203, '216', 2, 81000000, 530, 36, 0, 0),
       (34970, 203, '217', 1, 111000000, 480, 37, 0, 0),
       (34971, 203, '218', 2, 66000000, 790, 37, 0, 0),
       (34972, 203, '219', 4, 100000000, 430, 37, 0, 0),
       (34973, 203, '220', 1, 84000000, 720, 37, 0, 0),
       (34974, 203, '221', 1, 129000000, 690, 37, 0, 0),
       (34975, 203, '222', 1, 97000000, 1000, 37, 0, 0),
       (34976, 203, '223', 4, 123000000, 560, 38, 0, 0),
       (34977, 203, '224', 4, 75000000, 950, 38, 0, 0),
       (34978, 203, '225', 2, 123000000, 500, 38, 0, 0),
       (34979, 203, '226', 1, 150000000, 860, 38, 0, 0),
       (34980, 203, '227', 3, 92000000, 450, 38, 0, 0),
       (34981, 203, '228', 4, 63000000, 720, 38, 0, 0),
       (34982, 203, '229', 3, 95000000, 650, 39, 0, 0),
       (34983, 203, '230', 4, 73000000, 820, 39, 0, 0),
       (34984, 203, '231', 3, 72000000, 710, 39, 0, 0),
       (34985, 203, '232', 4, 62000000, 420, 39, 0, 0),
       (34986, 203, '233', 2, 121000000, 770, 39, 0, 0),
       (34987, 203, '234', 4, 148000000, 870, 39, 0, 0),
       (34988, 203, '235', 4, 64000000, 910, 40, 0, 0),
       (34989, 203, '236', 1, 81000000, 980, 40, 0, 0),
       (34990, 203, '237', 2, 116000000, 900, 40, 0, 0),
       (34991, 203, '238', 2, 73000000, 530, 40, 0, 0),
       (34992, 203, '239', 3, 150000000, 570, 40, 0, 0),
       (34993, 203, '240', 4, 137000000, 860, 40, 0, 0),
       (34994, 203, '241', 3, 147000000, 940, 41, 0, 0),
       (34995, 203, '242', 1, 62000000, 890, 41, 0, 0),
       (34996, 203, '243', 1, 141000000, 970, 41, 0, 0),
       (34997, 203, '244', 4, 110000000, 570, 41, 0, 0),
       (34998, 203, '245', 2, 119000000, 710, 41, 0, 0),
       (34999, 203, '246', 2, 144000000, 560, 41, 0, 0),
       (35000, 203, '247', 1, 144000000, 710, 42, 0, 0),
       (35001, 203, '248', 3, 150000000, 510, 42, 0, 0),
       (35002, 203, '249', 2, 120000000, 750, 42, 0, 0),
       (35003, 203, '250', 1, 66000000, 760, 42, 0, 0),
       (35004, 203, '251', 4, 149000000, 680, 42, 0, 0),
       (35005, 203, '252', 1, 115000000, 640, 42, 0, 0),
       (35006, 203, '253', 2, 136000000, 640, 43, 0, 0),
       (35007, 203, '254', 2, 73000000, 930, 43, 0, 0),
       (35008, 203, '255', 4, 101000000, 990, 43, 0, 0),
       (35009, 203, '256', 1, 64000000, 650, 43, 0, 0),
       (35010, 203, '257', 2, 149000000, 940, 43, 0, 0),
       (35011, 203, '258', 4, 63000000, 950, 43, 0, 0),
       (35012, 203, '259', 3, 114000000, 450, 44, 0, 0),
       (35013, 203, '260', 2, 125000000, 820, 44, 0, 0),
       (35014, 203, '261', 1, 102000000, 920, 44, 0, 0),
       (35015, 203, '262', 3, 131000000, 760, 44, 0, 0),
       (35016, 203, '263', 3, 69000000, 760, 44, 0, 0),
       (35017, 203, '264', 3, 91000000, 780, 44, 0, 0),
       (35018, 203, '265', 3, 106000000, 440, 45, 0, 0),
       (35019, 203, '266', 2, 138000000, 470, 45, 0, 0),
       (35020, 203, '267', 2, 90000000, 960, 45, 0, 0),
       (35021, 203, '268', 4, 144000000, 440, 45, 0, 0),
       (35022, 203, '269', 1, 107000000, 610, 45, 0, 0),
       (35023, 203, '270', 2, 119000000, 830, 45, 0, 0),
       (35024, 203, '271', 2, 125000000, 660, 46, 0, 0),
       (35025, 203, '272', 4, 61000000, 480, 46, 0, 0),
       (35026, 203, '273', 2, 80000000, 900, 46, 0, 0),
       (35027, 203, '274', 2, 64000000, 830, 46, 0, 0),
       (35028, 203, '275', 3, 66000000, 810, 46, 0, 0),
       (35029, 203, '276', 2, 150000000, 920, 46, 0, 0),
       (35030, 203, '277', 1, 62000000, 490, 47, 0, 0),
       (35031, 203, '278', 4, 75000000, 470, 47, 0, 0),
       (35032, 203, '279', 4, 73000000, 890, 47, 0, 0),
       (35033, 203, '280', 1, 109000000, 560, 47, 0, 0),
       (35034, 203, '281', 4, 104000000, 820, 47, 0, 0),
       (35035, 203, '282', 2, 95000000, 780, 47, 0, 0),
       (35036, 203, '283', 2, 116000000, 870, 48, 0, 0),
       (35037, 203, '284', 3, 124000000, 1000, 48, 0, 0),
       (35038, 203, '285', 3, 122000000, 470, 48, 0, 0),
       (35039, 203, '286', 3, 139000000, 740, 48, 0, 0),
       (35040, 203, '287', 2, 120000000, 980, 48, 0, 0),
       (35041, 203, '288', 3, 96000000, 970, 48, 0, 0),
       (35042, 203, '289', 1, 70000000, 500, 49, 0, 0),
       (35043, 203, '290', 3, 78000000, 490, 49, 0, 0),
       (35044, 203, '291', 3, 109000000, 740, 49, 0, 0),
       (35045, 203, '292', 1, 132000000, 750, 49, 0, 0),
       (35046, 203, '293', 2, 145000000, 680, 49, 0, 0),
       (35047, 203, '294', 4, 104000000, 580, 49, 0, 0),
       (35048, 203, '295', 1, 80000000, 930, 50, 0, 0),
       (35049, 203, '296', 4, 79000000, 670, 50, 0, 0),
       (35050, 203, '297', 2, 60000000, 830, 50, 0, 0),
       (35051, 203, '298', 1, 118000000, 500, 50, 0, 0),
       (35052, 203, '299', 2, 74000000, 400, 50, 0, 0),
       (35053, 203, '300', 1, 94000000, 960, 50, 0, 0),
       (35054, 203, '301', 2, 88000000, 610, 51, 0, 0),
       (35055, 203, '302', 4, 87000000, 510, 51, 0, 0),
       (35056, 203, '303', 2, 149000000, 500, 51, 0, 0),
       (35057, 203, '304', 3, 77000000, 630, 51, 0, 0),
       (35058, 203, '305', 4, 68000000, 400, 51, 0, 0),
       (35059, 203, '306', 2, 65000000, 920, 51, 0, 0),
       (35060, 203, '307', 3, 131000000, 910, 52, 0, 0),
       (35061, 203, '308', 4, 92000000, 730, 52, 0, 0),
       (35062, 203, '309', 4, 128000000, 950, 52, 0, 0),
       (35063, 203, '310', 4, 144000000, 840, 52, 0, 0),
       (35064, 203, '311', 1, 132000000, 950, 52, 0, 0),
       (35065, 203, '312', 1, 107000000, 470, 52, 0, 0),
       (35066, 203, '313', 2, 134000000, 730, 53, 0, 0),
       (35067, 203, '314', 1, 126000000, 420, 53, 0, 0),
       (35068, 203, '315', 4, 84000000, 640, 53, 0, 0),
       (35069, 203, '316', 3, 128000000, 840, 53, 0, 0),
       (35070, 203, '317', 2, 116000000, 730, 53, 0, 0),
       (35071, 203, '318', 1, 128000000, 480, 53, 0, 0),
       (35072, 203, '319', 1, 63000000, 930, 54, 0, 0),
       (35073, 203, '320', 3, 118000000, 890, 54, 0, 0),
       (35074, 203, '321', 2, 65000000, 1000, 54, 0, 0),
       (35075, 203, '322', 3, 133000000, 570, 54, 0, 0),
       (35076, 203, '323', 1, 65000000, 420, 54, 0, 0),
       (35077, 203, '324', 2, 146000000, 810, 54, 0, 0),
       (35078, 203, '325', 3, 125000000, 870, 55, 0, 0),
       (35079, 203, '326', 4, 115000000, 750, 55, 0, 0),
       (35080, 203, '327', 4, 93000000, 440, 55, 0, 0),
       (35081, 203, '328', 2, 65000000, 940, 55, 0, 0),
       (35082, 203, '329', 1, 144000000, 990, 55, 0, 0),
       (35083, 203, '330', 1, 124000000, 840, 55, 0, 0),
       (35084, 203, '331', 4, 64000000, 510, 56, 0, 0),
       (35085, 203, '332', 2, 82000000, 960, 56, 0, 0),
       (35086, 203, '333', 1, 142000000, 430, 56, 0, 0),
       (35087, 203, '334', 3, 71000000, 440, 56, 0, 0),
       (35088, 203, '335', 3, 117000000, 430, 56, 0, 0),
       (35089, 203, '336', 1, 96000000, 540, 56, 0, 0),
       (35090, 203, '337', 4, 117000000, 740, 57, 0, 0),
       (35091, 203, '338', 1, 79000000, 860, 57, 0, 0),
       (35092, 203, '339', 1, 128000000, 780, 57, 0, 0),
       (35093, 203, '340', 3, 103000000, 950, 57, 0, 0),
       (35094, 203, '341', 4, 112000000, 540, 57, 0, 0),
       (35095, 203, '342', 3, 60000000, 820, 57, 0, 0),
       (35096, 203, '343', 1, 122000000, 560, 58, 0, 0),
       (35097, 203, '344', 4, 122000000, 400, 58, 0, 0),
       (35098, 203, '345', 2, 98000000, 790, 58, 0, 0),
       (35099, 203, '346', 1, 73000000, 540, 58, 0, 0),
       (35100, 203, '347', 4, 133000000, 910, 58, 0, 0),
       (35101, 203, '348', 3, 86000000, 520, 58, 0, 0),
       (35102, 203, '349', 4, 137000000, 750, 59, 0, 0),
       (35103, 203, '350', 2, 92000000, 810, 59, 0, 0),
       (35104, 203, '351', 1, 73000000, 990, 59, 0, 0),
       (35105, 203, '352', 3, 102000000, 510, 59, 0, 0),
       (35106, 203, '353', 3, 147000000, 520, 59, 0, 0),
       (35107, 203, '354', 3, 96000000, 680, 59, 0, 0),
       (35108, 203, '355', 4, 91000000, 530, 60, 0, 0),
       (35109, 203, '356', 3, 117000000, 1000, 60, 0, 0),
       (35110, 203, '357', 1, 143000000, 990, 60, 0, 0),
       (35111, 203, '358', 1, 100000000, 910, 60, 0, 0),
       (35112, 203, '359', 3, 147000000, 750, 60, 0, 0),
       (35113, 203, '360', 4, 149000000, 860, 60, 0, 0),
       (35114, 203, '361', 4, 92000000, 810, 61, 0, 0),
       (35115, 203, '362', 4, 105000000, 720, 61, 0, 0),
       (35116, 203, '363', 2, 139000000, 990, 61, 0, 0),
       (35117, 203, '364', 4, 66000000, 600, 61, 0, 0),
       (35118, 203, '365', 4, 110000000, 490, 61, 0, 0),
       (35119, 203, '366', 3, 93000000, 920, 61, 0, 0),
       (35120, 203, '367', 2, 105000000, 1000, 62, 0, 0),
       (35121, 203, '368', 1, 126000000, 690, 62, 0, 0),
       (35122, 203, '369', 2, 119000000, 460, 62, 0, 0),
       (35123, 203, '370', 1, 120000000, 970, 62, 0, 0),
       (35124, 203, '371', 1, 123000000, 450, 62, 0, 0),
       (35125, 203, '372', 3, 71000000, 950, 62, 0, 0),
       (35126, 203, '373', 2, 67000000, 930, 63, 0, 0),
       (35127, 203, '374', 4, 70000000, 530, 63, 0, 0),
       (35128, 203, '375', 1, 101000000, 750, 63, 0, 0),
       (35129, 203, '376', 1, 126000000, 710, 63, 0, 0),
       (35130, 203, '377', 2, 128000000, 590, 63, 0, 0),
       (35131, 203, '378', 2, 121000000, 740, 63, 0, 0),
       (35132, 203, '379', 1, 75000000, 990, 64, 0, 0),
       (35133, 203, '380', 2, 105000000, 500, 64, 0, 0),
       (35134, 203, '381', 4, 113000000, 890, 64, 0, 0),
       (35135, 203, '382', 2, 122000000, 610, 64, 0, 0),
       (35136, 203, '383', 2, 132000000, 460, 64, 0, 0),
       (35137, 203, '384', 4, 79000000, 730, 64, 0, 0),
       (35138, 203, '385', 2, 77000000, 980, 65, 0, 0),
       (35139, 203, '386', 4, 63000000, 660, 65, 0, 0),
       (35140, 203, '387', 1, 121000000, 890, 65, 0, 0),
       (35141, 203, '388', 1, 91000000, 820, 65, 0, 0),
       (35142, 203, '389', 4, 78000000, 490, 65, 0, 0),
       (35143, 203, '390', 1, 119000000, 740, 65, 0, 0),
       (35144, 203, '391', 2, 125000000, 750, 66, 0, 0),
       (35145, 203, '392', 2, 114000000, 550, 66, 0, 0),
       (35146, 203, '393', 2, 150000000, 660, 66, 0, 0),
       (35147, 203, '394', 2, 90000000, 540, 66, 0, 0),
       (35148, 203, '395', 4, 88000000, 710, 66, 0, 0),
       (35149, 203, '396', 4, 62000000, 510, 66, 0, 0),
       (35150, 203, '397', 1, 67000000, 950, 67, 0, 0),
       (35151, 203, '398', 1, 88000000, 670, 67, 0, 0),
       (35152, 203, '399', 2, 126000000, 990, 67, 0, 0),
       (35153, 203, '400', 2, 72000000, 410, 67, 0, 0),
       (35154, 203, '401', 2, 125000000, 560, 67, 0, 0),
       (35155, 203, '402', 1, 140000000, 850, 67, 0, 0),
       (35156, 203, '403', 1, 79000000, 550, 68, 0, 0),
       (35157, 203, '404', 2, 118000000, 850, 68, 0, 0),
       (35158, 203, '405', 2, 81000000, 870, 68, 0, 0),
       (35159, 203, '406', 1, 100000000, 790, 68, 0, 0),
       (35160, 203, '407', 3, 77000000, 950, 68, 0, 0),
       (35161, 203, '408', 3, 111000000, 800, 68, 0, 0),
       (35162, 203, '409', 4, 102000000, 920, 69, 0, 0),
       (35163, 203, '410', 2, 77000000, 470, 69, 0, 0),
       (35164, 203, '411', 1, 64000000, 900, 69, 0, 0),
       (35165, 203, '412', 4, 87000000, 600, 69, 0, 0),
       (35166, 203, '413', 4, 86000000, 580, 69, 0, 0),
       (35167, 203, '414', 2, 145000000, 580, 69, 0, 0);
insert into real_estate_building (id, address, complex_id, floor_count, dev_id)
values (204, 'г. Москва, ул. Кутузовская, д. 23', 9, 65, 9);
insert into real_estate_object (id, building_id ,local_address, places, price, area, floor, type, estate_type)
values (35168, 204, '1', 3, 143000000, 830, 1, 0, 0),
       (35169, 204, '2', 4, 97000000, 930, 1, 0, 0),
       (35170, 204, '3', 3, 80000000, 980, 1, 0, 0),
       (35171, 204, '4', 2, 69000000, 760, 1, 0, 0),
       (35172, 204, '5', 1, 105000000, 860, 1, 0, 0),
       (35173, 204, '6', 2, 128000000, 1000, 1, 0, 0),
       (35174, 204, '7', 1, 115000000, 800, 2, 0, 0),
       (35175, 204, '8', 3, 82000000, 810, 2, 0, 0),
       (35176, 204, '9', 2, 109000000, 950, 2, 0, 0),
       (35177, 204, '10', 2, 66000000, 530, 2, 0, 0),
       (35178, 204, '11', 2, 128000000, 560, 2, 0, 0),
       (35179, 204, '12', 1, 121000000, 590, 2, 0, 0),
       (35180, 204, '13', 4, 121000000, 950, 3, 0, 0),
       (35181, 204, '14', 3, 60000000, 700, 3, 0, 0),
       (35182, 204, '15', 3, 127000000, 870, 3, 0, 0),
       (35183, 204, '16', 4, 81000000, 500, 3, 0, 0),
       (35184, 204, '17', 4, 140000000, 470, 3, 0, 0),
       (35185, 204, '18', 4, 76000000, 400, 3, 0, 0),
       (35186, 204, '19', 1, 114000000, 890, 4, 0, 0),
       (35187, 204, '20', 3, 77000000, 820, 4, 0, 0),
       (35188, 204, '21', 2, 118000000, 650, 4, 0, 0),
       (35189, 204, '22', 1, 73000000, 960, 4, 0, 0),
       (35190, 204, '23', 1, 135000000, 950, 4, 0, 0),
       (35191, 204, '24', 3, 64000000, 660, 4, 0, 0),
       (35192, 204, '25', 2, 141000000, 450, 5, 0, 0),
       (35193, 204, '26', 4, 75000000, 470, 5, 0, 0),
       (35194, 204, '27', 1, 84000000, 510, 5, 0, 0),
       (35195, 204, '28', 2, 146000000, 450, 5, 0, 0),
       (35196, 204, '29', 1, 117000000, 850, 5, 0, 0),
       (35197, 204, '30', 4, 108000000, 870, 5, 0, 0),
       (35198, 204, '31', 4, 136000000, 650, 6, 0, 0),
       (35199, 204, '32', 3, 61000000, 990, 6, 0, 0),
       (35200, 204, '33', 3, 85000000, 690, 6, 0, 0),
       (35201, 204, '34', 1, 145000000, 670, 6, 0, 0),
       (35202, 204, '35', 3, 123000000, 420, 6, 0, 0),
       (35203, 204, '36', 3, 132000000, 900, 6, 0, 0),
       (35204, 204, '37', 4, 106000000, 490, 7, 0, 0),
       (35205, 204, '38', 1, 80000000, 500, 7, 0, 0),
       (35206, 204, '39', 3, 145000000, 910, 7, 0, 0),
       (35207, 204, '40', 2, 145000000, 1000, 7, 0, 0),
       (35208, 204, '41', 4, 150000000, 980, 7, 0, 0),
       (35209, 204, '42', 2, 92000000, 780, 7, 0, 0),
       (35210, 204, '43', 3, 63000000, 710, 8, 0, 0),
       (35211, 204, '44', 3, 119000000, 870, 8, 0, 0),
       (35212, 204, '45', 2, 74000000, 460, 8, 0, 0),
       (35213, 204, '46', 4, 97000000, 680, 8, 0, 0),
       (35214, 204, '47', 1, 97000000, 790, 8, 0, 0),
       (35215, 204, '48', 4, 142000000, 950, 8, 0, 0),
       (35216, 204, '49', 3, 61000000, 670, 9, 0, 0),
       (35217, 204, '50', 3, 128000000, 440, 9, 0, 0),
       (35218, 204, '51', 2, 67000000, 620, 9, 0, 0),
       (35219, 204, '52', 4, 65000000, 550, 9, 0, 0),
       (35220, 204, '53', 4, 75000000, 820, 9, 0, 0),
       (35221, 204, '54', 4, 98000000, 990, 9, 0, 0),
       (35222, 204, '55', 2, 90000000, 970, 10, 0, 0),
       (35223, 204, '56', 3, 102000000, 850, 10, 0, 0),
       (35224, 204, '57', 2, 94000000, 1000, 10, 0, 0),
       (35225, 204, '58', 1, 85000000, 600, 10, 0, 0),
       (35226, 204, '59', 4, 94000000, 420, 10, 0, 0),
       (35227, 204, '60', 3, 70000000, 990, 10, 0, 0),
       (35228, 204, '61', 4, 111000000, 760, 11, 0, 0),
       (35229, 204, '62', 1, 65000000, 760, 11, 0, 0),
       (35230, 204, '63', 2, 84000000, 620, 11, 0, 0),
       (35231, 204, '64', 4, 86000000, 480, 11, 0, 0),
       (35232, 204, '65', 3, 130000000, 820, 11, 0, 0),
       (35233, 204, '66', 2, 102000000, 720, 11, 0, 0),
       (35234, 204, '67', 1, 103000000, 990, 12, 0, 0),
       (35235, 204, '68', 4, 126000000, 830, 12, 0, 0),
       (35236, 204, '69', 2, 84000000, 940, 12, 0, 0),
       (35237, 204, '70', 3, 113000000, 550, 12, 0, 0),
       (35238, 204, '71', 2, 150000000, 780, 12, 0, 0),
       (35239, 204, '72', 2, 79000000, 960, 12, 0, 0),
       (35240, 204, '73', 4, 67000000, 710, 13, 0, 0),
       (35241, 204, '74', 3, 131000000, 590, 13, 0, 0),
       (35242, 204, '75', 2, 117000000, 700, 13, 0, 0),
       (35243, 204, '76', 3, 75000000, 740, 13, 0, 0),
       (35244, 204, '77', 2, 125000000, 790, 13, 0, 0),
       (35245, 204, '78', 2, 131000000, 630, 13, 0, 0),
       (35246, 204, '79', 2, 92000000, 890, 14, 0, 0),
       (35247, 204, '80', 3, 87000000, 480, 14, 0, 0),
       (35248, 204, '81', 3, 62000000, 460, 14, 0, 0),
       (35249, 204, '82', 1, 117000000, 660, 14, 0, 0),
       (35250, 204, '83', 4, 109000000, 520, 14, 0, 0),
       (35251, 204, '84', 1, 74000000, 940, 14, 0, 0),
       (35252, 204, '85', 1, 73000000, 660, 15, 0, 0),
       (35253, 204, '86', 4, 128000000, 770, 15, 0, 0),
       (35254, 204, '87', 3, 100000000, 910, 15, 0, 0),
       (35255, 204, '88', 3, 126000000, 730, 15, 0, 0),
       (35256, 204, '89', 4, 81000000, 940, 15, 0, 0),
       (35257, 204, '90', 3, 136000000, 770, 15, 0, 0),
       (35258, 204, '91', 3, 106000000, 460, 16, 0, 0),
       (35259, 204, '92', 4, 149000000, 880, 16, 0, 0),
       (35260, 204, '93', 3, 79000000, 800, 16, 0, 0),
       (35261, 204, '94', 1, 125000000, 750, 16, 0, 0),
       (35262, 204, '95', 3, 131000000, 650, 16, 0, 0),
       (35263, 204, '96', 2, 108000000, 720, 16, 0, 0),
       (35264, 204, '97', 2, 147000000, 640, 17, 0, 0),
       (35265, 204, '98', 1, 71000000, 440, 17, 0, 0),
       (35266, 204, '99', 4, 89000000, 690, 17, 0, 0),
       (35267, 204, '100', 4, 129000000, 410, 17, 0, 0),
       (35268, 204, '101', 1, 123000000, 660, 17, 0, 0),
       (35269, 204, '102', 1, 89000000, 560, 17, 0, 0),
       (35270, 204, '103', 4, 134000000, 880, 18, 0, 0),
       (35271, 204, '104', 1, 121000000, 620, 18, 0, 0),
       (35272, 204, '105', 4, 121000000, 700, 18, 0, 0),
       (35273, 204, '106', 4, 126000000, 400, 18, 0, 0),
       (35274, 204, '107', 3, 60000000, 470, 18, 0, 0),
       (35275, 204, '108', 2, 74000000, 650, 18, 0, 0),
       (35276, 204, '109', 4, 110000000, 910, 19, 0, 0),
       (35277, 204, '110', 4, 102000000, 660, 19, 0, 0),
       (35278, 204, '111', 1, 75000000, 690, 19, 0, 0),
       (35279, 204, '112', 1, 108000000, 800, 19, 0, 0),
       (35280, 204, '113', 4, 90000000, 910, 19, 0, 0),
       (35281, 204, '114', 1, 100000000, 780, 19, 0, 0),
       (35282, 204, '115', 2, 76000000, 580, 20, 0, 0),
       (35283, 204, '116', 1, 114000000, 910, 20, 0, 0),
       (35284, 204, '117', 4, 96000000, 500, 20, 0, 0),
       (35285, 204, '118', 3, 118000000, 890, 20, 0, 0),
       (35286, 204, '119', 2, 119000000, 770, 20, 0, 0),
       (35287, 204, '120', 4, 149000000, 920, 20, 0, 0),
       (35288, 204, '121', 2, 111000000, 520, 21, 0, 0),
       (35289, 204, '122', 3, 118000000, 1000, 21, 0, 0),
       (35290, 204, '123', 2, 104000000, 510, 21, 0, 0),
       (35291, 204, '124', 1, 131000000, 940, 21, 0, 0),
       (35292, 204, '125', 2, 146000000, 1000, 21, 0, 0),
       (35293, 204, '126', 1, 102000000, 980, 21, 0, 0),
       (35294, 204, '127', 3, 80000000, 610, 22, 0, 0),
       (35295, 204, '128', 4, 72000000, 600, 22, 0, 0),
       (35296, 204, '129', 2, 106000000, 870, 22, 0, 0),
       (35297, 204, '130', 3, 125000000, 810, 22, 0, 0),
       (35298, 204, '131', 4, 146000000, 960, 22, 0, 0),
       (35299, 204, '132', 4, 129000000, 870, 22, 0, 0),
       (35300, 204, '133', 4, 68000000, 430, 23, 0, 0),
       (35301, 204, '134', 1, 112000000, 950, 23, 0, 0),
       (35302, 204, '135', 4, 83000000, 710, 23, 0, 0),
       (35303, 204, '136', 1, 130000000, 770, 23, 0, 0),
       (35304, 204, '137', 3, 146000000, 670, 23, 0, 0),
       (35305, 204, '138', 4, 149000000, 580, 23, 0, 0),
       (35306, 204, '139', 2, 84000000, 910, 24, 0, 0),
       (35307, 204, '140', 2, 74000000, 600, 24, 0, 0),
       (35308, 204, '141', 2, 133000000, 840, 24, 0, 0),
       (35309, 204, '142', 1, 122000000, 620, 24, 0, 0),
       (35310, 204, '143', 4, 94000000, 540, 24, 0, 0),
       (35311, 204, '144', 4, 146000000, 860, 24, 0, 0),
       (35312, 204, '145', 3, 61000000, 830, 25, 0, 0),
       (35313, 204, '146', 2, 126000000, 880, 25, 0, 0),
       (35314, 204, '147', 2, 147000000, 440, 25, 0, 0),
       (35315, 204, '148', 3, 104000000, 670, 25, 0, 0),
       (35316, 204, '149', 2, 73000000, 1000, 25, 0, 0),
       (35317, 204, '150', 1, 111000000, 570, 25, 0, 0),
       (35318, 204, '151', 4, 73000000, 550, 26, 0, 0),
       (35319, 204, '152', 3, 72000000, 830, 26, 0, 0),
       (35320, 204, '153', 4, 115000000, 620, 26, 0, 0),
       (35321, 204, '154', 3, 137000000, 440, 26, 0, 0),
       (35322, 204, '155', 1, 111000000, 870, 26, 0, 0),
       (35323, 204, '156', 4, 120000000, 560, 26, 0, 0),
       (35324, 204, '157', 2, 149000000, 620, 27, 0, 0),
       (35325, 204, '158', 2, 81000000, 680, 27, 0, 0),
       (35326, 204, '159', 2, 139000000, 470, 27, 0, 0),
       (35327, 204, '160', 4, 147000000, 620, 27, 0, 0),
       (35328, 204, '161', 3, 94000000, 500, 27, 0, 0),
       (35329, 204, '162', 3, 74000000, 850, 27, 0, 0),
       (35330, 204, '163', 4, 90000000, 500, 28, 0, 0),
       (35331, 204, '164', 4, 85000000, 600, 28, 0, 0),
       (35332, 204, '165', 2, 100000000, 440, 28, 0, 0),
       (35333, 204, '166', 4, 81000000, 420, 28, 0, 0),
       (35334, 204, '167', 4, 140000000, 600, 28, 0, 0),
       (35335, 204, '168', 2, 132000000, 560, 28, 0, 0),
       (35336, 204, '169', 3, 140000000, 680, 29, 0, 0),
       (35337, 204, '170', 3, 104000000, 430, 29, 0, 0),
       (35338, 204, '171', 4, 134000000, 790, 29, 0, 0),
       (35339, 204, '172', 4, 98000000, 520, 29, 0, 0),
       (35340, 204, '173', 3, 94000000, 880, 29, 0, 0),
       (35341, 204, '174', 3, 129000000, 420, 29, 0, 0),
       (35342, 204, '175', 3, 147000000, 600, 30, 0, 0),
       (35343, 204, '176', 1, 94000000, 580, 30, 0, 0),
       (35344, 204, '177', 4, 111000000, 780, 30, 0, 0),
       (35345, 204, '178', 2, 75000000, 940, 30, 0, 0),
       (35346, 204, '179', 4, 72000000, 620, 30, 0, 0),
       (35347, 204, '180', 3, 131000000, 780, 30, 0, 0),
       (35348, 204, '181', 4, 87000000, 680, 31, 0, 0),
       (35349, 204, '182', 2, 98000000, 740, 31, 0, 0),
       (35350, 204, '183', 4, 80000000, 570, 31, 0, 0),
       (35351, 204, '184', 4, 132000000, 830, 31, 0, 0),
       (35352, 204, '185', 3, 149000000, 660, 31, 0, 0),
       (35353, 204, '186', 4, 77000000, 800, 31, 0, 0),
       (35354, 204, '187', 3, 62000000, 540, 32, 0, 0),
       (35355, 204, '188', 3, 111000000, 580, 32, 0, 0),
       (35356, 204, '189', 1, 95000000, 820, 32, 0, 0),
       (35357, 204, '190', 1, 61000000, 470, 32, 0, 0),
       (35358, 204, '191', 4, 142000000, 630, 32, 0, 0),
       (35359, 204, '192', 3, 133000000, 890, 32, 0, 0),
       (35360, 204, '193', 1, 85000000, 1000, 33, 0, 0),
       (35361, 204, '194', 4, 150000000, 570, 33, 0, 0),
       (35362, 204, '195', 1, 70000000, 1000, 33, 0, 0),
       (35363, 204, '196', 1, 121000000, 910, 33, 0, 0),
       (35364, 204, '197', 3, 106000000, 780, 33, 0, 0),
       (35365, 204, '198', 4, 84000000, 650, 33, 0, 0),
       (35366, 204, '199', 4, 70000000, 570, 34, 0, 0),
       (35367, 204, '200', 4, 145000000, 720, 34, 0, 0),
       (35368, 204, '201', 3, 117000000, 640, 34, 0, 0),
       (35369, 204, '202', 1, 116000000, 880, 34, 0, 0),
       (35370, 204, '203', 2, 133000000, 800, 34, 0, 0),
       (35371, 204, '204', 1, 90000000, 850, 34, 0, 0),
       (35372, 204, '205', 1, 68000000, 730, 35, 0, 0),
       (35373, 204, '206', 3, 150000000, 530, 35, 0, 0),
       (35374, 204, '207', 4, 134000000, 480, 35, 0, 0),
       (35375, 204, '208', 1, 106000000, 910, 35, 0, 0),
       (35376, 204, '209', 2, 63000000, 940, 35, 0, 0),
       (35377, 204, '210', 2, 147000000, 950, 35, 0, 0),
       (35378, 204, '211', 2, 114000000, 950, 36, 0, 0),
       (35379, 204, '212', 2, 142000000, 850, 36, 0, 0),
       (35380, 204, '213', 4, 93000000, 530, 36, 0, 0),
       (35381, 204, '214', 2, 93000000, 770, 36, 0, 0),
       (35382, 204, '215', 4, 81000000, 750, 36, 0, 0),
       (35383, 204, '216', 2, 137000000, 650, 36, 0, 0),
       (35384, 204, '217', 3, 71000000, 740, 37, 0, 0),
       (35385, 204, '218', 4, 149000000, 950, 37, 0, 0),
       (35386, 204, '219', 3, 61000000, 440, 37, 0, 0),
       (35387, 204, '220', 3, 82000000, 840, 37, 0, 0),
       (35388, 204, '221', 2, 64000000, 950, 37, 0, 0),
       (35389, 204, '222', 4, 88000000, 850, 37, 0, 0),
       (35390, 204, '223', 4, 78000000, 810, 38, 0, 0),
       (35391, 204, '224', 1, 86000000, 620, 38, 0, 0),
       (35392, 204, '225', 2, 95000000, 1000, 38, 0, 0),
       (35393, 204, '226', 4, 131000000, 910, 38, 0, 0),
       (35394, 204, '227', 1, 83000000, 500, 38, 0, 0),
       (35395, 204, '228', 3, 109000000, 750, 38, 0, 0),
       (35396, 204, '229', 4, 108000000, 600, 39, 0, 0),
       (35397, 204, '230', 4, 60000000, 760, 39, 0, 0),
       (35398, 204, '231', 2, 144000000, 760, 39, 0, 0),
       (35399, 204, '232', 1, 97000000, 430, 39, 0, 0),
       (35400, 204, '233', 3, 77000000, 850, 39, 0, 0),
       (35401, 204, '234', 4, 99000000, 870, 39, 0, 0),
       (35402, 204, '235', 4, 141000000, 530, 40, 0, 0),
       (35403, 204, '236', 4, 67000000, 540, 40, 0, 0),
       (35404, 204, '237', 3, 77000000, 590, 40, 0, 0),
       (35405, 204, '238', 3, 71000000, 600, 40, 0, 0),
       (35406, 204, '239', 2, 74000000, 780, 40, 0, 0),
       (35407, 204, '240', 3, 115000000, 900, 40, 0, 0),
       (35408, 204, '241', 3, 82000000, 1000, 41, 0, 0),
       (35409, 204, '242', 3, 136000000, 530, 41, 0, 0),
       (35410, 204, '243', 3, 147000000, 730, 41, 0, 0),
       (35411, 204, '244', 4, 105000000, 1000, 41, 0, 0),
       (35412, 204, '245', 3, 99000000, 730, 41, 0, 0),
       (35413, 204, '246', 3, 98000000, 740, 41, 0, 0),
       (35414, 204, '247', 2, 70000000, 430, 42, 0, 0),
       (35415, 204, '248', 4, 126000000, 650, 42, 0, 0),
       (35416, 204, '249', 1, 145000000, 490, 42, 0, 0),
       (35417, 204, '250', 2, 120000000, 430, 42, 0, 0),
       (35418, 204, '251', 3, 134000000, 830, 42, 0, 0),
       (35419, 204, '252', 3, 114000000, 480, 42, 0, 0),
       (35420, 204, '253', 2, 85000000, 730, 43, 0, 0),
       (35421, 204, '254', 4, 140000000, 710, 43, 0, 0),
       (35422, 204, '255', 4, 103000000, 970, 43, 0, 0),
       (35423, 204, '256', 4, 104000000, 560, 43, 0, 0),
       (35424, 204, '257', 2, 135000000, 470, 43, 0, 0),
       (35425, 204, '258', 3, 98000000, 780, 43, 0, 0),
       (35426, 204, '259', 4, 130000000, 970, 44, 0, 0),
       (35427, 204, '260', 3, 81000000, 760, 44, 0, 0),
       (35428, 204, '261', 3, 95000000, 950, 44, 0, 0),
       (35429, 204, '262', 4, 133000000, 600, 44, 0, 0),
       (35430, 204, '263', 4, 141000000, 810, 44, 0, 0),
       (35431, 204, '264', 2, 83000000, 610, 44, 0, 0),
       (35432, 204, '265', 3, 122000000, 760, 45, 0, 0),
       (35433, 204, '266', 1, 137000000, 970, 45, 0, 0),
       (35434, 204, '267', 2, 108000000, 570, 45, 0, 0),
       (35435, 204, '268', 1, 88000000, 800, 45, 0, 0),
       (35436, 204, '269', 3, 86000000, 470, 45, 0, 0),
       (35437, 204, '270', 4, 129000000, 530, 45, 0, 0),
       (35438, 204, '271', 4, 126000000, 920, 46, 0, 0),
       (35439, 204, '272', 4, 78000000, 790, 46, 0, 0),
       (35440, 204, '273', 4, 60000000, 710, 46, 0, 0),
       (35441, 204, '274', 3, 96000000, 740, 46, 0, 0),
       (35442, 204, '275', 3, 70000000, 690, 46, 0, 0),
       (35443, 204, '276', 3, 131000000, 980, 46, 0, 0),
       (35444, 204, '277', 3, 120000000, 520, 47, 0, 0),
       (35445, 204, '278', 4, 83000000, 420, 47, 0, 0),
       (35446, 204, '279', 1, 141000000, 760, 47, 0, 0),
       (35447, 204, '280', 4, 111000000, 720, 47, 0, 0),
       (35448, 204, '281', 1, 113000000, 600, 47, 0, 0),
       (35449, 204, '282', 2, 79000000, 430, 47, 0, 0),
       (35450, 204, '283', 2, 77000000, 780, 48, 0, 0),
       (35451, 204, '284', 3, 101000000, 450, 48, 0, 0),
       (35452, 204, '285', 4, 115000000, 540, 48, 0, 0),
       (35453, 204, '286', 2, 136000000, 550, 48, 0, 0),
       (35454, 204, '287', 3, 126000000, 880, 48, 0, 0),
       (35455, 204, '288', 3, 135000000, 880, 48, 0, 0),
       (35456, 204, '289', 1, 80000000, 810, 49, 0, 0),
       (35457, 204, '290', 3, 75000000, 990, 49, 0, 0),
       (35458, 204, '291', 1, 116000000, 600, 49, 0, 0),
       (35459, 204, '292', 2, 92000000, 610, 49, 0, 0),
       (35460, 204, '293', 2, 124000000, 930, 49, 0, 0),
       (35461, 204, '294', 4, 108000000, 740, 49, 0, 0),
       (35462, 204, '295', 4, 87000000, 450, 50, 0, 0),
       (35463, 204, '296', 2, 132000000, 560, 50, 0, 0),
       (35464, 204, '297', 3, 140000000, 730, 50, 0, 0),
       (35465, 204, '298', 1, 103000000, 480, 50, 0, 0),
       (35466, 204, '299', 1, 147000000, 860, 50, 0, 0),
       (35467, 204, '300', 1, 135000000, 600, 50, 0, 0),
       (35468, 204, '301', 1, 133000000, 870, 51, 0, 0),
       (35469, 204, '302', 2, 112000000, 620, 51, 0, 0),
       (35470, 204, '303', 2, 146000000, 520, 51, 0, 0),
       (35471, 204, '304', 4, 109000000, 850, 51, 0, 0),
       (35472, 204, '305', 4, 132000000, 620, 51, 0, 0),
       (35473, 204, '306', 4, 128000000, 400, 51, 0, 0),
       (35474, 204, '307', 4, 140000000, 660, 52, 0, 0),
       (35475, 204, '308', 2, 122000000, 440, 52, 0, 0),
       (35476, 204, '309', 4, 85000000, 540, 52, 0, 0),
       (35477, 204, '310', 3, 130000000, 800, 52, 0, 0),
       (35478, 204, '311', 2, 139000000, 440, 52, 0, 0),
       (35479, 204, '312', 4, 60000000, 630, 52, 0, 0),
       (35480, 204, '313', 1, 67000000, 560, 53, 0, 0),
       (35481, 204, '314', 3, 74000000, 450, 53, 0, 0),
       (35482, 204, '315', 4, 101000000, 400, 53, 0, 0),
       (35483, 204, '316', 1, 112000000, 900, 53, 0, 0),
       (35484, 204, '317', 1, 145000000, 670, 53, 0, 0),
       (35485, 204, '318', 3, 60000000, 440, 53, 0, 0),
       (35486, 204, '319', 4, 106000000, 890, 54, 0, 0),
       (35487, 204, '320', 4, 113000000, 410, 54, 0, 0),
       (35488, 204, '321', 1, 112000000, 1000, 54, 0, 0),
       (35489, 204, '322', 4, 116000000, 500, 54, 0, 0),
       (35490, 204, '323', 1, 89000000, 480, 54, 0, 0),
       (35491, 204, '324', 2, 110000000, 570, 54, 0, 0),
       (35492, 204, '325', 4, 142000000, 640, 55, 0, 0),
       (35493, 204, '326', 3, 95000000, 550, 55, 0, 0),
       (35494, 204, '327', 1, 80000000, 640, 55, 0, 0),
       (35495, 204, '328', 1, 149000000, 700, 55, 0, 0),
       (35496, 204, '329', 3, 101000000, 470, 55, 0, 0),
       (35497, 204, '330', 4, 93000000, 760, 55, 0, 0),
       (35498, 204, '331', 2, 148000000, 950, 56, 0, 0),
       (35499, 204, '332', 3, 121000000, 960, 56, 0, 0),
       (35500, 204, '333', 4, 86000000, 950, 56, 0, 0),
       (35501, 204, '334', 4, 79000000, 830, 56, 0, 0),
       (35502, 204, '335', 1, 105000000, 980, 56, 0, 0),
       (35503, 204, '336', 3, 120000000, 570, 56, 0, 0),
       (35504, 204, '337', 4, 112000000, 650, 57, 0, 0),
       (35505, 204, '338', 1, 118000000, 470, 57, 0, 0),
       (35506, 204, '339', 3, 112000000, 880, 57, 0, 0),
       (35507, 204, '340', 4, 118000000, 540, 57, 0, 0),
       (35508, 204, '341', 3, 66000000, 800, 57, 0, 0),
       (35509, 204, '342', 1, 113000000, 580, 57, 0, 0),
       (35510, 204, '343', 2, 113000000, 490, 58, 0, 0),
       (35511, 204, '344', 2, 91000000, 750, 58, 0, 0),
       (35512, 204, '345', 1, 104000000, 770, 58, 0, 0),
       (35513, 204, '346', 4, 97000000, 920, 58, 0, 0),
       (35514, 204, '347', 2, 119000000, 750, 58, 0, 0),
       (35515, 204, '348', 4, 68000000, 450, 58, 0, 0),
       (35516, 204, '349', 2, 148000000, 450, 59, 0, 0),
       (35517, 204, '350', 4, 118000000, 490, 59, 0, 0),
       (35518, 204, '351', 1, 90000000, 800, 59, 0, 0),
       (35519, 204, '352', 2, 66000000, 730, 59, 0, 0),
       (35520, 204, '353', 1, 73000000, 690, 59, 0, 0),
       (35521, 204, '354', 4, 107000000, 990, 59, 0, 0),
       (35522, 204, '355', 4, 132000000, 800, 60, 0, 0),
       (35523, 204, '356', 1, 79000000, 890, 60, 0, 0),
       (35524, 204, '357', 4, 121000000, 750, 60, 0, 0),
       (35525, 204, '358', 1, 146000000, 440, 60, 0, 0),
       (35526, 204, '359', 2, 70000000, 970, 60, 0, 0),
       (35527, 204, '360', 2, 92000000, 410, 60, 0, 0),
       (35528, 204, '361', 3, 106000000, 990, 61, 0, 0),
       (35529, 204, '362', 1, 106000000, 490, 61, 0, 0),
       (35530, 204, '363', 3, 66000000, 980, 61, 0, 0),
       (35531, 204, '364', 2, 100000000, 680, 61, 0, 0),
       (35532, 204, '365', 2, 101000000, 600, 61, 0, 0),
       (35533, 204, '366', 3, 116000000, 560, 61, 0, 0),
       (35534, 204, '367', 1, 107000000, 840, 62, 0, 0),
       (35535, 204, '368', 3, 71000000, 910, 62, 0, 0),
       (35536, 204, '369', 3, 63000000, 820, 62, 0, 0),
       (35537, 204, '370', 4, 135000000, 810, 62, 0, 0),
       (35538, 204, '371', 2, 107000000, 620, 62, 0, 0),
       (35539, 204, '372', 1, 139000000, 910, 62, 0, 0),
       (35540, 204, '373', 1, 125000000, 610, 63, 0, 0),
       (35541, 204, '374', 3, 75000000, 600, 63, 0, 0),
       (35542, 204, '375', 4, 111000000, 430, 63, 0, 0),
       (35543, 204, '376', 1, 114000000, 960, 63, 0, 0),
       (35544, 204, '377', 2, 86000000, 510, 63, 0, 0),
       (35545, 204, '378', 3, 96000000, 720, 63, 0, 0),
       (35546, 204, '379', 2, 66000000, 440, 64, 0, 0),
       (35547, 204, '380', 2, 114000000, 570, 64, 0, 0),
       (35548, 204, '381', 2, 96000000, 400, 64, 0, 0),
       (35549, 204, '382', 2, 130000000, 560, 64, 0, 0),
       (35550, 204, '383', 4, 118000000, 410, 64, 0, 0),
       (35551, 204, '384', 4, 121000000, 690, 64, 0, 0),
       (35552, 204, '385', 4, 100000000, 400, 65, 0, 0),
       (35553, 204, '386', 2, 147000000, 740, 65, 0, 0),
       (35554, 204, '387', 2, 83000000, 610, 65, 0, 0),
       (35555, 204, '388', 1, 93000000, 640, 65, 0, 0),
       (35556, 204, '389', 3, 128000000, 770, 65, 0, 0),
       (35557, 204, '390', 1, 82000000, 950, 65, 0, 0);
insert into real_estate_building (id, address, complex_id, floor_count, dev_id)
values (205, 'г. Москва, ул. Кутузовская, д. 24', 9, 68, 9);
insert into real_estate_object (id, building_id ,local_address, places, price, area, floor, type, estate_type)
values (35558, 205, '1', 2, 125000000, 800, 1, 0, 0),
       (35559, 205, '2', 4, 117000000, 460, 1, 0, 0),
       (35560, 205, '3', 3, 116000000, 980, 1, 0, 0),
       (35561, 205, '4', 3, 132000000, 690, 1, 0, 0),
       (35562, 205, '5', 1, 80000000, 520, 1, 0, 0),
       (35563, 205, '6', 4, 95000000, 880, 1, 0, 0),
       (35564, 205, '7', 3, 114000000, 800, 2, 0, 0),
       (35565, 205, '8', 1, 122000000, 830, 2, 0, 0),
       (35566, 205, '9', 1, 90000000, 480, 2, 0, 0),
       (35567, 205, '10', 3, 131000000, 690, 2, 0, 0),
       (35568, 205, '11', 3, 131000000, 510, 2, 0, 0),
       (35569, 205, '12', 1, 118000000, 500, 2, 0, 0),
       (35570, 205, '13', 1, 80000000, 670, 3, 0, 0),
       (35571, 205, '14', 4, 102000000, 410, 3, 0, 0),
       (35572, 205, '15', 3, 68000000, 460, 3, 0, 0),
       (35573, 205, '16', 3, 90000000, 650, 3, 0, 0),
       (35574, 205, '17', 2, 60000000, 600, 3, 0, 0),
       (35575, 205, '18', 2, 105000000, 690, 3, 0, 0),
       (35576, 205, '19', 2, 146000000, 510, 4, 0, 0),
       (35577, 205, '20', 4, 97000000, 540, 4, 0, 0),
       (35578, 205, '21', 3, 64000000, 950, 4, 0, 0),
       (35579, 205, '22', 4, 87000000, 830, 4, 0, 0),
       (35580, 205, '23', 2, 87000000, 710, 4, 0, 0),
       (35581, 205, '24', 1, 105000000, 560, 4, 0, 0),
       (35582, 205, '25', 4, 88000000, 750, 5, 0, 0),
       (35583, 205, '26', 3, 67000000, 970, 5, 0, 0),
       (35584, 205, '27', 4, 118000000, 720, 5, 0, 0),
       (35585, 205, '28', 1, 68000000, 490, 5, 0, 0),
       (35586, 205, '29', 2, 130000000, 450, 5, 0, 0),
       (35587, 205, '30', 2, 121000000, 780, 5, 0, 0),
       (35588, 205, '31', 1, 129000000, 950, 6, 0, 0),
       (35589, 205, '32', 2, 140000000, 650, 6, 0, 0),
       (35590, 205, '33', 4, 110000000, 700, 6, 0, 0),
       (35591, 205, '34', 4, 72000000, 850, 6, 0, 0),
       (35592, 205, '35', 1, 129000000, 450, 6, 0, 0),
       (35593, 205, '36', 2, 83000000, 900, 6, 0, 0),
       (35594, 205, '37', 4, 91000000, 850, 7, 0, 0),
       (35595, 205, '38', 3, 72000000, 980, 7, 0, 0),
       (35596, 205, '39', 2, 87000000, 870, 7, 0, 0),
       (35597, 205, '40', 1, 79000000, 540, 7, 0, 0),
       (35598, 205, '41', 4, 112000000, 920, 7, 0, 0),
       (35599, 205, '42', 2, 101000000, 570, 7, 0, 0),
       (35600, 205, '43', 1, 104000000, 620, 8, 0, 0),
       (35601, 205, '44', 4, 132000000, 900, 8, 0, 0),
       (35602, 205, '45', 1, 138000000, 830, 8, 0, 0),
       (35603, 205, '46', 4, 144000000, 700, 8, 0, 0),
       (35604, 205, '47', 3, 80000000, 740, 8, 0, 0),
       (35605, 205, '48', 3, 129000000, 920, 8, 0, 0),
       (35606, 205, '49', 1, 122000000, 510, 9, 0, 0),
       (35607, 205, '50', 2, 110000000, 920, 9, 0, 0),
       (35608, 205, '51', 2, 121000000, 520, 9, 0, 0),
       (35609, 205, '52', 4, 117000000, 930, 9, 0, 0),
       (35610, 205, '53', 2, 68000000, 580, 9, 0, 0),
       (35611, 205, '54', 3, 99000000, 910, 9, 0, 0),
       (35612, 205, '55', 3, 92000000, 410, 10, 0, 0),
       (35613, 205, '56', 1, 78000000, 800, 10, 0, 0),
       (35614, 205, '57', 4, 110000000, 690, 10, 0, 0),
       (35615, 205, '58', 4, 120000000, 560, 10, 0, 0),
       (35616, 205, '59', 2, 118000000, 680, 10, 0, 0),
       (35617, 205, '60', 1, 79000000, 830, 10, 0, 0),
       (35618, 205, '61', 2, 90000000, 980, 11, 0, 0),
       (35619, 205, '62', 3, 112000000, 710, 11, 0, 0),
       (35620, 205, '63', 4, 71000000, 770, 11, 0, 0),
       (35621, 205, '64', 4, 141000000, 470, 11, 0, 0),
       (35622, 205, '65', 1, 137000000, 420, 11, 0, 0),
       (35623, 205, '66', 3, 64000000, 870, 11, 0, 0),
       (35624, 205, '67', 4, 131000000, 540, 12, 0, 0),
       (35625, 205, '68', 4, 104000000, 860, 12, 0, 0),
       (35626, 205, '69', 4, 107000000, 650, 12, 0, 0),
       (35627, 205, '70', 4, 148000000, 810, 12, 0, 0),
       (35628, 205, '71', 4, 73000000, 700, 12, 0, 0),
       (35629, 205, '72', 4, 76000000, 450, 12, 0, 0),
       (35630, 205, '73', 4, 129000000, 830, 13, 0, 0),
       (35631, 205, '74', 1, 138000000, 710, 13, 0, 0),
       (35632, 205, '75', 1, 70000000, 710, 13, 0, 0),
       (35633, 205, '76', 4, 75000000, 810, 13, 0, 0),
       (35634, 205, '77', 2, 84000000, 740, 13, 0, 0),
       (35635, 205, '78', 2, 92000000, 720, 13, 0, 0),
       (35636, 205, '79', 2, 79000000, 880, 14, 0, 0),
       (35637, 205, '80', 4, 92000000, 930, 14, 0, 0),
       (35638, 205, '81', 4, 95000000, 820, 14, 0, 0),
       (35639, 205, '82', 2, 117000000, 880, 14, 0, 0),
       (35640, 205, '83', 2, 65000000, 970, 14, 0, 0),
       (35641, 205, '84', 4, 77000000, 950, 14, 0, 0),
       (35642, 205, '85', 4, 114000000, 550, 15, 0, 0),
       (35643, 205, '86', 1, 144000000, 800, 15, 0, 0),
       (35644, 205, '87', 1, 101000000, 740, 15, 0, 0),
       (35645, 205, '88', 3, 88000000, 720, 15, 0, 0),
       (35646, 205, '89', 1, 114000000, 750, 15, 0, 0),
       (35647, 205, '90', 3, 144000000, 920, 15, 0, 0),
       (35648, 205, '91', 3, 142000000, 700, 16, 0, 0),
       (35649, 205, '92', 3, 87000000, 1000, 16, 0, 0),
       (35650, 205, '93', 1, 115000000, 420, 16, 0, 0),
       (35651, 205, '94', 3, 106000000, 460, 16, 0, 0),
       (35652, 205, '95', 3, 126000000, 910, 16, 0, 0),
       (35653, 205, '96', 3, 88000000, 860, 16, 0, 0),
       (35654, 205, '97', 2, 134000000, 980, 17, 0, 0),
       (35655, 205, '98', 1, 60000000, 850, 17, 0, 0),
       (35656, 205, '99', 1, 63000000, 490, 17, 0, 0),
       (35657, 205, '100', 1, 67000000, 470, 17, 0, 0),
       (35658, 205, '101', 1, 130000000, 510, 17, 0, 0),
       (35659, 205, '102', 4, 73000000, 960, 17, 0, 0),
       (35660, 205, '103', 2, 77000000, 650, 18, 0, 0),
       (35661, 205, '104', 3, 150000000, 490, 18, 0, 0),
       (35662, 205, '105', 3, 139000000, 470, 18, 0, 0),
       (35663, 205, '106', 1, 140000000, 550, 18, 0, 0),
       (35664, 205, '107', 2, 138000000, 780, 18, 0, 0),
       (35665, 205, '108', 2, 117000000, 520, 18, 0, 0),
       (35666, 205, '109', 1, 139000000, 840, 19, 0, 0),
       (35667, 205, '110', 4, 91000000, 580, 19, 0, 0),
       (35668, 205, '111', 3, 70000000, 730, 19, 0, 0),
       (35669, 205, '112', 2, 103000000, 590, 19, 0, 0),
       (35670, 205, '113', 1, 119000000, 680, 19, 0, 0),
       (35671, 205, '114', 4, 65000000, 760, 19, 0, 0),
       (35672, 205, '115', 4, 122000000, 680, 20, 0, 0),
       (35673, 205, '116', 3, 96000000, 400, 20, 0, 0),
       (35674, 205, '117', 3, 96000000, 920, 20, 0, 0),
       (35675, 205, '118', 2, 94000000, 680, 20, 0, 0),
       (35676, 205, '119', 2, 124000000, 830, 20, 0, 0),
       (35677, 205, '120', 3, 127000000, 890, 20, 0, 0),
       (35678, 205, '121', 3, 119000000, 600, 21, 0, 0),
       (35679, 205, '122', 3, 142000000, 510, 21, 0, 0),
       (35680, 205, '123', 1, 82000000, 620, 21, 0, 0),
       (35681, 205, '124', 2, 108000000, 840, 21, 0, 0),
       (35682, 205, '125', 3, 112000000, 700, 21, 0, 0),
       (35683, 205, '126', 2, 130000000, 550, 21, 0, 0),
       (35684, 205, '127', 1, 114000000, 960, 22, 0, 0),
       (35685, 205, '128', 3, 124000000, 480, 22, 0, 0),
       (35686, 205, '129', 3, 120000000, 810, 22, 0, 0),
       (35687, 205, '130', 1, 123000000, 410, 22, 0, 0),
       (35688, 205, '131', 4, 63000000, 760, 22, 0, 0),
       (35689, 205, '132', 4, 122000000, 570, 22, 0, 0),
       (35690, 205, '133', 2, 101000000, 900, 23, 0, 0),
       (35691, 205, '134', 4, 91000000, 660, 23, 0, 0),
       (35692, 205, '135', 2, 71000000, 770, 23, 0, 0),
       (35693, 205, '136', 3, 144000000, 980, 23, 0, 0),
       (35694, 205, '137', 3, 84000000, 550, 23, 0, 0),
       (35695, 205, '138', 2, 84000000, 880, 23, 0, 0),
       (35696, 205, '139', 4, 111000000, 510, 24, 0, 0),
       (35697, 205, '140', 3, 73000000, 540, 24, 0, 0),
       (35698, 205, '141', 2, 73000000, 830, 24, 0, 0),
       (35699, 205, '142', 1, 135000000, 480, 24, 0, 0),
       (35700, 205, '143', 3, 136000000, 800, 24, 0, 0),
       (35701, 205, '144', 4, 114000000, 430, 24, 0, 0),
       (35702, 205, '145', 4, 84000000, 870, 25, 0, 0),
       (35703, 205, '146', 2, 85000000, 830, 25, 0, 0),
       (35704, 205, '147', 1, 132000000, 560, 25, 0, 0),
       (35705, 205, '148', 1, 126000000, 920, 25, 0, 0),
       (35706, 205, '149', 2, 104000000, 620, 25, 0, 0),
       (35707, 205, '150', 4, 132000000, 580, 25, 0, 0),
       (35708, 205, '151', 3, 145000000, 620, 26, 0, 0),
       (35709, 205, '152', 2, 84000000, 780, 26, 0, 0),
       (35710, 205, '153', 1, 124000000, 410, 26, 0, 0),
       (35711, 205, '154', 3, 62000000, 710, 26, 0, 0),
       (35712, 205, '155', 1, 86000000, 820, 26, 0, 0),
       (35713, 205, '156', 3, 97000000, 930, 26, 0, 0),
       (35714, 205, '157', 2, 150000000, 880, 27, 0, 0),
       (35715, 205, '158', 4, 114000000, 400, 27, 0, 0),
       (35716, 205, '159', 1, 122000000, 870, 27, 0, 0),
       (35717, 205, '160', 3, 74000000, 960, 27, 0, 0),
       (35718, 205, '161', 3, 97000000, 930, 27, 0, 0),
       (35719, 205, '162', 4, 141000000, 710, 27, 0, 0),
       (35720, 205, '163', 4, 100000000, 990, 28, 0, 0),
       (35721, 205, '164', 4, 114000000, 590, 28, 0, 0),
       (35722, 205, '165', 2, 108000000, 720, 28, 0, 0),
       (35723, 205, '166', 1, 104000000, 630, 28, 0, 0),
       (35724, 205, '167', 1, 83000000, 860, 28, 0, 0),
       (35725, 205, '168', 2, 105000000, 490, 28, 0, 0),
       (35726, 205, '169', 3, 111000000, 790, 29, 0, 0),
       (35727, 205, '170', 1, 101000000, 750, 29, 0, 0),
       (35728, 205, '171', 4, 61000000, 430, 29, 0, 0),
       (35729, 205, '172', 2, 106000000, 830, 29, 0, 0),
       (35730, 205, '173', 2, 81000000, 440, 29, 0, 0),
       (35731, 205, '174', 3, 122000000, 980, 29, 0, 0),
       (35732, 205, '175', 4, 135000000, 750, 30, 0, 0),
       (35733, 205, '176', 3, 109000000, 940, 30, 0, 0),
       (35734, 205, '177', 4, 100000000, 650, 30, 0, 0),
       (35735, 205, '178', 2, 89000000, 900, 30, 0, 0),
       (35736, 205, '179', 1, 77000000, 590, 30, 0, 0),
       (35737, 205, '180', 4, 73000000, 470, 30, 0, 0),
       (35738, 205, '181', 4, 99000000, 720, 31, 0, 0),
       (35739, 205, '182', 3, 120000000, 700, 31, 0, 0),
       (35740, 205, '183', 3, 70000000, 580, 31, 0, 0),
       (35741, 205, '184', 3, 112000000, 580, 31, 0, 0),
       (35742, 205, '185', 1, 64000000, 940, 31, 0, 0),
       (35743, 205, '186', 2, 65000000, 930, 31, 0, 0),
       (35744, 205, '187', 1, 119000000, 680, 32, 0, 0),
       (35745, 205, '188', 3, 135000000, 840, 32, 0, 0),
       (35746, 205, '189', 1, 97000000, 420, 32, 0, 0),
       (35747, 205, '190', 1, 135000000, 660, 32, 0, 0),
       (35748, 205, '191', 2, 72000000, 560, 32, 0, 0),
       (35749, 205, '192', 4, 140000000, 1000, 32, 0, 0),
       (35750, 205, '193', 2, 119000000, 770, 33, 0, 0),
       (35751, 205, '194', 1, 68000000, 440, 33, 0, 0),
       (35752, 205, '195', 3, 62000000, 590, 33, 0, 0),
       (35753, 205, '196', 3, 88000000, 780, 33, 0, 0),
       (35754, 205, '197', 3, 89000000, 530, 33, 0, 0),
       (35755, 205, '198', 4, 116000000, 740, 33, 0, 0),
       (35756, 205, '199', 1, 146000000, 730, 34, 0, 0),
       (35757, 205, '200', 2, 124000000, 730, 34, 0, 0),
       (35758, 205, '201', 1, 138000000, 510, 34, 0, 0),
       (35759, 205, '202', 3, 79000000, 440, 34, 0, 0),
       (35760, 205, '203', 2, 99000000, 580, 34, 0, 0),
       (35761, 205, '204', 4, 61000000, 740, 34, 0, 0),
       (35762, 205, '205', 4, 147000000, 430, 35, 0, 0),
       (35763, 205, '206', 1, 145000000, 560, 35, 0, 0),
       (35764, 205, '207', 3, 127000000, 830, 35, 0, 0),
       (35765, 205, '208', 2, 145000000, 830, 35, 0, 0),
       (35766, 205, '209', 2, 122000000, 660, 35, 0, 0),
       (35767, 205, '210', 3, 78000000, 860, 35, 0, 0),
       (35768, 205, '211', 4, 101000000, 400, 36, 0, 0),
       (35769, 205, '212', 2, 129000000, 480, 36, 0, 0),
       (35770, 205, '213', 1, 131000000, 820, 36, 0, 0),
       (35771, 205, '214', 3, 110000000, 830, 36, 0, 0),
       (35772, 205, '215', 3, 132000000, 440, 36, 0, 0),
       (35773, 205, '216', 4, 72000000, 530, 36, 0, 0),
       (35774, 205, '217', 4, 67000000, 730, 37, 0, 0),
       (35775, 205, '218', 4, 107000000, 920, 37, 0, 0),
       (35776, 205, '219', 4, 95000000, 890, 37, 0, 0),
       (35777, 205, '220', 3, 97000000, 880, 37, 0, 0),
       (35778, 205, '221', 4, 131000000, 890, 37, 0, 0),
       (35779, 205, '222', 4, 128000000, 760, 37, 0, 0),
       (35780, 205, '223', 4, 71000000, 770, 38, 0, 0),
       (35781, 205, '224', 3, 78000000, 570, 38, 0, 0),
       (35782, 205, '225', 3, 141000000, 680, 38, 0, 0),
       (35783, 205, '226', 3, 101000000, 600, 38, 0, 0),
       (35784, 205, '227', 1, 128000000, 960, 38, 0, 0),
       (35785, 205, '228', 2, 138000000, 700, 38, 0, 0),
       (35786, 205, '229', 4, 105000000, 590, 39, 0, 0),
       (35787, 205, '230', 2, 60000000, 900, 39, 0, 0),
       (35788, 205, '231', 3, 119000000, 840, 39, 0, 0),
       (35789, 205, '232', 3, 106000000, 470, 39, 0, 0),
       (35790, 205, '233', 3, 74000000, 720, 39, 0, 0),
       (35791, 205, '234', 2, 64000000, 590, 39, 0, 0),
       (35792, 205, '235', 2, 69000000, 510, 40, 0, 0),
       (35793, 205, '236', 3, 118000000, 530, 40, 0, 0),
       (35794, 205, '237', 1, 98000000, 970, 40, 0, 0),
       (35795, 205, '238', 4, 107000000, 590, 40, 0, 0),
       (35796, 205, '239', 1, 144000000, 960, 40, 0, 0),
       (35797, 205, '240', 2, 106000000, 930, 40, 0, 0),
       (35798, 205, '241', 1, 93000000, 680, 41, 0, 0),
       (35799, 205, '242', 1, 83000000, 550, 41, 0, 0),
       (35800, 205, '243', 4, 107000000, 870, 41, 0, 0),
       (35801, 205, '244', 3, 106000000, 940, 41, 0, 0),
       (35802, 205, '245', 3, 136000000, 690, 41, 0, 0),
       (35803, 205, '246', 4, 106000000, 880, 41, 0, 0),
       (35804, 205, '247', 2, 137000000, 910, 42, 0, 0),
       (35805, 205, '248', 4, 64000000, 700, 42, 0, 0),
       (35806, 205, '249', 1, 133000000, 560, 42, 0, 0),
       (35807, 205, '250', 3, 122000000, 720, 42, 0, 0),
       (35808, 205, '251', 2, 138000000, 780, 42, 0, 0),
       (35809, 205, '252', 4, 141000000, 470, 42, 0, 0),
       (35810, 205, '253', 2, 149000000, 980, 43, 0, 0),
       (35811, 205, '254', 4, 92000000, 440, 43, 0, 0),
       (35812, 205, '255', 3, 150000000, 680, 43, 0, 0),
       (35813, 205, '256', 2, 134000000, 540, 43, 0, 0),
       (35814, 205, '257', 2, 148000000, 460, 43, 0, 0),
       (35815, 205, '258', 1, 107000000, 750, 43, 0, 0),
       (35816, 205, '259', 3, 111000000, 850, 44, 0, 0),
       (35817, 205, '260', 1, 140000000, 440, 44, 0, 0),
       (35818, 205, '261', 3, 77000000, 550, 44, 0, 0),
       (35819, 205, '262', 2, 76000000, 920, 44, 0, 0),
       (35820, 205, '263', 2, 86000000, 810, 44, 0, 0),
       (35821, 205, '264', 4, 81000000, 490, 44, 0, 0),
       (35822, 205, '265', 2, 69000000, 870, 45, 0, 0),
       (35823, 205, '266', 4, 127000000, 830, 45, 0, 0),
       (35824, 205, '267', 1, 113000000, 700, 45, 0, 0),
       (35825, 205, '268', 2, 130000000, 410, 45, 0, 0),
       (35826, 205, '269', 2, 86000000, 840, 45, 0, 0),
       (35827, 205, '270', 2, 131000000, 740, 45, 0, 0),
       (35828, 205, '271', 2, 146000000, 770, 46, 0, 0),
       (35829, 205, '272', 2, 87000000, 1000, 46, 0, 0),
       (35830, 205, '273', 3, 112000000, 920, 46, 0, 0),
       (35831, 205, '274', 2, 120000000, 500, 46, 0, 0),
       (35832, 205, '275', 4, 79000000, 1000, 46, 0, 0),
       (35833, 205, '276', 1, 78000000, 850, 46, 0, 0),
       (35834, 205, '277', 1, 61000000, 410, 47, 0, 0),
       (35835, 205, '278', 1, 94000000, 510, 47, 0, 0),
       (35836, 205, '279', 3, 121000000, 850, 47, 0, 0),
       (35837, 205, '280', 4, 82000000, 640, 47, 0, 0),
       (35838, 205, '281', 1, 131000000, 930, 47, 0, 0),
       (35839, 205, '282', 4, 122000000, 510, 47, 0, 0),
       (35840, 205, '283', 3, 140000000, 650, 48, 0, 0),
       (35841, 205, '284', 4, 60000000, 950, 48, 0, 0),
       (35842, 205, '285', 3, 130000000, 750, 48, 0, 0),
       (35843, 205, '286', 2, 61000000, 840, 48, 0, 0),
       (35844, 205, '287', 2, 132000000, 940, 48, 0, 0),
       (35845, 205, '288', 4, 69000000, 860, 48, 0, 0),
       (35846, 205, '289', 1, 130000000, 990, 49, 0, 0),
       (35847, 205, '290', 3, 91000000, 510, 49, 0, 0),
       (35848, 205, '291', 2, 130000000, 690, 49, 0, 0),
       (35849, 205, '292', 2, 112000000, 500, 49, 0, 0),
       (35850, 205, '293', 3, 149000000, 440, 49, 0, 0),
       (35851, 205, '294', 1, 128000000, 670, 49, 0, 0),
       (35852, 205, '295', 4, 149000000, 730, 50, 0, 0),
       (35853, 205, '296', 2, 133000000, 980, 50, 0, 0),
       (35854, 205, '297', 2, 100000000, 630, 50, 0, 0),
       (35855, 205, '298', 1, 103000000, 820, 50, 0, 0),
       (35856, 205, '299', 1, 95000000, 970, 50, 0, 0),
       (35857, 205, '300', 4, 81000000, 420, 50, 0, 0),
       (35858, 205, '301', 2, 88000000, 950, 51, 0, 0),
       (35859, 205, '302', 3, 76000000, 650, 51, 0, 0),
       (35860, 205, '303', 2, 72000000, 800, 51, 0, 0),
       (35861, 205, '304', 3, 100000000, 790, 51, 0, 0),
       (35862, 205, '305', 3, 123000000, 640, 51, 0, 0),
       (35863, 205, '306', 1, 111000000, 440, 51, 0, 0),
       (35864, 205, '307', 3, 84000000, 760, 52, 0, 0),
       (35865, 205, '308', 4, 85000000, 820, 52, 0, 0),
       (35866, 205, '309', 3, 142000000, 400, 52, 0, 0),
       (35867, 205, '310', 2, 133000000, 850, 52, 0, 0),
       (35868, 205, '311', 4, 87000000, 870, 52, 0, 0),
       (35869, 205, '312', 3, 112000000, 530, 52, 0, 0),
       (35870, 205, '313', 4, 74000000, 1000, 53, 0, 0),
       (35871, 205, '314', 3, 111000000, 600, 53, 0, 0),
       (35872, 205, '315', 4, 140000000, 560, 53, 0, 0),
       (35873, 205, '316', 3, 119000000, 980, 53, 0, 0),
       (35874, 205, '317', 1, 139000000, 550, 53, 0, 0),
       (35875, 205, '318', 4, 114000000, 580, 53, 0, 0),
       (35876, 205, '319', 4, 75000000, 990, 54, 0, 0),
       (35877, 205, '320', 4, 108000000, 470, 54, 0, 0),
       (35878, 205, '321', 1, 68000000, 520, 54, 0, 0),
       (35879, 205, '322', 4, 144000000, 620, 54, 0, 0),
       (35880, 205, '323', 1, 116000000, 940, 54, 0, 0),
       (35881, 205, '324', 1, 100000000, 930, 54, 0, 0),
       (35882, 205, '325', 4, 113000000, 450, 55, 0, 0),
       (35883, 205, '326', 3, 70000000, 530, 55, 0, 0),
       (35884, 205, '327', 3, 91000000, 650, 55, 0, 0),
       (35885, 205, '328', 1, 110000000, 890, 55, 0, 0),
       (35886, 205, '329', 4, 83000000, 570, 55, 0, 0),
       (35887, 205, '330', 2, 82000000, 590, 55, 0, 0),
       (35888, 205, '331', 1, 107000000, 660, 56, 0, 0),
       (35889, 205, '332', 3, 113000000, 900, 56, 0, 0),
       (35890, 205, '333', 3, 79000000, 670, 56, 0, 0),
       (35891, 205, '334', 1, 129000000, 800, 56, 0, 0),
       (35892, 205, '335', 3, 150000000, 950, 56, 0, 0),
       (35893, 205, '336', 1, 120000000, 880, 56, 0, 0),
       (35894, 205, '337', 3, 75000000, 530, 57, 0, 0),
       (35895, 205, '338', 2, 147000000, 730, 57, 0, 0),
       (35896, 205, '339', 3, 70000000, 950, 57, 0, 0),
       (35897, 205, '340', 4, 103000000, 620, 57, 0, 0),
       (35898, 205, '341', 2, 119000000, 580, 57, 0, 0),
       (35899, 205, '342', 3, 126000000, 730, 57, 0, 0),
       (35900, 205, '343', 2, 139000000, 970, 58, 0, 0),
       (35901, 205, '344', 2, 72000000, 660, 58, 0, 0),
       (35902, 205, '345', 1, 72000000, 870, 58, 0, 0),
       (35903, 205, '346', 2, 64000000, 710, 58, 0, 0),
       (35904, 205, '347', 1, 78000000, 610, 58, 0, 0),
       (35905, 205, '348', 3, 73000000, 610, 58, 0, 0),
       (35906, 205, '349', 3, 139000000, 450, 59, 0, 0),
       (35907, 205, '350', 2, 80000000, 450, 59, 0, 0),
       (35908, 205, '351', 3, 114000000, 650, 59, 0, 0),
       (35909, 205, '352', 2, 98000000, 860, 59, 0, 0),
       (35910, 205, '353', 3, 69000000, 720, 59, 0, 0),
       (35911, 205, '354', 3, 114000000, 490, 59, 0, 0),
       (35912, 205, '355', 2, 137000000, 760, 60, 0, 0),
       (35913, 205, '356', 2, 137000000, 780, 60, 0, 0),
       (35914, 205, '357', 3, 67000000, 910, 60, 0, 0),
       (35915, 205, '358', 3, 66000000, 800, 60, 0, 0),
       (35916, 205, '359', 2, 125000000, 780, 60, 0, 0),
       (35917, 205, '360', 3, 129000000, 820, 60, 0, 0),
       (35918, 205, '361', 2, 145000000, 620, 61, 0, 0),
       (35919, 205, '362', 1, 132000000, 700, 61, 0, 0),
       (35920, 205, '363', 2, 106000000, 860, 61, 0, 0),
       (35921, 205, '364', 2, 90000000, 640, 61, 0, 0),
       (35922, 205, '365', 2, 136000000, 710, 61, 0, 0),
       (35923, 205, '366', 3, 88000000, 610, 61, 0, 0),
       (35924, 205, '367', 3, 106000000, 800, 62, 0, 0),
       (35925, 205, '368', 1, 68000000, 940, 62, 0, 0),
       (35926, 205, '369', 4, 135000000, 750, 62, 0, 0),
       (35927, 205, '370', 4, 71000000, 680, 62, 0, 0),
       (35928, 205, '371', 4, 102000000, 750, 62, 0, 0),
       (35929, 205, '372', 2, 135000000, 600, 62, 0, 0),
       (35930, 205, '373', 4, 63000000, 520, 63, 0, 0),
       (35931, 205, '374', 2, 118000000, 590, 63, 0, 0),
       (35932, 205, '375', 2, 69000000, 420, 63, 0, 0),
       (35933, 205, '376', 2, 103000000, 850, 63, 0, 0),
       (35934, 205, '377', 4, 148000000, 940, 63, 0, 0),
       (35935, 205, '378', 2, 110000000, 790, 63, 0, 0),
       (35936, 205, '379', 4, 77000000, 870, 64, 0, 0),
       (35937, 205, '380', 3, 133000000, 770, 64, 0, 0),
       (35938, 205, '381', 4, 121000000, 930, 64, 0, 0),
       (35939, 205, '382', 3, 83000000, 780, 64, 0, 0),
       (35940, 205, '383', 1, 81000000, 400, 64, 0, 0),
       (35941, 205, '384', 4, 79000000, 740, 64, 0, 0),
       (35942, 205, '385', 4, 118000000, 760, 65, 0, 0),
       (35943, 205, '386', 1, 148000000, 540, 65, 0, 0),
       (35944, 205, '387', 4, 127000000, 900, 65, 0, 0),
       (35945, 205, '388', 2, 113000000, 470, 65, 0, 0),
       (35946, 205, '389', 2, 81000000, 870, 65, 0, 0),
       (35947, 205, '390', 3, 147000000, 910, 65, 0, 0),
       (35948, 205, '391', 1, 60000000, 770, 66, 0, 0),
       (35949, 205, '392', 4, 121000000, 890, 66, 0, 0),
       (35950, 205, '393', 1, 135000000, 460, 66, 0, 0),
       (35951, 205, '394', 4, 62000000, 750, 66, 0, 0),
       (35952, 205, '395', 1, 104000000, 640, 66, 0, 0),
       (35953, 205, '396', 4, 132000000, 970, 66, 0, 0),
       (35954, 205, '397', 4, 83000000, 910, 67, 0, 0),
       (35955, 205, '398', 3, 142000000, 490, 67, 0, 0),
       (35956, 205, '399', 3, 63000000, 660, 67, 0, 0),
       (35957, 205, '400', 4, 73000000, 720, 67, 0, 0),
       (35958, 205, '401', 4, 117000000, 660, 67, 0, 0),
       (35959, 205, '402', 3, 86000000, 800, 67, 0, 0),
       (35960, 205, '403', 1, 62000000, 790, 68, 0, 0),
       (35961, 205, '404', 3, 136000000, 980, 68, 0, 0),
       (35962, 205, '405', 3, 119000000, 1000, 68, 0, 0),
       (35963, 205, '406', 2, 119000000, 870, 68, 0, 0),
       (35964, 205, '407', 2, 102000000, 640, 68, 0, 0),
       (35965, 205, '408', 2, 147000000, 900, 68, 0, 0);
insert into real_estate_building (id, address, complex_id, floor_count, dev_id)
values (206, 'г. Москва, ул. Кутузовская, д. 25', 9, 53, 9);
insert into real_estate_object (id, building_id ,local_address, places, price, area, floor, type, estate_type)
values (35966, 206, '1', 3, 63000000, 430, 1, 0, 0),
       (35967, 206, '2', 1, 123000000, 980, 1, 0, 0),
       (35968, 206, '3', 2, 122000000, 440, 1, 0, 0),
       (35969, 206, '4', 1, 96000000, 980, 1, 0, 0),
       (35970, 206, '5', 3, 122000000, 930, 1, 0, 0),
       (35971, 206, '6', 2, 141000000, 550, 1, 0, 0),
       (35972, 206, '7', 2, 63000000, 630, 2, 0, 0),
       (35973, 206, '8', 1, 139000000, 830, 2, 0, 0),
       (35974, 206, '9', 3, 134000000, 530, 2, 0, 0),
       (35975, 206, '10', 3, 113000000, 900, 2, 0, 0),
       (35976, 206, '11', 1, 119000000, 550, 2, 0, 0),
       (35977, 206, '12', 2, 105000000, 950, 2, 0, 0),
       (35978, 206, '13', 3, 93000000, 860, 3, 0, 0),
       (35979, 206, '14', 1, 148000000, 420, 3, 0, 0),
       (35980, 206, '15', 4, 101000000, 620, 3, 0, 0),
       (35981, 206, '16', 2, 91000000, 700, 3, 0, 0),
       (35982, 206, '17', 2, 129000000, 620, 3, 0, 0),
       (35983, 206, '18', 3, 142000000, 860, 3, 0, 0),
       (35984, 206, '19', 3, 82000000, 820, 4, 0, 0),
       (35985, 206, '20', 3, 119000000, 660, 4, 0, 0),
       (35986, 206, '21', 1, 72000000, 710, 4, 0, 0),
       (35987, 206, '22', 1, 129000000, 650, 4, 0, 0),
       (35988, 206, '23', 4, 67000000, 680, 4, 0, 0),
       (35989, 206, '24', 1, 62000000, 880, 4, 0, 0),
       (35990, 206, '25', 1, 61000000, 610, 5, 0, 0),
       (35991, 206, '26', 1, 96000000, 950, 5, 0, 0),
       (35992, 206, '27', 3, 117000000, 870, 5, 0, 0),
       (35993, 206, '28', 4, 110000000, 810, 5, 0, 0),
       (35994, 206, '29', 4, 113000000, 890, 5, 0, 0),
       (35995, 206, '30', 2, 120000000, 730, 5, 0, 0),
       (35996, 206, '31', 3, 141000000, 990, 6, 0, 0),
       (35997, 206, '32', 3, 98000000, 740, 6, 0, 0),
       (35998, 206, '33', 4, 131000000, 420, 6, 0, 0),
       (35999, 206, '34', 4, 86000000, 460, 6, 0, 0),
       (36000, 206, '35', 1, 93000000, 890, 6, 0, 0),
       (36001, 206, '36', 4, 85000000, 710, 6, 0, 0),
       (36002, 206, '37', 3, 135000000, 700, 7, 0, 0),
       (36003, 206, '38', 4, 138000000, 450, 7, 0, 0),
       (36004, 206, '39', 1, 86000000, 650, 7, 0, 0),
       (36005, 206, '40', 1, 139000000, 960, 7, 0, 0),
       (36006, 206, '41', 4, 99000000, 970, 7, 0, 0),
       (36007, 206, '42', 4, 117000000, 630, 7, 0, 0),
       (36008, 206, '43', 2, 118000000, 1000, 8, 0, 0),
       (36009, 206, '44', 3, 71000000, 770, 8, 0, 0),
       (36010, 206, '45', 1, 62000000, 610, 8, 0, 0),
       (36011, 206, '46', 4, 124000000, 770, 8, 0, 0),
       (36012, 206, '47', 2, 127000000, 830, 8, 0, 0),
       (36013, 206, '48', 2, 94000000, 430, 8, 0, 0),
       (36014, 206, '49', 4, 66000000, 980, 9, 0, 0),
       (36015, 206, '50', 4, 112000000, 530, 9, 0, 0),
       (36016, 206, '51', 3, 109000000, 830, 9, 0, 0),
       (36017, 206, '52', 1, 86000000, 600, 9, 0, 0),
       (36018, 206, '53', 2, 146000000, 760, 9, 0, 0),
       (36019, 206, '54', 4, 110000000, 670, 9, 0, 0),
       (36020, 206, '55', 2, 145000000, 850, 10, 0, 0),
       (36021, 206, '56', 3, 116000000, 660, 10, 0, 0),
       (36022, 206, '57', 3, 133000000, 750, 10, 0, 0),
       (36023, 206, '58', 3, 120000000, 710, 10, 0, 0),
       (36024, 206, '59', 1, 139000000, 780, 10, 0, 0),
       (36025, 206, '60', 4, 99000000, 820, 10, 0, 0),
       (36026, 206, '61', 3, 147000000, 790, 11, 0, 0),
       (36027, 206, '62', 4, 125000000, 600, 11, 0, 0),
       (36028, 206, '63', 3, 101000000, 590, 11, 0, 0),
       (36029, 206, '64', 2, 122000000, 590, 11, 0, 0),
       (36030, 206, '65', 3, 102000000, 950, 11, 0, 0),
       (36031, 206, '66', 4, 99000000, 800, 11, 0, 0),
       (36032, 206, '67', 4, 119000000, 500, 12, 0, 0),
       (36033, 206, '68', 1, 138000000, 470, 12, 0, 0),
       (36034, 206, '69', 3, 115000000, 520, 12, 0, 0),
       (36035, 206, '70', 1, 125000000, 760, 12, 0, 0),
       (36036, 206, '71', 1, 108000000, 820, 12, 0, 0),
       (36037, 206, '72', 3, 119000000, 960, 12, 0, 0),
       (36038, 206, '73', 1, 128000000, 730, 13, 0, 0),
       (36039, 206, '74', 4, 100000000, 980, 13, 0, 0),
       (36040, 206, '75', 1, 61000000, 820, 13, 0, 0),
       (36041, 206, '76', 2, 125000000, 870, 13, 0, 0),
       (36042, 206, '77', 2, 74000000, 840, 13, 0, 0),
       (36043, 206, '78', 2, 126000000, 640, 13, 0, 0),
       (36044, 206, '79', 4, 123000000, 840, 14, 0, 0),
       (36045, 206, '80', 1, 136000000, 560, 14, 0, 0),
       (36046, 206, '81', 4, 67000000, 950, 14, 0, 0),
       (36047, 206, '82', 1, 101000000, 880, 14, 0, 0),
       (36048, 206, '83', 4, 106000000, 510, 14, 0, 0),
       (36049, 206, '84', 2, 67000000, 430, 14, 0, 0),
       (36050, 206, '85', 3, 97000000, 400, 15, 0, 0),
       (36051, 206, '86', 2, 101000000, 580, 15, 0, 0),
       (36052, 206, '87', 2, 130000000, 860, 15, 0, 0),
       (36053, 206, '88', 2, 144000000, 820, 15, 0, 0),
       (36054, 206, '89', 4, 118000000, 540, 15, 0, 0),
       (36055, 206, '90', 4, 143000000, 780, 15, 0, 0),
       (36056, 206, '91', 3, 101000000, 840, 16, 0, 0),
       (36057, 206, '92', 4, 109000000, 660, 16, 0, 0),
       (36058, 206, '93', 3, 105000000, 460, 16, 0, 0),
       (36059, 206, '94', 3, 108000000, 870, 16, 0, 0),
       (36060, 206, '95', 2, 84000000, 500, 16, 0, 0),
       (36061, 206, '96', 3, 95000000, 520, 16, 0, 0),
       (36062, 206, '97', 3, 146000000, 580, 17, 0, 0),
       (36063, 206, '98', 4, 143000000, 640, 17, 0, 0),
       (36064, 206, '99', 1, 61000000, 840, 17, 0, 0),
       (36065, 206, '100', 2, 119000000, 630, 17, 0, 0),
       (36066, 206, '101', 1, 121000000, 590, 17, 0, 0),
       (36067, 206, '102', 4, 122000000, 730, 17, 0, 0),
       (36068, 206, '103', 2, 64000000, 930, 18, 0, 0),
       (36069, 206, '104', 2, 147000000, 720, 18, 0, 0),
       (36070, 206, '105', 2, 130000000, 750, 18, 0, 0),
       (36071, 206, '106', 1, 71000000, 980, 18, 0, 0),
       (36072, 206, '107', 3, 97000000, 620, 18, 0, 0),
       (36073, 206, '108', 4, 137000000, 750, 18, 0, 0),
       (36074, 206, '109', 1, 79000000, 490, 19, 0, 0),
       (36075, 206, '110', 2, 108000000, 890, 19, 0, 0),
       (36076, 206, '111', 4, 115000000, 470, 19, 0, 0),
       (36077, 206, '112', 1, 61000000, 470, 19, 0, 0),
       (36078, 206, '113', 2, 142000000, 710, 19, 0, 0),
       (36079, 206, '114', 2, 120000000, 970, 19, 0, 0),
       (36080, 206, '115', 3, 121000000, 790, 20, 0, 0),
       (36081, 206, '116', 3, 141000000, 580, 20, 0, 0),
       (36082, 206, '117', 1, 106000000, 610, 20, 0, 0),
       (36083, 206, '118', 2, 118000000, 830, 20, 0, 0),
       (36084, 206, '119', 1, 122000000, 700, 20, 0, 0),
       (36085, 206, '120', 2, 125000000, 950, 20, 0, 0),
       (36086, 206, '121', 2, 104000000, 530, 21, 0, 0),
       (36087, 206, '122', 1, 86000000, 640, 21, 0, 0),
       (36088, 206, '123', 1, 93000000, 740, 21, 0, 0),
       (36089, 206, '124', 3, 103000000, 620, 21, 0, 0),
       (36090, 206, '125', 3, 128000000, 500, 21, 0, 0),
       (36091, 206, '126', 1, 118000000, 590, 21, 0, 0),
       (36092, 206, '127', 2, 82000000, 610, 22, 0, 0),
       (36093, 206, '128', 4, 147000000, 450, 22, 0, 0),
       (36094, 206, '129', 2, 130000000, 860, 22, 0, 0),
       (36095, 206, '130', 1, 135000000, 450, 22, 0, 0),
       (36096, 206, '131', 3, 95000000, 470, 22, 0, 0),
       (36097, 206, '132', 3, 66000000, 700, 22, 0, 0),
       (36098, 206, '133', 1, 140000000, 630, 23, 0, 0),
       (36099, 206, '134', 3, 119000000, 400, 23, 0, 0),
       (36100, 206, '135', 3, 79000000, 760, 23, 0, 0),
       (36101, 206, '136', 3, 71000000, 420, 23, 0, 0),
       (36102, 206, '137', 2, 108000000, 500, 23, 0, 0),
       (36103, 206, '138', 3, 115000000, 570, 23, 0, 0),
       (36104, 206, '139', 2, 73000000, 860, 24, 0, 0),
       (36105, 206, '140', 3, 102000000, 880, 24, 0, 0),
       (36106, 206, '141', 1, 139000000, 640, 24, 0, 0),
       (36107, 206, '142', 4, 79000000, 520, 24, 0, 0),
       (36108, 206, '143', 3, 138000000, 760, 24, 0, 0),
       (36109, 206, '144', 3, 102000000, 820, 24, 0, 0),
       (36110, 206, '145', 1, 143000000, 530, 25, 0, 0),
       (36111, 206, '146', 1, 123000000, 1000, 25, 0, 0),
       (36112, 206, '147', 2, 137000000, 980, 25, 0, 0),
       (36113, 206, '148', 3, 114000000, 740, 25, 0, 0),
       (36114, 206, '149', 1, 111000000, 890, 25, 0, 0),
       (36115, 206, '150', 4, 143000000, 1000, 25, 0, 0),
       (36116, 206, '151', 1, 66000000, 760, 26, 0, 0),
       (36117, 206, '152', 3, 140000000, 550, 26, 0, 0),
       (36118, 206, '153', 1, 116000000, 920, 26, 0, 0),
       (36119, 206, '154', 1, 125000000, 740, 26, 0, 0),
       (36120, 206, '155', 4, 148000000, 610, 26, 0, 0),
       (36121, 206, '156', 4, 97000000, 960, 26, 0, 0),
       (36122, 206, '157', 1, 105000000, 940, 27, 0, 0),
       (36123, 206, '158', 4, 98000000, 570, 27, 0, 0),
       (36124, 206, '159', 4, 144000000, 470, 27, 0, 0),
       (36125, 206, '160', 2, 78000000, 670, 27, 0, 0),
       (36126, 206, '161', 1, 106000000, 870, 27, 0, 0),
       (36127, 206, '162', 1, 145000000, 720, 27, 0, 0),
       (36128, 206, '163', 3, 73000000, 470, 28, 0, 0),
       (36129, 206, '164', 1, 119000000, 540, 28, 0, 0),
       (36130, 206, '165', 3, 142000000, 780, 28, 0, 0),
       (36131, 206, '166', 4, 98000000, 500, 28, 0, 0),
       (36132, 206, '167', 4, 94000000, 650, 28, 0, 0),
       (36133, 206, '168', 2, 109000000, 830, 28, 0, 0),
       (36134, 206, '169', 3, 75000000, 510, 29, 0, 0),
       (36135, 206, '170', 1, 80000000, 790, 29, 0, 0),
       (36136, 206, '171', 4, 73000000, 600, 29, 0, 0),
       (36137, 206, '172', 2, 62000000, 850, 29, 0, 0),
       (36138, 206, '173', 3, 140000000, 930, 29, 0, 0),
       (36139, 206, '174', 1, 139000000, 930, 29, 0, 0),
       (36140, 206, '175', 1, 126000000, 650, 30, 0, 0),
       (36141, 206, '176', 4, 79000000, 950, 30, 0, 0),
       (36142, 206, '177', 1, 121000000, 550, 30, 0, 0),
       (36143, 206, '178', 3, 142000000, 710, 30, 0, 0),
       (36144, 206, '179', 2, 70000000, 550, 30, 0, 0),
       (36145, 206, '180', 1, 74000000, 710, 30, 0, 0),
       (36146, 206, '181', 1, 74000000, 840, 31, 0, 0),
       (36147, 206, '182', 4, 131000000, 950, 31, 0, 0),
       (36148, 206, '183', 4, 93000000, 910, 31, 0, 0),
       (36149, 206, '184', 1, 143000000, 820, 31, 0, 0),
       (36150, 206, '185', 3, 138000000, 900, 31, 0, 0),
       (36151, 206, '186', 2, 115000000, 480, 31, 0, 0),
       (36152, 206, '187', 2, 83000000, 770, 32, 0, 0),
       (36153, 206, '188', 4, 128000000, 880, 32, 0, 0),
       (36154, 206, '189', 4, 116000000, 590, 32, 0, 0),
       (36155, 206, '190', 2, 75000000, 860, 32, 0, 0),
       (36156, 206, '191', 1, 111000000, 660, 32, 0, 0),
       (36157, 206, '192', 4, 86000000, 620, 32, 0, 0),
       (36158, 206, '193', 1, 117000000, 990, 33, 0, 0),
       (36159, 206, '194', 2, 62000000, 780, 33, 0, 0),
       (36160, 206, '195', 2, 147000000, 590, 33, 0, 0),
       (36161, 206, '196', 1, 118000000, 470, 33, 0, 0),
       (36162, 206, '197', 3, 65000000, 840, 33, 0, 0),
       (36163, 206, '198', 4, 122000000, 750, 33, 0, 0),
       (36164, 206, '199', 1, 143000000, 680, 34, 0, 0),
       (36165, 206, '200', 4, 68000000, 660, 34, 0, 0),
       (36166, 206, '201', 3, 77000000, 960, 34, 0, 0),
       (36167, 206, '202', 2, 122000000, 750, 34, 0, 0),
       (36168, 206, '203', 1, 132000000, 400, 34, 0, 0),
       (36169, 206, '204', 1, 89000000, 810, 34, 0, 0),
       (36170, 206, '205', 3, 110000000, 430, 35, 0, 0),
       (36171, 206, '206', 2, 67000000, 550, 35, 0, 0),
       (36172, 206, '207', 4, 100000000, 920, 35, 0, 0),
       (36173, 206, '208', 3, 100000000, 420, 35, 0, 0),
       (36174, 206, '209', 4, 136000000, 460, 35, 0, 0),
       (36175, 206, '210', 4, 131000000, 540, 35, 0, 0),
       (36176, 206, '211', 2, 103000000, 580, 36, 0, 0),
       (36177, 206, '212', 4, 95000000, 720, 36, 0, 0),
       (36178, 206, '213', 3, 129000000, 410, 36, 0, 0),
       (36179, 206, '214', 3, 144000000, 420, 36, 0, 0),
       (36180, 206, '215', 2, 113000000, 760, 36, 0, 0),
       (36181, 206, '216', 1, 100000000, 470, 36, 0, 0),
       (36182, 206, '217', 4, 108000000, 440, 37, 0, 0),
       (36183, 206, '218', 4, 134000000, 630, 37, 0, 0),
       (36184, 206, '219', 1, 105000000, 900, 37, 0, 0),
       (36185, 206, '220', 1, 134000000, 910, 37, 0, 0),
       (36186, 206, '221', 3, 102000000, 650, 37, 0, 0),
       (36187, 206, '222', 4, 135000000, 700, 37, 0, 0),
       (36188, 206, '223', 1, 84000000, 770, 38, 0, 0),
       (36189, 206, '224', 3, 76000000, 660, 38, 0, 0),
       (36190, 206, '225', 2, 137000000, 460, 38, 0, 0),
       (36191, 206, '226', 3, 90000000, 610, 38, 0, 0),
       (36192, 206, '227', 3, 138000000, 980, 38, 0, 0),
       (36193, 206, '228', 3, 100000000, 960, 38, 0, 0),
       (36194, 206, '229', 1, 90000000, 440, 39, 0, 0),
       (36195, 206, '230', 1, 148000000, 450, 39, 0, 0),
       (36196, 206, '231', 3, 75000000, 940, 39, 0, 0),
       (36197, 206, '232', 2, 103000000, 950, 39, 0, 0),
       (36198, 206, '233', 3, 94000000, 480, 39, 0, 0),
       (36199, 206, '234', 4, 132000000, 490, 39, 0, 0),
       (36200, 206, '235', 4, 131000000, 670, 40, 0, 0),
       (36201, 206, '236', 1, 123000000, 730, 40, 0, 0),
       (36202, 206, '237', 3, 121000000, 520, 40, 0, 0),
       (36203, 206, '238', 3, 110000000, 610, 40, 0, 0),
       (36204, 206, '239', 2, 117000000, 640, 40, 0, 0),
       (36205, 206, '240', 1, 121000000, 860, 40, 0, 0),
       (36206, 206, '241', 1, 74000000, 820, 41, 0, 0),
       (36207, 206, '242', 4, 116000000, 780, 41, 0, 0),
       (36208, 206, '243', 4, 131000000, 910, 41, 0, 0),
       (36209, 206, '244', 2, 143000000, 490, 41, 0, 0),
       (36210, 206, '245', 1, 67000000, 850, 41, 0, 0),
       (36211, 206, '246', 2, 87000000, 580, 41, 0, 0),
       (36212, 206, '247', 1, 148000000, 520, 42, 0, 0),
       (36213, 206, '248', 1, 139000000, 730, 42, 0, 0),
       (36214, 206, '249', 4, 119000000, 560, 42, 0, 0),
       (36215, 206, '250', 1, 78000000, 790, 42, 0, 0),
       (36216, 206, '251', 3, 128000000, 790, 42, 0, 0),
       (36217, 206, '252', 2, 76000000, 830, 42, 0, 0),
       (36218, 206, '253', 2, 132000000, 780, 43, 0, 0),
       (36219, 206, '254', 4, 135000000, 580, 43, 0, 0),
       (36220, 206, '255', 1, 130000000, 760, 43, 0, 0),
       (36221, 206, '256', 4, 82000000, 530, 43, 0, 0),
       (36222, 206, '257', 4, 122000000, 860, 43, 0, 0),
       (36223, 206, '258', 1, 73000000, 770, 43, 0, 0),
       (36224, 206, '259', 3, 126000000, 790, 44, 0, 0),
       (36225, 206, '260', 1, 64000000, 570, 44, 0, 0),
       (36226, 206, '261', 2, 80000000, 500, 44, 0, 0),
       (36227, 206, '262', 4, 112000000, 410, 44, 0, 0),
       (36228, 206, '263', 4, 91000000, 410, 44, 0, 0),
       (36229, 206, '264', 2, 146000000, 810, 44, 0, 0),
       (36230, 206, '265', 1, 63000000, 820, 45, 0, 0),
       (36231, 206, '266', 3, 100000000, 460, 45, 0, 0),
       (36232, 206, '267', 2, 88000000, 940, 45, 0, 0),
       (36233, 206, '268', 3, 128000000, 420, 45, 0, 0),
       (36234, 206, '269', 2, 91000000, 640, 45, 0, 0),
       (36235, 206, '270', 1, 117000000, 890, 45, 0, 0),
       (36236, 206, '271', 3, 61000000, 860, 46, 0, 0),
       (36237, 206, '272', 3, 141000000, 690, 46, 0, 0),
       (36238, 206, '273', 2, 83000000, 970, 46, 0, 0),
       (36239, 206, '274', 3, 66000000, 450, 46, 0, 0),
       (36240, 206, '275', 2, 97000000, 840, 46, 0, 0),
       (36241, 206, '276', 1, 139000000, 830, 46, 0, 0),
       (36242, 206, '277', 2, 94000000, 590, 47, 0, 0),
       (36243, 206, '278', 3, 82000000, 520, 47, 0, 0),
       (36244, 206, '279', 1, 64000000, 470, 47, 0, 0),
       (36245, 206, '280', 2, 112000000, 740, 47, 0, 0),
       (36246, 206, '281', 3, 90000000, 480, 47, 0, 0),
       (36247, 206, '282', 3, 136000000, 530, 47, 0, 0),
       (36248, 206, '283', 2, 91000000, 600, 48, 0, 0),
       (36249, 206, '284', 4, 123000000, 890, 48, 0, 0),
       (36250, 206, '285', 3, 84000000, 790, 48, 0, 0),
       (36251, 206, '286', 4, 94000000, 750, 48, 0, 0),
       (36252, 206, '287', 3, 122000000, 720, 48, 0, 0),
       (36253, 206, '288', 4, 121000000, 400, 48, 0, 0),
       (36254, 206, '289', 2, 83000000, 530, 49, 0, 0),
       (36255, 206, '290', 4, 113000000, 770, 49, 0, 0),
       (36256, 206, '291', 4, 129000000, 600, 49, 0, 0),
       (36257, 206, '292', 1, 60000000, 560, 49, 0, 0),
       (36258, 206, '293', 2, 132000000, 840, 49, 0, 0),
       (36259, 206, '294', 3, 148000000, 460, 49, 0, 0),
       (36260, 206, '295', 4, 91000000, 500, 50, 0, 0),
       (36261, 206, '296', 2, 141000000, 900, 50, 0, 0),
       (36262, 206, '297', 3, 104000000, 560, 50, 0, 0),
       (36263, 206, '298', 2, 100000000, 900, 50, 0, 0),
       (36264, 206, '299', 1, 100000000, 520, 50, 0, 0),
       (36265, 206, '300', 1, 113000000, 430, 50, 0, 0),
       (36266, 206, '301', 3, 63000000, 610, 51, 0, 0),
       (36267, 206, '302', 3, 75000000, 920, 51, 0, 0),
       (36268, 206, '303', 4, 80000000, 660, 51, 0, 0),
       (36269, 206, '304', 4, 135000000, 1000, 51, 0, 0),
       (36270, 206, '305', 3, 106000000, 520, 51, 0, 0),
       (36271, 206, '306', 3, 112000000, 550, 51, 0, 0),
       (36272, 206, '307', 4, 93000000, 680, 52, 0, 0),
       (36273, 206, '308', 2, 109000000, 790, 52, 0, 0),
       (36274, 206, '309', 4, 116000000, 820, 52, 0, 0),
       (36275, 206, '310', 3, 66000000, 780, 52, 0, 0),
       (36276, 206, '311', 4, 82000000, 770, 52, 0, 0),
       (36277, 206, '312', 1, 130000000, 530, 52, 0, 0),
       (36278, 206, '313', 1, 139000000, 500, 53, 0, 0),
       (36279, 206, '314', 2, 84000000, 720, 53, 0, 0),
       (36280, 206, '315', 2, 143000000, 490, 53, 0, 0),
       (36281, 206, '316', 4, 111000000, 440, 53, 0, 0),
       (36282, 206, '317', 3, 102000000, 920, 53, 0, 0),
       (36283, 206, '318', 1, 86000000, 750, 53, 0, 0);
insert into real_estate_building (id, address, complex_id, floor_count, dev_id)
values (207, 'г. Москва, ул. Пушкинская, д. 13', 10, 26, 10);
insert into real_estate_object (id, building_id ,local_address, places, price, area, floor, type, estate_type)
values (36284, 207, '1', 1, 80000000, 620, 1, 0, 0),
       (36285, 207, '2', 1, 137000000, 510, 1, 0, 0),
       (36286, 207, '3', 4, 82000000, 920, 1, 0, 0),
       (36287, 207, '4', 1, 108000000, 680, 1, 0, 0),
       (36288, 207, '5', 2, 110000000, 680, 2, 0, 0),
       (36289, 207, '6', 4, 64000000, 710, 2, 0, 0),
       (36290, 207, '7', 2, 71000000, 880, 2, 0, 0),
       (36291, 207, '8', 1, 108000000, 810, 2, 0, 0),
       (36292, 207, '9', 2, 118000000, 420, 3, 0, 0),
       (36293, 207, '10', 3, 61000000, 960, 3, 0, 0),
       (36294, 207, '11', 2, 89000000, 650, 3, 0, 0),
       (36295, 207, '12', 3, 121000000, 800, 3, 0, 0),
       (36296, 207, '13', 2, 108000000, 900, 4, 0, 0),
       (36297, 207, '14', 4, 89000000, 710, 4, 0, 0),
       (36298, 207, '15', 2, 101000000, 730, 4, 0, 0),
       (36299, 207, '16', 4, 70000000, 870, 4, 0, 0),
       (36300, 207, '17', 1, 148000000, 920, 5, 0, 0),
       (36301, 207, '18', 3, 73000000, 980, 5, 0, 0),
       (36302, 207, '19', 1, 76000000, 620, 5, 0, 0),
       (36303, 207, '20', 2, 137000000, 870, 5, 0, 0),
       (36304, 207, '21', 4, 67000000, 900, 6, 0, 0),
       (36305, 207, '22', 1, 112000000, 730, 6, 0, 0),
       (36306, 207, '23', 3, 135000000, 980, 6, 0, 0),
       (36307, 207, '24', 4, 111000000, 640, 6, 0, 0),
       (36308, 207, '25', 3, 65000000, 810, 7, 0, 0),
       (36309, 207, '26', 4, 73000000, 620, 7, 0, 0),
       (36310, 207, '27', 2, 118000000, 580, 7, 0, 0),
       (36311, 207, '28', 2, 63000000, 550, 7, 0, 0),
       (36312, 207, '29', 3, 120000000, 740, 8, 0, 0),
       (36313, 207, '30', 1, 124000000, 460, 8, 0, 0),
       (36314, 207, '31', 1, 80000000, 560, 8, 0, 0),
       (36315, 207, '32', 2, 115000000, 750, 8, 0, 0),
       (36316, 207, '33', 4, 88000000, 580, 9, 0, 0),
       (36317, 207, '34', 3, 74000000, 660, 9, 0, 0),
       (36318, 207, '35', 1, 124000000, 640, 9, 0, 0),
       (36319, 207, '36', 4, 123000000, 410, 9, 0, 0),
       (36320, 207, '37', 2, 86000000, 600, 10, 0, 0),
       (36321, 207, '38', 1, 136000000, 500, 10, 0, 0),
       (36322, 207, '39', 3, 125000000, 940, 10, 0, 0),
       (36323, 207, '40', 3, 80000000, 890, 10, 0, 0),
       (36324, 207, '41', 1, 124000000, 420, 11, 0, 0),
       (36325, 207, '42', 3, 81000000, 420, 11, 0, 0),
       (36326, 207, '43', 4, 94000000, 400, 11, 0, 0),
       (36327, 207, '44', 4, 149000000, 640, 11, 0, 0),
       (36328, 207, '45', 1, 130000000, 600, 12, 0, 0),
       (36329, 207, '46', 1, 95000000, 580, 12, 0, 0),
       (36330, 207, '47', 2, 110000000, 950, 12, 0, 0),
       (36331, 207, '48', 4, 115000000, 860, 12, 0, 0),
       (36332, 207, '49', 2, 150000000, 860, 13, 0, 0),
       (36333, 207, '50', 4, 145000000, 470, 13, 0, 0),
       (36334, 207, '51', 3, 133000000, 780, 13, 0, 0),
       (36335, 207, '52', 3, 94000000, 890, 13, 0, 0),
       (36336, 207, '53', 2, 137000000, 590, 14, 0, 0),
       (36337, 207, '54', 1, 98000000, 670, 14, 0, 0),
       (36338, 207, '55', 1, 132000000, 830, 14, 0, 0),
       (36339, 207, '56', 4, 140000000, 460, 14, 0, 0),
       (36340, 207, '57', 4, 64000000, 920, 15, 0, 0),
       (36341, 207, '58', 2, 119000000, 800, 15, 0, 0),
       (36342, 207, '59', 1, 136000000, 630, 15, 0, 0),
       (36343, 207, '60', 2, 61000000, 640, 15, 0, 0),
       (36344, 207, '61', 3, 141000000, 990, 16, 0, 0),
       (36345, 207, '62', 4, 68000000, 620, 16, 0, 0),
       (36346, 207, '63', 1, 106000000, 530, 16, 0, 0),
       (36347, 207, '64', 3, 119000000, 470, 16, 0, 0),
       (36348, 207, '65', 4, 114000000, 400, 17, 0, 0),
       (36349, 207, '66', 4, 107000000, 740, 17, 0, 0),
       (36350, 207, '67', 4, 141000000, 850, 17, 0, 0),
       (36351, 207, '68', 3, 134000000, 740, 17, 0, 0),
       (36352, 207, '69', 1, 89000000, 980, 18, 0, 0),
       (36353, 207, '70', 4, 85000000, 540, 18, 0, 0),
       (36354, 207, '71', 4, 84000000, 900, 18, 0, 0),
       (36355, 207, '72', 4, 113000000, 400, 18, 0, 0),
       (36356, 207, '73', 1, 81000000, 570, 19, 0, 0),
       (36357, 207, '74', 4, 65000000, 730, 19, 0, 0),
       (36358, 207, '75', 3, 88000000, 490, 19, 0, 0),
       (36359, 207, '76', 4, 106000000, 410, 19, 0, 0),
       (36360, 207, '77', 2, 120000000, 510, 20, 0, 0),
       (36361, 207, '78', 1, 64000000, 560, 20, 0, 0),
       (36362, 207, '79', 2, 125000000, 860, 20, 0, 0),
       (36363, 207, '80', 4, 104000000, 990, 20, 0, 0),
       (36364, 207, '81', 1, 141000000, 930, 21, 0, 0),
       (36365, 207, '82', 3, 75000000, 650, 21, 0, 0),
       (36366, 207, '83', 4, 88000000, 420, 21, 0, 0),
       (36367, 207, '84', 1, 133000000, 750, 21, 0, 0),
       (36368, 207, '85', 1, 111000000, 930, 22, 0, 0),
       (36369, 207, '86', 3, 96000000, 620, 22, 0, 0),
       (36370, 207, '87', 4, 104000000, 600, 22, 0, 0),
       (36371, 207, '88', 1, 86000000, 650, 22, 0, 0),
       (36372, 207, '89', 3, 64000000, 750, 23, 0, 0),
       (36373, 207, '90', 4, 119000000, 710, 23, 0, 0),
       (36374, 207, '91', 4, 98000000, 540, 23, 0, 0),
       (36375, 207, '92', 4, 68000000, 590, 23, 0, 0),
       (36376, 207, '93', 4, 77000000, 540, 24, 0, 0),
       (36377, 207, '94', 1, 136000000, 780, 24, 0, 0),
       (36378, 207, '95', 2, 133000000, 510, 24, 0, 0),
       (36379, 207, '96', 3, 114000000, 960, 24, 0, 0),
       (36380, 207, '97', 1, 101000000, 570, 25, 0, 0),
       (36381, 207, '98', 3, 87000000, 970, 25, 0, 0),
       (36382, 207, '99', 2, 93000000, 660, 25, 0, 0),
       (36383, 207, '100', 2, 102000000, 520, 25, 0, 0),
       (36384, 207, '101', 4, 63000000, 720, 26, 0, 0),
       (36385, 207, '102', 2, 75000000, 750, 26, 0, 0),
       (36386, 207, '103', 1, 76000000, 870, 26, 0, 0),
       (36387, 207, '104', 4, 142000000, 740, 26, 0, 0);
insert into real_estate_building (id, address, complex_id, floor_count, dev_id)
values (208, 'г. Москва, ул. Пушкинская, д. 14', 10, 22, 10);
insert into real_estate_object (id, building_id ,local_address, places, price, area, floor, type, estate_type)
values (36388, 208, '1', 3, 120000000, 860, 1, 0, 0),
       (36389, 208, '2', 2, 149000000, 800, 1, 0, 0),
       (36390, 208, '3', 1, 114000000, 490, 1, 0, 0),
       (36391, 208, '4', 2, 115000000, 1000, 1, 0, 0),
       (36392, 208, '5', 2, 65000000, 470, 2, 0, 0),
       (36393, 208, '6', 2, 115000000, 420, 2, 0, 0),
       (36394, 208, '7', 4, 140000000, 490, 2, 0, 0),
       (36395, 208, '8', 3, 107000000, 890, 2, 0, 0),
       (36396, 208, '9', 2, 80000000, 910, 3, 0, 0),
       (36397, 208, '10', 4, 138000000, 610, 3, 0, 0),
       (36398, 208, '11', 2, 134000000, 950, 3, 0, 0),
       (36399, 208, '12', 4, 91000000, 790, 3, 0, 0),
       (36400, 208, '13', 3, 136000000, 750, 4, 0, 0),
       (36401, 208, '14', 4, 111000000, 1000, 4, 0, 0),
       (36402, 208, '15', 4, 146000000, 440, 4, 0, 0),
       (36403, 208, '16', 2, 119000000, 410, 4, 0, 0),
       (36404, 208, '17', 3, 145000000, 560, 5, 0, 0),
       (36405, 208, '18', 3, 73000000, 890, 5, 0, 0),
       (36406, 208, '19', 4, 103000000, 530, 5, 0, 0),
       (36407, 208, '20', 1, 74000000, 660, 5, 0, 0),
       (36408, 208, '21', 3, 79000000, 950, 6, 0, 0),
       (36409, 208, '22', 4, 150000000, 900, 6, 0, 0),
       (36410, 208, '23', 4, 145000000, 400, 6, 0, 0),
       (36411, 208, '24', 4, 147000000, 940, 6, 0, 0),
       (36412, 208, '25', 3, 150000000, 960, 7, 0, 0),
       (36413, 208, '26', 2, 117000000, 450, 7, 0, 0),
       (36414, 208, '27', 3, 72000000, 920, 7, 0, 0),
       (36415, 208, '28', 4, 69000000, 510, 7, 0, 0),
       (36416, 208, '29', 2, 68000000, 620, 8, 0, 0),
       (36417, 208, '30', 1, 63000000, 710, 8, 0, 0),
       (36418, 208, '31', 2, 111000000, 430, 8, 0, 0),
       (36419, 208, '32', 1, 68000000, 530, 8, 0, 0),
       (36420, 208, '33', 3, 99000000, 840, 9, 0, 0),
       (36421, 208, '34', 3, 86000000, 450, 9, 0, 0),
       (36422, 208, '35', 3, 122000000, 690, 9, 0, 0),
       (36423, 208, '36', 3, 138000000, 430, 9, 0, 0),
       (36424, 208, '37', 4, 60000000, 680, 10, 0, 0),
       (36425, 208, '38', 1, 63000000, 940, 10, 0, 0),
       (36426, 208, '39', 2, 66000000, 690, 10, 0, 0),
       (36427, 208, '40', 2, 140000000, 810, 10, 0, 0),
       (36428, 208, '41', 3, 133000000, 570, 11, 0, 0),
       (36429, 208, '42', 2, 78000000, 430, 11, 0, 0),
       (36430, 208, '43', 4, 79000000, 510, 11, 0, 0),
       (36431, 208, '44', 2, 78000000, 860, 11, 0, 0),
       (36432, 208, '45', 2, 125000000, 990, 12, 0, 0),
       (36433, 208, '46', 2, 107000000, 430, 12, 0, 0),
       (36434, 208, '47', 1, 133000000, 880, 12, 0, 0),
       (36435, 208, '48', 1, 122000000, 560, 12, 0, 0),
       (36436, 208, '49', 1, 139000000, 700, 13, 0, 0),
       (36437, 208, '50', 2, 99000000, 620, 13, 0, 0),
       (36438, 208, '51', 3, 88000000, 750, 13, 0, 0),
       (36439, 208, '52', 1, 107000000, 660, 13, 0, 0),
       (36440, 208, '53', 3, 81000000, 950, 14, 0, 0),
       (36441, 208, '54', 2, 111000000, 480, 14, 0, 0),
       (36442, 208, '55', 1, 96000000, 540, 14, 0, 0),
       (36443, 208, '56', 1, 121000000, 950, 14, 0, 0),
       (36444, 208, '57', 4, 136000000, 540, 15, 0, 0),
       (36445, 208, '58', 3, 98000000, 750, 15, 0, 0),
       (36446, 208, '59', 2, 125000000, 500, 15, 0, 0),
       (36447, 208, '60', 3, 84000000, 990, 15, 0, 0),
       (36448, 208, '61', 2, 89000000, 430, 16, 0, 0),
       (36449, 208, '62', 2, 138000000, 800, 16, 0, 0),
       (36450, 208, '63', 2, 137000000, 520, 16, 0, 0),
       (36451, 208, '64', 1, 99000000, 860, 16, 0, 0),
       (36452, 208, '65', 3, 125000000, 750, 17, 0, 0),
       (36453, 208, '66', 3, 134000000, 790, 17, 0, 0),
       (36454, 208, '67', 2, 129000000, 580, 17, 0, 0),
       (36455, 208, '68', 4, 103000000, 470, 17, 0, 0),
       (36456, 208, '69', 1, 123000000, 1000, 18, 0, 0),
       (36457, 208, '70', 4, 109000000, 740, 18, 0, 0),
       (36458, 208, '71', 4, 95000000, 530, 18, 0, 0),
       (36459, 208, '72', 3, 66000000, 770, 18, 0, 0),
       (36460, 208, '73', 1, 147000000, 680, 19, 0, 0),
       (36461, 208, '74', 2, 90000000, 990, 19, 0, 0),
       (36462, 208, '75', 4, 117000000, 960, 19, 0, 0),
       (36463, 208, '76', 1, 130000000, 960, 19, 0, 0),
       (36464, 208, '77', 4, 141000000, 940, 20, 0, 0),
       (36465, 208, '78', 4, 62000000, 530, 20, 0, 0),
       (36466, 208, '79', 2, 125000000, 880, 20, 0, 0),
       (36467, 208, '80', 4, 85000000, 440, 20, 0, 0),
       (36468, 208, '81', 4, 70000000, 630, 21, 0, 0),
       (36469, 208, '82', 2, 108000000, 430, 21, 0, 0),
       (36470, 208, '83', 2, 90000000, 780, 21, 0, 0),
       (36471, 208, '84', 3, 133000000, 690, 21, 0, 0),
       (36472, 208, '85', 1, 113000000, 600, 22, 0, 0),
       (36473, 208, '86', 4, 111000000, 580, 22, 0, 0),
       (36474, 208, '87', 4, 126000000, 550, 22, 0, 0),
       (36475, 208, '88', 2, 104000000, 450, 22, 0, 0);
insert into real_estate_building (id, address, complex_id, floor_count, dev_id)
values (209, 'г. Москва, ул. Пушкинская, д. 15', 10, 21, 10);
insert into real_estate_object (id, building_id ,local_address, places, price, area, floor, type, estate_type)
values (36476, 209, '1', 1, 121000000, 460, 1, 0, 0),
       (36477, 209, '2', 1, 66000000, 840, 1, 0, 0),
       (36478, 209, '3', 1, 150000000, 940, 1, 0, 0),
       (36479, 209, '4', 4, 83000000, 630, 1, 0, 0),
       (36480, 209, '5', 4, 63000000, 800, 2, 0, 0),
       (36481, 209, '6', 3, 69000000, 840, 2, 0, 0),
       (36482, 209, '7', 1, 61000000, 880, 2, 0, 0),
       (36483, 209, '8', 1, 133000000, 920, 2, 0, 0),
       (36484, 209, '9', 3, 132000000, 410, 3, 0, 0),
       (36485, 209, '10', 3, 107000000, 980, 3, 0, 0),
       (36486, 209, '11', 4, 87000000, 490, 3, 0, 0),
       (36487, 209, '12', 2, 62000000, 800, 3, 0, 0),
       (36488, 209, '13', 3, 146000000, 700, 4, 0, 0),
       (36489, 209, '14', 3, 120000000, 950, 4, 0, 0),
       (36490, 209, '15', 3, 78000000, 520, 4, 0, 0),
       (36491, 209, '16', 3, 137000000, 750, 4, 0, 0),
       (36492, 209, '17', 2, 62000000, 480, 5, 0, 0),
       (36493, 209, '18', 3, 78000000, 710, 5, 0, 0),
       (36494, 209, '19', 2, 98000000, 820, 5, 0, 0),
       (36495, 209, '20', 3, 66000000, 800, 5, 0, 0),
       (36496, 209, '21', 3, 120000000, 620, 6, 0, 0),
       (36497, 209, '22', 2, 131000000, 920, 6, 0, 0),
       (36498, 209, '23', 4, 138000000, 540, 6, 0, 0),
       (36499, 209, '24', 4, 114000000, 710, 6, 0, 0),
       (36500, 209, '25', 2, 67000000, 680, 7, 0, 0),
       (36501, 209, '26', 2, 116000000, 600, 7, 0, 0),
       (36502, 209, '27', 4, 149000000, 860, 7, 0, 0),
       (36503, 209, '28', 3, 84000000, 510, 7, 0, 0),
       (36504, 209, '29', 3, 104000000, 450, 8, 0, 0),
       (36505, 209, '30', 2, 150000000, 880, 8, 0, 0),
       (36506, 209, '31', 3, 99000000, 420, 8, 0, 0),
       (36507, 209, '32', 1, 122000000, 590, 8, 0, 0),
       (36508, 209, '33', 3, 65000000, 490, 9, 0, 0),
       (36509, 209, '34', 4, 113000000, 810, 9, 0, 0),
       (36510, 209, '35', 3, 119000000, 730, 9, 0, 0),
       (36511, 209, '36', 1, 112000000, 480, 9, 0, 0),
       (36512, 209, '37', 1, 107000000, 650, 10, 0, 0),
       (36513, 209, '38', 3, 73000000, 640, 10, 0, 0),
       (36514, 209, '39', 2, 64000000, 690, 10, 0, 0),
       (36515, 209, '40', 4, 120000000, 870, 10, 0, 0),
       (36516, 209, '41', 1, 98000000, 950, 11, 0, 0),
       (36517, 209, '42', 2, 68000000, 640, 11, 0, 0),
       (36518, 209, '43', 2, 116000000, 410, 11, 0, 0),
       (36519, 209, '44', 3, 86000000, 990, 11, 0, 0),
       (36520, 209, '45', 4, 139000000, 880, 12, 0, 0),
       (36521, 209, '46', 4, 117000000, 830, 12, 0, 0),
       (36522, 209, '47', 2, 68000000, 660, 12, 0, 0),
       (36523, 209, '48', 4, 117000000, 470, 12, 0, 0),
       (36524, 209, '49', 1, 121000000, 600, 13, 0, 0),
       (36525, 209, '50', 4, 103000000, 530, 13, 0, 0),
       (36526, 209, '51', 2, 144000000, 640, 13, 0, 0),
       (36527, 209, '52', 3, 122000000, 520, 13, 0, 0),
       (36528, 209, '53', 2, 100000000, 870, 14, 0, 0),
       (36529, 209, '54', 3, 146000000, 920, 14, 0, 0),
       (36530, 209, '55', 4, 149000000, 650, 14, 0, 0),
       (36531, 209, '56', 4, 122000000, 550, 14, 0, 0),
       (36532, 209, '57', 4, 99000000, 570, 15, 0, 0),
       (36533, 209, '58', 4, 131000000, 970, 15, 0, 0),
       (36534, 209, '59', 3, 66000000, 650, 15, 0, 0),
       (36535, 209, '60', 1, 121000000, 860, 15, 0, 0),
       (36536, 209, '61', 4, 123000000, 750, 16, 0, 0),
       (36537, 209, '62', 4, 132000000, 980, 16, 0, 0),
       (36538, 209, '63', 3, 112000000, 800, 16, 0, 0),
       (36539, 209, '64', 4, 128000000, 1000, 16, 0, 0),
       (36540, 209, '65', 2, 77000000, 810, 17, 0, 0),
       (36541, 209, '66', 1, 114000000, 770, 17, 0, 0),
       (36542, 209, '67', 3, 83000000, 930, 17, 0, 0),
       (36543, 209, '68', 4, 69000000, 810, 17, 0, 0),
       (36544, 209, '69', 4, 122000000, 610, 18, 0, 0),
       (36545, 209, '70', 2, 61000000, 470, 18, 0, 0),
       (36546, 209, '71', 2, 74000000, 600, 18, 0, 0),
       (36547, 209, '72', 3, 107000000, 920, 18, 0, 0),
       (36548, 209, '73', 2, 101000000, 540, 19, 0, 0),
       (36549, 209, '74', 2, 143000000, 490, 19, 0, 0),
       (36550, 209, '75', 4, 87000000, 710, 19, 0, 0),
       (36551, 209, '76', 3, 62000000, 940, 19, 0, 0),
       (36552, 209, '77', 2, 77000000, 970, 20, 0, 0),
       (36553, 209, '78', 2, 122000000, 470, 20, 0, 0),
       (36554, 209, '79', 1, 84000000, 640, 20, 0, 0),
       (36555, 209, '80', 1, 82000000, 980, 20, 0, 0),
       (36556, 209, '81', 4, 97000000, 770, 21, 0, 0),
       (36557, 209, '82', 4, 144000000, 430, 21, 0, 0),
       (36558, 209, '83', 3, 130000000, 770, 21, 0, 0),
       (36559, 209, '84', 4, 69000000, 790, 21, 0, 0);
insert into real_estate_building (id, address, complex_id, floor_count, dev_id)
values (210, 'г. Москва, ул. Пушкинская, д. 16', 10, 29, 10);
insert into real_estate_object (id, building_id ,local_address, places, price, area, floor, type, estate_type)
values (36560, 210, '1', 1, 94000000, 730, 1, 0, 0),
       (36561, 210, '2', 4, 71000000, 860, 1, 0, 0),
       (36562, 210, '3', 4, 102000000, 490, 1, 0, 0),
       (36563, 210, '4', 2, 115000000, 460, 1, 0, 0),
       (36564, 210, '5', 3, 66000000, 570, 2, 0, 0),
       (36565, 210, '6', 4, 91000000, 460, 2, 0, 0),
       (36566, 210, '7', 2, 75000000, 830, 2, 0, 0),
       (36567, 210, '8', 3, 129000000, 720, 2, 0, 0),
       (36568, 210, '9', 2, 67000000, 700, 3, 0, 0),
       (36569, 210, '10', 1, 80000000, 670, 3, 0, 0),
       (36570, 210, '11', 4, 76000000, 950, 3, 0, 0),
       (36571, 210, '12', 4, 104000000, 430, 3, 0, 0),
       (36572, 210, '13', 3, 150000000, 870, 4, 0, 0),
       (36573, 210, '14', 1, 117000000, 580, 4, 0, 0),
       (36574, 210, '15', 2, 107000000, 430, 4, 0, 0),
       (36575, 210, '16', 1, 129000000, 890, 4, 0, 0),
       (36576, 210, '17', 2, 99000000, 690, 5, 0, 0),
       (36577, 210, '18', 1, 135000000, 830, 5, 0, 0),
       (36578, 210, '19', 2, 150000000, 470, 5, 0, 0),
       (36579, 210, '20', 1, 77000000, 790, 5, 0, 0),
       (36580, 210, '21', 4, 122000000, 490, 6, 0, 0),
       (36581, 210, '22', 2, 101000000, 790, 6, 0, 0),
       (36582, 210, '23', 3, 141000000, 420, 6, 0, 0),
       (36583, 210, '24', 3, 113000000, 950, 6, 0, 0),
       (36584, 210, '25', 3, 68000000, 530, 7, 0, 0),
       (36585, 210, '26', 2, 82000000, 900, 7, 0, 0),
       (36586, 210, '27', 2, 111000000, 530, 7, 0, 0),
       (36587, 210, '28', 1, 87000000, 950, 7, 0, 0),
       (36588, 210, '29', 1, 90000000, 570, 8, 0, 0),
       (36589, 210, '30', 4, 92000000, 670, 8, 0, 0),
       (36590, 210, '31', 3, 141000000, 520, 8, 0, 0),
       (36591, 210, '32', 4, 62000000, 410, 8, 0, 0),
       (36592, 210, '33', 3, 117000000, 910, 9, 0, 0),
       (36593, 210, '34', 1, 70000000, 960, 9, 0, 0),
       (36594, 210, '35', 4, 108000000, 510, 9, 0, 0),
       (36595, 210, '36', 4, 90000000, 910, 9, 0, 0),
       (36596, 210, '37', 3, 75000000, 730, 10, 0, 0),
       (36597, 210, '38', 4, 133000000, 540, 10, 0, 0),
       (36598, 210, '39', 2, 104000000, 600, 10, 0, 0),
       (36599, 210, '40', 3, 77000000, 520, 10, 0, 0),
       (36600, 210, '41', 1, 119000000, 780, 11, 0, 0),
       (36601, 210, '42', 4, 92000000, 740, 11, 0, 0),
       (36602, 210, '43', 1, 88000000, 420, 11, 0, 0),
       (36603, 210, '44', 1, 77000000, 700, 11, 0, 0),
       (36604, 210, '45', 2, 87000000, 680, 12, 0, 0),
       (36605, 210, '46', 3, 146000000, 830, 12, 0, 0),
       (36606, 210, '47', 3, 104000000, 960, 12, 0, 0),
       (36607, 210, '48', 2, 76000000, 740, 12, 0, 0),
       (36608, 210, '49', 2, 118000000, 820, 13, 0, 0),
       (36609, 210, '50', 2, 118000000, 700, 13, 0, 0),
       (36610, 210, '51', 4, 67000000, 640, 13, 0, 0),
       (36611, 210, '52', 4, 114000000, 570, 13, 0, 0),
       (36612, 210, '53', 3, 85000000, 590, 14, 0, 0),
       (36613, 210, '54', 3, 145000000, 900, 14, 0, 0),
       (36614, 210, '55', 4, 106000000, 750, 14, 0, 0),
       (36615, 210, '56', 4, 112000000, 940, 14, 0, 0),
       (36616, 210, '57', 3, 98000000, 480, 15, 0, 0),
       (36617, 210, '58', 4, 127000000, 440, 15, 0, 0),
       (36618, 210, '59', 4, 149000000, 770, 15, 0, 0),
       (36619, 210, '60', 3, 66000000, 480, 15, 0, 0),
       (36620, 210, '61', 3, 147000000, 400, 16, 0, 0),
       (36621, 210, '62', 2, 76000000, 630, 16, 0, 0),
       (36622, 210, '63', 1, 111000000, 880, 16, 0, 0),
       (36623, 210, '64', 4, 134000000, 650, 16, 0, 0),
       (36624, 210, '65', 4, 63000000, 710, 17, 0, 0),
       (36625, 210, '66', 3, 144000000, 860, 17, 0, 0),
       (36626, 210, '67', 3, 76000000, 930, 17, 0, 0),
       (36627, 210, '68', 3, 94000000, 510, 17, 0, 0),
       (36628, 210, '69', 1, 113000000, 950, 18, 0, 0),
       (36629, 210, '70', 2, 88000000, 540, 18, 0, 0),
       (36630, 210, '71', 1, 76000000, 690, 18, 0, 0),
       (36631, 210, '72', 3, 94000000, 840, 18, 0, 0),
       (36632, 210, '73', 2, 107000000, 920, 19, 0, 0),
       (36633, 210, '74', 1, 68000000, 590, 19, 0, 0),
       (36634, 210, '75', 1, 77000000, 900, 19, 0, 0),
       (36635, 210, '76', 4, 116000000, 940, 19, 0, 0),
       (36636, 210, '77', 2, 97000000, 870, 20, 0, 0),
       (36637, 210, '78', 4, 70000000, 750, 20, 0, 0),
       (36638, 210, '79', 4, 123000000, 990, 20, 0, 0),
       (36639, 210, '80', 3, 118000000, 800, 20, 0, 0),
       (36640, 210, '81', 3, 74000000, 460, 21, 0, 0),
       (36641, 210, '82', 4, 65000000, 870, 21, 0, 0),
       (36642, 210, '83', 3, 76000000, 710, 21, 0, 0),
       (36643, 210, '84', 1, 66000000, 670, 21, 0, 0),
       (36644, 210, '85', 1, 72000000, 600, 22, 0, 0),
       (36645, 210, '86', 4, 71000000, 640, 22, 0, 0),
       (36646, 210, '87', 4, 102000000, 500, 22, 0, 0),
       (36647, 210, '88', 3, 130000000, 440, 22, 0, 0),
       (36648, 210, '89', 3, 128000000, 550, 23, 0, 0),
       (36649, 210, '90', 4, 90000000, 870, 23, 0, 0),
       (36650, 210, '91', 1, 61000000, 670, 23, 0, 0),
       (36651, 210, '92', 2, 146000000, 930, 23, 0, 0),
       (36652, 210, '93', 3, 134000000, 820, 24, 0, 0),
       (36653, 210, '94', 3, 136000000, 410, 24, 0, 0),
       (36654, 210, '95', 2, 89000000, 450, 24, 0, 0),
       (36655, 210, '96', 4, 64000000, 720, 24, 0, 0),
       (36656, 210, '97', 2, 124000000, 490, 25, 0, 0),
       (36657, 210, '98', 4, 98000000, 760, 25, 0, 0),
       (36658, 210, '99', 2, 150000000, 460, 25, 0, 0),
       (36659, 210, '100', 4, 136000000, 1000, 25, 0, 0),
       (36660, 210, '101', 1, 136000000, 600, 26, 0, 0),
       (36661, 210, '102', 3, 133000000, 610, 26, 0, 0),
       (36662, 210, '103', 2, 85000000, 680, 26, 0, 0),
       (36663, 210, '104', 4, 113000000, 500, 26, 0, 0),
       (36664, 210, '105', 2, 105000000, 930, 27, 0, 0),
       (36665, 210, '106', 3, 109000000, 790, 27, 0, 0),
       (36666, 210, '107', 3, 140000000, 920, 27, 0, 0),
       (36667, 210, '108', 3, 65000000, 400, 27, 0, 0),
       (36668, 210, '109', 2, 78000000, 900, 28, 0, 0),
       (36669, 210, '110', 2, 112000000, 400, 28, 0, 0),
       (36670, 210, '111', 4, 119000000, 560, 28, 0, 0),
       (36671, 210, '112', 3, 146000000, 750, 28, 0, 0),
       (36672, 210, '113', 4, 72000000, 600, 29, 0, 0),
       (36673, 210, '114', 4, 63000000, 690, 29, 0, 0),
       (36674, 210, '115', 1, 83000000, 600, 29, 0, 0),
       (36675, 210, '116', 2, 149000000, 720, 29, 0, 0);
insert into real_estate_building (id, address, complex_id, floor_count, dev_id)
values (211, 'г. Москва, ул. Пушкинская, д. 17', 10, 21, 10);
insert into real_estate_object (id, building_id ,local_address, places, price, area, floor, type, estate_type)
values (36676, 211, '1', 1, 129000000, 450, 1, 0, 0),
       (36677, 211, '2', 1, 133000000, 760, 1, 0, 0),
       (36678, 211, '3', 3, 83000000, 480, 1, 0, 0),
       (36679, 211, '4', 1, 121000000, 1000, 1, 0, 0),
       (36680, 211, '5', 1, 98000000, 550, 2, 0, 0),
       (36681, 211, '6', 2, 112000000, 530, 2, 0, 0),
       (36682, 211, '7', 3, 128000000, 670, 2, 0, 0),
       (36683, 211, '8', 2, 145000000, 460, 2, 0, 0),
       (36684, 211, '9', 4, 103000000, 760, 3, 0, 0),
       (36685, 211, '10', 2, 119000000, 770, 3, 0, 0),
       (36686, 211, '11', 3, 123000000, 740, 3, 0, 0),
       (36687, 211, '12', 1, 148000000, 970, 3, 0, 0),
       (36688, 211, '13', 4, 79000000, 570, 4, 0, 0),
       (36689, 211, '14', 2, 91000000, 910, 4, 0, 0),
       (36690, 211, '15', 2, 69000000, 990, 4, 0, 0),
       (36691, 211, '16', 3, 127000000, 920, 4, 0, 0),
       (36692, 211, '17', 4, 149000000, 580, 5, 0, 0),
       (36693, 211, '18', 1, 112000000, 780, 5, 0, 0),
       (36694, 211, '19', 1, 123000000, 550, 5, 0, 0),
       (36695, 211, '20', 3, 147000000, 430, 5, 0, 0),
       (36696, 211, '21', 3, 131000000, 550, 6, 0, 0),
       (36697, 211, '22', 3, 113000000, 950, 6, 0, 0),
       (36698, 211, '23', 4, 69000000, 860, 6, 0, 0),
       (36699, 211, '24', 2, 71000000, 880, 6, 0, 0),
       (36700, 211, '25', 2, 69000000, 780, 7, 0, 0),
       (36701, 211, '26', 1, 84000000, 450, 7, 0, 0),
       (36702, 211, '27', 1, 103000000, 600, 7, 0, 0),
       (36703, 211, '28', 1, 110000000, 410, 7, 0, 0),
       (36704, 211, '29', 2, 101000000, 830, 8, 0, 0),
       (36705, 211, '30', 4, 101000000, 920, 8, 0, 0),
       (36706, 211, '31', 4, 127000000, 820, 8, 0, 0),
       (36707, 211, '32', 2, 77000000, 920, 8, 0, 0),
       (36708, 211, '33', 1, 99000000, 900, 9, 0, 0),
       (36709, 211, '34', 4, 138000000, 870, 9, 0, 0),
       (36710, 211, '35', 2, 92000000, 900, 9, 0, 0),
       (36711, 211, '36', 3, 104000000, 610, 9, 0, 0),
       (36712, 211, '37', 3, 81000000, 460, 10, 0, 0),
       (36713, 211, '38', 3, 132000000, 530, 10, 0, 0),
       (36714, 211, '39', 3, 105000000, 600, 10, 0, 0),
       (36715, 211, '40', 4, 88000000, 570, 10, 0, 0),
       (36716, 211, '41', 4, 144000000, 830, 11, 0, 0),
       (36717, 211, '42', 1, 65000000, 760, 11, 0, 0),
       (36718, 211, '43', 3, 116000000, 500, 11, 0, 0),
       (36719, 211, '44', 3, 131000000, 400, 11, 0, 0),
       (36720, 211, '45', 4, 81000000, 690, 12, 0, 0),
       (36721, 211, '46', 1, 121000000, 480, 12, 0, 0),
       (36722, 211, '47', 2, 128000000, 480, 12, 0, 0),
       (36723, 211, '48', 4, 91000000, 590, 12, 0, 0),
       (36724, 211, '49', 4, 70000000, 730, 13, 0, 0),
       (36725, 211, '50', 1, 89000000, 970, 13, 0, 0),
       (36726, 211, '51', 1, 62000000, 590, 13, 0, 0),
       (36727, 211, '52', 3, 117000000, 750, 13, 0, 0),
       (36728, 211, '53', 3, 73000000, 720, 14, 0, 0),
       (36729, 211, '54', 1, 146000000, 680, 14, 0, 0),
       (36730, 211, '55', 3, 124000000, 690, 14, 0, 0),
       (36731, 211, '56', 4, 64000000, 750, 14, 0, 0),
       (36732, 211, '57', 3, 82000000, 650, 15, 0, 0),
       (36733, 211, '58', 1, 70000000, 700, 15, 0, 0),
       (36734, 211, '59', 2, 139000000, 1000, 15, 0, 0),
       (36735, 211, '60', 1, 144000000, 430, 15, 0, 0),
       (36736, 211, '61', 1, 120000000, 510, 16, 0, 0),
       (36737, 211, '62', 4, 64000000, 710, 16, 0, 0),
       (36738, 211, '63', 2, 139000000, 760, 16, 0, 0),
       (36739, 211, '64', 1, 114000000, 560, 16, 0, 0),
       (36740, 211, '65', 1, 101000000, 880, 17, 0, 0),
       (36741, 211, '66', 1, 89000000, 470, 17, 0, 0),
       (36742, 211, '67', 1, 140000000, 470, 17, 0, 0),
       (36743, 211, '68', 4, 120000000, 750, 17, 0, 0),
       (36744, 211, '69', 1, 118000000, 600, 18, 0, 0),
       (36745, 211, '70', 4, 135000000, 510, 18, 0, 0),
       (36746, 211, '71', 1, 104000000, 600, 18, 0, 0),
       (36747, 211, '72', 1, 111000000, 660, 18, 0, 0),
       (36748, 211, '73', 3, 145000000, 980, 19, 0, 0),
       (36749, 211, '74', 1, 61000000, 720, 19, 0, 0),
       (36750, 211, '75', 4, 144000000, 810, 19, 0, 0),
       (36751, 211, '76', 1, 130000000, 400, 19, 0, 0),
       (36752, 211, '77', 3, 108000000, 560, 20, 0, 0),
       (36753, 211, '78', 2, 131000000, 430, 20, 0, 0),
       (36754, 211, '79', 2, 85000000, 540, 20, 0, 0),
       (36755, 211, '80', 3, 81000000, 550, 20, 0, 0),
       (36756, 211, '81', 4, 69000000, 590, 21, 0, 0),
       (36757, 211, '82', 3, 106000000, 960, 21, 0, 0),
       (36758, 211, '83', 3, 120000000, 800, 21, 0, 0),
       (36759, 211, '84', 2, 130000000, 810, 21, 0, 0);
insert into real_estate_building (id, address, complex_id, floor_count, dev_id)
values (212, 'г. Москва, ул. Пушкинская, д. 18', 10, 29, 10);
insert into real_estate_object (id, building_id ,local_address, places, price, area, floor, type, estate_type)
values (36760, 212, '1', 4, 99000000, 850, 1, 0, 0),
       (36761, 212, '2', 3, 66000000, 770, 1, 0, 0),
       (36762, 212, '3', 1, 133000000, 730, 1, 0, 0),
       (36763, 212, '4', 2, 145000000, 790, 1, 0, 0),
       (36764, 212, '5', 1, 126000000, 1000, 2, 0, 0),
       (36765, 212, '6', 2, 115000000, 710, 2, 0, 0),
       (36766, 212, '7', 2, 72000000, 780, 2, 0, 0),
       (36767, 212, '8', 1, 128000000, 980, 2, 0, 0),
       (36768, 212, '9', 3, 64000000, 730, 3, 0, 0),
       (36769, 212, '10', 4, 115000000, 790, 3, 0, 0),
       (36770, 212, '11', 2, 125000000, 590, 3, 0, 0),
       (36771, 212, '12', 1, 87000000, 810, 3, 0, 0),
       (36772, 212, '13', 3, 88000000, 470, 4, 0, 0),
       (36773, 212, '14', 3, 141000000, 770, 4, 0, 0),
       (36774, 212, '15', 1, 125000000, 570, 4, 0, 0),
       (36775, 212, '16', 2, 138000000, 860, 4, 0, 0),
       (36776, 212, '17', 1, 143000000, 650, 5, 0, 0),
       (36777, 212, '18', 2, 95000000, 590, 5, 0, 0),
       (36778, 212, '19', 1, 99000000, 510, 5, 0, 0),
       (36779, 212, '20', 2, 62000000, 670, 5, 0, 0),
       (36780, 212, '21', 1, 122000000, 500, 6, 0, 0),
       (36781, 212, '22', 3, 137000000, 500, 6, 0, 0),
       (36782, 212, '23', 4, 137000000, 1000, 6, 0, 0),
       (36783, 212, '24', 4, 136000000, 550, 6, 0, 0),
       (36784, 212, '25', 3, 139000000, 550, 7, 0, 0),
       (36785, 212, '26', 1, 123000000, 920, 7, 0, 0),
       (36786, 212, '27', 4, 104000000, 830, 7, 0, 0),
       (36787, 212, '28', 2, 83000000, 730, 7, 0, 0),
       (36788, 212, '29', 4, 81000000, 850, 8, 0, 0),
       (36789, 212, '30', 1, 122000000, 660, 8, 0, 0),
       (36790, 212, '31', 3, 126000000, 810, 8, 0, 0),
       (36791, 212, '32', 4, 148000000, 440, 8, 0, 0),
       (36792, 212, '33', 4, 119000000, 860, 9, 0, 0),
       (36793, 212, '34', 1, 88000000, 900, 9, 0, 0),
       (36794, 212, '35', 1, 112000000, 700, 9, 0, 0),
       (36795, 212, '36', 3, 72000000, 640, 9, 0, 0),
       (36796, 212, '37', 2, 100000000, 430, 10, 0, 0),
       (36797, 212, '38', 4, 120000000, 400, 10, 0, 0),
       (36798, 212, '39', 2, 85000000, 410, 10, 0, 0),
       (36799, 212, '40', 4, 145000000, 730, 10, 0, 0),
       (36800, 212, '41', 3, 124000000, 480, 11, 0, 0),
       (36801, 212, '42', 4, 80000000, 560, 11, 0, 0),
       (36802, 212, '43', 1, 74000000, 860, 11, 0, 0),
       (36803, 212, '44', 3, 99000000, 950, 11, 0, 0),
       (36804, 212, '45', 4, 68000000, 680, 12, 0, 0),
       (36805, 212, '46', 3, 129000000, 580, 12, 0, 0),
       (36806, 212, '47', 4, 63000000, 630, 12, 0, 0),
       (36807, 212, '48', 1, 68000000, 850, 12, 0, 0),
       (36808, 212, '49', 3, 71000000, 860, 13, 0, 0),
       (36809, 212, '50', 4, 92000000, 620, 13, 0, 0),
       (36810, 212, '51', 4, 137000000, 570, 13, 0, 0),
       (36811, 212, '52', 4, 73000000, 650, 13, 0, 0),
       (36812, 212, '53', 4, 67000000, 900, 14, 0, 0),
       (36813, 212, '54', 3, 139000000, 670, 14, 0, 0),
       (36814, 212, '55', 2, 91000000, 440, 14, 0, 0),
       (36815, 212, '56', 1, 149000000, 470, 14, 0, 0),
       (36816, 212, '57', 2, 148000000, 710, 15, 0, 0),
       (36817, 212, '58', 4, 116000000, 680, 15, 0, 0),
       (36818, 212, '59', 1, 108000000, 590, 15, 0, 0),
       (36819, 212, '60', 4, 62000000, 570, 15, 0, 0),
       (36820, 212, '61', 3, 70000000, 550, 16, 0, 0),
       (36821, 212, '62', 3, 128000000, 630, 16, 0, 0),
       (36822, 212, '63', 1, 80000000, 450, 16, 0, 0),
       (36823, 212, '64', 4, 138000000, 430, 16, 0, 0),
       (36824, 212, '65', 3, 119000000, 510, 17, 0, 0),
       (36825, 212, '66', 2, 103000000, 790, 17, 0, 0),
       (36826, 212, '67', 4, 67000000, 620, 17, 0, 0),
       (36827, 212, '68', 4, 108000000, 440, 17, 0, 0),
       (36828, 212, '69', 1, 137000000, 480, 18, 0, 0),
       (36829, 212, '70', 1, 124000000, 900, 18, 0, 0),
       (36830, 212, '71', 3, 78000000, 700, 18, 0, 0),
       (36831, 212, '72', 3, 123000000, 750, 18, 0, 0),
       (36832, 212, '73', 4, 69000000, 520, 19, 0, 0),
       (36833, 212, '74', 1, 100000000, 990, 19, 0, 0),
       (36834, 212, '75', 1, 136000000, 900, 19, 0, 0),
       (36835, 212, '76', 1, 149000000, 520, 19, 0, 0),
       (36836, 212, '77', 2, 100000000, 950, 20, 0, 0),
       (36837, 212, '78', 1, 61000000, 460, 20, 0, 0),
       (36838, 212, '79', 3, 97000000, 610, 20, 0, 0),
       (36839, 212, '80', 1, 119000000, 840, 20, 0, 0),
       (36840, 212, '81', 1, 83000000, 480, 21, 0, 0),
       (36841, 212, '82', 4, 133000000, 860, 21, 0, 0),
       (36842, 212, '83', 1, 105000000, 860, 21, 0, 0),
       (36843, 212, '84', 2, 96000000, 700, 21, 0, 0),
       (36844, 212, '85', 4, 106000000, 510, 22, 0, 0),
       (36845, 212, '86', 2, 74000000, 410, 22, 0, 0),
       (36846, 212, '87', 2, 135000000, 960, 22, 0, 0),
       (36847, 212, '88', 1, 71000000, 920, 22, 0, 0),
       (36848, 212, '89', 4, 81000000, 400, 23, 0, 0),
       (36849, 212, '90', 2, 111000000, 680, 23, 0, 0),
       (36850, 212, '91', 1, 67000000, 580, 23, 0, 0),
       (36851, 212, '92', 3, 128000000, 940, 23, 0, 0),
       (36852, 212, '93', 1, 62000000, 890, 24, 0, 0),
       (36853, 212, '94', 4, 131000000, 530, 24, 0, 0),
       (36854, 212, '95', 2, 129000000, 430, 24, 0, 0),
       (36855, 212, '96', 4, 107000000, 930, 24, 0, 0),
       (36856, 212, '97', 3, 144000000, 450, 25, 0, 0),
       (36857, 212, '98', 4, 62000000, 410, 25, 0, 0),
       (36858, 212, '99', 3, 144000000, 460, 25, 0, 0),
       (36859, 212, '100', 2, 115000000, 650, 25, 0, 0),
       (36860, 212, '101', 3, 105000000, 820, 26, 0, 0),
       (36861, 212, '102', 1, 101000000, 490, 26, 0, 0),
       (36862, 212, '103', 4, 132000000, 440, 26, 0, 0),
       (36863, 212, '104', 4, 144000000, 850, 26, 0, 0),
       (36864, 212, '105', 4, 145000000, 580, 27, 0, 0),
       (36865, 212, '106', 4, 71000000, 420, 27, 0, 0),
       (36866, 212, '107', 2, 110000000, 480, 27, 0, 0),
       (36867, 212, '108', 1, 100000000, 410, 27, 0, 0),
       (36868, 212, '109', 1, 129000000, 760, 28, 0, 0),
       (36869, 212, '110', 4, 65000000, 900, 28, 0, 0),
       (36870, 212, '111', 4, 106000000, 580, 28, 0, 0),
       (36871, 212, '112', 3, 62000000, 880, 28, 0, 0),
       (36872, 212, '113', 3, 139000000, 750, 29, 0, 0),
       (36873, 212, '114', 2, 123000000, 610, 29, 0, 0),
       (36874, 212, '115', 3, 93000000, 860, 29, 0, 0),
       (36875, 212, '116', 2, 94000000, 480, 29, 0, 0);
insert into real_estate_building (id, address, complex_id, floor_count, dev_id)
values (213, 'г. Москва, ул. Пушкинская, д. 19', 10, 25, 10);
insert into real_estate_object (id, building_id ,local_address, places, price, area, floor, type, estate_type)
values (36876, 213, '1', 1, 103000000, 800, 1, 0, 0),
       (36877, 213, '2', 1, 71000000, 650, 1, 0, 0),
       (36878, 213, '3', 3, 104000000, 400, 1, 0, 0),
       (36879, 213, '4', 2, 116000000, 730, 1, 0, 0),
       (36880, 213, '5', 3, 78000000, 860, 2, 0, 0),
       (36881, 213, '6', 3, 104000000, 640, 2, 0, 0),
       (36882, 213, '7', 3, 132000000, 870, 2, 0, 0),
       (36883, 213, '8', 2, 70000000, 410, 2, 0, 0),
       (36884, 213, '9', 4, 131000000, 640, 3, 0, 0),
       (36885, 213, '10', 4, 74000000, 520, 3, 0, 0),
       (36886, 213, '11', 3, 133000000, 920, 3, 0, 0),
       (36887, 213, '12', 1, 140000000, 500, 3, 0, 0),
       (36888, 213, '13', 2, 136000000, 680, 4, 0, 0),
       (36889, 213, '14', 2, 125000000, 680, 4, 0, 0),
       (36890, 213, '15', 3, 69000000, 560, 4, 0, 0),
       (36891, 213, '16', 4, 63000000, 670, 4, 0, 0),
       (36892, 213, '17', 1, 104000000, 780, 5, 0, 0),
       (36893, 213, '18', 3, 68000000, 980, 5, 0, 0),
       (36894, 213, '19', 1, 143000000, 780, 5, 0, 0),
       (36895, 213, '20', 3, 120000000, 990, 5, 0, 0),
       (36896, 213, '21', 1, 72000000, 770, 6, 0, 0),
       (36897, 213, '22', 4, 86000000, 730, 6, 0, 0),
       (36898, 213, '23', 1, 121000000, 980, 6, 0, 0),
       (36899, 213, '24', 2, 129000000, 530, 6, 0, 0),
       (36900, 213, '25', 4, 124000000, 810, 7, 0, 0),
       (36901, 213, '26', 4, 75000000, 560, 7, 0, 0),
       (36902, 213, '27', 4, 136000000, 800, 7, 0, 0),
       (36903, 213, '28', 4, 134000000, 880, 7, 0, 0),
       (36904, 213, '29', 3, 132000000, 760, 8, 0, 0),
       (36905, 213, '30', 3, 148000000, 590, 8, 0, 0),
       (36906, 213, '31', 4, 90000000, 570, 8, 0, 0),
       (36907, 213, '32', 3, 126000000, 620, 8, 0, 0),
       (36908, 213, '33', 1, 102000000, 870, 9, 0, 0),
       (36909, 213, '34', 3, 129000000, 720, 9, 0, 0),
       (36910, 213, '35', 3, 80000000, 640, 9, 0, 0),
       (36911, 213, '36', 2, 110000000, 410, 9, 0, 0),
       (36912, 213, '37', 3, 125000000, 990, 10, 0, 0),
       (36913, 213, '38', 3, 68000000, 460, 10, 0, 0),
       (36914, 213, '39', 3, 105000000, 900, 10, 0, 0),
       (36915, 213, '40', 2, 139000000, 650, 10, 0, 0),
       (36916, 213, '41', 4, 126000000, 750, 11, 0, 0),
       (36917, 213, '42', 3, 97000000, 810, 11, 0, 0),
       (36918, 213, '43', 2, 118000000, 980, 11, 0, 0),
       (36919, 213, '44', 1, 149000000, 600, 11, 0, 0),
       (36920, 213, '45', 3, 103000000, 710, 12, 0, 0),
       (36921, 213, '46', 4, 130000000, 590, 12, 0, 0),
       (36922, 213, '47', 2, 144000000, 440, 12, 0, 0),
       (36923, 213, '48', 3, 132000000, 430, 12, 0, 0),
       (36924, 213, '49', 4, 87000000, 560, 13, 0, 0),
       (36925, 213, '50', 4, 145000000, 540, 13, 0, 0),
       (36926, 213, '51', 2, 106000000, 410, 13, 0, 0),
       (36927, 213, '52', 3, 136000000, 950, 13, 0, 0),
       (36928, 213, '53', 4, 65000000, 470, 14, 0, 0),
       (36929, 213, '54', 2, 88000000, 660, 14, 0, 0),
       (36930, 213, '55', 4, 94000000, 630, 14, 0, 0),
       (36931, 213, '56', 1, 92000000, 630, 14, 0, 0),
       (36932, 213, '57', 2, 142000000, 540, 15, 0, 0),
       (36933, 213, '58', 4, 85000000, 530, 15, 0, 0),
       (36934, 213, '59', 2, 127000000, 950, 15, 0, 0),
       (36935, 213, '60', 1, 79000000, 700, 15, 0, 0),
       (36936, 213, '61', 1, 82000000, 940, 16, 0, 0),
       (36937, 213, '62', 2, 145000000, 520, 16, 0, 0),
       (36938, 213, '63', 2, 130000000, 660, 16, 0, 0),
       (36939, 213, '64', 2, 81000000, 840, 16, 0, 0),
       (36940, 213, '65', 2, 66000000, 950, 17, 0, 0),
       (36941, 213, '66', 2, 104000000, 480, 17, 0, 0),
       (36942, 213, '67', 3, 116000000, 620, 17, 0, 0),
       (36943, 213, '68', 1, 131000000, 440, 17, 0, 0),
       (36944, 213, '69', 2, 142000000, 630, 18, 0, 0),
       (36945, 213, '70', 3, 111000000, 490, 18, 0, 0),
       (36946, 213, '71', 1, 108000000, 530, 18, 0, 0),
       (36947, 213, '72', 1, 78000000, 700, 18, 0, 0),
       (36948, 213, '73', 1, 130000000, 810, 19, 0, 0),
       (36949, 213, '74', 2, 64000000, 870, 19, 0, 0),
       (36950, 213, '75', 3, 115000000, 580, 19, 0, 0),
       (36951, 213, '76', 3, 88000000, 530, 19, 0, 0),
       (36952, 213, '77', 3, 68000000, 680, 20, 0, 0),
       (36953, 213, '78', 4, 91000000, 900, 20, 0, 0),
       (36954, 213, '79', 3, 87000000, 590, 20, 0, 0),
       (36955, 213, '80', 4, 130000000, 790, 20, 0, 0),
       (36956, 213, '81', 3, 78000000, 700, 21, 0, 0),
       (36957, 213, '82', 1, 63000000, 420, 21, 0, 0),
       (36958, 213, '83', 3, 85000000, 910, 21, 0, 0),
       (36959, 213, '84', 1, 94000000, 490, 21, 0, 0),
       (36960, 213, '85', 3, 100000000, 820, 22, 0, 0),
       (36961, 213, '86', 3, 148000000, 690, 22, 0, 0),
       (36962, 213, '87', 1, 87000000, 750, 22, 0, 0),
       (36963, 213, '88', 2, 73000000, 640, 22, 0, 0),
       (36964, 213, '89', 4, 129000000, 670, 23, 0, 0),
       (36965, 213, '90', 2, 91000000, 750, 23, 0, 0),
       (36966, 213, '91', 2, 148000000, 750, 23, 0, 0),
       (36967, 213, '92', 2, 127000000, 670, 23, 0, 0),
       (36968, 213, '93', 2, 96000000, 870, 24, 0, 0),
       (36969, 213, '94', 3, 108000000, 570, 24, 0, 0),
       (36970, 213, '95', 4, 137000000, 460, 24, 0, 0),
       (36971, 213, '96', 4, 90000000, 920, 24, 0, 0),
       (36972, 213, '97', 1, 103000000, 790, 25, 0, 0),
       (36973, 213, '98', 3, 79000000, 930, 25, 0, 0),
       (36974, 213, '99', 3, 139000000, 790, 25, 0, 0),
       (36975, 213, '100', 3, 60000000, 580, 25, 0, 0);
insert into real_estate_building (id, address, complex_id, floor_count, dev_id)
values (214, 'г. Москва, ул. Пушкинская, д. 20', 10, 21, 10);
insert into real_estate_object (id, building_id ,local_address, places, price, area, floor, type, estate_type)
values (36976, 214, '1', 4, 87000000, 430, 1, 0, 0),
       (36977, 214, '2', 4, 132000000, 410, 1, 0, 0),
       (36978, 214, '3', 4, 145000000, 590, 1, 0, 0),
       (36979, 214, '4', 1, 128000000, 860, 1, 0, 0),
       (36980, 214, '5', 1, 65000000, 860, 2, 0, 0),
       (36981, 214, '6', 2, 60000000, 420, 2, 0, 0),
       (36982, 214, '7', 1, 145000000, 430, 2, 0, 0),
       (36983, 214, '8', 2, 114000000, 990, 2, 0, 0),
       (36984, 214, '9', 2, 121000000, 560, 3, 0, 0),
       (36985, 214, '10', 3, 116000000, 400, 3, 0, 0),
       (36986, 214, '11', 4, 92000000, 490, 3, 0, 0),
       (36987, 214, '12', 1, 62000000, 580, 3, 0, 0),
       (36988, 214, '13', 4, 80000000, 780, 4, 0, 0),
       (36989, 214, '14', 1, 76000000, 600, 4, 0, 0),
       (36990, 214, '15', 4, 65000000, 740, 4, 0, 0),
       (36991, 214, '16', 3, 67000000, 930, 4, 0, 0),
       (36992, 214, '17', 4, 123000000, 680, 5, 0, 0),
       (36993, 214, '18', 3, 133000000, 620, 5, 0, 0),
       (36994, 214, '19', 1, 125000000, 650, 5, 0, 0),
       (36995, 214, '20', 2, 105000000, 630, 5, 0, 0),
       (36996, 214, '21', 3, 93000000, 850, 6, 0, 0),
       (36997, 214, '22', 3, 89000000, 740, 6, 0, 0),
       (36998, 214, '23', 1, 64000000, 820, 6, 0, 0),
       (36999, 214, '24', 1, 80000000, 890, 6, 0, 0),
       (37000, 214, '25', 1, 90000000, 800, 7, 0, 0),
       (37001, 214, '26', 1, 134000000, 430, 7, 0, 0),
       (37002, 214, '27', 1, 94000000, 580, 7, 0, 0),
       (37003, 214, '28', 3, 65000000, 760, 7, 0, 0),
       (37004, 214, '29', 3, 80000000, 770, 8, 0, 0),
       (37005, 214, '30', 2, 75000000, 460, 8, 0, 0),
       (37006, 214, '31', 2, 63000000, 800, 8, 0, 0),
       (37007, 214, '32', 4, 100000000, 730, 8, 0, 0),
       (37008, 214, '33', 2, 72000000, 570, 9, 0, 0),
       (37009, 214, '34', 4, 89000000, 410, 9, 0, 0),
       (37010, 214, '35', 2, 138000000, 420, 9, 0, 0),
       (37011, 214, '36', 1, 62000000, 410, 9, 0, 0),
       (37012, 214, '37', 4, 129000000, 640, 10, 0, 0),
       (37013, 214, '38', 4, 97000000, 970, 10, 0, 0),
       (37014, 214, '39', 4, 71000000, 660, 10, 0, 0),
       (37015, 214, '40', 3, 125000000, 730, 10, 0, 0),
       (37016, 214, '41', 1, 101000000, 520, 11, 0, 0),
       (37017, 214, '42', 2, 137000000, 990, 11, 0, 0),
       (37018, 214, '43', 2, 100000000, 450, 11, 0, 0),
       (37019, 214, '44', 3, 140000000, 670, 11, 0, 0),
       (37020, 214, '45', 3, 122000000, 620, 12, 0, 0),
       (37021, 214, '46', 1, 99000000, 1000, 12, 0, 0),
       (37022, 214, '47', 4, 123000000, 630, 12, 0, 0),
       (37023, 214, '48', 2, 62000000, 920, 12, 0, 0),
       (37024, 214, '49', 1, 137000000, 770, 13, 0, 0),
       (37025, 214, '50', 2, 131000000, 630, 13, 0, 0),
       (37026, 214, '51', 3, 72000000, 910, 13, 0, 0),
       (37027, 214, '52', 2, 88000000, 760, 13, 0, 0),
       (37028, 214, '53', 2, 99000000, 950, 14, 0, 0),
       (37029, 214, '54', 3, 84000000, 600, 14, 0, 0),
       (37030, 214, '55', 2, 146000000, 730, 14, 0, 0),
       (37031, 214, '56', 4, 123000000, 590, 14, 0, 0),
       (37032, 214, '57', 1, 143000000, 490, 15, 0, 0),
       (37033, 214, '58', 4, 135000000, 590, 15, 0, 0),
       (37034, 214, '59', 3, 76000000, 740, 15, 0, 0),
       (37035, 214, '60', 3, 136000000, 770, 15, 0, 0),
       (37036, 214, '61', 1, 131000000, 900, 16, 0, 0),
       (37037, 214, '62', 1, 69000000, 440, 16, 0, 0),
       (37038, 214, '63', 3, 119000000, 550, 16, 0, 0),
       (37039, 214, '64', 2, 64000000, 710, 16, 0, 0),
       (37040, 214, '65', 4, 111000000, 680, 17, 0, 0),
       (37041, 214, '66', 2, 65000000, 440, 17, 0, 0),
       (37042, 214, '67', 3, 68000000, 680, 17, 0, 0),
       (37043, 214, '68', 2, 100000000, 820, 17, 0, 0),
       (37044, 214, '69', 4, 130000000, 680, 18, 0, 0),
       (37045, 214, '70', 2, 62000000, 550, 18, 0, 0),
       (37046, 214, '71', 1, 124000000, 750, 18, 0, 0),
       (37047, 214, '72', 2, 86000000, 590, 18, 0, 0),
       (37048, 214, '73', 3, 70000000, 450, 19, 0, 0),
       (37049, 214, '74', 4, 104000000, 650, 19, 0, 0),
       (37050, 214, '75', 4, 74000000, 620, 19, 0, 0),
       (37051, 214, '76', 1, 103000000, 490, 19, 0, 0),
       (37052, 214, '77', 1, 126000000, 520, 20, 0, 0),
       (37053, 214, '78', 1, 131000000, 520, 20, 0, 0),
       (37054, 214, '79', 4, 71000000, 530, 20, 0, 0),
       (37055, 214, '80', 4, 128000000, 820, 20, 0, 0),
       (37056, 214, '81', 3, 147000000, 530, 21, 0, 0),
       (37057, 214, '82', 2, 90000000, 440, 21, 0, 0),
       (37058, 214, '83', 1, 110000000, 460, 21, 0, 0),
       (37059, 214, '84', 1, 63000000, 770, 21, 0, 0);
insert into real_estate_building (id, address, complex_id, floor_count, dev_id)
values (215, 'г. Москва, ул. Пушкинская, д. 21', 10, 27, 10);
insert into real_estate_object (id, building_id ,local_address, places, price, area, floor, type, estate_type)
values (37060, 215, '1', 3, 133000000, 450, 1, 0, 0),
       (37061, 215, '2', 1, 70000000, 680, 1, 0, 0),
       (37062, 215, '3', 2, 142000000, 950, 1, 0, 0),
       (37063, 215, '4', 2, 134000000, 890, 1, 0, 0),
       (37064, 215, '5', 4, 103000000, 480, 2, 0, 0),
       (37065, 215, '6', 1, 138000000, 400, 2, 0, 0),
       (37066, 215, '7', 4, 70000000, 880, 2, 0, 0),
       (37067, 215, '8', 1, 69000000, 500, 2, 0, 0),
       (37068, 215, '9', 2, 105000000, 420, 3, 0, 0),
       (37069, 215, '10', 1, 125000000, 560, 3, 0, 0),
       (37070, 215, '11', 1, 90000000, 840, 3, 0, 0),
       (37071, 215, '12', 4, 98000000, 480, 3, 0, 0),
       (37072, 215, '13', 4, 146000000, 780, 4, 0, 0),
       (37073, 215, '14', 3, 130000000, 750, 4, 0, 0),
       (37074, 215, '15', 1, 62000000, 480, 4, 0, 0),
       (37075, 215, '16', 4, 117000000, 580, 4, 0, 0),
       (37076, 215, '17', 3, 136000000, 680, 5, 0, 0),
       (37077, 215, '18', 3, 128000000, 450, 5, 0, 0),
       (37078, 215, '19', 4, 143000000, 880, 5, 0, 0),
       (37079, 215, '20', 4, 144000000, 940, 5, 0, 0),
       (37080, 215, '21', 4, 68000000, 810, 6, 0, 0),
       (37081, 215, '22', 3, 96000000, 650, 6, 0, 0),
       (37082, 215, '23', 3, 98000000, 520, 6, 0, 0),
       (37083, 215, '24', 1, 144000000, 530, 6, 0, 0),
       (37084, 215, '25', 1, 114000000, 750, 7, 0, 0),
       (37085, 215, '26', 2, 74000000, 980, 7, 0, 0),
       (37086, 215, '27', 1, 116000000, 670, 7, 0, 0),
       (37087, 215, '28', 3, 130000000, 460, 7, 0, 0),
       (37088, 215, '29', 1, 69000000, 830, 8, 0, 0),
       (37089, 215, '30', 2, 146000000, 640, 8, 0, 0),
       (37090, 215, '31', 4, 148000000, 720, 8, 0, 0),
       (37091, 215, '32', 4, 89000000, 960, 8, 0, 0),
       (37092, 215, '33', 2, 143000000, 900, 9, 0, 0),
       (37093, 215, '34', 3, 77000000, 780, 9, 0, 0),
       (37094, 215, '35', 2, 103000000, 670, 9, 0, 0),
       (37095, 215, '36', 1, 138000000, 560, 9, 0, 0),
       (37096, 215, '37', 1, 64000000, 950, 10, 0, 0),
       (37097, 215, '38', 2, 138000000, 530, 10, 0, 0),
       (37098, 215, '39', 1, 137000000, 440, 10, 0, 0),
       (37099, 215, '40', 2, 111000000, 820, 10, 0, 0),
       (37100, 215, '41', 4, 94000000, 440, 11, 0, 0),
       (37101, 215, '42', 2, 97000000, 440, 11, 0, 0),
       (37102, 215, '43', 2, 104000000, 680, 11, 0, 0),
       (37103, 215, '44', 1, 98000000, 590, 11, 0, 0),
       (37104, 215, '45', 2, 106000000, 500, 12, 0, 0),
       (37105, 215, '46', 4, 100000000, 600, 12, 0, 0),
       (37106, 215, '47', 3, 60000000, 610, 12, 0, 0),
       (37107, 215, '48', 3, 96000000, 640, 12, 0, 0),
       (37108, 215, '49', 1, 92000000, 990, 13, 0, 0),
       (37109, 215, '50', 3, 76000000, 410, 13, 0, 0),
       (37110, 215, '51', 3, 123000000, 580, 13, 0, 0),
       (37111, 215, '52', 1, 82000000, 760, 13, 0, 0),
       (37112, 215, '53', 3, 101000000, 990, 14, 0, 0),
       (37113, 215, '54', 3, 64000000, 690, 14, 0, 0),
       (37114, 215, '55', 4, 109000000, 700, 14, 0, 0),
       (37115, 215, '56', 2, 89000000, 860, 14, 0, 0),
       (37116, 215, '57', 1, 101000000, 400, 15, 0, 0),
       (37117, 215, '58', 1, 114000000, 810, 15, 0, 0),
       (37118, 215, '59', 1, 60000000, 630, 15, 0, 0),
       (37119, 215, '60', 3, 150000000, 950, 15, 0, 0),
       (37120, 215, '61', 4, 77000000, 430, 16, 0, 0),
       (37121, 215, '62', 3, 75000000, 530, 16, 0, 0),
       (37122, 215, '63', 1, 134000000, 740, 16, 0, 0),
       (37123, 215, '64', 3, 98000000, 650, 16, 0, 0),
       (37124, 215, '65', 4, 138000000, 910, 17, 0, 0),
       (37125, 215, '66', 1, 63000000, 840, 17, 0, 0),
       (37126, 215, '67', 3, 121000000, 440, 17, 0, 0),
       (37127, 215, '68', 2, 68000000, 580, 17, 0, 0),
       (37128, 215, '69', 2, 142000000, 580, 18, 0, 0),
       (37129, 215, '70', 4, 104000000, 470, 18, 0, 0),
       (37130, 215, '71', 1, 65000000, 480, 18, 0, 0),
       (37131, 215, '72', 2, 137000000, 650, 18, 0, 0),
       (37132, 215, '73', 4, 70000000, 440, 19, 0, 0),
       (37133, 215, '74', 2, 73000000, 850, 19, 0, 0),
       (37134, 215, '75', 1, 73000000, 980, 19, 0, 0),
       (37135, 215, '76', 1, 75000000, 960, 19, 0, 0),
       (37136, 215, '77', 2, 77000000, 910, 20, 0, 0),
       (37137, 215, '78', 1, 91000000, 640, 20, 0, 0),
       (37138, 215, '79', 2, 66000000, 990, 20, 0, 0),
       (37139, 215, '80', 3, 112000000, 650, 20, 0, 0),
       (37140, 215, '81', 4, 130000000, 560, 21, 0, 0),
       (37141, 215, '82', 3, 70000000, 890, 21, 0, 0),
       (37142, 215, '83', 1, 135000000, 850, 21, 0, 0),
       (37143, 215, '84', 2, 113000000, 790, 21, 0, 0),
       (37144, 215, '85', 4, 83000000, 750, 22, 0, 0),
       (37145, 215, '86', 4, 130000000, 910, 22, 0, 0),
       (37146, 215, '87', 4, 116000000, 600, 22, 0, 0),
       (37147, 215, '88', 3, 124000000, 690, 22, 0, 0),
       (37148, 215, '89', 1, 101000000, 760, 23, 0, 0),
       (37149, 215, '90', 2, 141000000, 770, 23, 0, 0),
       (37150, 215, '91', 4, 108000000, 710, 23, 0, 0),
       (37151, 215, '92', 2, 118000000, 510, 23, 0, 0),
       (37152, 215, '93', 3, 124000000, 640, 24, 0, 0),
       (37153, 215, '94', 2, 113000000, 610, 24, 0, 0),
       (37154, 215, '95', 3, 70000000, 570, 24, 0, 0),
       (37155, 215, '96', 1, 93000000, 540, 24, 0, 0),
       (37156, 215, '97', 4, 137000000, 650, 25, 0, 0),
       (37157, 215, '98', 3, 62000000, 540, 25, 0, 0),
       (37158, 215, '99', 3, 144000000, 640, 25, 0, 0),
       (37159, 215, '100', 1, 61000000, 910, 25, 0, 0),
       (37160, 215, '101', 2, 139000000, 440, 26, 0, 0),
       (37161, 215, '102', 4, 124000000, 650, 26, 0, 0),
       (37162, 215, '103', 4, 125000000, 900, 26, 0, 0),
       (37163, 215, '104', 2, 96000000, 470, 26, 0, 0),
       (37164, 215, '105', 2, 75000000, 500, 27, 0, 0),
       (37165, 215, '106', 1, 84000000, 770, 27, 0, 0),
       (37166, 215, '107', 3, 84000000, 650, 27, 0, 0),
       (37167, 215, '108', 2, 122000000, 720, 27, 0, 0);
insert into real_estate_building (id, address, complex_id, floor_count, dev_id)
values (216, 'г. Москва, ул. Пушкинская, д. 22', 10, 25, 10);
insert into real_estate_object (id, building_id ,local_address, places, price, area, floor, type, estate_type)
values (37168, 216, '1', 3, 149000000, 420, 1, 0, 0),
       (37169, 216, '2', 1, 144000000, 690, 1, 0, 0),
       (37170, 216, '3', 1, 88000000, 440, 1, 0, 0),
       (37171, 216, '4', 4, 76000000, 740, 1, 0, 0),
       (37172, 216, '5', 3, 69000000, 440, 2, 0, 0),
       (37173, 216, '6', 1, 105000000, 610, 2, 0, 0),
       (37174, 216, '7', 1, 104000000, 570, 2, 0, 0),
       (37175, 216, '8', 1, 69000000, 740, 2, 0, 0),
       (37176, 216, '9', 1, 63000000, 770, 3, 0, 0),
       (37177, 216, '10', 2, 81000000, 980, 3, 0, 0),
       (37178, 216, '11', 2, 104000000, 510, 3, 0, 0),
       (37179, 216, '12', 2, 118000000, 470, 3, 0, 0),
       (37180, 216, '13', 2, 101000000, 790, 4, 0, 0),
       (37181, 216, '14', 4, 84000000, 810, 4, 0, 0),
       (37182, 216, '15', 3, 146000000, 930, 4, 0, 0),
       (37183, 216, '16', 2, 88000000, 770, 4, 0, 0),
       (37184, 216, '17', 3, 149000000, 580, 5, 0, 0),
       (37185, 216, '18', 2, 114000000, 800, 5, 0, 0),
       (37186, 216, '19', 4, 107000000, 730, 5, 0, 0),
       (37187, 216, '20', 1, 113000000, 590, 5, 0, 0),
       (37188, 216, '21', 3, 71000000, 410, 6, 0, 0),
       (37189, 216, '22', 1, 135000000, 510, 6, 0, 0),
       (37190, 216, '23', 3, 107000000, 450, 6, 0, 0),
       (37191, 216, '24', 4, 93000000, 860, 6, 0, 0),
       (37192, 216, '25', 4, 110000000, 580, 7, 0, 0),
       (37193, 216, '26', 2, 69000000, 980, 7, 0, 0),
       (37194, 216, '27', 1, 131000000, 880, 7, 0, 0),
       (37195, 216, '28', 1, 73000000, 920, 7, 0, 0),
       (37196, 216, '29', 4, 146000000, 450, 8, 0, 0),
       (37197, 216, '30', 4, 112000000, 640, 8, 0, 0),
       (37198, 216, '31', 2, 150000000, 920, 8, 0, 0),
       (37199, 216, '32', 1, 112000000, 810, 8, 0, 0),
       (37200, 216, '33', 1, 65000000, 670, 9, 0, 0),
       (37201, 216, '34', 2, 140000000, 510, 9, 0, 0),
       (37202, 216, '35', 3, 112000000, 960, 9, 0, 0),
       (37203, 216, '36', 2, 115000000, 940, 9, 0, 0),
       (37204, 216, '37', 2, 66000000, 690, 10, 0, 0),
       (37205, 216, '38', 2, 125000000, 660, 10, 0, 0),
       (37206, 216, '39', 4, 118000000, 630, 10, 0, 0),
       (37207, 216, '40', 2, 127000000, 570, 10, 0, 0),
       (37208, 216, '41', 4, 150000000, 870, 11, 0, 0),
       (37209, 216, '42', 1, 96000000, 480, 11, 0, 0),
       (37210, 216, '43', 1, 95000000, 860, 11, 0, 0),
       (37211, 216, '44', 2, 109000000, 630, 11, 0, 0),
       (37212, 216, '45', 4, 149000000, 570, 12, 0, 0),
       (37213, 216, '46', 2, 83000000, 930, 12, 0, 0),
       (37214, 216, '47', 4, 146000000, 500, 12, 0, 0),
       (37215, 216, '48', 3, 94000000, 490, 12, 0, 0),
       (37216, 216, '49', 1, 102000000, 600, 13, 0, 0),
       (37217, 216, '50', 3, 63000000, 630, 13, 0, 0),
       (37218, 216, '51', 1, 90000000, 720, 13, 0, 0),
       (37219, 216, '52', 1, 79000000, 790, 13, 0, 0),
       (37220, 216, '53', 2, 112000000, 760, 14, 0, 0),
       (37221, 216, '54', 2, 147000000, 430, 14, 0, 0),
       (37222, 216, '55', 3, 120000000, 800, 14, 0, 0),
       (37223, 216, '56', 2, 113000000, 930, 14, 0, 0),
       (37224, 216, '57', 2, 83000000, 610, 15, 0, 0),
       (37225, 216, '58', 3, 82000000, 990, 15, 0, 0),
       (37226, 216, '59', 2, 126000000, 650, 15, 0, 0),
       (37227, 216, '60', 1, 140000000, 630, 15, 0, 0),
       (37228, 216, '61', 2, 61000000, 670, 16, 0, 0),
       (37229, 216, '62', 1, 139000000, 510, 16, 0, 0),
       (37230, 216, '63', 4, 72000000, 800, 16, 0, 0),
       (37231, 216, '64', 4, 140000000, 790, 16, 0, 0),
       (37232, 216, '65', 1, 105000000, 950, 17, 0, 0),
       (37233, 216, '66', 2, 142000000, 870, 17, 0, 0),
       (37234, 216, '67', 3, 84000000, 590, 17, 0, 0),
       (37235, 216, '68', 2, 117000000, 680, 17, 0, 0),
       (37236, 216, '69', 4, 68000000, 450, 18, 0, 0),
       (37237, 216, '70', 4, 65000000, 830, 18, 0, 0),
       (37238, 216, '71', 1, 66000000, 630, 18, 0, 0),
       (37239, 216, '72', 4, 62000000, 840, 18, 0, 0),
       (37240, 216, '73', 1, 121000000, 810, 19, 0, 0),
       (37241, 216, '74', 2, 145000000, 710, 19, 0, 0),
       (37242, 216, '75', 4, 104000000, 670, 19, 0, 0),
       (37243, 216, '76', 3, 104000000, 880, 19, 0, 0),
       (37244, 216, '77', 3, 99000000, 710, 20, 0, 0),
       (37245, 216, '78', 3, 105000000, 720, 20, 0, 0),
       (37246, 216, '79', 1, 89000000, 990, 20, 0, 0),
       (37247, 216, '80', 3, 108000000, 600, 20, 0, 0),
       (37248, 216, '81', 4, 116000000, 430, 21, 0, 0),
       (37249, 216, '82', 2, 65000000, 550, 21, 0, 0),
       (37250, 216, '83', 3, 79000000, 560, 21, 0, 0),
       (37251, 216, '84', 1, 96000000, 900, 21, 0, 0),
       (37252, 216, '85', 1, 121000000, 970, 22, 0, 0),
       (37253, 216, '86', 3, 89000000, 880, 22, 0, 0),
       (37254, 216, '87', 3, 115000000, 580, 22, 0, 0),
       (37255, 216, '88', 3, 145000000, 590, 22, 0, 0),
       (37256, 216, '89', 3, 119000000, 650, 23, 0, 0),
       (37257, 216, '90', 2, 112000000, 910, 23, 0, 0),
       (37258, 216, '91', 1, 94000000, 510, 23, 0, 0),
       (37259, 216, '92', 4, 130000000, 520, 23, 0, 0),
       (37260, 216, '93', 4, 61000000, 510, 24, 0, 0),
       (37261, 216, '94', 2, 133000000, 990, 24, 0, 0),
       (37262, 216, '95', 3, 130000000, 500, 24, 0, 0),
       (37263, 216, '96', 2, 121000000, 950, 24, 0, 0),
       (37264, 216, '97', 3, 62000000, 860, 25, 0, 0),
       (37265, 216, '98', 2, 88000000, 500, 25, 0, 0),
       (37266, 216, '99', 4, 139000000, 840, 25, 0, 0),
       (37267, 216, '100', 2, 86000000, 730, 25, 0, 0);
insert into real_estate_building (id, address, complex_id, floor_count, dev_id)
values (217, 'г. Москва, ул. Пушкинская, д. 23', 10, 28, 10);
insert into real_estate_object (id, building_id ,local_address, places, price, area, floor, type, estate_type)
values (37268, 217, '1', 1, 69000000, 750, 1, 0, 0),
       (37269, 217, '2', 3, 133000000, 560, 1, 0, 0),
       (37270, 217, '3', 2, 110000000, 870, 1, 0, 0),
       (37271, 217, '4', 2, 113000000, 570, 1, 0, 0),
       (37272, 217, '5', 1, 98000000, 650, 2, 0, 0),
       (37273, 217, '6', 1, 66000000, 670, 2, 0, 0),
       (37274, 217, '7', 4, 130000000, 530, 2, 0, 0),
       (37275, 217, '8', 4, 114000000, 730, 2, 0, 0),
       (37276, 217, '9', 1, 104000000, 770, 3, 0, 0),
       (37277, 217, '10', 2, 137000000, 760, 3, 0, 0),
       (37278, 217, '11', 1, 145000000, 440, 3, 0, 0),
       (37279, 217, '12', 4, 66000000, 490, 3, 0, 0),
       (37280, 217, '13', 2, 70000000, 870, 4, 0, 0),
       (37281, 217, '14', 3, 144000000, 440, 4, 0, 0),
       (37282, 217, '15', 2, 66000000, 870, 4, 0, 0),
       (37283, 217, '16', 1, 92000000, 710, 4, 0, 0),
       (37284, 217, '17', 4, 107000000, 860, 5, 0, 0),
       (37285, 217, '18', 1, 135000000, 460, 5, 0, 0),
       (37286, 217, '19', 2, 77000000, 420, 5, 0, 0),
       (37287, 217, '20', 4, 61000000, 870, 5, 0, 0),
       (37288, 217, '21', 4, 123000000, 870, 6, 0, 0),
       (37289, 217, '22', 4, 114000000, 690, 6, 0, 0),
       (37290, 217, '23', 2, 71000000, 410, 6, 0, 0),
       (37291, 217, '24', 1, 111000000, 850, 6, 0, 0),
       (37292, 217, '25', 2, 91000000, 480, 7, 0, 0),
       (37293, 217, '26', 1, 130000000, 740, 7, 0, 0),
       (37294, 217, '27', 4, 98000000, 550, 7, 0, 0),
       (37295, 217, '28', 1, 110000000, 650, 7, 0, 0),
       (37296, 217, '29', 2, 120000000, 950, 8, 0, 0),
       (37297, 217, '30', 1, 145000000, 930, 8, 0, 0),
       (37298, 217, '31', 1, 116000000, 860, 8, 0, 0),
       (37299, 217, '32', 4, 62000000, 650, 8, 0, 0),
       (37300, 217, '33', 1, 149000000, 470, 9, 0, 0),
       (37301, 217, '34', 3, 97000000, 580, 9, 0, 0),
       (37302, 217, '35', 2, 121000000, 580, 9, 0, 0),
       (37303, 217, '36', 1, 68000000, 720, 9, 0, 0),
       (37304, 217, '37', 3, 61000000, 700, 10, 0, 0),
       (37305, 217, '38', 4, 89000000, 690, 10, 0, 0),
       (37306, 217, '39', 3, 88000000, 920, 10, 0, 0),
       (37307, 217, '40', 2, 102000000, 680, 10, 0, 0),
       (37308, 217, '41', 3, 140000000, 880, 11, 0, 0),
       (37309, 217, '42', 2, 95000000, 410, 11, 0, 0),
       (37310, 217, '43', 1, 74000000, 750, 11, 0, 0),
       (37311, 217, '44', 2, 94000000, 460, 11, 0, 0),
       (37312, 217, '45', 1, 97000000, 960, 12, 0, 0),
       (37313, 217, '46', 2, 140000000, 750, 12, 0, 0),
       (37314, 217, '47', 4, 102000000, 450, 12, 0, 0),
       (37315, 217, '48', 2, 100000000, 920, 12, 0, 0),
       (37316, 217, '49', 3, 113000000, 960, 13, 0, 0),
       (37317, 217, '50', 2, 105000000, 620, 13, 0, 0),
       (37318, 217, '51', 4, 68000000, 570, 13, 0, 0),
       (37319, 217, '52', 1, 87000000, 600, 13, 0, 0),
       (37320, 217, '53', 3, 77000000, 520, 14, 0, 0),
       (37321, 217, '54', 2, 133000000, 730, 14, 0, 0),
       (37322, 217, '55', 4, 91000000, 590, 14, 0, 0),
       (37323, 217, '56', 1, 142000000, 480, 14, 0, 0),
       (37324, 217, '57', 3, 148000000, 1000, 15, 0, 0),
       (37325, 217, '58', 4, 70000000, 640, 15, 0, 0),
       (37326, 217, '59', 2, 72000000, 510, 15, 0, 0),
       (37327, 217, '60', 1, 122000000, 740, 15, 0, 0),
       (37328, 217, '61', 2, 125000000, 900, 16, 0, 0),
       (37329, 217, '62', 2, 77000000, 650, 16, 0, 0),
       (37330, 217, '63', 3, 74000000, 580, 16, 0, 0),
       (37331, 217, '64', 1, 66000000, 630, 16, 0, 0),
       (37332, 217, '65', 2, 113000000, 730, 17, 0, 0),
       (37333, 217, '66', 1, 81000000, 990, 17, 0, 0),
       (37334, 217, '67', 2, 122000000, 720, 17, 0, 0),
       (37335, 217, '68', 1, 147000000, 980, 17, 0, 0),
       (37336, 217, '69', 3, 116000000, 400, 18, 0, 0),
       (37337, 217, '70', 4, 97000000, 830, 18, 0, 0),
       (37338, 217, '71', 1, 113000000, 440, 18, 0, 0),
       (37339, 217, '72', 4, 112000000, 760, 18, 0, 0),
       (37340, 217, '73', 2, 91000000, 680, 19, 0, 0),
       (37341, 217, '74', 1, 100000000, 630, 19, 0, 0),
       (37342, 217, '75', 2, 118000000, 630, 19, 0, 0),
       (37343, 217, '76', 4, 93000000, 430, 19, 0, 0),
       (37344, 217, '77', 2, 61000000, 680, 20, 0, 0),
       (37345, 217, '78', 1, 66000000, 450, 20, 0, 0),
       (37346, 217, '79', 4, 133000000, 990, 20, 0, 0),
       (37347, 217, '80', 1, 114000000, 930, 20, 0, 0),
       (37348, 217, '81', 1, 72000000, 750, 21, 0, 0),
       (37349, 217, '82', 3, 125000000, 830, 21, 0, 0),
       (37350, 217, '83', 3, 77000000, 750, 21, 0, 0),
       (37351, 217, '84', 2, 72000000, 460, 21, 0, 0),
       (37352, 217, '85', 4, 83000000, 840, 22, 0, 0),
       (37353, 217, '86', 3, 82000000, 960, 22, 0, 0),
       (37354, 217, '87', 4, 145000000, 670, 22, 0, 0),
       (37355, 217, '88', 2, 116000000, 810, 22, 0, 0),
       (37356, 217, '89', 1, 140000000, 720, 23, 0, 0),
       (37357, 217, '90', 2, 79000000, 470, 23, 0, 0),
       (37358, 217, '91', 4, 140000000, 890, 23, 0, 0),
       (37359, 217, '92', 2, 149000000, 760, 23, 0, 0),
       (37360, 217, '93', 3, 70000000, 580, 24, 0, 0),
       (37361, 217, '94', 2, 94000000, 810, 24, 0, 0),
       (37362, 217, '95', 3, 128000000, 780, 24, 0, 0),
       (37363, 217, '96', 3, 69000000, 500, 24, 0, 0),
       (37364, 217, '97', 3, 120000000, 850, 25, 0, 0),
       (37365, 217, '98', 2, 95000000, 980, 25, 0, 0),
       (37366, 217, '99', 3, 123000000, 720, 25, 0, 0),
       (37367, 217, '100', 4, 120000000, 730, 25, 0, 0),
       (37368, 217, '101', 4, 95000000, 510, 26, 0, 0),
       (37369, 217, '102', 4, 150000000, 570, 26, 0, 0),
       (37370, 217, '103', 2, 65000000, 690, 26, 0, 0),
       (37371, 217, '104', 2, 92000000, 950, 26, 0, 0),
       (37372, 217, '105', 1, 112000000, 560, 27, 0, 0),
       (37373, 217, '106', 3, 81000000, 790, 27, 0, 0),
       (37374, 217, '107', 4, 75000000, 800, 27, 0, 0),
       (37375, 217, '108', 3, 70000000, 870, 27, 0, 0),
       (37376, 217, '109', 3, 123000000, 970, 28, 0, 0),
       (37377, 217, '110', 1, 135000000, 970, 28, 0, 0),
       (37378, 217, '111', 4, 87000000, 530, 28, 0, 0),
       (37379, 217, '112', 2, 79000000, 790, 28, 0, 0);
insert into real_estate_building (id, address, complex_id, floor_count, dev_id)
values (218, 'г. Москва, ул. Пушкинская, д. 24', 10, 28, 10);
insert into real_estate_object (id, building_id ,local_address, places, price, area, floor, type, estate_type)
values (37380, 218, '1', 1, 134000000, 540, 1, 0, 0),
       (37381, 218, '2', 3, 96000000, 850, 1, 0, 0),
       (37382, 218, '3', 4, 84000000, 670, 1, 0, 0),
       (37383, 218, '4', 1, 77000000, 460, 1, 0, 0),
       (37384, 218, '5', 3, 133000000, 800, 2, 0, 0),
       (37385, 218, '6', 1, 135000000, 500, 2, 0, 0),
       (37386, 218, '7', 1, 100000000, 840, 2, 0, 0),
       (37387, 218, '8', 4, 95000000, 860, 2, 0, 0),
       (37388, 218, '9', 4, 105000000, 540, 3, 0, 0),
       (37389, 218, '10', 1, 79000000, 420, 3, 0, 0),
       (37390, 218, '11', 2, 128000000, 840, 3, 0, 0),
       (37391, 218, '12', 4, 130000000, 840, 3, 0, 0),
       (37392, 218, '13', 1, 68000000, 910, 4, 0, 0),
       (37393, 218, '14', 1, 94000000, 530, 4, 0, 0),
       (37394, 218, '15', 2, 130000000, 410, 4, 0, 0),
       (37395, 218, '16', 4, 143000000, 440, 4, 0, 0),
       (37396, 218, '17', 4, 127000000, 1000, 5, 0, 0),
       (37397, 218, '18', 3, 112000000, 510, 5, 0, 0),
       (37398, 218, '19', 3, 107000000, 420, 5, 0, 0),
       (37399, 218, '20', 1, 118000000, 1000, 5, 0, 0),
       (37400, 218, '21', 4, 102000000, 880, 6, 0, 0),
       (37401, 218, '22', 4, 103000000, 610, 6, 0, 0),
       (37402, 218, '23', 2, 109000000, 980, 6, 0, 0),
       (37403, 218, '24', 3, 87000000, 710, 6, 0, 0),
       (37404, 218, '25', 2, 99000000, 590, 7, 0, 0),
       (37405, 218, '26', 2, 70000000, 450, 7, 0, 0),
       (37406, 218, '27', 2, 115000000, 740, 7, 0, 0),
       (37407, 218, '28', 1, 65000000, 700, 7, 0, 0),
       (37408, 218, '29', 2, 124000000, 510, 8, 0, 0),
       (37409, 218, '30', 4, 131000000, 400, 8, 0, 0),
       (37410, 218, '31', 4, 98000000, 590, 8, 0, 0),
       (37411, 218, '32', 1, 87000000, 800, 8, 0, 0),
       (37412, 218, '33', 3, 139000000, 720, 9, 0, 0),
       (37413, 218, '34', 1, 64000000, 640, 9, 0, 0),
       (37414, 218, '35', 1, 112000000, 660, 9, 0, 0),
       (37415, 218, '36', 3, 129000000, 780, 9, 0, 0),
       (37416, 218, '37', 3, 74000000, 550, 10, 0, 0),
       (37417, 218, '38', 4, 142000000, 960, 10, 0, 0),
       (37418, 218, '39', 2, 77000000, 720, 10, 0, 0),
       (37419, 218, '40', 2, 147000000, 720, 10, 0, 0),
       (37420, 218, '41', 1, 90000000, 590, 11, 0, 0),
       (37421, 218, '42', 2, 62000000, 860, 11, 0, 0),
       (37422, 218, '43', 2, 84000000, 560, 11, 0, 0),
       (37423, 218, '44', 3, 97000000, 1000, 11, 0, 0),
       (37424, 218, '45', 2, 69000000, 900, 12, 0, 0),
       (37425, 218, '46', 4, 87000000, 990, 12, 0, 0),
       (37426, 218, '47', 3, 77000000, 870, 12, 0, 0),
       (37427, 218, '48', 4, 95000000, 960, 12, 0, 0),
       (37428, 218, '49', 4, 85000000, 990, 13, 0, 0),
       (37429, 218, '50', 4, 76000000, 620, 13, 0, 0),
       (37430, 218, '51', 4, 85000000, 940, 13, 0, 0),
       (37431, 218, '52', 2, 87000000, 820, 13, 0, 0),
       (37432, 218, '53', 1, 70000000, 650, 14, 0, 0),
       (37433, 218, '54', 2, 135000000, 900, 14, 0, 0),
       (37434, 218, '55', 2, 91000000, 410, 14, 0, 0),
       (37435, 218, '56', 4, 145000000, 610, 14, 0, 0),
       (37436, 218, '57', 1, 130000000, 510, 15, 0, 0),
       (37437, 218, '58', 1, 134000000, 900, 15, 0, 0),
       (37438, 218, '59', 3, 91000000, 860, 15, 0, 0),
       (37439, 218, '60', 3, 89000000, 860, 15, 0, 0),
       (37440, 218, '61', 2, 86000000, 900, 16, 0, 0),
       (37441, 218, '62', 3, 122000000, 720, 16, 0, 0),
       (37442, 218, '63', 1, 66000000, 950, 16, 0, 0),
       (37443, 218, '64', 4, 135000000, 440, 16, 0, 0),
       (37444, 218, '65', 2, 79000000, 700, 17, 0, 0),
       (37445, 218, '66', 4, 90000000, 920, 17, 0, 0),
       (37446, 218, '67', 4, 88000000, 630, 17, 0, 0),
       (37447, 218, '68', 4, 77000000, 760, 17, 0, 0),
       (37448, 218, '69', 3, 138000000, 550, 18, 0, 0),
       (37449, 218, '70', 3, 145000000, 540, 18, 0, 0),
       (37450, 218, '71', 4, 109000000, 620, 18, 0, 0),
       (37451, 218, '72', 2, 114000000, 700, 18, 0, 0),
       (37452, 218, '73', 3, 130000000, 560, 19, 0, 0),
       (37453, 218, '74', 4, 116000000, 890, 19, 0, 0),
       (37454, 218, '75', 4, 63000000, 450, 19, 0, 0),
       (37455, 218, '76', 4, 77000000, 710, 19, 0, 0),
       (37456, 218, '77', 2, 89000000, 680, 20, 0, 0),
       (37457, 218, '78', 1, 89000000, 450, 20, 0, 0),
       (37458, 218, '79', 4, 147000000, 550, 20, 0, 0),
       (37459, 218, '80', 4, 99000000, 670, 20, 0, 0),
       (37460, 218, '81', 1, 86000000, 720, 21, 0, 0),
       (37461, 218, '82', 1, 134000000, 860, 21, 0, 0),
       (37462, 218, '83', 3, 84000000, 490, 21, 0, 0),
       (37463, 218, '84', 2, 124000000, 970, 21, 0, 0),
       (37464, 218, '85', 4, 143000000, 600, 22, 0, 0),
       (37465, 218, '86', 3, 121000000, 490, 22, 0, 0),
       (37466, 218, '87', 3, 117000000, 970, 22, 0, 0),
       (37467, 218, '88', 4, 115000000, 550, 22, 0, 0),
       (37468, 218, '89', 2, 78000000, 970, 23, 0, 0),
       (37469, 218, '90', 2, 118000000, 530, 23, 0, 0),
       (37470, 218, '91', 4, 142000000, 510, 23, 0, 0),
       (37471, 218, '92', 4, 86000000, 630, 23, 0, 0),
       (37472, 218, '93', 1, 148000000, 400, 24, 0, 0),
       (37473, 218, '94', 1, 131000000, 480, 24, 0, 0),
       (37474, 218, '95', 1, 64000000, 670, 24, 0, 0),
       (37475, 218, '96', 2, 146000000, 950, 24, 0, 0),
       (37476, 218, '97', 1, 133000000, 620, 25, 0, 0),
       (37477, 218, '98', 2, 83000000, 750, 25, 0, 0),
       (37478, 218, '99', 2, 121000000, 990, 25, 0, 0),
       (37479, 218, '100', 3, 61000000, 660, 25, 0, 0),
       (37480, 218, '101', 2, 144000000, 830, 26, 0, 0),
       (37481, 218, '102', 1, 134000000, 710, 26, 0, 0),
       (37482, 218, '103', 3, 67000000, 950, 26, 0, 0),
       (37483, 218, '104', 2, 71000000, 740, 26, 0, 0),
       (37484, 218, '105', 4, 128000000, 960, 27, 0, 0),
       (37485, 218, '106', 3, 88000000, 680, 27, 0, 0),
       (37486, 218, '107', 2, 91000000, 940, 27, 0, 0),
       (37487, 218, '108', 3, 125000000, 970, 27, 0, 0),
       (37488, 218, '109', 1, 125000000, 580, 28, 0, 0),
       (37489, 218, '110', 2, 70000000, 560, 28, 0, 0),
       (37490, 218, '111', 1, 103000000, 560, 28, 0, 0),
       (37491, 218, '112', 4, 104000000, 940, 28, 0, 0);
insert into real_estate_building (id, address, complex_id, floor_count, dev_id)
values (219, 'г. Москва, ул. Пушкинская, д. 25', 10, 23, 10);
insert into real_estate_object (id, building_id ,local_address, places, price, area, floor, type, estate_type)
values (37492, 219, '1', 2, 101000000, 630, 1, 0, 0),
       (37493, 219, '2', 1, 71000000, 780, 1, 0, 0),
       (37494, 219, '3', 2, 122000000, 480, 1, 0, 0),
       (37495, 219, '4', 3, 80000000, 680, 1, 0, 0),
       (37496, 219, '5', 3, 96000000, 420, 2, 0, 0),
       (37497, 219, '6', 3, 87000000, 790, 2, 0, 0),
       (37498, 219, '7', 3, 79000000, 590, 2, 0, 0),
       (37499, 219, '8', 2, 81000000, 960, 2, 0, 0),
       (37500, 219, '9', 2, 87000000, 830, 3, 0, 0),
       (37501, 219, '10', 2, 136000000, 560, 3, 0, 0),
       (37502, 219, '11', 2, 140000000, 1000, 3, 0, 0),
       (37503, 219, '12', 1, 123000000, 900, 3, 0, 0),
       (37504, 219, '13', 3, 135000000, 480, 4, 0, 0),
       (37505, 219, '14', 3, 71000000, 820, 4, 0, 0),
       (37506, 219, '15', 4, 111000000, 480, 4, 0, 0),
       (37507, 219, '16', 1, 120000000, 500, 4, 0, 0),
       (37508, 219, '17', 4, 138000000, 920, 5, 0, 0),
       (37509, 219, '18', 2, 112000000, 600, 5, 0, 0),
       (37510, 219, '19', 2, 66000000, 720, 5, 0, 0),
       (37511, 219, '20', 3, 137000000, 830, 5, 0, 0),
       (37512, 219, '21', 3, 88000000, 440, 6, 0, 0),
       (37513, 219, '22', 4, 89000000, 810, 6, 0, 0),
       (37514, 219, '23', 3, 109000000, 630, 6, 0, 0),
       (37515, 219, '24', 2, 67000000, 740, 6, 0, 0),
       (37516, 219, '25', 2, 105000000, 950, 7, 0, 0),
       (37517, 219, '26', 2, 74000000, 540, 7, 0, 0),
       (37518, 219, '27', 2, 138000000, 790, 7, 0, 0),
       (37519, 219, '28', 1, 131000000, 740, 7, 0, 0),
       (37520, 219, '29', 3, 92000000, 590, 8, 0, 0),
       (37521, 219, '30', 2, 104000000, 560, 8, 0, 0),
       (37522, 219, '31', 4, 102000000, 900, 8, 0, 0),
       (37523, 219, '32', 4, 127000000, 470, 8, 0, 0),
       (37524, 219, '33', 3, 143000000, 710, 9, 0, 0),
       (37525, 219, '34', 4, 126000000, 840, 9, 0, 0),
       (37526, 219, '35', 1, 80000000, 610, 9, 0, 0),
       (37527, 219, '36', 2, 64000000, 550, 9, 0, 0),
       (37528, 219, '37', 4, 83000000, 660, 10, 0, 0),
       (37529, 219, '38', 4, 119000000, 520, 10, 0, 0),
       (37530, 219, '39', 2, 89000000, 450, 10, 0, 0),
       (37531, 219, '40', 2, 63000000, 520, 10, 0, 0),
       (37532, 219, '41', 4, 78000000, 430, 11, 0, 0),
       (37533, 219, '42', 2, 110000000, 640, 11, 0, 0),
       (37534, 219, '43', 3, 74000000, 510, 11, 0, 0),
       (37535, 219, '44', 2, 76000000, 500, 11, 0, 0),
       (37536, 219, '45', 2, 134000000, 500, 12, 0, 0),
       (37537, 219, '46', 4, 103000000, 830, 12, 0, 0),
       (37538, 219, '47', 1, 96000000, 850, 12, 0, 0),
       (37539, 219, '48', 4, 94000000, 480, 12, 0, 0),
       (37540, 219, '49', 1, 72000000, 930, 13, 0, 0),
       (37541, 219, '50', 4, 147000000, 730, 13, 0, 0),
       (37542, 219, '51', 2, 147000000, 640, 13, 0, 0),
       (37543, 219, '52', 1, 137000000, 880, 13, 0, 0),
       (37544, 219, '53', 3, 110000000, 510, 14, 0, 0),
       (37545, 219, '54', 1, 128000000, 470, 14, 0, 0),
       (37546, 219, '55', 1, 137000000, 790, 14, 0, 0),
       (37547, 219, '56', 3, 148000000, 460, 14, 0, 0),
       (37548, 219, '57', 1, 144000000, 670, 15, 0, 0),
       (37549, 219, '58', 2, 61000000, 800, 15, 0, 0),
       (37550, 219, '59', 2, 71000000, 860, 15, 0, 0),
       (37551, 219, '60', 4, 146000000, 790, 15, 0, 0),
       (37552, 219, '61', 3, 77000000, 620, 16, 0, 0),
       (37553, 219, '62', 3, 76000000, 720, 16, 0, 0),
       (37554, 219, '63', 2, 89000000, 770, 16, 0, 0),
       (37555, 219, '64', 4, 116000000, 600, 16, 0, 0),
       (37556, 219, '65', 2, 68000000, 420, 17, 0, 0),
       (37557, 219, '66', 2, 124000000, 820, 17, 0, 0),
       (37558, 219, '67', 4, 107000000, 920, 17, 0, 0),
       (37559, 219, '68', 2, 110000000, 800, 17, 0, 0),
       (37560, 219, '69', 1, 77000000, 910, 18, 0, 0),
       (37561, 219, '70', 2, 65000000, 550, 18, 0, 0),
       (37562, 219, '71', 4, 63000000, 720, 18, 0, 0),
       (37563, 219, '72', 4, 60000000, 540, 18, 0, 0),
       (37564, 219, '73', 3, 100000000, 670, 19, 0, 0),
       (37565, 219, '74', 2, 131000000, 730, 19, 0, 0),
       (37566, 219, '75', 4, 114000000, 580, 19, 0, 0),
       (37567, 219, '76', 1, 71000000, 550, 19, 0, 0),
       (37568, 219, '77', 3, 83000000, 510, 20, 0, 0),
       (37569, 219, '78', 1, 131000000, 630, 20, 0, 0),
       (37570, 219, '79', 2, 76000000, 450, 20, 0, 0),
       (37571, 219, '80', 1, 89000000, 550, 20, 0, 0),
       (37572, 219, '81', 3, 106000000, 550, 21, 0, 0),
       (37573, 219, '82', 1, 72000000, 910, 21, 0, 0),
       (37574, 219, '83', 1, 68000000, 610, 21, 0, 0),
       (37575, 219, '84', 2, 70000000, 870, 21, 0, 0),
       (37576, 219, '85', 3, 123000000, 810, 22, 0, 0),
       (37577, 219, '86', 4, 110000000, 770, 22, 0, 0),
       (37578, 219, '87', 2, 76000000, 500, 22, 0, 0),
       (37579, 219, '88', 1, 97000000, 680, 22, 0, 0),
       (37580, 219, '89', 4, 62000000, 920, 23, 0, 0),
       (37581, 219, '90', 4, 134000000, 400, 23, 0, 0),
       (37582, 219, '91', 4, 72000000, 680, 23, 0, 0),
       (37583, 219, '92', 1, 125000000, 990, 23, 0, 0);
insert into real_estate_building (id, address, complex_id, floor_count, dev_id)
values (220, 'г. Москва, ул. Пушкинская, д. 26', 10, 30, 10);
insert into real_estate_object (id, building_id ,local_address, places, price, area, floor, type, estate_type)
values (37584, 220, '1', 2, 87000000, 990, 1, 0, 0),
       (37585, 220, '2', 2, 91000000, 760, 1, 0, 0),
       (37586, 220, '3', 2, 145000000, 490, 1, 0, 0),
       (37587, 220, '4', 3, 134000000, 980, 1, 0, 0),
       (37588, 220, '5', 2, 71000000, 590, 2, 0, 0),
       (37589, 220, '6', 1, 81000000, 930, 2, 0, 0),
       (37590, 220, '7', 1, 101000000, 580, 2, 0, 0),
       (37591, 220, '8', 4, 63000000, 640, 2, 0, 0),
       (37592, 220, '9', 4, 107000000, 860, 3, 0, 0),
       (37593, 220, '10', 2, 104000000, 630, 3, 0, 0),
       (37594, 220, '11', 4, 134000000, 400, 3, 0, 0),
       (37595, 220, '12', 2, 69000000, 640, 3, 0, 0),
       (37596, 220, '13', 1, 142000000, 460, 4, 0, 0),
       (37597, 220, '14', 4, 128000000, 850, 4, 0, 0),
       (37598, 220, '15', 4, 132000000, 810, 4, 0, 0),
       (37599, 220, '16', 1, 88000000, 810, 4, 0, 0),
       (37600, 220, '17', 2, 148000000, 460, 5, 0, 0),
       (37601, 220, '18', 2, 98000000, 510, 5, 0, 0),
       (37602, 220, '19', 3, 138000000, 700, 5, 0, 0),
       (37603, 220, '20', 1, 150000000, 870, 5, 0, 0),
       (37604, 220, '21', 1, 148000000, 950, 6, 0, 0),
       (37605, 220, '22', 2, 65000000, 780, 6, 0, 0),
       (37606, 220, '23', 2, 112000000, 980, 6, 0, 0),
       (37607, 220, '24', 3, 84000000, 470, 6, 0, 0),
       (37608, 220, '25', 4, 134000000, 630, 7, 0, 0),
       (37609, 220, '26', 3, 143000000, 860, 7, 0, 0),
       (37610, 220, '27', 1, 87000000, 650, 7, 0, 0),
       (37611, 220, '28', 1, 115000000, 930, 7, 0, 0),
       (37612, 220, '29', 3, 63000000, 770, 8, 0, 0),
       (37613, 220, '30', 1, 133000000, 640, 8, 0, 0),
       (37614, 220, '31', 3, 72000000, 410, 8, 0, 0),
       (37615, 220, '32', 1, 80000000, 530, 8, 0, 0),
       (37616, 220, '33', 4, 114000000, 720, 9, 0, 0),
       (37617, 220, '34', 1, 97000000, 880, 9, 0, 0),
       (37618, 220, '35', 4, 112000000, 650, 9, 0, 0),
       (37619, 220, '36', 3, 79000000, 420, 9, 0, 0),
       (37620, 220, '37', 3, 139000000, 450, 10, 0, 0),
       (37621, 220, '38', 2, 85000000, 450, 10, 0, 0),
       (37622, 220, '39', 1, 71000000, 860, 10, 0, 0),
       (37623, 220, '40', 2, 121000000, 430, 10, 0, 0),
       (37624, 220, '41', 3, 131000000, 450, 11, 0, 0),
       (37625, 220, '42', 4, 109000000, 950, 11, 0, 0),
       (37626, 220, '43', 1, 106000000, 590, 11, 0, 0),
       (37627, 220, '44', 1, 88000000, 910, 11, 0, 0),
       (37628, 220, '45', 1, 101000000, 620, 12, 0, 0),
       (37629, 220, '46', 4, 79000000, 550, 12, 0, 0),
       (37630, 220, '47', 3, 145000000, 900, 12, 0, 0),
       (37631, 220, '48', 1, 124000000, 780, 12, 0, 0),
       (37632, 220, '49', 2, 92000000, 980, 13, 0, 0),
       (37633, 220, '50', 2, 72000000, 480, 13, 0, 0),
       (37634, 220, '51', 3, 105000000, 640, 13, 0, 0),
       (37635, 220, '52', 1, 125000000, 720, 13, 0, 0),
       (37636, 220, '53', 2, 118000000, 500, 14, 0, 0),
       (37637, 220, '54', 4, 94000000, 450, 14, 0, 0),
       (37638, 220, '55', 3, 90000000, 580, 14, 0, 0),
       (37639, 220, '56', 1, 62000000, 610, 14, 0, 0),
       (37640, 220, '57', 1, 128000000, 490, 15, 0, 0),
       (37641, 220, '58', 2, 89000000, 610, 15, 0, 0),
       (37642, 220, '59', 2, 121000000, 800, 15, 0, 0),
       (37643, 220, '60', 3, 95000000, 890, 15, 0, 0),
       (37644, 220, '61', 4, 94000000, 480, 16, 0, 0),
       (37645, 220, '62', 2, 148000000, 650, 16, 0, 0),
       (37646, 220, '63', 4, 148000000, 510, 16, 0, 0),
       (37647, 220, '64', 4, 117000000, 760, 16, 0, 0),
       (37648, 220, '65', 4, 89000000, 570, 17, 0, 0),
       (37649, 220, '66', 3, 137000000, 760, 17, 0, 0),
       (37650, 220, '67', 4, 116000000, 690, 17, 0, 0),
       (37651, 220, '68', 1, 104000000, 920, 17, 0, 0),
       (37652, 220, '69', 3, 71000000, 760, 18, 0, 0),
       (37653, 220, '70', 2, 123000000, 600, 18, 0, 0),
       (37654, 220, '71', 2, 138000000, 730, 18, 0, 0),
       (37655, 220, '72', 3, 115000000, 600, 18, 0, 0),
       (37656, 220, '73', 1, 148000000, 900, 19, 0, 0),
       (37657, 220, '74', 1, 147000000, 820, 19, 0, 0),
       (37658, 220, '75', 3, 85000000, 660, 19, 0, 0),
       (37659, 220, '76', 1, 94000000, 410, 19, 0, 0),
       (37660, 220, '77', 1, 93000000, 630, 20, 0, 0),
       (37661, 220, '78', 1, 123000000, 600, 20, 0, 0),
       (37662, 220, '79', 2, 82000000, 620, 20, 0, 0),
       (37663, 220, '80', 4, 100000000, 450, 20, 0, 0),
       (37664, 220, '81', 2, 94000000, 770, 21, 0, 0),
       (37665, 220, '82', 4, 91000000, 690, 21, 0, 0),
       (37666, 220, '83', 2, 127000000, 610, 21, 0, 0),
       (37667, 220, '84', 1, 106000000, 650, 21, 0, 0),
       (37668, 220, '85', 3, 69000000, 600, 22, 0, 0),
       (37669, 220, '86', 4, 85000000, 540, 22, 0, 0),
       (37670, 220, '87', 2, 110000000, 460, 22, 0, 0),
       (37671, 220, '88', 2, 132000000, 840, 22, 0, 0),
       (37672, 220, '89', 2, 136000000, 800, 23, 0, 0),
       (37673, 220, '90', 4, 97000000, 600, 23, 0, 0),
       (37674, 220, '91', 4, 127000000, 400, 23, 0, 0),
       (37675, 220, '92', 3, 150000000, 860, 23, 0, 0),
       (37676, 220, '93', 4, 79000000, 580, 24, 0, 0),
       (37677, 220, '94', 4, 122000000, 550, 24, 0, 0),
       (37678, 220, '95', 3, 118000000, 960, 24, 0, 0),
       (37679, 220, '96', 3, 140000000, 950, 24, 0, 0),
       (37680, 220, '97', 1, 141000000, 760, 25, 0, 0),
       (37681, 220, '98', 1, 109000000, 590, 25, 0, 0),
       (37682, 220, '99', 1, 122000000, 880, 25, 0, 0),
       (37683, 220, '100', 1, 135000000, 740, 25, 0, 0),
       (37684, 220, '101', 1, 129000000, 780, 26, 0, 0),
       (37685, 220, '102', 3, 73000000, 610, 26, 0, 0),
       (37686, 220, '103', 4, 84000000, 740, 26, 0, 0),
       (37687, 220, '104', 3, 60000000, 640, 26, 0, 0),
       (37688, 220, '105', 2, 140000000, 500, 27, 0, 0),
       (37689, 220, '106', 4, 142000000, 770, 27, 0, 0),
       (37690, 220, '107', 2, 104000000, 570, 27, 0, 0),
       (37691, 220, '108', 3, 72000000, 830, 27, 0, 0),
       (37692, 220, '109', 1, 148000000, 760, 28, 0, 0),
       (37693, 220, '110', 1, 150000000, 670, 28, 0, 0),
       (37694, 220, '111', 4, 113000000, 860, 28, 0, 0),
       (37695, 220, '112', 1, 92000000, 680, 28, 0, 0),
       (37696, 220, '113', 3, 91000000, 830, 29, 0, 0),
       (37697, 220, '114', 2, 93000000, 900, 29, 0, 0),
       (37698, 220, '115', 1, 64000000, 730, 29, 0, 0),
       (37699, 220, '116', 3, 135000000, 730, 29, 0, 0),
       (37700, 220, '117', 2, 135000000, 710, 30, 0, 0),
       (37701, 220, '118', 4, 107000000, 630, 30, 0, 0),
       (37702, 220, '119', 3, 114000000, 820, 30, 0, 0),
       (37703, 220, '120', 2, 60000000, 880, 30, 0, 0);
insert into real_estate_building (id, address, complex_id, floor_count, dev_id)
values (221, 'г. Москва, ул. Пушкинская, д. 27', 10, 24, 10);
insert into real_estate_object (id, building_id ,local_address, places, price, area, floor, type, estate_type)
values (37704, 221, '1', 3, 147000000, 690, 1, 0, 0),
       (37705, 221, '2', 3, 66000000, 950, 1, 0, 0),
       (37706, 221, '3', 4, 115000000, 790, 1, 0, 0),
       (37707, 221, '4', 3, 103000000, 640, 1, 0, 0),
       (37708, 221, '5', 3, 73000000, 720, 2, 0, 0),
       (37709, 221, '6', 4, 132000000, 790, 2, 0, 0),
       (37710, 221, '7', 4, 134000000, 660, 2, 0, 0),
       (37711, 221, '8', 3, 134000000, 770, 2, 0, 0),
       (37712, 221, '9', 1, 127000000, 730, 3, 0, 0),
       (37713, 221, '10', 4, 89000000, 540, 3, 0, 0),
       (37714, 221, '11', 2, 106000000, 620, 3, 0, 0),
       (37715, 221, '12', 1, 91000000, 680, 3, 0, 0),
       (37716, 221, '13', 1, 69000000, 820, 4, 0, 0),
       (37717, 221, '14', 2, 65000000, 480, 4, 0, 0),
       (37718, 221, '15', 2, 86000000, 710, 4, 0, 0),
       (37719, 221, '16', 4, 135000000, 970, 4, 0, 0),
       (37720, 221, '17', 1, 67000000, 960, 5, 0, 0),
       (37721, 221, '18', 3, 110000000, 860, 5, 0, 0),
       (37722, 221, '19', 2, 125000000, 600, 5, 0, 0),
       (37723, 221, '20', 4, 100000000, 870, 5, 0, 0),
       (37724, 221, '21', 3, 84000000, 790, 6, 0, 0),
       (37725, 221, '22', 4, 90000000, 640, 6, 0, 0),
       (37726, 221, '23', 2, 83000000, 500, 6, 0, 0),
       (37727, 221, '24', 1, 85000000, 460, 6, 0, 0),
       (37728, 221, '25', 4, 79000000, 750, 7, 0, 0),
       (37729, 221, '26', 4, 70000000, 600, 7, 0, 0),
       (37730, 221, '27', 4, 60000000, 420, 7, 0, 0),
       (37731, 221, '28', 3, 114000000, 690, 7, 0, 0),
       (37732, 221, '29', 2, 72000000, 430, 8, 0, 0),
       (37733, 221, '30', 1, 115000000, 940, 8, 0, 0),
       (37734, 221, '31', 1, 84000000, 690, 8, 0, 0),
       (37735, 221, '32', 2, 92000000, 490, 8, 0, 0),
       (37736, 221, '33', 2, 136000000, 930, 9, 0, 0),
       (37737, 221, '34', 3, 106000000, 830, 9, 0, 0),
       (37738, 221, '35', 2, 139000000, 630, 9, 0, 0),
       (37739, 221, '36', 3, 85000000, 420, 9, 0, 0),
       (37740, 221, '37', 1, 105000000, 890, 10, 0, 0),
       (37741, 221, '38', 3, 75000000, 910, 10, 0, 0),
       (37742, 221, '39', 2, 67000000, 460, 10, 0, 0),
       (37743, 221, '40', 3, 148000000, 610, 10, 0, 0),
       (37744, 221, '41', 1, 68000000, 830, 11, 0, 0),
       (37745, 221, '42', 2, 68000000, 980, 11, 0, 0),
       (37746, 221, '43', 3, 72000000, 520, 11, 0, 0),
       (37747, 221, '44', 4, 104000000, 990, 11, 0, 0),
       (37748, 221, '45', 4, 110000000, 920, 12, 0, 0),
       (37749, 221, '46', 1, 119000000, 840, 12, 0, 0),
       (37750, 221, '47', 2, 83000000, 600, 12, 0, 0),
       (37751, 221, '48', 2, 128000000, 690, 12, 0, 0),
       (37752, 221, '49', 1, 121000000, 630, 13, 0, 0),
       (37753, 221, '50', 2, 139000000, 990, 13, 0, 0),
       (37754, 221, '51', 1, 109000000, 770, 13, 0, 0),
       (37755, 221, '52', 3, 81000000, 900, 13, 0, 0),
       (37756, 221, '53', 1, 84000000, 600, 14, 0, 0),
       (37757, 221, '54', 4, 120000000, 730, 14, 0, 0),
       (37758, 221, '55', 1, 62000000, 920, 14, 0, 0),
       (37759, 221, '56', 3, 141000000, 590, 14, 0, 0),
       (37760, 221, '57', 2, 83000000, 630, 15, 0, 0),
       (37761, 221, '58', 2, 66000000, 820, 15, 0, 0),
       (37762, 221, '59', 3, 132000000, 560, 15, 0, 0),
       (37763, 221, '60', 4, 80000000, 790, 15, 0, 0),
       (37764, 221, '61', 2, 127000000, 540, 16, 0, 0),
       (37765, 221, '62', 3, 120000000, 900, 16, 0, 0),
       (37766, 221, '63', 4, 101000000, 980, 16, 0, 0),
       (37767, 221, '64', 3, 89000000, 690, 16, 0, 0),
       (37768, 221, '65', 1, 114000000, 940, 17, 0, 0),
       (37769, 221, '66', 4, 63000000, 500, 17, 0, 0),
       (37770, 221, '67', 2, 100000000, 840, 17, 0, 0),
       (37771, 221, '68', 1, 104000000, 820, 17, 0, 0),
       (37772, 221, '69', 1, 75000000, 1000, 18, 0, 0),
       (37773, 221, '70', 4, 68000000, 810, 18, 0, 0),
       (37774, 221, '71', 1, 132000000, 510, 18, 0, 0),
       (37775, 221, '72', 3, 85000000, 550, 18, 0, 0),
       (37776, 221, '73', 4, 69000000, 700, 19, 0, 0),
       (37777, 221, '74', 4, 62000000, 410, 19, 0, 0),
       (37778, 221, '75', 2, 93000000, 630, 19, 0, 0),
       (37779, 221, '76', 2, 104000000, 750, 19, 0, 0),
       (37780, 221, '77', 3, 73000000, 430, 20, 0, 0),
       (37781, 221, '78', 1, 119000000, 960, 20, 0, 0),
       (37782, 221, '79', 3, 91000000, 720, 20, 0, 0),
       (37783, 221, '80', 4, 148000000, 1000, 20, 0, 0),
       (37784, 221, '81', 1, 64000000, 540, 21, 0, 0),
       (37785, 221, '82', 1, 119000000, 840, 21, 0, 0),
       (37786, 221, '83', 2, 128000000, 920, 21, 0, 0),
       (37787, 221, '84', 1, 107000000, 750, 21, 0, 0),
       (37788, 221, '85', 1, 102000000, 580, 22, 0, 0),
       (37789, 221, '86', 4, 81000000, 640, 22, 0, 0),
       (37790, 221, '87', 1, 130000000, 760, 22, 0, 0),
       (37791, 221, '88', 2, 64000000, 850, 22, 0, 0),
       (37792, 221, '89', 2, 133000000, 910, 23, 0, 0),
       (37793, 221, '90', 2, 99000000, 900, 23, 0, 0),
       (37794, 221, '91', 2, 122000000, 600, 23, 0, 0),
       (37795, 221, '92', 1, 67000000, 960, 23, 0, 0),
       (37796, 221, '93', 1, 121000000, 980, 24, 0, 0),
       (37797, 221, '94', 2, 137000000, 720, 24, 0, 0),
       (37798, 221, '95', 1, 64000000, 910, 24, 0, 0),
       (37799, 221, '96', 3, 83000000, 940, 24, 0, 0);
insert into real_estate_building (id, address, complex_id, floor_count, dev_id)
values (222, 'г. Москва, ул. Пушкинская, д. 28', 10, 28, 10);
insert into real_estate_object (id, building_id ,local_address, places, price, area, floor, type, estate_type)
values (37800, 222, '1', 4, 103000000, 920, 1, 0, 0),
       (37801, 222, '2', 2, 117000000, 690, 1, 0, 0),
       (37802, 222, '3', 1, 139000000, 990, 1, 0, 0),
       (37803, 222, '4', 1, 110000000, 760, 1, 0, 0),
       (37804, 222, '5', 4, 98000000, 880, 2, 0, 0),
       (37805, 222, '6', 4, 85000000, 770, 2, 0, 0),
       (37806, 222, '7', 2, 85000000, 740, 2, 0, 0),
       (37807, 222, '8', 2, 108000000, 410, 2, 0, 0),
       (37808, 222, '9', 2, 119000000, 680, 3, 0, 0),
       (37809, 222, '10', 4, 112000000, 460, 3, 0, 0),
       (37810, 222, '11', 4, 140000000, 960, 3, 0, 0),
       (37811, 222, '12', 4, 127000000, 630, 3, 0, 0),
       (37812, 222, '13', 4, 109000000, 440, 4, 0, 0),
       (37813, 222, '14', 1, 147000000, 910, 4, 0, 0),
       (37814, 222, '15', 1, 145000000, 710, 4, 0, 0),
       (37815, 222, '16', 3, 145000000, 790, 4, 0, 0),
       (37816, 222, '17', 1, 102000000, 690, 5, 0, 0),
       (37817, 222, '18', 3, 109000000, 720, 5, 0, 0),
       (37818, 222, '19', 3, 73000000, 420, 5, 0, 0),
       (37819, 222, '20', 3, 104000000, 420, 5, 0, 0),
       (37820, 222, '21', 1, 133000000, 550, 6, 0, 0),
       (37821, 222, '22', 3, 85000000, 620, 6, 0, 0),
       (37822, 222, '23', 2, 134000000, 420, 6, 0, 0),
       (37823, 222, '24', 3, 108000000, 650, 6, 0, 0),
       (37824, 222, '25', 1, 85000000, 770, 7, 0, 0),
       (37825, 222, '26', 4, 81000000, 980, 7, 0, 0),
       (37826, 222, '27', 4, 89000000, 480, 7, 0, 0),
       (37827, 222, '28', 2, 150000000, 890, 7, 0, 0),
       (37828, 222, '29', 3, 104000000, 520, 8, 0, 0),
       (37829, 222, '30', 4, 142000000, 800, 8, 0, 0),
       (37830, 222, '31', 1, 71000000, 510, 8, 0, 0),
       (37831, 222, '32', 1, 119000000, 910, 8, 0, 0),
       (37832, 222, '33', 4, 73000000, 730, 9, 0, 0),
       (37833, 222, '34', 2, 87000000, 600, 9, 0, 0),
       (37834, 222, '35', 1, 73000000, 500, 9, 0, 0),
       (37835, 222, '36', 3, 68000000, 680, 9, 0, 0),
       (37836, 222, '37', 2, 109000000, 550, 10, 0, 0),
       (37837, 222, '38', 1, 72000000, 890, 10, 0, 0),
       (37838, 222, '39', 1, 128000000, 560, 10, 0, 0),
       (37839, 222, '40', 1, 101000000, 590, 10, 0, 0),
       (37840, 222, '41', 3, 71000000, 680, 11, 0, 0),
       (37841, 222, '42', 2, 128000000, 400, 11, 0, 0),
       (37842, 222, '43', 1, 123000000, 520, 11, 0, 0),
       (37843, 222, '44', 3, 117000000, 870, 11, 0, 0),
       (37844, 222, '45', 1, 147000000, 510, 12, 0, 0),
       (37845, 222, '46', 3, 143000000, 640, 12, 0, 0),
       (37846, 222, '47', 3, 70000000, 560, 12, 0, 0),
       (37847, 222, '48', 4, 148000000, 820, 12, 0, 0),
       (37848, 222, '49', 2, 85000000, 950, 13, 0, 0),
       (37849, 222, '50', 2, 123000000, 560, 13, 0, 0),
       (37850, 222, '51', 1, 73000000, 420, 13, 0, 0),
       (37851, 222, '52', 4, 65000000, 640, 13, 0, 0),
       (37852, 222, '53', 1, 101000000, 750, 14, 0, 0),
       (37853, 222, '54', 2, 131000000, 400, 14, 0, 0),
       (37854, 222, '55', 3, 146000000, 610, 14, 0, 0),
       (37855, 222, '56', 2, 125000000, 490, 14, 0, 0),
       (37856, 222, '57', 1, 126000000, 560, 15, 0, 0),
       (37857, 222, '58', 1, 114000000, 860, 15, 0, 0),
       (37858, 222, '59', 2, 129000000, 720, 15, 0, 0),
       (37859, 222, '60', 1, 114000000, 560, 15, 0, 0),
       (37860, 222, '61', 2, 108000000, 750, 16, 0, 0),
       (37861, 222, '62', 1, 133000000, 1000, 16, 0, 0),
       (37862, 222, '63', 1, 78000000, 540, 16, 0, 0),
       (37863, 222, '64', 4, 149000000, 420, 16, 0, 0),
       (37864, 222, '65', 2, 71000000, 420, 17, 0, 0),
       (37865, 222, '66', 1, 102000000, 510, 17, 0, 0),
       (37866, 222, '67', 3, 131000000, 710, 17, 0, 0),
       (37867, 222, '68', 4, 119000000, 490, 17, 0, 0),
       (37868, 222, '69', 3, 89000000, 990, 18, 0, 0),
       (37869, 222, '70', 1, 64000000, 460, 18, 0, 0),
       (37870, 222, '71', 3, 146000000, 810, 18, 0, 0),
       (37871, 222, '72', 2, 64000000, 630, 18, 0, 0),
       (37872, 222, '73', 4, 118000000, 540, 19, 0, 0),
       (37873, 222, '74', 3, 72000000, 580, 19, 0, 0),
       (37874, 222, '75', 2, 136000000, 910, 19, 0, 0),
       (37875, 222, '76', 3, 74000000, 810, 19, 0, 0),
       (37876, 222, '77', 2, 89000000, 550, 20, 0, 0),
       (37877, 222, '78', 3, 106000000, 550, 20, 0, 0),
       (37878, 222, '79', 4, 114000000, 570, 20, 0, 0),
       (37879, 222, '80', 2, 149000000, 630, 20, 0, 0),
       (37880, 222, '81', 3, 63000000, 990, 21, 0, 0),
       (37881, 222, '82', 3, 71000000, 890, 21, 0, 0),
       (37882, 222, '83', 3, 135000000, 700, 21, 0, 0),
       (37883, 222, '84', 3, 137000000, 570, 21, 0, 0),
       (37884, 222, '85', 3, 116000000, 730, 22, 0, 0),
       (37885, 222, '86', 3, 109000000, 680, 22, 0, 0),
       (37886, 222, '87', 4, 135000000, 830, 22, 0, 0),
       (37887, 222, '88', 2, 61000000, 480, 22, 0, 0),
       (37888, 222, '89', 1, 125000000, 540, 23, 0, 0),
       (37889, 222, '90', 2, 128000000, 960, 23, 0, 0),
       (37890, 222, '91', 4, 102000000, 960, 23, 0, 0),
       (37891, 222, '92', 1, 147000000, 800, 23, 0, 0),
       (37892, 222, '93', 1, 76000000, 670, 24, 0, 0),
       (37893, 222, '94', 4, 147000000, 840, 24, 0, 0),
       (37894, 222, '95', 1, 109000000, 660, 24, 0, 0),
       (37895, 222, '96', 3, 73000000, 890, 24, 0, 0),
       (37896, 222, '97', 4, 104000000, 480, 25, 0, 0),
       (37897, 222, '98', 3, 147000000, 690, 25, 0, 0),
       (37898, 222, '99', 2, 128000000, 670, 25, 0, 0),
       (37899, 222, '100', 1, 90000000, 870, 25, 0, 0),
       (37900, 222, '101', 4, 64000000, 400, 26, 0, 0),
       (37901, 222, '102', 2, 75000000, 650, 26, 0, 0),
       (37902, 222, '103', 1, 114000000, 670, 26, 0, 0),
       (37903, 222, '104', 2, 139000000, 930, 26, 0, 0),
       (37904, 222, '105', 2, 112000000, 750, 27, 0, 0),
       (37905, 222, '106', 3, 137000000, 480, 27, 0, 0),
       (37906, 222, '107', 4, 112000000, 910, 27, 0, 0),
       (37907, 222, '108', 4, 71000000, 440, 27, 0, 0),
       (37908, 222, '109', 4, 120000000, 590, 28, 0, 0),
       (37909, 222, '110', 2, 76000000, 920, 28, 0, 0),
       (37910, 222, '111', 2, 123000000, 440, 28, 0, 0),
       (37911, 222, '112', 2, 74000000, 460, 28, 0, 0);
insert into real_estate_building (id, address, complex_id, floor_count, dev_id)
values (223, 'г. Москва, ул. Пушкинская, д. 29', 10, 30, 10);
insert into real_estate_object (id, building_id ,local_address, places, price, area, floor, type, estate_type)
values (37912, 223, '1', 3, 61000000, 570, 1, 0, 0),
       (37913, 223, '2', 1, 87000000, 550, 1, 0, 0),
       (37914, 223, '3', 1, 143000000, 570, 1, 0, 0),
       (37915, 223, '4', 4, 80000000, 720, 1, 0, 0),
       (37916, 223, '5', 1, 115000000, 400, 2, 0, 0),
       (37917, 223, '6', 4, 103000000, 530, 2, 0, 0),
       (37918, 223, '7', 2, 149000000, 990, 2, 0, 0),
       (37919, 223, '8', 1, 121000000, 900, 2, 0, 0),
       (37920, 223, '9', 1, 85000000, 610, 3, 0, 0),
       (37921, 223, '10', 1, 84000000, 660, 3, 0, 0),
       (37922, 223, '11', 3, 94000000, 970, 3, 0, 0),
       (37923, 223, '12', 3, 90000000, 740, 3, 0, 0),
       (37924, 223, '13', 3, 82000000, 950, 4, 0, 0),
       (37925, 223, '14', 3, 145000000, 500, 4, 0, 0),
       (37926, 223, '15', 1, 95000000, 750, 4, 0, 0),
       (37927, 223, '16', 3, 112000000, 960, 4, 0, 0),
       (37928, 223, '17', 4, 69000000, 440, 5, 0, 0),
       (37929, 223, '18', 2, 76000000, 800, 5, 0, 0),
       (37930, 223, '19', 3, 106000000, 720, 5, 0, 0),
       (37931, 223, '20', 4, 89000000, 730, 5, 0, 0),
       (37932, 223, '21', 3, 63000000, 540, 6, 0, 0),
       (37933, 223, '22', 1, 86000000, 460, 6, 0, 0),
       (37934, 223, '23', 2, 64000000, 920, 6, 0, 0),
       (37935, 223, '24', 4, 143000000, 840, 6, 0, 0),
       (37936, 223, '25', 3, 61000000, 640, 7, 0, 0),
       (37937, 223, '26', 3, 139000000, 930, 7, 0, 0),
       (37938, 223, '27', 3, 122000000, 970, 7, 0, 0),
       (37939, 223, '28', 4, 137000000, 660, 7, 0, 0),
       (37940, 223, '29', 4, 101000000, 730, 8, 0, 0),
       (37941, 223, '30', 1, 131000000, 470, 8, 0, 0),
       (37942, 223, '31', 3, 126000000, 410, 8, 0, 0),
       (37943, 223, '32', 3, 91000000, 920, 8, 0, 0),
       (37944, 223, '33', 4, 133000000, 670, 9, 0, 0),
       (37945, 223, '34', 3, 139000000, 520, 9, 0, 0),
       (37946, 223, '35', 1, 140000000, 880, 9, 0, 0),
       (37947, 223, '36', 1, 129000000, 990, 9, 0, 0),
       (37948, 223, '37', 3, 90000000, 570, 10, 0, 0),
       (37949, 223, '38', 1, 107000000, 630, 10, 0, 0),
       (37950, 223, '39', 3, 122000000, 860, 10, 0, 0),
       (37951, 223, '40', 1, 69000000, 670, 10, 0, 0),
       (37952, 223, '41', 2, 100000000, 530, 11, 0, 0),
       (37953, 223, '42', 4, 91000000, 790, 11, 0, 0),
       (37954, 223, '43', 2, 100000000, 690, 11, 0, 0),
       (37955, 223, '44', 3, 61000000, 710, 11, 0, 0),
       (37956, 223, '45', 2, 100000000, 500, 12, 0, 0),
       (37957, 223, '46', 2, 122000000, 800, 12, 0, 0),
       (37958, 223, '47', 1, 141000000, 630, 12, 0, 0),
       (37959, 223, '48', 1, 97000000, 810, 12, 0, 0),
       (37960, 223, '49', 4, 150000000, 550, 13, 0, 0),
       (37961, 223, '50', 4, 119000000, 460, 13, 0, 0),
       (37962, 223, '51', 2, 60000000, 810, 13, 0, 0),
       (37963, 223, '52', 4, 112000000, 470, 13, 0, 0),
       (37964, 223, '53', 3, 142000000, 850, 14, 0, 0),
       (37965, 223, '54', 3, 93000000, 460, 14, 0, 0),
       (37966, 223, '55', 4, 67000000, 530, 14, 0, 0),
       (37967, 223, '56', 4, 99000000, 960, 14, 0, 0),
       (37968, 223, '57', 1, 121000000, 440, 15, 0, 0),
       (37969, 223, '58', 1, 124000000, 510, 15, 0, 0),
       (37970, 223, '59', 2, 124000000, 980, 15, 0, 0),
       (37971, 223, '60', 1, 133000000, 710, 15, 0, 0),
       (37972, 223, '61', 1, 86000000, 880, 16, 0, 0),
       (37973, 223, '62', 4, 93000000, 780, 16, 0, 0),
       (37974, 223, '63', 3, 129000000, 950, 16, 0, 0),
       (37975, 223, '64', 1, 91000000, 940, 16, 0, 0),
       (37976, 223, '65', 2, 117000000, 500, 17, 0, 0),
       (37977, 223, '66', 1, 64000000, 710, 17, 0, 0),
       (37978, 223, '67', 4, 83000000, 440, 17, 0, 0),
       (37979, 223, '68', 1, 150000000, 540, 17, 0, 0),
       (37980, 223, '69', 1, 79000000, 960, 18, 0, 0),
       (37981, 223, '70', 2, 62000000, 700, 18, 0, 0),
       (37982, 223, '71', 3, 85000000, 920, 18, 0, 0),
       (37983, 223, '72', 3, 78000000, 740, 18, 0, 0),
       (37984, 223, '73', 2, 140000000, 830, 19, 0, 0),
       (37985, 223, '74', 4, 103000000, 590, 19, 0, 0),
       (37986, 223, '75', 1, 117000000, 460, 19, 0, 0),
       (37987, 223, '76', 2, 95000000, 930, 19, 0, 0),
       (37988, 223, '77', 4, 81000000, 690, 20, 0, 0),
       (37989, 223, '78', 2, 140000000, 530, 20, 0, 0),
       (37990, 223, '79', 1, 122000000, 930, 20, 0, 0),
       (37991, 223, '80', 4, 95000000, 470, 20, 0, 0),
       (37992, 223, '81', 2, 147000000, 460, 21, 0, 0),
       (37993, 223, '82', 1, 109000000, 550, 21, 0, 0),
       (37994, 223, '83', 1, 86000000, 430, 21, 0, 0),
       (37995, 223, '84', 1, 68000000, 540, 21, 0, 0),
       (37996, 223, '85', 3, 90000000, 470, 22, 0, 0),
       (37997, 223, '86', 3, 73000000, 540, 22, 0, 0),
       (37998, 223, '87', 1, 67000000, 910, 22, 0, 0),
       (37999, 223, '88', 4, 91000000, 410, 22, 0, 0),
       (38000, 223, '89', 3, 128000000, 610, 23, 0, 0),
       (38001, 223, '90', 1, 100000000, 640, 23, 0, 0),
       (38002, 223, '91', 1, 142000000, 540, 23, 0, 0),
       (38003, 223, '92', 2, 66000000, 450, 23, 0, 0),
       (38004, 223, '93', 3, 126000000, 430, 24, 0, 0),
       (38005, 223, '94', 1, 111000000, 870, 24, 0, 0),
       (38006, 223, '95', 3, 105000000, 550, 24, 0, 0),
       (38007, 223, '96', 3, 127000000, 750, 24, 0, 0),
       (38008, 223, '97', 2, 90000000, 450, 25, 0, 0),
       (38009, 223, '98', 2, 98000000, 520, 25, 0, 0),
       (38010, 223, '99', 3, 137000000, 730, 25, 0, 0),
       (38011, 223, '100', 2, 133000000, 430, 25, 0, 0),
       (38012, 223, '101', 3, 142000000, 660, 26, 0, 0),
       (38013, 223, '102', 3, 128000000, 950, 26, 0, 0),
       (38014, 223, '103', 3, 129000000, 580, 26, 0, 0),
       (38015, 223, '104', 1, 131000000, 470, 26, 0, 0),
       (38016, 223, '105', 4, 114000000, 880, 27, 0, 0),
       (38017, 223, '106', 1, 97000000, 510, 27, 0, 0),
       (38018, 223, '107', 1, 131000000, 750, 27, 0, 0),
       (38019, 223, '108', 4, 90000000, 510, 27, 0, 0),
       (38020, 223, '109', 1, 145000000, 480, 28, 0, 0),
       (38021, 223, '110', 3, 143000000, 750, 28, 0, 0),
       (38022, 223, '111', 1, 74000000, 580, 28, 0, 0),
       (38023, 223, '112', 3, 75000000, 450, 28, 0, 0),
       (38024, 223, '113', 1, 118000000, 740, 29, 0, 0),
       (38025, 223, '114', 3, 123000000, 960, 29, 0, 0),
       (38026, 223, '115', 2, 145000000, 660, 29, 0, 0),
       (38027, 223, '116', 2, 125000000, 890, 29, 0, 0),
       (38028, 223, '117', 4, 66000000, 620, 30, 0, 0),
       (38029, 223, '118', 2, 119000000, 430, 30, 0, 0),
       (38030, 223, '119', 1, 130000000, 450, 30, 0, 0),
       (38031, 223, '120', 3, 79000000, 400, 30, 0, 0);
insert into real_estate_building (id, address, complex_id, floor_count, dev_id)
values (224, 'г. Москва, ул. Пушкинская, д. 30', 10, 25, 10);
insert into real_estate_object (id, building_id ,local_address, places, price, area, floor, type, estate_type)
values (38032, 224, '1', 3, 90000000, 930, 1, 0, 0),
       (38033, 224, '2', 1, 107000000, 470, 1, 0, 0),
       (38034, 224, '3', 1, 89000000, 640, 1, 0, 0),
       (38035, 224, '4', 4, 149000000, 520, 1, 0, 0),
       (38036, 224, '5', 1, 86000000, 860, 2, 0, 0),
       (38037, 224, '6', 3, 99000000, 600, 2, 0, 0),
       (38038, 224, '7', 2, 82000000, 450, 2, 0, 0),
       (38039, 224, '8', 3, 70000000, 540, 2, 0, 0),
       (38040, 224, '9', 3, 75000000, 550, 3, 0, 0),
       (38041, 224, '10', 2, 112000000, 720, 3, 0, 0),
       (38042, 224, '11', 3, 93000000, 530, 3, 0, 0),
       (38043, 224, '12', 3, 150000000, 920, 3, 0, 0),
       (38044, 224, '13', 4, 131000000, 880, 4, 0, 0),
       (38045, 224, '14', 3, 137000000, 950, 4, 0, 0),
       (38046, 224, '15', 2, 135000000, 770, 4, 0, 0),
       (38047, 224, '16', 2, 136000000, 790, 4, 0, 0),
       (38048, 224, '17', 3, 134000000, 950, 5, 0, 0),
       (38049, 224, '18', 3, 93000000, 900, 5, 0, 0),
       (38050, 224, '19', 2, 148000000, 920, 5, 0, 0),
       (38051, 224, '20', 2, 72000000, 980, 5, 0, 0),
       (38052, 224, '21', 3, 103000000, 450, 6, 0, 0),
       (38053, 224, '22', 1, 70000000, 930, 6, 0, 0),
       (38054, 224, '23', 3, 94000000, 620, 6, 0, 0),
       (38055, 224, '24', 4, 105000000, 670, 6, 0, 0),
       (38056, 224, '25', 2, 70000000, 760, 7, 0, 0),
       (38057, 224, '26', 3, 122000000, 630, 7, 0, 0),
       (38058, 224, '27', 2, 116000000, 850, 7, 0, 0),
       (38059, 224, '28', 3, 123000000, 850, 7, 0, 0),
       (38060, 224, '29', 1, 75000000, 490, 8, 0, 0),
       (38061, 224, '30', 4, 75000000, 500, 8, 0, 0),
       (38062, 224, '31', 4, 99000000, 930, 8, 0, 0),
       (38063, 224, '32', 2, 127000000, 570, 8, 0, 0),
       (38064, 224, '33', 3, 69000000, 560, 9, 0, 0),
       (38065, 224, '34', 2, 79000000, 860, 9, 0, 0),
       (38066, 224, '35', 2, 146000000, 670, 9, 0, 0),
       (38067, 224, '36', 2, 80000000, 400, 9, 0, 0),
       (38068, 224, '37', 2, 144000000, 690, 10, 0, 0),
       (38069, 224, '38', 1, 129000000, 410, 10, 0, 0),
       (38070, 224, '39', 2, 69000000, 440, 10, 0, 0),
       (38071, 224, '40', 4, 62000000, 470, 10, 0, 0),
       (38072, 224, '41', 2, 117000000, 1000, 11, 0, 0),
       (38073, 224, '42', 4, 129000000, 1000, 11, 0, 0),
       (38074, 224, '43', 1, 84000000, 540, 11, 0, 0),
       (38075, 224, '44', 3, 90000000, 910, 11, 0, 0),
       (38076, 224, '45', 3, 139000000, 700, 12, 0, 0),
       (38077, 224, '46', 3, 137000000, 800, 12, 0, 0),
       (38078, 224, '47', 1, 108000000, 550, 12, 0, 0),
       (38079, 224, '48', 4, 92000000, 960, 12, 0, 0),
       (38080, 224, '49', 2, 119000000, 710, 13, 0, 0),
       (38081, 224, '50', 2, 115000000, 910, 13, 0, 0),
       (38082, 224, '51', 3, 63000000, 860, 13, 0, 0),
       (38083, 224, '52', 4, 116000000, 890, 13, 0, 0),
       (38084, 224, '53', 3, 102000000, 410, 14, 0, 0),
       (38085, 224, '54', 4, 75000000, 400, 14, 0, 0),
       (38086, 224, '55', 2, 71000000, 760, 14, 0, 0),
       (38087, 224, '56', 3, 140000000, 730, 14, 0, 0),
       (38088, 224, '57', 1, 140000000, 880, 15, 0, 0),
       (38089, 224, '58', 4, 131000000, 460, 15, 0, 0),
       (38090, 224, '59', 1, 115000000, 910, 15, 0, 0),
       (38091, 224, '60', 1, 115000000, 570, 15, 0, 0),
       (38092, 224, '61', 1, 111000000, 610, 16, 0, 0),
       (38093, 224, '62', 3, 127000000, 680, 16, 0, 0),
       (38094, 224, '63', 3, 142000000, 910, 16, 0, 0),
       (38095, 224, '64', 3, 92000000, 410, 16, 0, 0),
       (38096, 224, '65', 1, 105000000, 830, 17, 0, 0),
       (38097, 224, '66', 4, 106000000, 910, 17, 0, 0),
       (38098, 224, '67', 1, 138000000, 410, 17, 0, 0),
       (38099, 224, '68', 2, 141000000, 890, 17, 0, 0),
       (38100, 224, '69', 2, 60000000, 430, 18, 0, 0),
       (38101, 224, '70', 2, 142000000, 980, 18, 0, 0),
       (38102, 224, '71', 3, 146000000, 900, 18, 0, 0),
       (38103, 224, '72', 2, 60000000, 430, 18, 0, 0),
       (38104, 224, '73', 2, 100000000, 940, 19, 0, 0),
       (38105, 224, '74', 2, 148000000, 460, 19, 0, 0),
       (38106, 224, '75', 2, 104000000, 500, 19, 0, 0),
       (38107, 224, '76', 3, 116000000, 420, 19, 0, 0),
       (38108, 224, '77', 1, 72000000, 690, 20, 0, 0),
       (38109, 224, '78', 1, 60000000, 500, 20, 0, 0),
       (38110, 224, '79', 2, 103000000, 950, 20, 0, 0),
       (38111, 224, '80', 2, 139000000, 420, 20, 0, 0),
       (38112, 224, '81', 3, 81000000, 610, 21, 0, 0),
       (38113, 224, '82', 4, 127000000, 420, 21, 0, 0),
       (38114, 224, '83', 4, 110000000, 990, 21, 0, 0),
       (38115, 224, '84', 2, 70000000, 1000, 21, 0, 0),
       (38116, 224, '85', 3, 66000000, 980, 22, 0, 0),
       (38117, 224, '86', 3, 61000000, 790, 22, 0, 0),
       (38118, 224, '87', 4, 128000000, 630, 22, 0, 0),
       (38119, 224, '88', 2, 82000000, 670, 22, 0, 0),
       (38120, 224, '89', 2, 118000000, 550, 23, 0, 0),
       (38121, 224, '90', 2, 85000000, 770, 23, 0, 0),
       (38122, 224, '91', 1, 145000000, 560, 23, 0, 0),
       (38123, 224, '92', 4, 86000000, 810, 23, 0, 0),
       (38124, 224, '93', 1, 147000000, 610, 24, 0, 0),
       (38125, 224, '94', 4, 90000000, 420, 24, 0, 0),
       (38126, 224, '95', 3, 95000000, 630, 24, 0, 0),
       (38127, 224, '96', 4, 116000000, 990, 24, 0, 0),
       (38128, 224, '97', 4, 150000000, 480, 25, 0, 0),
       (38129, 224, '98', 4, 142000000, 560, 25, 0, 0),
       (38130, 224, '99', 4, 111000000, 610, 25, 0, 0),
       (38131, 224, '100', 2, 123000000, 600, 25, 0, 0);
insert into real_estate_building (id, address, complex_id, floor_count, dev_id)
values (225, 'г. Москва, ул. Пушкинская, д. 31', 10, 22, 10);
insert into real_estate_object (id, building_id ,local_address, places, price, area, floor, type, estate_type)
values (38132, 225, '1', 4, 144000000, 670, 1, 0, 0),
       (38133, 225, '2', 4, 82000000, 810, 1, 0, 0),
       (38134, 225, '3', 4, 127000000, 700, 1, 0, 0),
       (38135, 225, '4', 1, 65000000, 650, 1, 0, 0),
       (38136, 225, '5', 3, 121000000, 420, 2, 0, 0),
       (38137, 225, '6', 2, 78000000, 920, 2, 0, 0),
       (38138, 225, '7', 4, 84000000, 830, 2, 0, 0),
       (38139, 225, '8', 3, 66000000, 940, 2, 0, 0),
       (38140, 225, '9', 3, 78000000, 950, 3, 0, 0),
       (38141, 225, '10', 3, 120000000, 580, 3, 0, 0),
       (38142, 225, '11', 4, 77000000, 650, 3, 0, 0),
       (38143, 225, '12', 1, 61000000, 400, 3, 0, 0),
       (38144, 225, '13', 3, 95000000, 790, 4, 0, 0),
       (38145, 225, '14', 4, 94000000, 920, 4, 0, 0),
       (38146, 225, '15', 4, 73000000, 720, 4, 0, 0),
       (38147, 225, '16', 2, 104000000, 730, 4, 0, 0),
       (38148, 225, '17', 3, 90000000, 440, 5, 0, 0),
       (38149, 225, '18', 1, 146000000, 710, 5, 0, 0),
       (38150, 225, '19', 4, 134000000, 400, 5, 0, 0),
       (38151, 225, '20', 2, 91000000, 470, 5, 0, 0),
       (38152, 225, '21', 1, 106000000, 980, 6, 0, 0),
       (38153, 225, '22', 1, 135000000, 960, 6, 0, 0),
       (38154, 225, '23', 4, 102000000, 590, 6, 0, 0),
       (38155, 225, '24', 2, 105000000, 800, 6, 0, 0),
       (38156, 225, '25', 2, 123000000, 510, 7, 0, 0),
       (38157, 225, '26', 4, 67000000, 550, 7, 0, 0),
       (38158, 225, '27', 3, 91000000, 690, 7, 0, 0),
       (38159, 225, '28', 2, 109000000, 780, 7, 0, 0),
       (38160, 225, '29', 2, 107000000, 920, 8, 0, 0),
       (38161, 225, '30', 1, 145000000, 610, 8, 0, 0),
       (38162, 225, '31', 4, 137000000, 870, 8, 0, 0),
       (38163, 225, '32', 4, 117000000, 820, 8, 0, 0),
       (38164, 225, '33', 3, 113000000, 980, 9, 0, 0),
       (38165, 225, '34', 3, 124000000, 490, 9, 0, 0),
       (38166, 225, '35', 2, 65000000, 510, 9, 0, 0),
       (38167, 225, '36', 4, 149000000, 810, 9, 0, 0),
       (38168, 225, '37', 4, 99000000, 510, 10, 0, 0),
       (38169, 225, '38', 4, 66000000, 440, 10, 0, 0),
       (38170, 225, '39', 2, 117000000, 820, 10, 0, 0),
       (38171, 225, '40', 1, 136000000, 460, 10, 0, 0),
       (38172, 225, '41', 1, 123000000, 900, 11, 0, 0),
       (38173, 225, '42', 1, 146000000, 490, 11, 0, 0),
       (38174, 225, '43', 3, 82000000, 720, 11, 0, 0),
       (38175, 225, '44', 2, 121000000, 550, 11, 0, 0),
       (38176, 225, '45', 1, 146000000, 590, 12, 0, 0),
       (38177, 225, '46', 4, 80000000, 550, 12, 0, 0),
       (38178, 225, '47', 2, 67000000, 800, 12, 0, 0),
       (38179, 225, '48', 2, 80000000, 500, 12, 0, 0),
       (38180, 225, '49', 1, 104000000, 500, 13, 0, 0),
       (38181, 225, '50', 4, 64000000, 760, 13, 0, 0),
       (38182, 225, '51', 1, 63000000, 630, 13, 0, 0),
       (38183, 225, '52', 1, 60000000, 400, 13, 0, 0),
       (38184, 225, '53', 3, 82000000, 900, 14, 0, 0),
       (38185, 225, '54', 3, 98000000, 650, 14, 0, 0),
       (38186, 225, '55', 1, 95000000, 530, 14, 0, 0),
       (38187, 225, '56', 4, 135000000, 940, 14, 0, 0),
       (38188, 225, '57', 2, 72000000, 940, 15, 0, 0),
       (38189, 225, '58', 1, 150000000, 720, 15, 0, 0),
       (38190, 225, '59', 1, 134000000, 500, 15, 0, 0),
       (38191, 225, '60', 4, 138000000, 650, 15, 0, 0),
       (38192, 225, '61', 1, 88000000, 670, 16, 0, 0),
       (38193, 225, '62', 1, 144000000, 450, 16, 0, 0),
       (38194, 225, '63', 1, 125000000, 450, 16, 0, 0),
       (38195, 225, '64', 3, 116000000, 520, 16, 0, 0),
       (38196, 225, '65', 4, 72000000, 940, 17, 0, 0),
       (38197, 225, '66', 4, 121000000, 560, 17, 0, 0),
       (38198, 225, '67', 4, 66000000, 600, 17, 0, 0),
       (38199, 225, '68', 1, 112000000, 650, 17, 0, 0),
       (38200, 225, '69', 4, 83000000, 880, 18, 0, 0),
       (38201, 225, '70', 3, 68000000, 600, 18, 0, 0),
       (38202, 225, '71', 3, 104000000, 700, 18, 0, 0),
       (38203, 225, '72', 2, 94000000, 610, 18, 0, 0),
       (38204, 225, '73', 2, 86000000, 690, 19, 0, 0),
       (38205, 225, '74', 1, 81000000, 760, 19, 0, 0),
       (38206, 225, '75', 3, 150000000, 590, 19, 0, 0),
       (38207, 225, '76', 3, 131000000, 430, 19, 0, 0),
       (38208, 225, '77', 1, 108000000, 920, 20, 0, 0),
       (38209, 225, '78', 4, 106000000, 630, 20, 0, 0),
       (38210, 225, '79', 4, 92000000, 760, 20, 0, 0),
       (38211, 225, '80', 2, 73000000, 450, 20, 0, 0),
       (38212, 225, '81', 2, 108000000, 850, 21, 0, 0),
       (38213, 225, '82', 4, 113000000, 890, 21, 0, 0),
       (38214, 225, '83', 4, 84000000, 920, 21, 0, 0),
       (38215, 225, '84', 3, 135000000, 790, 21, 0, 0),
       (38216, 225, '85', 2, 109000000, 810, 22, 0, 0),
       (38217, 225, '86', 1, 128000000, 610, 22, 0, 0),
       (38218, 225, '87', 4, 70000000, 970, 22, 0, 0),
       (38219, 225, '88', 1, 129000000, 400, 22, 0, 0);
insert into real_estate_building (id, address, complex_id, floor_count, dev_id)
values (226, 'г. Москва, ул. Пушкинская, д. 32', 10, 25, 10);
insert into real_estate_object (id, building_id ,local_address, places, price, area, floor, type, estate_type)
values (38220, 226, '1', 4, 143000000, 400, 1, 0, 0),
       (38221, 226, '2', 1, 64000000, 920, 1, 0, 0),
       (38222, 226, '3', 2, 93000000, 400, 1, 0, 0),
       (38223, 226, '4', 2, 119000000, 550, 1, 0, 0),
       (38224, 226, '5', 1, 80000000, 490, 2, 0, 0),
       (38225, 226, '6', 2, 74000000, 520, 2, 0, 0),
       (38226, 226, '7', 3, 118000000, 990, 2, 0, 0),
       (38227, 226, '8', 4, 126000000, 560, 2, 0, 0),
       (38228, 226, '9', 1, 61000000, 640, 3, 0, 0),
       (38229, 226, '10', 2, 81000000, 410, 3, 0, 0),
       (38230, 226, '11', 1, 85000000, 810, 3, 0, 0),
       (38231, 226, '12', 1, 60000000, 560, 3, 0, 0),
       (38232, 226, '13', 4, 135000000, 1000, 4, 0, 0),
       (38233, 226, '14', 4, 100000000, 960, 4, 0, 0),
       (38234, 226, '15', 3, 132000000, 410, 4, 0, 0),
       (38235, 226, '16', 1, 128000000, 870, 4, 0, 0),
       (38236, 226, '17', 1, 80000000, 880, 5, 0, 0),
       (38237, 226, '18', 2, 72000000, 950, 5, 0, 0),
       (38238, 226, '19', 2, 92000000, 650, 5, 0, 0),
       (38239, 226, '20', 2, 83000000, 880, 5, 0, 0),
       (38240, 226, '21', 3, 102000000, 710, 6, 0, 0),
       (38241, 226, '22', 4, 86000000, 970, 6, 0, 0),
       (38242, 226, '23', 1, 142000000, 840, 6, 0, 0),
       (38243, 226, '24', 2, 118000000, 730, 6, 0, 0),
       (38244, 226, '25', 1, 81000000, 960, 7, 0, 0),
       (38245, 226, '26', 3, 63000000, 510, 7, 0, 0),
       (38246, 226, '27', 1, 92000000, 760, 7, 0, 0),
       (38247, 226, '28', 2, 62000000, 620, 7, 0, 0),
       (38248, 226, '29', 2, 74000000, 410, 8, 0, 0),
       (38249, 226, '30', 4, 65000000, 690, 8, 0, 0),
       (38250, 226, '31', 2, 88000000, 1000, 8, 0, 0),
       (38251, 226, '32', 4, 63000000, 610, 8, 0, 0),
       (38252, 226, '33', 4, 106000000, 760, 9, 0, 0),
       (38253, 226, '34', 3, 138000000, 880, 9, 0, 0),
       (38254, 226, '35', 3, 63000000, 580, 9, 0, 0),
       (38255, 226, '36', 3, 91000000, 680, 9, 0, 0),
       (38256, 226, '37', 3, 65000000, 750, 10, 0, 0),
       (38257, 226, '38', 1, 68000000, 630, 10, 0, 0),
       (38258, 226, '39', 3, 110000000, 860, 10, 0, 0),
       (38259, 226, '40', 3, 76000000, 610, 10, 0, 0),
       (38260, 226, '41', 3, 101000000, 500, 11, 0, 0),
       (38261, 226, '42', 4, 104000000, 500, 11, 0, 0),
       (38262, 226, '43', 3, 95000000, 770, 11, 0, 0),
       (38263, 226, '44', 3, 143000000, 530, 11, 0, 0),
       (38264, 226, '45', 4, 91000000, 890, 12, 0, 0),
       (38265, 226, '46', 4, 109000000, 900, 12, 0, 0),
       (38266, 226, '47', 2, 121000000, 920, 12, 0, 0),
       (38267, 226, '48', 2, 62000000, 780, 12, 0, 0),
       (38268, 226, '49', 1, 137000000, 720, 13, 0, 0),
       (38269, 226, '50', 3, 72000000, 470, 13, 0, 0),
       (38270, 226, '51', 3, 149000000, 470, 13, 0, 0),
       (38271, 226, '52', 1, 132000000, 920, 13, 0, 0),
       (38272, 226, '53', 3, 118000000, 400, 14, 0, 0),
       (38273, 226, '54', 2, 75000000, 660, 14, 0, 0),
       (38274, 226, '55', 3, 92000000, 790, 14, 0, 0),
       (38275, 226, '56', 1, 146000000, 850, 14, 0, 0),
       (38276, 226, '57', 1, 136000000, 520, 15, 0, 0),
       (38277, 226, '58', 1, 92000000, 930, 15, 0, 0),
       (38278, 226, '59', 1, 100000000, 890, 15, 0, 0),
       (38279, 226, '60', 1, 90000000, 760, 15, 0, 0),
       (38280, 226, '61', 4, 135000000, 590, 16, 0, 0),
       (38281, 226, '62', 2, 110000000, 890, 16, 0, 0),
       (38282, 226, '63', 4, 129000000, 710, 16, 0, 0),
       (38283, 226, '64', 1, 99000000, 850, 16, 0, 0),
       (38284, 226, '65', 4, 81000000, 660, 17, 0, 0),
       (38285, 226, '66', 1, 75000000, 500, 17, 0, 0),
       (38286, 226, '67', 4, 119000000, 970, 17, 0, 0),
       (38287, 226, '68', 3, 148000000, 430, 17, 0, 0),
       (38288, 226, '69', 2, 133000000, 840, 18, 0, 0),
       (38289, 226, '70', 3, 134000000, 620, 18, 0, 0),
       (38290, 226, '71', 1, 136000000, 1000, 18, 0, 0),
       (38291, 226, '72', 3, 61000000, 780, 18, 0, 0),
       (38292, 226, '73', 2, 116000000, 450, 19, 0, 0),
       (38293, 226, '74', 2, 69000000, 520, 19, 0, 0),
       (38294, 226, '75', 2, 122000000, 960, 19, 0, 0),
       (38295, 226, '76', 2, 96000000, 750, 19, 0, 0),
       (38296, 226, '77', 3, 74000000, 480, 20, 0, 0),
       (38297, 226, '78', 3, 128000000, 650, 20, 0, 0),
       (38298, 226, '79', 1, 120000000, 870, 20, 0, 0),
       (38299, 226, '80', 4, 122000000, 730, 20, 0, 0),
       (38300, 226, '81', 2, 79000000, 840, 21, 0, 0),
       (38301, 226, '82', 2, 96000000, 790, 21, 0, 0),
       (38302, 226, '83', 4, 144000000, 880, 21, 0, 0),
       (38303, 226, '84', 1, 110000000, 910, 21, 0, 0),
       (38304, 226, '85', 4, 122000000, 550, 22, 0, 0),
       (38305, 226, '86', 4, 82000000, 700, 22, 0, 0),
       (38306, 226, '87', 1, 121000000, 790, 22, 0, 0),
       (38307, 226, '88', 4, 86000000, 640, 22, 0, 0),
       (38308, 226, '89', 2, 146000000, 1000, 23, 0, 0),
       (38309, 226, '90', 1, 130000000, 740, 23, 0, 0),
       (38310, 226, '91', 1, 129000000, 800, 23, 0, 0),
       (38311, 226, '92', 4, 146000000, 480, 23, 0, 0),
       (38312, 226, '93', 3, 134000000, 730, 24, 0, 0),
       (38313, 226, '94', 3, 66000000, 840, 24, 0, 0),
       (38314, 226, '95', 4, 75000000, 610, 24, 0, 0),
       (38315, 226, '96', 1, 89000000, 450, 24, 0, 0),
       (38316, 226, '97', 1, 148000000, 650, 25, 0, 0),
       (38317, 226, '98', 2, 72000000, 450, 25, 0, 0),
       (38318, 226, '99', 3, 122000000, 980, 25, 0, 0),
       (38319, 226, '100', 3, 67000000, 570, 25, 0, 0);
insert into real_estate_building (id, address, complex_id, floor_count, dev_id)
values (227, 'г. Москва, ул. Пушкинская, д. 33', 10, 24, 10);
insert into real_estate_object (id, building_id ,local_address, places, price, area, floor, type, estate_type)
values (38320, 227, '1', 3, 74000000, 560, 1, 0, 0),
       (38321, 227, '2', 2, 130000000, 670, 1, 0, 0),
       (38322, 227, '3', 3, 63000000, 620, 1, 0, 0),
       (38323, 227, '4', 2, 92000000, 930, 1, 0, 0),
       (38324, 227, '5', 4, 132000000, 660, 2, 0, 0),
       (38325, 227, '6', 4, 113000000, 610, 2, 0, 0),
       (38326, 227, '7', 4, 66000000, 990, 2, 0, 0),
       (38327, 227, '8', 1, 96000000, 460, 2, 0, 0),
       (38328, 227, '9', 3, 123000000, 400, 3, 0, 0),
       (38329, 227, '10', 2, 78000000, 500, 3, 0, 0),
       (38330, 227, '11', 1, 101000000, 670, 3, 0, 0),
       (38331, 227, '12', 4, 75000000, 520, 3, 0, 0),
       (38332, 227, '13', 4, 131000000, 470, 4, 0, 0),
       (38333, 227, '14', 4, 129000000, 920, 4, 0, 0),
       (38334, 227, '15', 4, 143000000, 860, 4, 0, 0),
       (38335, 227, '16', 1, 117000000, 730, 4, 0, 0),
       (38336, 227, '17', 2, 78000000, 680, 5, 0, 0),
       (38337, 227, '18', 3, 105000000, 930, 5, 0, 0),
       (38338, 227, '19', 1, 117000000, 720, 5, 0, 0),
       (38339, 227, '20', 1, 144000000, 630, 5, 0, 0),
       (38340, 227, '21', 2, 99000000, 470, 6, 0, 0),
       (38341, 227, '22', 4, 114000000, 840, 6, 0, 0),
       (38342, 227, '23', 2, 83000000, 640, 6, 0, 0),
       (38343, 227, '24', 1, 142000000, 700, 6, 0, 0),
       (38344, 227, '25', 3, 74000000, 740, 7, 0, 0),
       (38345, 227, '26', 4, 86000000, 950, 7, 0, 0),
       (38346, 227, '27', 1, 136000000, 740, 7, 0, 0),
       (38347, 227, '28', 4, 67000000, 630, 7, 0, 0),
       (38348, 227, '29', 1, 82000000, 760, 8, 0, 0),
       (38349, 227, '30', 4, 78000000, 640, 8, 0, 0),
       (38350, 227, '31', 3, 69000000, 410, 8, 0, 0),
       (38351, 227, '32', 3, 66000000, 910, 8, 0, 0),
       (38352, 227, '33', 4, 148000000, 440, 9, 0, 0),
       (38353, 227, '34', 3, 126000000, 450, 9, 0, 0),
       (38354, 227, '35', 1, 100000000, 990, 9, 0, 0),
       (38355, 227, '36', 2, 116000000, 540, 9, 0, 0),
       (38356, 227, '37', 4, 128000000, 990, 10, 0, 0),
       (38357, 227, '38', 4, 144000000, 1000, 10, 0, 0),
       (38358, 227, '39', 1, 121000000, 870, 10, 0, 0),
       (38359, 227, '40', 2, 75000000, 840, 10, 0, 0),
       (38360, 227, '41', 3, 117000000, 1000, 11, 0, 0),
       (38361, 227, '42', 2, 99000000, 430, 11, 0, 0),
       (38362, 227, '43', 2, 150000000, 500, 11, 0, 0),
       (38363, 227, '44', 3, 111000000, 630, 11, 0, 0),
       (38364, 227, '45', 2, 71000000, 680, 12, 0, 0),
       (38365, 227, '46', 1, 70000000, 450, 12, 0, 0),
       (38366, 227, '47', 4, 71000000, 700, 12, 0, 0),
       (38367, 227, '48', 3, 117000000, 670, 12, 0, 0),
       (38368, 227, '49', 1, 69000000, 470, 13, 0, 0),
       (38369, 227, '50', 2, 137000000, 760, 13, 0, 0),
       (38370, 227, '51', 2, 69000000, 680, 13, 0, 0),
       (38371, 227, '52', 4, 86000000, 810, 13, 0, 0),
       (38372, 227, '53', 4, 149000000, 490, 14, 0, 0),
       (38373, 227, '54', 1, 147000000, 930, 14, 0, 0),
       (38374, 227, '55', 4, 76000000, 710, 14, 0, 0),
       (38375, 227, '56', 4, 87000000, 940, 14, 0, 0),
       (38376, 227, '57', 1, 115000000, 530, 15, 0, 0),
       (38377, 227, '58', 2, 72000000, 510, 15, 0, 0),
       (38378, 227, '59', 4, 112000000, 590, 15, 0, 0),
       (38379, 227, '60', 3, 145000000, 930, 15, 0, 0),
       (38380, 227, '61', 1, 146000000, 500, 16, 0, 0),
       (38381, 227, '62', 2, 75000000, 730, 16, 0, 0),
       (38382, 227, '63', 1, 68000000, 520, 16, 0, 0),
       (38383, 227, '64', 4, 90000000, 710, 16, 0, 0),
       (38384, 227, '65', 2, 122000000, 760, 17, 0, 0),
       (38385, 227, '66', 4, 120000000, 930, 17, 0, 0),
       (38386, 227, '67', 3, 124000000, 750, 17, 0, 0),
       (38387, 227, '68', 3, 85000000, 480, 17, 0, 0),
       (38388, 227, '69', 3, 147000000, 830, 18, 0, 0),
       (38389, 227, '70', 1, 93000000, 750, 18, 0, 0),
       (38390, 227, '71', 2, 77000000, 810, 18, 0, 0),
       (38391, 227, '72', 3, 86000000, 630, 18, 0, 0),
       (38392, 227, '73', 1, 115000000, 570, 19, 0, 0),
       (38393, 227, '74', 1, 76000000, 420, 19, 0, 0),
       (38394, 227, '75', 1, 89000000, 540, 19, 0, 0),
       (38395, 227, '76', 1, 140000000, 440, 19, 0, 0),
       (38396, 227, '77', 3, 66000000, 850, 20, 0, 0),
       (38397, 227, '78', 1, 144000000, 860, 20, 0, 0),
       (38398, 227, '79', 3, 68000000, 400, 20, 0, 0),
       (38399, 227, '80', 4, 91000000, 890, 20, 0, 0),
       (38400, 227, '81', 3, 88000000, 420, 21, 0, 0),
       (38401, 227, '82', 2, 101000000, 580, 21, 0, 0),
       (38402, 227, '83', 3, 132000000, 460, 21, 0, 0),
       (38403, 227, '84', 3, 127000000, 720, 21, 0, 0),
       (38404, 227, '85', 2, 116000000, 770, 22, 0, 0),
       (38405, 227, '86', 1, 142000000, 750, 22, 0, 0),
       (38406, 227, '87', 4, 72000000, 620, 22, 0, 0),
       (38407, 227, '88', 1, 91000000, 800, 22, 0, 0),
       (38408, 227, '89', 1, 87000000, 470, 23, 0, 0),
       (38409, 227, '90', 1, 76000000, 440, 23, 0, 0),
       (38410, 227, '91', 1, 142000000, 850, 23, 0, 0),
       (38411, 227, '92', 2, 113000000, 540, 23, 0, 0),
       (38412, 227, '93', 2, 137000000, 680, 24, 0, 0),
       (38413, 227, '94', 1, 97000000, 810, 24, 0, 0),
       (38414, 227, '95', 1, 127000000, 560, 24, 0, 0),
       (38415, 227, '96', 2, 136000000, 870, 24, 0, 0);
insert into real_estate_building (id, address, complex_id, floor_count, dev_id)
values (228, 'г. Москва, ул. Пушкинская, д. 34', 10, 24, 10);
insert into real_estate_object (id, building_id ,local_address, places, price, area, floor, type, estate_type)
values (38416, 228, '1', 1, 81000000, 870, 1, 0, 0),
       (38417, 228, '2', 3, 124000000, 950, 1, 0, 0),
       (38418, 228, '3', 1, 74000000, 710, 1, 0, 0),
       (38419, 228, '4', 4, 80000000, 740, 1, 0, 0),
       (38420, 228, '5', 1, 63000000, 740, 2, 0, 0),
       (38421, 228, '6', 1, 64000000, 680, 2, 0, 0),
       (38422, 228, '7', 3, 84000000, 440, 2, 0, 0),
       (38423, 228, '8', 2, 119000000, 710, 2, 0, 0),
       (38424, 228, '9', 2, 101000000, 910, 3, 0, 0),
       (38425, 228, '10', 3, 66000000, 890, 3, 0, 0),
       (38426, 228, '11', 3, 95000000, 750, 3, 0, 0),
       (38427, 228, '12', 3, 83000000, 430, 3, 0, 0),
       (38428, 228, '13', 1, 108000000, 430, 4, 0, 0),
       (38429, 228, '14', 2, 148000000, 500, 4, 0, 0),
       (38430, 228, '15', 1, 89000000, 620, 4, 0, 0),
       (38431, 228, '16', 2, 101000000, 950, 4, 0, 0),
       (38432, 228, '17', 3, 88000000, 860, 5, 0, 0),
       (38433, 228, '18', 4, 76000000, 760, 5, 0, 0),
       (38434, 228, '19', 4, 109000000, 430, 5, 0, 0),
       (38435, 228, '20', 2, 62000000, 920, 5, 0, 0),
       (38436, 228, '21', 3, 125000000, 690, 6, 0, 0),
       (38437, 228, '22', 2, 144000000, 710, 6, 0, 0),
       (38438, 228, '23', 4, 82000000, 440, 6, 0, 0),
       (38439, 228, '24', 3, 74000000, 510, 6, 0, 0),
       (38440, 228, '25', 4, 131000000, 490, 7, 0, 0),
       (38441, 228, '26', 2, 124000000, 890, 7, 0, 0),
       (38442, 228, '27', 3, 77000000, 810, 7, 0, 0),
       (38443, 228, '28', 3, 140000000, 870, 7, 0, 0),
       (38444, 228, '29', 1, 72000000, 600, 8, 0, 0),
       (38445, 228, '30', 2, 68000000, 720, 8, 0, 0),
       (38446, 228, '31', 4, 149000000, 470, 8, 0, 0),
       (38447, 228, '32', 2, 62000000, 420, 8, 0, 0),
       (38448, 228, '33', 3, 140000000, 970, 9, 0, 0),
       (38449, 228, '34', 1, 148000000, 810, 9, 0, 0),
       (38450, 228, '35', 4, 128000000, 750, 9, 0, 0),
       (38451, 228, '36', 4, 139000000, 740, 9, 0, 0),
       (38452, 228, '37', 4, 149000000, 920, 10, 0, 0),
       (38453, 228, '38', 4, 141000000, 560, 10, 0, 0),
       (38454, 228, '39', 4, 70000000, 650, 10, 0, 0),
       (38455, 228, '40', 2, 65000000, 690, 10, 0, 0),
       (38456, 228, '41', 3, 62000000, 990, 11, 0, 0),
       (38457, 228, '42', 4, 144000000, 950, 11, 0, 0),
       (38458, 228, '43', 3, 116000000, 430, 11, 0, 0),
       (38459, 228, '44', 1, 121000000, 720, 11, 0, 0),
       (38460, 228, '45', 1, 92000000, 930, 12, 0, 0),
       (38461, 228, '46', 2, 115000000, 530, 12, 0, 0),
       (38462, 228, '47', 4, 114000000, 920, 12, 0, 0),
       (38463, 228, '48', 4, 127000000, 840, 12, 0, 0),
       (38464, 228, '49', 4, 127000000, 780, 13, 0, 0),
       (38465, 228, '50', 1, 71000000, 640, 13, 0, 0),
       (38466, 228, '51', 1, 134000000, 550, 13, 0, 0),
       (38467, 228, '52', 2, 86000000, 750, 13, 0, 0),
       (38468, 228, '53', 1, 92000000, 550, 14, 0, 0),
       (38469, 228, '54', 4, 103000000, 640, 14, 0, 0),
       (38470, 228, '55', 1, 115000000, 990, 14, 0, 0),
       (38471, 228, '56', 4, 108000000, 510, 14, 0, 0),
       (38472, 228, '57', 3, 125000000, 890, 15, 0, 0),
       (38473, 228, '58', 4, 103000000, 620, 15, 0, 0),
       (38474, 228, '59', 2, 97000000, 830, 15, 0, 0),
       (38475, 228, '60', 2, 77000000, 490, 15, 0, 0),
       (38476, 228, '61', 1, 118000000, 860, 16, 0, 0),
       (38477, 228, '62', 3, 90000000, 450, 16, 0, 0),
       (38478, 228, '63', 3, 124000000, 410, 16, 0, 0),
       (38479, 228, '64', 1, 142000000, 730, 16, 0, 0),
       (38480, 228, '65', 2, 70000000, 530, 17, 0, 0),
       (38481, 228, '66', 1, 103000000, 910, 17, 0, 0),
       (38482, 228, '67', 1, 84000000, 640, 17, 0, 0),
       (38483, 228, '68', 1, 60000000, 510, 17, 0, 0),
       (38484, 228, '69', 3, 120000000, 690, 18, 0, 0),
       (38485, 228, '70', 1, 86000000, 460, 18, 0, 0),
       (38486, 228, '71', 2, 77000000, 870, 18, 0, 0),
       (38487, 228, '72', 4, 72000000, 930, 18, 0, 0),
       (38488, 228, '73', 4, 90000000, 580, 19, 0, 0),
       (38489, 228, '74', 2, 97000000, 630, 19, 0, 0),
       (38490, 228, '75', 4, 66000000, 580, 19, 0, 0),
       (38491, 228, '76', 3, 119000000, 760, 19, 0, 0),
       (38492, 228, '77', 3, 140000000, 400, 20, 0, 0),
       (38493, 228, '78', 4, 123000000, 750, 20, 0, 0),
       (38494, 228, '79', 1, 77000000, 580, 20, 0, 0),
       (38495, 228, '80', 3, 85000000, 640, 20, 0, 0),
       (38496, 228, '81', 2, 124000000, 610, 21, 0, 0),
       (38497, 228, '82', 3, 100000000, 820, 21, 0, 0),
       (38498, 228, '83', 3, 63000000, 870, 21, 0, 0),
       (38499, 228, '84', 3, 72000000, 570, 21, 0, 0),
       (38500, 228, '85', 2, 98000000, 960, 22, 0, 0),
       (38501, 228, '86', 4, 83000000, 960, 22, 0, 0),
       (38502, 228, '87', 2, 94000000, 990, 22, 0, 0),
       (38503, 228, '88', 1, 73000000, 450, 22, 0, 0),
       (38504, 228, '89', 1, 150000000, 470, 23, 0, 0),
       (38505, 228, '90', 1, 108000000, 840, 23, 0, 0),
       (38506, 228, '91', 1, 73000000, 850, 23, 0, 0),
       (38507, 228, '92', 3, 69000000, 550, 23, 0, 0),
       (38508, 228, '93', 1, 72000000, 720, 24, 0, 0),
       (38509, 228, '94', 4, 63000000, 420, 24, 0, 0),
       (38510, 228, '95', 2, 147000000, 810, 24, 0, 0),
       (38511, 228, '96', 3, 60000000, 430, 24, 0, 0);
insert into real_estate_building (id, address, complex_id, floor_count, dev_id)
values (229, 'г. Москва, ул. Пушкинская, д. 35', 10, 29, 10);
insert into real_estate_object (id, building_id ,local_address, places, price, area, floor, type, estate_type)
values (38512, 229, '1', 2, 115000000, 960, 1, 0, 0),
       (38513, 229, '2', 4, 124000000, 630, 1, 0, 0),
       (38514, 229, '3', 1, 61000000, 910, 1, 0, 0),
       (38515, 229, '4', 3, 90000000, 830, 1, 0, 0),
       (38516, 229, '5', 4, 124000000, 860, 2, 0, 0),
       (38517, 229, '6', 1, 145000000, 850, 2, 0, 0),
       (38518, 229, '7', 2, 120000000, 650, 2, 0, 0),
       (38519, 229, '8', 1, 134000000, 740, 2, 0, 0),
       (38520, 229, '9', 1, 63000000, 510, 3, 0, 0),
       (38521, 229, '10', 4, 94000000, 670, 3, 0, 0),
       (38522, 229, '11', 2, 136000000, 500, 3, 0, 0),
       (38523, 229, '12', 2, 148000000, 670, 3, 0, 0),
       (38524, 229, '13', 1, 108000000, 560, 4, 0, 0),
       (38525, 229, '14', 2, 64000000, 790, 4, 0, 0),
       (38526, 229, '15', 1, 120000000, 690, 4, 0, 0),
       (38527, 229, '16', 4, 95000000, 510, 4, 0, 0),
       (38528, 229, '17', 2, 122000000, 780, 5, 0, 0),
       (38529, 229, '18', 2, 112000000, 760, 5, 0, 0),
       (38530, 229, '19', 4, 70000000, 400, 5, 0, 0),
       (38531, 229, '20', 2, 79000000, 530, 5, 0, 0),
       (38532, 229, '21', 3, 125000000, 610, 6, 0, 0),
       (38533, 229, '22', 1, 114000000, 580, 6, 0, 0),
       (38534, 229, '23', 2, 108000000, 850, 6, 0, 0),
       (38535, 229, '24', 2, 97000000, 900, 6, 0, 0),
       (38536, 229, '25', 2, 79000000, 820, 7, 0, 0),
       (38537, 229, '26', 3, 145000000, 530, 7, 0, 0),
       (38538, 229, '27', 1, 72000000, 970, 7, 0, 0),
       (38539, 229, '28', 3, 92000000, 580, 7, 0, 0),
       (38540, 229, '29', 4, 71000000, 1000, 8, 0, 0),
       (38541, 229, '30', 3, 109000000, 640, 8, 0, 0),
       (38542, 229, '31', 4, 127000000, 630, 8, 0, 0),
       (38543, 229, '32', 3, 63000000, 530, 8, 0, 0),
       (38544, 229, '33', 2, 108000000, 580, 9, 0, 0),
       (38545, 229, '34', 4, 142000000, 650, 9, 0, 0),
       (38546, 229, '35', 1, 75000000, 420, 9, 0, 0),
       (38547, 229, '36', 3, 108000000, 870, 9, 0, 0),
       (38548, 229, '37', 1, 80000000, 550, 10, 0, 0),
       (38549, 229, '38', 2, 66000000, 410, 10, 0, 0),
       (38550, 229, '39', 2, 96000000, 410, 10, 0, 0),
       (38551, 229, '40', 4, 120000000, 440, 10, 0, 0),
       (38552, 229, '41', 3, 148000000, 680, 11, 0, 0),
       (38553, 229, '42', 4, 129000000, 990, 11, 0, 0),
       (38554, 229, '43', 1, 133000000, 620, 11, 0, 0),
       (38555, 229, '44', 3, 66000000, 450, 11, 0, 0),
       (38556, 229, '45', 3, 108000000, 720, 12, 0, 0),
       (38557, 229, '46', 1, 62000000, 840, 12, 0, 0),
       (38558, 229, '47', 4, 83000000, 410, 12, 0, 0),
       (38559, 229, '48', 1, 136000000, 410, 12, 0, 0),
       (38560, 229, '49', 2, 122000000, 640, 13, 0, 0),
       (38561, 229, '50', 1, 85000000, 610, 13, 0, 0),
       (38562, 229, '51', 2, 125000000, 600, 13, 0, 0),
       (38563, 229, '52', 2, 125000000, 920, 13, 0, 0),
       (38564, 229, '53', 1, 87000000, 600, 14, 0, 0),
       (38565, 229, '54', 2, 116000000, 460, 14, 0, 0),
       (38566, 229, '55', 1, 105000000, 400, 14, 0, 0),
       (38567, 229, '56', 1, 130000000, 540, 14, 0, 0),
       (38568, 229, '57', 3, 97000000, 800, 15, 0, 0),
       (38569, 229, '58', 2, 116000000, 700, 15, 0, 0),
       (38570, 229, '59', 3, 92000000, 920, 15, 0, 0),
       (38571, 229, '60', 1, 150000000, 950, 15, 0, 0),
       (38572, 229, '61', 3, 141000000, 410, 16, 0, 0),
       (38573, 229, '62', 3, 69000000, 590, 16, 0, 0),
       (38574, 229, '63', 2, 118000000, 540, 16, 0, 0),
       (38575, 229, '64', 4, 116000000, 910, 16, 0, 0),
       (38576, 229, '65', 1, 91000000, 920, 17, 0, 0),
       (38577, 229, '66', 1, 63000000, 960, 17, 0, 0),
       (38578, 229, '67', 2, 110000000, 450, 17, 0, 0),
       (38579, 229, '68', 1, 82000000, 530, 17, 0, 0),
       (38580, 229, '69', 3, 134000000, 930, 18, 0, 0),
       (38581, 229, '70', 2, 68000000, 830, 18, 0, 0),
       (38582, 229, '71', 3, 130000000, 440, 18, 0, 0),
       (38583, 229, '72', 3, 135000000, 880, 18, 0, 0),
       (38584, 229, '73', 1, 142000000, 990, 19, 0, 0),
       (38585, 229, '74', 4, 122000000, 610, 19, 0, 0),
       (38586, 229, '75', 2, 116000000, 740, 19, 0, 0),
       (38587, 229, '76', 2, 126000000, 940, 19, 0, 0),
       (38588, 229, '77', 4, 127000000, 630, 20, 0, 0),
       (38589, 229, '78', 4, 122000000, 840, 20, 0, 0),
       (38590, 229, '79', 4, 65000000, 960, 20, 0, 0),
       (38591, 229, '80', 4, 117000000, 910, 20, 0, 0),
       (38592, 229, '81', 3, 126000000, 930, 21, 0, 0),
       (38593, 229, '82', 1, 88000000, 410, 21, 0, 0),
       (38594, 229, '83', 2, 62000000, 890, 21, 0, 0),
       (38595, 229, '84', 4, 137000000, 870, 21, 0, 0),
       (38596, 229, '85', 3, 149000000, 830, 22, 0, 0),
       (38597, 229, '86', 4, 103000000, 780, 22, 0, 0),
       (38598, 229, '87', 2, 110000000, 420, 22, 0, 0),
       (38599, 229, '88', 1, 63000000, 460, 22, 0, 0),
       (38600, 229, '89', 3, 67000000, 650, 23, 0, 0),
       (38601, 229, '90', 4, 140000000, 510, 23, 0, 0),
       (38602, 229, '91', 3, 72000000, 700, 23, 0, 0),
       (38603, 229, '92', 3, 126000000, 810, 23, 0, 0),
       (38604, 229, '93', 2, 109000000, 880, 24, 0, 0),
       (38605, 229, '94', 4, 91000000, 910, 24, 0, 0),
       (38606, 229, '95', 3, 99000000, 650, 24, 0, 0),
       (38607, 229, '96', 4, 79000000, 420, 24, 0, 0),
       (38608, 229, '97', 1, 92000000, 720, 25, 0, 0),
       (38609, 229, '98', 2, 87000000, 560, 25, 0, 0),
       (38610, 229, '99', 3, 66000000, 460, 25, 0, 0),
       (38611, 229, '100', 4, 130000000, 850, 25, 0, 0),
       (38612, 229, '101', 1, 72000000, 600, 26, 0, 0),
       (38613, 229, '102', 1, 69000000, 970, 26, 0, 0),
       (38614, 229, '103', 3, 132000000, 780, 26, 0, 0),
       (38615, 229, '104', 3, 69000000, 420, 26, 0, 0),
       (38616, 229, '105', 3, 143000000, 530, 27, 0, 0),
       (38617, 229, '106', 2, 123000000, 580, 27, 0, 0),
       (38618, 229, '107', 3, 92000000, 450, 27, 0, 0),
       (38619, 229, '108', 3, 99000000, 560, 27, 0, 0),
       (38620, 229, '109', 4, 86000000, 960, 28, 0, 0),
       (38621, 229, '110', 2, 99000000, 660, 28, 0, 0),
       (38622, 229, '111', 2, 138000000, 500, 28, 0, 0),
       (38623, 229, '112', 2, 116000000, 510, 28, 0, 0),
       (38624, 229, '113', 3, 91000000, 740, 29, 0, 0),
       (38625, 229, '114', 4, 145000000, 480, 29, 0, 0),
       (38626, 229, '115', 2, 115000000, 840, 29, 0, 0),
       (38627, 229, '116', 1, 125000000, 770, 29, 0, 0);
insert into real_estate_building (id, address, complex_id, floor_count, dev_id)
values (230, 'г. Москва, ул. Пушкинская, д. 36', 10, 20, 10);
insert into real_estate_object (id, building_id ,local_address, places, price, area, floor, type, estate_type)
values (38628, 230, '1', 4, 87000000, 780, 1, 0, 0),
       (38629, 230, '2', 1, 112000000, 870, 1, 0, 0),
       (38630, 230, '3', 3, 77000000, 860, 1, 0, 0),
       (38631, 230, '4', 2, 60000000, 740, 1, 0, 0),
       (38632, 230, '5', 4, 78000000, 470, 2, 0, 0),
       (38633, 230, '6', 2, 131000000, 640, 2, 0, 0),
       (38634, 230, '7', 4, 88000000, 740, 2, 0, 0),
       (38635, 230, '8', 2, 102000000, 830, 2, 0, 0),
       (38636, 230, '9', 3, 142000000, 590, 3, 0, 0),
       (38637, 230, '10', 3, 85000000, 660, 3, 0, 0),
       (38638, 230, '11', 4, 146000000, 900, 3, 0, 0),
       (38639, 230, '12', 2, 85000000, 410, 3, 0, 0),
       (38640, 230, '13', 3, 134000000, 820, 4, 0, 0),
       (38641, 230, '14', 1, 144000000, 810, 4, 0, 0),
       (38642, 230, '15', 2, 79000000, 490, 4, 0, 0),
       (38643, 230, '16', 4, 92000000, 410, 4, 0, 0),
       (38644, 230, '17', 3, 89000000, 400, 5, 0, 0),
       (38645, 230, '18', 4, 60000000, 650, 5, 0, 0),
       (38646, 230, '19', 1, 108000000, 940, 5, 0, 0),
       (38647, 230, '20', 4, 74000000, 400, 5, 0, 0),
       (38648, 230, '21', 1, 84000000, 870, 6, 0, 0),
       (38649, 230, '22', 2, 89000000, 520, 6, 0, 0),
       (38650, 230, '23', 2, 138000000, 780, 6, 0, 0),
       (38651, 230, '24', 4, 62000000, 740, 6, 0, 0),
       (38652, 230, '25', 1, 78000000, 820, 7, 0, 0),
       (38653, 230, '26', 2, 146000000, 700, 7, 0, 0),
       (38654, 230, '27', 3, 102000000, 520, 7, 0, 0),
       (38655, 230, '28', 2, 77000000, 990, 7, 0, 0),
       (38656, 230, '29', 2, 78000000, 810, 8, 0, 0),
       (38657, 230, '30', 2, 83000000, 920, 8, 0, 0),
       (38658, 230, '31', 4, 64000000, 480, 8, 0, 0),
       (38659, 230, '32', 1, 132000000, 740, 8, 0, 0),
       (38660, 230, '33', 1, 109000000, 600, 9, 0, 0),
       (38661, 230, '34', 1, 87000000, 420, 9, 0, 0),
       (38662, 230, '35', 4, 131000000, 720, 9, 0, 0),
       (38663, 230, '36', 4, 60000000, 760, 9, 0, 0),
       (38664, 230, '37', 3, 144000000, 520, 10, 0, 0),
       (38665, 230, '38', 1, 149000000, 400, 10, 0, 0),
       (38666, 230, '39', 1, 83000000, 480, 10, 0, 0),
       (38667, 230, '40', 4, 95000000, 900, 10, 0, 0),
       (38668, 230, '41', 3, 60000000, 740, 11, 0, 0),
       (38669, 230, '42', 2, 121000000, 450, 11, 0, 0),
       (38670, 230, '43', 3, 110000000, 660, 11, 0, 0),
       (38671, 230, '44', 2, 66000000, 760, 11, 0, 0),
       (38672, 230, '45', 4, 72000000, 530, 12, 0, 0),
       (38673, 230, '46', 3, 101000000, 870, 12, 0, 0),
       (38674, 230, '47', 2, 64000000, 950, 12, 0, 0),
       (38675, 230, '48', 1, 130000000, 650, 12, 0, 0),
       (38676, 230, '49', 3, 83000000, 540, 13, 0, 0),
       (38677, 230, '50', 4, 78000000, 980, 13, 0, 0),
       (38678, 230, '51', 2, 88000000, 950, 13, 0, 0),
       (38679, 230, '52', 4, 94000000, 630, 13, 0, 0),
       (38680, 230, '53', 3, 60000000, 970, 14, 0, 0),
       (38681, 230, '54', 1, 85000000, 590, 14, 0, 0),
       (38682, 230, '55', 2, 110000000, 640, 14, 0, 0),
       (38683, 230, '56', 2, 60000000, 410, 14, 0, 0),
       (38684, 230, '57', 2, 122000000, 700, 15, 0, 0),
       (38685, 230, '58', 1, 120000000, 480, 15, 0, 0),
       (38686, 230, '59', 4, 128000000, 810, 15, 0, 0),
       (38687, 230, '60', 4, 102000000, 820, 15, 0, 0),
       (38688, 230, '61', 1, 92000000, 890, 16, 0, 0),
       (38689, 230, '62', 1, 74000000, 930, 16, 0, 0),
       (38690, 230, '63', 2, 124000000, 430, 16, 0, 0),
       (38691, 230, '64', 3, 123000000, 600, 16, 0, 0),
       (38692, 230, '65', 4, 83000000, 820, 17, 0, 0),
       (38693, 230, '66', 3, 75000000, 780, 17, 0, 0),
       (38694, 230, '67', 3, 82000000, 400, 17, 0, 0),
       (38695, 230, '68', 2, 141000000, 460, 17, 0, 0),
       (38696, 230, '69', 1, 126000000, 760, 18, 0, 0),
       (38697, 230, '70', 1, 106000000, 830, 18, 0, 0),
       (38698, 230, '71', 3, 63000000, 840, 18, 0, 0),
       (38699, 230, '72', 4, 144000000, 800, 18, 0, 0),
       (38700, 230, '73', 2, 64000000, 780, 19, 0, 0),
       (38701, 230, '74', 4, 83000000, 430, 19, 0, 0),
       (38702, 230, '75', 4, 131000000, 400, 19, 0, 0),
       (38703, 230, '76', 1, 111000000, 730, 19, 0, 0),
       (38704, 230, '77', 2, 88000000, 720, 20, 0, 0),
       (38705, 230, '78', 1, 128000000, 790, 20, 0, 0),
       (38706, 230, '79', 3, 115000000, 450, 20, 0, 0),
       (38707, 230, '80', 2, 109000000, 750, 20, 0, 0);
insert into real_estate_building (id, address, complex_id, floor_count, dev_id)
values (231, 'г. Москва, ул. Пушкинская, д. 37', 10, 20, 10);
insert into real_estate_object (id, building_id ,local_address, places, price, area, floor, type, estate_type)
values (38708, 231, '1', 1, 137000000, 750, 1, 0, 0),
       (38709, 231, '2', 4, 150000000, 740, 1, 0, 0),
       (38710, 231, '3', 2, 132000000, 790, 1, 0, 0),
       (38711, 231, '4', 4, 94000000, 750, 1, 0, 0),
       (38712, 231, '5', 2, 99000000, 740, 2, 0, 0),
       (38713, 231, '6', 3, 126000000, 650, 2, 0, 0),
       (38714, 231, '7', 4, 113000000, 800, 2, 0, 0),
       (38715, 231, '8', 3, 100000000, 500, 2, 0, 0),
       (38716, 231, '9', 3, 76000000, 560, 3, 0, 0),
       (38717, 231, '10', 2, 144000000, 430, 3, 0, 0),
       (38718, 231, '11', 4, 123000000, 910, 3, 0, 0),
       (38719, 231, '12', 1, 96000000, 500, 3, 0, 0),
       (38720, 231, '13', 3, 73000000, 800, 4, 0, 0),
       (38721, 231, '14', 1, 142000000, 960, 4, 0, 0),
       (38722, 231, '15', 4, 86000000, 740, 4, 0, 0),
       (38723, 231, '16', 3, 125000000, 980, 4, 0, 0),
       (38724, 231, '17', 2, 78000000, 630, 5, 0, 0),
       (38725, 231, '18', 1, 149000000, 400, 5, 0, 0),
       (38726, 231, '19', 3, 143000000, 520, 5, 0, 0),
       (38727, 231, '20', 2, 74000000, 490, 5, 0, 0),
       (38728, 231, '21', 2, 113000000, 500, 6, 0, 0),
       (38729, 231, '22', 4, 98000000, 940, 6, 0, 0),
       (38730, 231, '23', 3, 86000000, 530, 6, 0, 0),
       (38731, 231, '24', 4, 139000000, 680, 6, 0, 0),
       (38732, 231, '25', 1, 135000000, 770, 7, 0, 0),
       (38733, 231, '26', 4, 104000000, 700, 7, 0, 0),
       (38734, 231, '27', 3, 100000000, 850, 7, 0, 0),
       (38735, 231, '28', 4, 104000000, 700, 7, 0, 0),
       (38736, 231, '29', 4, 66000000, 970, 8, 0, 0),
       (38737, 231, '30', 2, 145000000, 630, 8, 0, 0),
       (38738, 231, '31', 1, 111000000, 450, 8, 0, 0),
       (38739, 231, '32', 4, 75000000, 620, 8, 0, 0),
       (38740, 231, '33', 4, 60000000, 470, 9, 0, 0),
       (38741, 231, '34', 3, 79000000, 850, 9, 0, 0),
       (38742, 231, '35', 3, 66000000, 610, 9, 0, 0),
       (38743, 231, '36', 2, 88000000, 450, 9, 0, 0),
       (38744, 231, '37', 1, 137000000, 870, 10, 0, 0),
       (38745, 231, '38', 2, 111000000, 460, 10, 0, 0),
       (38746, 231, '39', 4, 63000000, 820, 10, 0, 0),
       (38747, 231, '40', 2, 107000000, 470, 10, 0, 0),
       (38748, 231, '41', 2, 106000000, 500, 11, 0, 0),
       (38749, 231, '42', 3, 143000000, 760, 11, 0, 0),
       (38750, 231, '43', 2, 85000000, 780, 11, 0, 0),
       (38751, 231, '44', 3, 96000000, 630, 11, 0, 0),
       (38752, 231, '45', 2, 118000000, 400, 12, 0, 0),
       (38753, 231, '46', 4, 149000000, 520, 12, 0, 0),
       (38754, 231, '47', 1, 83000000, 560, 12, 0, 0),
       (38755, 231, '48', 3, 68000000, 470, 12, 0, 0),
       (38756, 231, '49', 4, 110000000, 480, 13, 0, 0),
       (38757, 231, '50', 4, 76000000, 840, 13, 0, 0),
       (38758, 231, '51', 3, 120000000, 760, 13, 0, 0),
       (38759, 231, '52', 3, 128000000, 480, 13, 0, 0),
       (38760, 231, '53', 1, 65000000, 480, 14, 0, 0),
       (38761, 231, '54', 1, 74000000, 990, 14, 0, 0),
       (38762, 231, '55', 3, 146000000, 510, 14, 0, 0),
       (38763, 231, '56', 1, 148000000, 470, 14, 0, 0),
       (38764, 231, '57', 3, 137000000, 820, 15, 0, 0),
       (38765, 231, '58', 4, 137000000, 910, 15, 0, 0),
       (38766, 231, '59', 2, 112000000, 640, 15, 0, 0),
       (38767, 231, '60', 2, 86000000, 860, 15, 0, 0),
       (38768, 231, '61', 2, 99000000, 890, 16, 0, 0),
       (38769, 231, '62', 2, 80000000, 1000, 16, 0, 0),
       (38770, 231, '63', 4, 148000000, 810, 16, 0, 0),
       (38771, 231, '64', 3, 123000000, 430, 16, 0, 0),
       (38772, 231, '65', 2, 105000000, 720, 17, 0, 0),
       (38773, 231, '66', 1, 122000000, 480, 17, 0, 0),
       (38774, 231, '67', 3, 90000000, 830, 17, 0, 0),
       (38775, 231, '68', 4, 76000000, 1000, 17, 0, 0),
       (38776, 231, '69', 4, 110000000, 810, 18, 0, 0),
       (38777, 231, '70', 4, 64000000, 620, 18, 0, 0),
       (38778, 231, '71', 4, 92000000, 910, 18, 0, 0),
       (38779, 231, '72', 2, 73000000, 840, 18, 0, 0),
       (38780, 231, '73', 4, 90000000, 560, 19, 0, 0),
       (38781, 231, '74', 4, 117000000, 900, 19, 0, 0),
       (38782, 231, '75', 1, 103000000, 710, 19, 0, 0),
       (38783, 231, '76', 2, 130000000, 890, 19, 0, 0),
       (38784, 231, '77', 3, 146000000, 450, 20, 0, 0),
       (38785, 231, '78', 4, 66000000, 680, 20, 0, 0),
       (38786, 231, '79', 1, 106000000, 520, 20, 0, 0),
       (38787, 231, '80', 3, 76000000, 980, 20, 0, 0);
insert into real_estate_building (id, address, complex_id, floor_count, dev_id)
values (232, 'г. Москва, ул. Пушкинская, д. 38', 10, 20, 10);
insert into real_estate_object (id, building_id ,local_address, places, price, area, floor, type, estate_type)
values (38788, 232, '1', 2, 110000000, 900, 1, 0, 0),
       (38789, 232, '2', 2, 83000000, 530, 1, 0, 0),
       (38790, 232, '3', 3, 70000000, 650, 1, 0, 0),
       (38791, 232, '4', 2, 148000000, 760, 1, 0, 0),
       (38792, 232, '5', 4, 84000000, 520, 2, 0, 0),
       (38793, 232, '6', 1, 64000000, 990, 2, 0, 0),
       (38794, 232, '7', 4, 148000000, 740, 2, 0, 0),
       (38795, 232, '8', 2, 136000000, 770, 2, 0, 0),
       (38796, 232, '9', 1, 121000000, 420, 3, 0, 0),
       (38797, 232, '10', 1, 65000000, 800, 3, 0, 0),
       (38798, 232, '11', 2, 137000000, 780, 3, 0, 0),
       (38799, 232, '12', 2, 135000000, 850, 3, 0, 0),
       (38800, 232, '13', 1, 142000000, 600, 4, 0, 0),
       (38801, 232, '14', 1, 122000000, 620, 4, 0, 0),
       (38802, 232, '15', 2, 119000000, 480, 4, 0, 0),
       (38803, 232, '16', 1, 141000000, 750, 4, 0, 0),
       (38804, 232, '17', 3, 69000000, 770, 5, 0, 0),
       (38805, 232, '18', 3, 134000000, 470, 5, 0, 0),
       (38806, 232, '19', 1, 146000000, 570, 5, 0, 0),
       (38807, 232, '20', 3, 111000000, 770, 5, 0, 0),
       (38808, 232, '21', 2, 97000000, 880, 6, 0, 0),
       (38809, 232, '22', 4, 119000000, 600, 6, 0, 0),
       (38810, 232, '23', 4, 104000000, 560, 6, 0, 0),
       (38811, 232, '24', 4, 149000000, 510, 6, 0, 0),
       (38812, 232, '25', 4, 109000000, 980, 7, 0, 0),
       (38813, 232, '26', 2, 131000000, 620, 7, 0, 0),
       (38814, 232, '27', 3, 133000000, 720, 7, 0, 0),
       (38815, 232, '28', 4, 78000000, 480, 7, 0, 0),
       (38816, 232, '29', 2, 147000000, 790, 8, 0, 0),
       (38817, 232, '30', 3, 99000000, 450, 8, 0, 0),
       (38818, 232, '31', 3, 97000000, 520, 8, 0, 0),
       (38819, 232, '32', 2, 112000000, 870, 8, 0, 0),
       (38820, 232, '33', 1, 104000000, 420, 9, 0, 0),
       (38821, 232, '34', 4, 84000000, 420, 9, 0, 0),
       (38822, 232, '35', 4, 128000000, 530, 9, 0, 0),
       (38823, 232, '36', 4, 60000000, 460, 9, 0, 0),
       (38824, 232, '37', 4, 92000000, 570, 10, 0, 0),
       (38825, 232, '38', 2, 72000000, 700, 10, 0, 0),
       (38826, 232, '39', 2, 135000000, 960, 10, 0, 0),
       (38827, 232, '40', 1, 101000000, 690, 10, 0, 0),
       (38828, 232, '41', 1, 150000000, 590, 11, 0, 0),
       (38829, 232, '42', 4, 104000000, 870, 11, 0, 0),
       (38830, 232, '43', 1, 81000000, 560, 11, 0, 0),
       (38831, 232, '44', 3, 93000000, 550, 11, 0, 0),
       (38832, 232, '45', 4, 92000000, 860, 12, 0, 0),
       (38833, 232, '46', 3, 100000000, 980, 12, 0, 0),
       (38834, 232, '47', 2, 105000000, 640, 12, 0, 0),
       (38835, 232, '48', 1, 91000000, 490, 12, 0, 0),
       (38836, 232, '49', 4, 131000000, 590, 13, 0, 0),
       (38837, 232, '50', 1, 61000000, 440, 13, 0, 0),
       (38838, 232, '51', 2, 106000000, 550, 13, 0, 0),
       (38839, 232, '52', 4, 120000000, 470, 13, 0, 0),
       (38840, 232, '53', 3, 97000000, 980, 14, 0, 0),
       (38841, 232, '54', 1, 125000000, 990, 14, 0, 0),
       (38842, 232, '55', 1, 100000000, 940, 14, 0, 0),
       (38843, 232, '56', 2, 64000000, 430, 14, 0, 0),
       (38844, 232, '57', 3, 106000000, 770, 15, 0, 0),
       (38845, 232, '58', 1, 97000000, 450, 15, 0, 0),
       (38846, 232, '59', 4, 79000000, 1000, 15, 0, 0),
       (38847, 232, '60', 2, 64000000, 830, 15, 0, 0),
       (38848, 232, '61', 1, 134000000, 400, 16, 0, 0),
       (38849, 232, '62', 1, 147000000, 690, 16, 0, 0),
       (38850, 232, '63', 1, 90000000, 560, 16, 0, 0),
       (38851, 232, '64', 3, 142000000, 820, 16, 0, 0),
       (38852, 232, '65', 1, 102000000, 740, 17, 0, 0),
       (38853, 232, '66', 4, 119000000, 620, 17, 0, 0),
       (38854, 232, '67', 2, 73000000, 840, 17, 0, 0),
       (38855, 232, '68', 4, 97000000, 850, 17, 0, 0),
       (38856, 232, '69', 4, 122000000, 580, 18, 0, 0),
       (38857, 232, '70', 1, 95000000, 850, 18, 0, 0),
       (38858, 232, '71', 3, 83000000, 890, 18, 0, 0),
       (38859, 232, '72', 2, 86000000, 930, 18, 0, 0),
       (38860, 232, '73', 1, 95000000, 400, 19, 0, 0),
       (38861, 232, '74', 4, 89000000, 510, 19, 0, 0),
       (38862, 232, '75', 1, 144000000, 600, 19, 0, 0),
       (38863, 232, '76', 2, 100000000, 630, 19, 0, 0),
       (38864, 232, '77', 1, 147000000, 870, 20, 0, 0),
       (38865, 232, '78', 1, 122000000, 900, 20, 0, 0),
       (38866, 232, '79', 3, 117000000, 550, 20, 0, 0),
       (38867, 232, '80', 4, 134000000, 860, 20, 0, 0);
insert into real_estate_building (id, address, complex_id, floor_count, dev_id)
values (233, 'г. Москва, ул. Пушкинская, д. 39', 10, 30, 10);
insert into real_estate_object (id, building_id ,local_address, places, price, area, floor, type, estate_type)
values (38868, 233, '1', 2, 97000000, 700, 1, 0, 0),
       (38869, 233, '2', 2, 128000000, 950, 1, 0, 0),
       (38870, 233, '3', 3, 103000000, 870, 1, 0, 0),
       (38871, 233, '4', 1, 135000000, 450, 1, 0, 0),
       (38872, 233, '5', 2, 116000000, 640, 2, 0, 0),
       (38873, 233, '6', 4, 137000000, 580, 2, 0, 0),
       (38874, 233, '7', 3, 65000000, 680, 2, 0, 0),
       (38875, 233, '8', 4, 93000000, 650, 2, 0, 0),
       (38876, 233, '9', 3, 137000000, 500, 3, 0, 0),
       (38877, 233, '10', 2, 65000000, 650, 3, 0, 0),
       (38878, 233, '11', 4, 94000000, 670, 3, 0, 0),
       (38879, 233, '12', 4, 143000000, 510, 3, 0, 0),
       (38880, 233, '13', 4, 130000000, 620, 4, 0, 0),
       (38881, 233, '14', 1, 94000000, 750, 4, 0, 0),
       (38882, 233, '15', 4, 149000000, 480, 4, 0, 0),
       (38883, 233, '16', 2, 66000000, 800, 4, 0, 0),
       (38884, 233, '17', 3, 90000000, 630, 5, 0, 0),
       (38885, 233, '18', 3, 70000000, 530, 5, 0, 0),
       (38886, 233, '19', 2, 146000000, 870, 5, 0, 0),
       (38887, 233, '20', 4, 108000000, 520, 5, 0, 0),
       (38888, 233, '21', 1, 75000000, 690, 6, 0, 0),
       (38889, 233, '22', 4, 110000000, 600, 6, 0, 0),
       (38890, 233, '23', 1, 141000000, 480, 6, 0, 0),
       (38891, 233, '24', 4, 129000000, 530, 6, 0, 0),
       (38892, 233, '25', 1, 88000000, 650, 7, 0, 0),
       (38893, 233, '26', 4, 137000000, 460, 7, 0, 0),
       (38894, 233, '27', 1, 65000000, 840, 7, 0, 0),
       (38895, 233, '28', 2, 116000000, 420, 7, 0, 0),
       (38896, 233, '29', 4, 132000000, 790, 8, 0, 0),
       (38897, 233, '30', 2, 125000000, 860, 8, 0, 0),
       (38898, 233, '31', 4, 146000000, 530, 8, 0, 0),
       (38899, 233, '32', 2, 129000000, 580, 8, 0, 0),
       (38900, 233, '33', 2, 138000000, 550, 9, 0, 0),
       (38901, 233, '34', 4, 76000000, 600, 9, 0, 0),
       (38902, 233, '35', 1, 146000000, 730, 9, 0, 0),
       (38903, 233, '36', 1, 116000000, 920, 9, 0, 0),
       (38904, 233, '37', 3, 131000000, 910, 10, 0, 0),
       (38905, 233, '38', 1, 80000000, 890, 10, 0, 0),
       (38906, 233, '39', 2, 95000000, 680, 10, 0, 0),
       (38907, 233, '40', 1, 130000000, 870, 10, 0, 0),
       (38908, 233, '41', 3, 68000000, 950, 11, 0, 0),
       (38909, 233, '42', 4, 127000000, 420, 11, 0, 0),
       (38910, 233, '43', 2, 138000000, 900, 11, 0, 0),
       (38911, 233, '44', 2, 62000000, 400, 11, 0, 0),
       (38912, 233, '45', 4, 79000000, 430, 12, 0, 0),
       (38913, 233, '46', 1, 95000000, 800, 12, 0, 0),
       (38914, 233, '47', 3, 94000000, 630, 12, 0, 0),
       (38915, 233, '48', 1, 87000000, 690, 12, 0, 0),
       (38916, 233, '49', 2, 69000000, 670, 13, 0, 0),
       (38917, 233, '50', 3, 111000000, 980, 13, 0, 0),
       (38918, 233, '51', 4, 85000000, 710, 13, 0, 0),
       (38919, 233, '52', 2, 137000000, 520, 13, 0, 0),
       (38920, 233, '53', 2, 131000000, 600, 14, 0, 0),
       (38921, 233, '54', 2, 143000000, 440, 14, 0, 0),
       (38922, 233, '55', 3, 84000000, 410, 14, 0, 0),
       (38923, 233, '56', 3, 93000000, 480, 14, 0, 0),
       (38924, 233, '57', 1, 81000000, 760, 15, 0, 0),
       (38925, 233, '58', 1, 94000000, 530, 15, 0, 0),
       (38926, 233, '59', 3, 150000000, 600, 15, 0, 0),
       (38927, 233, '60', 1, 95000000, 480, 15, 0, 0),
       (38928, 233, '61', 2, 63000000, 610, 16, 0, 0),
       (38929, 233, '62', 1, 121000000, 600, 16, 0, 0),
       (38930, 233, '63', 2, 150000000, 900, 16, 0, 0),
       (38931, 233, '64', 1, 144000000, 460, 16, 0, 0),
       (38932, 233, '65', 2, 90000000, 470, 17, 0, 0),
       (38933, 233, '66', 2, 114000000, 840, 17, 0, 0),
       (38934, 233, '67', 3, 118000000, 930, 17, 0, 0),
       (38935, 233, '68', 3, 80000000, 800, 17, 0, 0),
       (38936, 233, '69', 1, 98000000, 720, 18, 0, 0),
       (38937, 233, '70', 2, 129000000, 680, 18, 0, 0),
       (38938, 233, '71', 3, 120000000, 640, 18, 0, 0),
       (38939, 233, '72', 2, 96000000, 490, 18, 0, 0),
       (38940, 233, '73', 1, 85000000, 480, 19, 0, 0),
       (38941, 233, '74', 2, 61000000, 610, 19, 0, 0),
       (38942, 233, '75', 4, 61000000, 970, 19, 0, 0),
       (38943, 233, '76', 4, 70000000, 990, 19, 0, 0),
       (38944, 233, '77', 2, 118000000, 940, 20, 0, 0),
       (38945, 233, '78', 4, 97000000, 990, 20, 0, 0),
       (38946, 233, '79', 2, 134000000, 580, 20, 0, 0),
       (38947, 233, '80', 2, 147000000, 500, 20, 0, 0),
       (38948, 233, '81', 3, 139000000, 980, 21, 0, 0),
       (38949, 233, '82', 4, 95000000, 1000, 21, 0, 0),
       (38950, 233, '83', 4, 78000000, 410, 21, 0, 0),
       (38951, 233, '84', 1, 79000000, 900, 21, 0, 0),
       (38952, 233, '85', 3, 115000000, 760, 22, 0, 0),
       (38953, 233, '86', 1, 101000000, 850, 22, 0, 0),
       (38954, 233, '87', 4, 88000000, 940, 22, 0, 0),
       (38955, 233, '88', 2, 87000000, 690, 22, 0, 0),
       (38956, 233, '89', 1, 82000000, 860, 23, 0, 0),
       (38957, 233, '90', 4, 76000000, 780, 23, 0, 0),
       (38958, 233, '91', 4, 113000000, 590, 23, 0, 0),
       (38959, 233, '92', 2, 93000000, 680, 23, 0, 0),
       (38960, 233, '93', 3, 79000000, 850, 24, 0, 0),
       (38961, 233, '94', 3, 64000000, 500, 24, 0, 0),
       (38962, 233, '95', 1, 83000000, 800, 24, 0, 0),
       (38963, 233, '96', 3, 78000000, 510, 24, 0, 0),
       (38964, 233, '97', 2, 90000000, 670, 25, 0, 0),
       (38965, 233, '98', 2, 71000000, 680, 25, 0, 0),
       (38966, 233, '99', 4, 138000000, 890, 25, 0, 0),
       (38967, 233, '100', 2, 108000000, 680, 25, 0, 0),
       (38968, 233, '101', 1, 94000000, 620, 26, 0, 0),
       (38969, 233, '102', 3, 123000000, 810, 26, 0, 0),
       (38970, 233, '103', 4, 119000000, 820, 26, 0, 0),
       (38971, 233, '104', 1, 81000000, 880, 26, 0, 0),
       (38972, 233, '105', 1, 102000000, 820, 27, 0, 0),
       (38973, 233, '106', 2, 133000000, 770, 27, 0, 0),
       (38974, 233, '107', 3, 84000000, 780, 27, 0, 0),
       (38975, 233, '108', 1, 89000000, 600, 27, 0, 0),
       (38976, 233, '109', 3, 78000000, 440, 28, 0, 0),
       (38977, 233, '110', 2, 72000000, 450, 28, 0, 0),
       (38978, 233, '111', 2, 74000000, 540, 28, 0, 0),
       (38979, 233, '112', 1, 112000000, 850, 28, 0, 0),
       (38980, 233, '113', 1, 101000000, 570, 29, 0, 0),
       (38981, 233, '114', 3, 123000000, 510, 29, 0, 0),
       (38982, 233, '115', 3, 86000000, 580, 29, 0, 0),
       (38983, 233, '116', 4, 146000000, 770, 29, 0, 0),
       (38984, 233, '117', 1, 67000000, 990, 30, 0, 0),
       (38985, 233, '118', 3, 98000000, 490, 30, 0, 0),
       (38986, 233, '119', 2, 124000000, 860, 30, 0, 0),
       (38987, 233, '120', 4, 103000000, 430, 30, 0, 0);
insert into real_estate_building (id, address, complex_id, floor_count, dev_id)
values (234, 'г. Москва, ул. Пушкинская, д. 40', 10, 24, 10);
insert into real_estate_object (id, building_id ,local_address, places, price, area, floor, type, estate_type)
values (38988, 234, '1', 1, 102000000, 490, 1, 0, 0),
       (38989, 234, '2', 2, 135000000, 970, 1, 0, 0),
       (38990, 234, '3', 3, 118000000, 620, 1, 0, 0),
       (38991, 234, '4', 2, 100000000, 910, 1, 0, 0),
       (38992, 234, '5', 3, 131000000, 620, 2, 0, 0),
       (38993, 234, '6', 4, 124000000, 870, 2, 0, 0),
       (38994, 234, '7', 1, 95000000, 470, 2, 0, 0),
       (38995, 234, '8', 4, 121000000, 760, 2, 0, 0),
       (38996, 234, '9', 1, 74000000, 510, 3, 0, 0),
       (38997, 234, '10', 1, 93000000, 820, 3, 0, 0),
       (38998, 234, '11', 4, 71000000, 500, 3, 0, 0),
       (38999, 234, '12', 1, 91000000, 450, 3, 0, 0),
       (39000, 234, '13', 1, 80000000, 420, 4, 0, 0),
       (39001, 234, '14', 2, 125000000, 460, 4, 0, 0),
       (39002, 234, '15', 1, 125000000, 910, 4, 0, 0),
       (39003, 234, '16', 2, 147000000, 520, 4, 0, 0),
       (39004, 234, '17', 1, 77000000, 690, 5, 0, 0),
       (39005, 234, '18', 1, 102000000, 920, 5, 0, 0),
       (39006, 234, '19', 3, 72000000, 640, 5, 0, 0),
       (39007, 234, '20', 4, 107000000, 990, 5, 0, 0),
       (39008, 234, '21', 2, 104000000, 650, 6, 0, 0),
       (39009, 234, '22', 3, 66000000, 420, 6, 0, 0),
       (39010, 234, '23', 4, 88000000, 940, 6, 0, 0),
       (39011, 234, '24', 2, 93000000, 490, 6, 0, 0),
       (39012, 234, '25', 1, 104000000, 790, 7, 0, 0),
       (39013, 234, '26', 4, 136000000, 790, 7, 0, 0),
       (39014, 234, '27', 4, 103000000, 880, 7, 0, 0),
       (39015, 234, '28', 4, 86000000, 710, 7, 0, 0),
       (39016, 234, '29', 1, 137000000, 1000, 8, 0, 0),
       (39017, 234, '30', 1, 98000000, 880, 8, 0, 0),
       (39018, 234, '31', 4, 75000000, 410, 8, 0, 0),
       (39019, 234, '32', 4, 111000000, 710, 8, 0, 0),
       (39020, 234, '33', 2, 137000000, 670, 9, 0, 0),
       (39021, 234, '34', 4, 83000000, 480, 9, 0, 0),
       (39022, 234, '35', 2, 148000000, 480, 9, 0, 0),
       (39023, 234, '36', 2, 72000000, 450, 9, 0, 0),
       (39024, 234, '37', 2, 128000000, 660, 10, 0, 0),
       (39025, 234, '38', 2, 69000000, 500, 10, 0, 0),
       (39026, 234, '39', 3, 89000000, 430, 10, 0, 0),
       (39027, 234, '40', 2, 111000000, 670, 10, 0, 0),
       (39028, 234, '41', 4, 110000000, 860, 11, 0, 0),
       (39029, 234, '42', 1, 70000000, 620, 11, 0, 0),
       (39030, 234, '43', 3, 98000000, 920, 11, 0, 0),
       (39031, 234, '44', 3, 104000000, 920, 11, 0, 0),
       (39032, 234, '45', 1, 75000000, 950, 12, 0, 0),
       (39033, 234, '46', 3, 87000000, 530, 12, 0, 0),
       (39034, 234, '47', 2, 137000000, 660, 12, 0, 0),
       (39035, 234, '48', 3, 100000000, 820, 12, 0, 0),
       (39036, 234, '49', 2, 86000000, 770, 13, 0, 0),
       (39037, 234, '50', 4, 134000000, 730, 13, 0, 0),
       (39038, 234, '51', 1, 129000000, 660, 13, 0, 0),
       (39039, 234, '52', 1, 101000000, 700, 13, 0, 0),
       (39040, 234, '53', 2, 98000000, 610, 14, 0, 0),
       (39041, 234, '54', 1, 136000000, 910, 14, 0, 0),
       (39042, 234, '55', 1, 106000000, 610, 14, 0, 0),
       (39043, 234, '56', 3, 120000000, 830, 14, 0, 0),
       (39044, 234, '57', 1, 145000000, 600, 15, 0, 0),
       (39045, 234, '58', 2, 104000000, 610, 15, 0, 0),
       (39046, 234, '59', 1, 118000000, 790, 15, 0, 0),
       (39047, 234, '60', 2, 87000000, 470, 15, 0, 0),
       (39048, 234, '61', 3, 67000000, 620, 16, 0, 0),
       (39049, 234, '62', 1, 105000000, 440, 16, 0, 0),
       (39050, 234, '63', 3, 139000000, 790, 16, 0, 0),
       (39051, 234, '64', 4, 112000000, 890, 16, 0, 0),
       (39052, 234, '65', 2, 104000000, 860, 17, 0, 0),
       (39053, 234, '66', 2, 80000000, 1000, 17, 0, 0),
       (39054, 234, '67', 2, 112000000, 810, 17, 0, 0),
       (39055, 234, '68', 2, 145000000, 980, 17, 0, 0),
       (39056, 234, '69', 3, 83000000, 810, 18, 0, 0),
       (39057, 234, '70', 4, 131000000, 850, 18, 0, 0),
       (39058, 234, '71', 1, 129000000, 900, 18, 0, 0),
       (39059, 234, '72', 4, 143000000, 470, 18, 0, 0),
       (39060, 234, '73', 4, 106000000, 790, 19, 0, 0),
       (39061, 234, '74', 2, 72000000, 470, 19, 0, 0),
       (39062, 234, '75', 1, 110000000, 460, 19, 0, 0),
       (39063, 234, '76', 3, 138000000, 400, 19, 0, 0),
       (39064, 234, '77', 3, 97000000, 450, 20, 0, 0),
       (39065, 234, '78', 4, 73000000, 500, 20, 0, 0),
       (39066, 234, '79', 3, 149000000, 590, 20, 0, 0),
       (39067, 234, '80', 2, 114000000, 720, 20, 0, 0),
       (39068, 234, '81', 4, 102000000, 450, 21, 0, 0),
       (39069, 234, '82', 4, 67000000, 540, 21, 0, 0),
       (39070, 234, '83', 1, 98000000, 530, 21, 0, 0),
       (39071, 234, '84', 3, 143000000, 770, 21, 0, 0),
       (39072, 234, '85', 1, 80000000, 630, 22, 0, 0),
       (39073, 234, '86', 1, 129000000, 520, 22, 0, 0),
       (39074, 234, '87', 2, 104000000, 540, 22, 0, 0),
       (39075, 234, '88', 2, 139000000, 690, 22, 0, 0),
       (39076, 234, '89', 2, 122000000, 990, 23, 0, 0),
       (39077, 234, '90', 4, 117000000, 810, 23, 0, 0),
       (39078, 234, '91', 4, 70000000, 920, 23, 0, 0),
       (39079, 234, '92', 3, 100000000, 860, 23, 0, 0),
       (39080, 234, '93', 4, 100000000, 540, 24, 0, 0),
       (39081, 234, '94', 2, 82000000, 790, 24, 0, 0),
       (39082, 234, '95', 1, 132000000, 640, 24, 0, 0),
       (39083, 234, '96', 3, 108000000, 560, 24, 0, 0);
insert into real_estate_building (id, address, complex_id, floor_count, dev_id)
values (235, 'г. Москва, ул. Пушкинская, д. 41', 10, 28, 10);
insert into real_estate_object (id, building_id ,local_address, places, price, area, floor, type, estate_type)
values (39084, 235, '1', 4, 114000000, 620, 1, 0, 0),
       (39085, 235, '2', 1, 111000000, 550, 1, 0, 0),
       (39086, 235, '3', 2, 127000000, 840, 1, 0, 0),
       (39087, 235, '4', 3, 65000000, 780, 1, 0, 0),
       (39088, 235, '5', 3, 85000000, 830, 2, 0, 0),
       (39089, 235, '6', 2, 93000000, 850, 2, 0, 0),
       (39090, 235, '7', 3, 65000000, 970, 2, 0, 0),
       (39091, 235, '8', 3, 83000000, 620, 2, 0, 0),
       (39092, 235, '9', 3, 89000000, 950, 3, 0, 0),
       (39093, 235, '10', 1, 119000000, 610, 3, 0, 0),
       (39094, 235, '11', 3, 126000000, 960, 3, 0, 0),
       (39095, 235, '12', 4, 118000000, 430, 3, 0, 0),
       (39096, 235, '13', 4, 88000000, 520, 4, 0, 0),
       (39097, 235, '14', 3, 122000000, 990, 4, 0, 0),
       (39098, 235, '15', 1, 148000000, 900, 4, 0, 0),
       (39099, 235, '16', 2, 142000000, 640, 4, 0, 0),
       (39100, 235, '17', 3, 124000000, 630, 5, 0, 0),
       (39101, 235, '18', 3, 63000000, 680, 5, 0, 0),
       (39102, 235, '19', 4, 126000000, 860, 5, 0, 0),
       (39103, 235, '20', 3, 73000000, 950, 5, 0, 0),
       (39104, 235, '21', 3, 133000000, 540, 6, 0, 0),
       (39105, 235, '22', 4, 143000000, 960, 6, 0, 0),
       (39106, 235, '23', 3, 60000000, 670, 6, 0, 0),
       (39107, 235, '24', 3, 85000000, 780, 6, 0, 0),
       (39108, 235, '25', 4, 61000000, 770, 7, 0, 0),
       (39109, 235, '26', 4, 90000000, 710, 7, 0, 0),
       (39110, 235, '27', 4, 85000000, 590, 7, 0, 0),
       (39111, 235, '28', 3, 136000000, 610, 7, 0, 0),
       (39112, 235, '29', 3, 90000000, 520, 8, 0, 0),
       (39113, 235, '30', 3, 96000000, 970, 8, 0, 0),
       (39114, 235, '31', 4, 72000000, 850, 8, 0, 0),
       (39115, 235, '32', 2, 95000000, 570, 8, 0, 0),
       (39116, 235, '33', 1, 117000000, 950, 9, 0, 0),
       (39117, 235, '34', 4, 106000000, 620, 9, 0, 0),
       (39118, 235, '35', 4, 74000000, 820, 9, 0, 0),
       (39119, 235, '36', 3, 100000000, 820, 9, 0, 0),
       (39120, 235, '37', 4, 68000000, 470, 10, 0, 0),
       (39121, 235, '38', 4, 129000000, 880, 10, 0, 0),
       (39122, 235, '39', 2, 100000000, 710, 10, 0, 0),
       (39123, 235, '40', 4, 130000000, 910, 10, 0, 0),
       (39124, 235, '41', 2, 60000000, 970, 11, 0, 0),
       (39125, 235, '42', 2, 69000000, 610, 11, 0, 0),
       (39126, 235, '43', 4, 70000000, 710, 11, 0, 0),
       (39127, 235, '44', 1, 92000000, 770, 11, 0, 0),
       (39128, 235, '45', 4, 83000000, 500, 12, 0, 0),
       (39129, 235, '46', 1, 67000000, 660, 12, 0, 0),
       (39130, 235, '47', 4, 121000000, 590, 12, 0, 0),
       (39131, 235, '48', 1, 145000000, 930, 12, 0, 0),
       (39132, 235, '49', 2, 122000000, 860, 13, 0, 0),
       (39133, 235, '50', 4, 116000000, 790, 13, 0, 0),
       (39134, 235, '51', 3, 91000000, 980, 13, 0, 0),
       (39135, 235, '52', 4, 112000000, 590, 13, 0, 0),
       (39136, 235, '53', 1, 136000000, 490, 14, 0, 0),
       (39137, 235, '54', 3, 70000000, 760, 14, 0, 0),
       (39138, 235, '55', 1, 99000000, 870, 14, 0, 0),
       (39139, 235, '56', 1, 74000000, 440, 14, 0, 0),
       (39140, 235, '57', 1, 83000000, 420, 15, 0, 0),
       (39141, 235, '58', 4, 146000000, 530, 15, 0, 0),
       (39142, 235, '59', 3, 107000000, 490, 15, 0, 0),
       (39143, 235, '60', 2, 106000000, 870, 15, 0, 0),
       (39144, 235, '61', 2, 114000000, 740, 16, 0, 0),
       (39145, 235, '62', 1, 127000000, 470, 16, 0, 0),
       (39146, 235, '63', 3, 89000000, 560, 16, 0, 0),
       (39147, 235, '64', 3, 129000000, 690, 16, 0, 0),
       (39148, 235, '65', 1, 103000000, 810, 17, 0, 0),
       (39149, 235, '66', 1, 64000000, 720, 17, 0, 0),
       (39150, 235, '67', 3, 125000000, 690, 17, 0, 0),
       (39151, 235, '68', 3, 104000000, 410, 17, 0, 0),
       (39152, 235, '69', 2, 129000000, 650, 18, 0, 0),
       (39153, 235, '70', 3, 138000000, 860, 18, 0, 0),
       (39154, 235, '71', 4, 70000000, 950, 18, 0, 0),
       (39155, 235, '72', 3, 91000000, 440, 18, 0, 0),
       (39156, 235, '73', 1, 91000000, 950, 19, 0, 0),
       (39157, 235, '74', 3, 96000000, 470, 19, 0, 0),
       (39158, 235, '75', 3, 87000000, 700, 19, 0, 0),
       (39159, 235, '76', 4, 88000000, 710, 19, 0, 0),
       (39160, 235, '77', 3, 66000000, 520, 20, 0, 0),
       (39161, 235, '78', 1, 132000000, 680, 20, 0, 0),
       (39162, 235, '79', 3, 62000000, 670, 20, 0, 0),
       (39163, 235, '80', 1, 112000000, 630, 20, 0, 0),
       (39164, 235, '81', 4, 117000000, 880, 21, 0, 0),
       (39165, 235, '82', 4, 63000000, 410, 21, 0, 0),
       (39166, 235, '83', 4, 60000000, 670, 21, 0, 0),
       (39167, 235, '84', 3, 86000000, 780, 21, 0, 0),
       (39168, 235, '85', 2, 110000000, 550, 22, 0, 0),
       (39169, 235, '86', 1, 82000000, 450, 22, 0, 0),
       (39170, 235, '87', 4, 83000000, 920, 22, 0, 0),
       (39171, 235, '88', 2, 107000000, 960, 22, 0, 0),
       (39172, 235, '89', 3, 83000000, 980, 23, 0, 0),
       (39173, 235, '90', 2, 82000000, 950, 23, 0, 0),
       (39174, 235, '91', 2, 135000000, 480, 23, 0, 0),
       (39175, 235, '92', 1, 93000000, 1000, 23, 0, 0),
       (39176, 235, '93', 1, 103000000, 990, 24, 0, 0),
       (39177, 235, '94', 2, 134000000, 880, 24, 0, 0),
       (39178, 235, '95', 2, 64000000, 960, 24, 0, 0),
       (39179, 235, '96', 1, 137000000, 420, 24, 0, 0),
       (39180, 235, '97', 3, 129000000, 800, 25, 0, 0),
       (39181, 235, '98', 1, 66000000, 850, 25, 0, 0),
       (39182, 235, '99', 4, 114000000, 580, 25, 0, 0),
       (39183, 235, '100', 3, 81000000, 630, 25, 0, 0),
       (39184, 235, '101', 1, 83000000, 410, 26, 0, 0),
       (39185, 235, '102', 3, 65000000, 540, 26, 0, 0),
       (39186, 235, '103', 1, 143000000, 680, 26, 0, 0),
       (39187, 235, '104', 2, 108000000, 450, 26, 0, 0),
       (39188, 235, '105', 1, 89000000, 630, 27, 0, 0),
       (39189, 235, '106', 2, 126000000, 630, 27, 0, 0),
       (39190, 235, '107', 4, 149000000, 940, 27, 0, 0),
       (39191, 235, '108', 3, 128000000, 400, 27, 0, 0),
       (39192, 235, '109', 3, 106000000, 400, 28, 0, 0),
       (39193, 235, '110', 4, 115000000, 490, 28, 0, 0),
       (39194, 235, '111', 3, 149000000, 410, 28, 0, 0),
       (39195, 235, '112', 2, 101000000, 940, 28, 0, 0);
insert into real_estate_building (id, address, complex_id, floor_count, dev_id)
values (236, 'г. Москва, ул. Васильевская, д. 13', 11, 29, 11);
insert into real_estate_object (id, building_id ,local_address, places, price, area, floor, type, estate_type)
values (39196, 236, '1', 1, 159000000, 950, 1, 3, 1),
       (39197, 236, '2', 2, 175000000, 1750, 1, 3, 1),
       (39198, 236, '3', 3, 128000000, 2470, 1, 3, 1),
       (39199, 236, '4', 2, 190000000, 1470, 1, 3, 1),
       (39200, 236, '5', 3, 200000000, 2410, 1, 3, 1),
       (39201, 236, '6', 1, 164000000, 1310, 1, 3, 1),
       (39202, 236, '7', 1, 85000000, 2480, 2, 3, 1),
       (39203, 236, '8', 3, 125000000, 2070, 2, 3, 1),
       (39204, 236, '9', 3, 146000000, 1360, 2, 3, 1),
       (39205, 236, '10', 1, 126000000, 1040, 2, 3, 1),
       (39206, 236, '11', 1, 212000000, 1980, 2, 3, 1),
       (39207, 236, '12', 3, 84000000, 1090, 2, 3, 1),
       (39208, 236, '13', 2, 233000000, 2220, 3, 3, 1),
       (39209, 236, '14', 1, 175000000, 2590, 3, 3, 1),
       (39210, 236, '15', 3, 244000000, 2410, 3, 3, 1),
       (39211, 236, '16', 1, 83000000, 2890, 3, 3, 1),
       (39212, 236, '17', 3, 107000000, 1540, 3, 3, 1),
       (39213, 236, '18', 2, 214000000, 2060, 3, 3, 1),
       (39214, 236, '19', 2, 206000000, 2250, 4, 3, 1),
       (39215, 236, '20', 1, 190000000, 1160, 4, 3, 1),
       (39216, 236, '21', 2, 128000000, 970, 4, 3, 1),
       (39217, 236, '22', 1, 166000000, 1140, 4, 3, 1),
       (39218, 236, '23', 2, 239000000, 1640, 4, 3, 1),
       (39219, 236, '24', 2, 183000000, 2030, 4, 3, 1),
       (39220, 236, '25', 3, 88000000, 2750, 5, 3, 1),
       (39221, 236, '26', 2, 140000000, 1420, 5, 3, 1),
       (39222, 236, '27', 1, 173000000, 1690, 5, 3, 1),
       (39223, 236, '28', 3, 216000000, 2240, 5, 3, 1),
       (39224, 236, '29', 1, 142000000, 1810, 5, 3, 1),
       (39225, 236, '30', 2, 185000000, 2120, 5, 3, 1),
       (39226, 236, '31', 3, 165000000, 1650, 6, 3, 1),
       (39227, 236, '32', 1, 239000000, 2210, 6, 3, 1),
       (39228, 236, '33', 3, 126000000, 2750, 6, 3, 1),
       (39229, 236, '34', 1, 138000000, 2870, 6, 3, 1),
       (39230, 236, '35', 1, 109000000, 2300, 6, 3, 1),
       (39231, 236, '36', 2, 234000000, 2460, 6, 3, 1),
       (39232, 236, '37', 1, 209000000, 1570, 7, 3, 1),
       (39233, 236, '38', 1, 82000000, 2060, 7, 3, 1),
       (39234, 236, '39', 1, 142000000, 1000, 7, 3, 1),
       (39235, 236, '40', 3, 188000000, 1490, 7, 3, 1),
       (39236, 236, '41', 1, 213000000, 2790, 7, 3, 1),
       (39237, 236, '42', 1, 80000000, 1660, 7, 3, 1),
       (39238, 236, '43', 1, 190000000, 2090, 8, 3, 1),
       (39239, 236, '44', 1, 144000000, 2420, 8, 3, 1),
       (39240, 236, '45', 3, 205000000, 1470, 8, 3, 1),
       (39241, 236, '46', 1, 225000000, 1280, 8, 3, 1),
       (39242, 236, '47', 3, 119000000, 2620, 8, 3, 1),
       (39243, 236, '48', 3, 209000000, 2220, 8, 3, 1),
       (39244, 236, '49', 3, 228000000, 2420, 9, 3, 1),
       (39245, 236, '50', 3, 140000000, 1370, 9, 3, 1),
       (39246, 236, '51', 3, 203000000, 1270, 9, 3, 1),
       (39247, 236, '52', 3, 112000000, 1230, 9, 3, 1),
       (39248, 236, '53', 3, 246000000, 1880, 9, 3, 1),
       (39249, 236, '54', 2, 131000000, 2650, 9, 3, 1),
       (39250, 236, '55', 2, 246000000, 1970, 10, 3, 1),
       (39251, 236, '56', 3, 126000000, 1860, 10, 3, 1),
       (39252, 236, '57', 1, 166000000, 2830, 10, 3, 1),
       (39253, 236, '58', 2, 222000000, 1680, 10, 3, 1),
       (39254, 236, '59', 1, 139000000, 2090, 10, 3, 1),
       (39255, 236, '60', 3, 162000000, 2690, 10, 3, 1),
       (39256, 236, '61', 1, 170000000, 1810, 11, 3, 1),
       (39257, 236, '62', 1, 109000000, 1960, 11, 3, 1),
       (39258, 236, '63', 3, 130000000, 1940, 11, 3, 1),
       (39259, 236, '64', 1, 178000000, 2040, 11, 3, 1),
       (39260, 236, '65', 2, 199000000, 1050, 11, 3, 1),
       (39261, 236, '66', 2, 214000000, 2760, 11, 3, 1),
       (39262, 236, '67', 2, 240000000, 1510, 12, 3, 1),
       (39263, 236, '68', 2, 223000000, 2760, 12, 3, 1),
       (39264, 236, '69', 1, 123000000, 1480, 12, 3, 1),
       (39265, 236, '70', 1, 242000000, 2730, 12, 3, 1),
       (39266, 236, '71', 3, 152000000, 1340, 12, 3, 1),
       (39267, 236, '72', 1, 176000000, 2250, 12, 3, 1),
       (39268, 236, '73', 3, 247000000, 2670, 13, 3, 1),
       (39269, 236, '74', 1, 152000000, 1660, 13, 3, 1),
       (39270, 236, '75', 2, 225000000, 1500, 13, 3, 1),
       (39271, 236, '76', 3, 96000000, 2630, 13, 3, 1),
       (39272, 236, '77', 1, 176000000, 2770, 13, 3, 1),
       (39273, 236, '78', 1, 140000000, 2470, 13, 3, 1),
       (39274, 236, '79', 3, 196000000, 1240, 14, 3, 1),
       (39275, 236, '80', 3, 101000000, 1090, 14, 3, 1),
       (39276, 236, '81', 2, 216000000, 2820, 14, 3, 1),
       (39277, 236, '82', 3, 155000000, 2390, 14, 3, 1),
       (39278, 236, '83', 3, 181000000, 2880, 14, 3, 1),
       (39279, 236, '84', 1, 84000000, 1400, 14, 3, 1),
       (39280, 236, '85', 2, 108000000, 1530, 15, 3, 1),
       (39281, 236, '86', 2, 149000000, 2190, 15, 3, 1),
       (39282, 236, '87', 1, 84000000, 1480, 15, 3, 1),
       (39283, 236, '88', 2, 205000000, 1530, 15, 3, 1),
       (39284, 236, '89', 1, 89000000, 1610, 15, 3, 1),
       (39285, 236, '90', 1, 244000000, 2820, 15, 3, 1),
       (39286, 236, '91', 3, 165000000, 1760, 16, 3, 1),
       (39287, 236, '92', 1, 244000000, 1430, 16, 3, 1),
       (39288, 236, '93', 2, 229000000, 1000, 16, 3, 1),
       (39289, 236, '94', 1, 80000000, 2300, 16, 3, 1),
       (39290, 236, '95', 3, 155000000, 2420, 16, 3, 1),
       (39291, 236, '96', 2, 96000000, 1810, 16, 3, 1),
       (39292, 236, '97', 3, 97000000, 1740, 17, 3, 1),
       (39293, 236, '98', 2, 228000000, 3000, 17, 3, 1),
       (39294, 236, '99', 2, 119000000, 2690, 17, 3, 1),
       (39295, 236, '100', 1, 223000000, 2110, 17, 3, 1),
       (39296, 236, '101', 1, 198000000, 1040, 17, 3, 1),
       (39297, 236, '102', 1, 212000000, 2000, 17, 3, 1),
       (39298, 236, '103', 1, 146000000, 1720, 18, 3, 1),
       (39299, 236, '104', 3, 83000000, 2370, 18, 3, 1),
       (39300, 236, '105', 1, 124000000, 2330, 18, 3, 1),
       (39301, 236, '106', 3, 212000000, 1740, 18, 3, 1),
       (39302, 236, '107', 3, 236000000, 1070, 18, 3, 1),
       (39303, 236, '108', 1, 83000000, 900, 18, 3, 1),
       (39304, 236, '109', 3, 234000000, 2180, 19, 3, 1),
       (39305, 236, '110', 3, 236000000, 2080, 19, 3, 1),
       (39306, 236, '111', 3, 122000000, 2780, 19, 3, 1),
       (39307, 236, '112', 1, 143000000, 950, 19, 3, 1),
       (39308, 236, '113', 1, 189000000, 2630, 19, 3, 1),
       (39309, 236, '114', 1, 153000000, 2740, 19, 3, 1),
       (39310, 236, '115', 3, 184000000, 2990, 20, 3, 1),
       (39311, 236, '116', 2, 189000000, 1020, 20, 3, 1),
       (39312, 236, '117', 3, 117000000, 2070, 20, 3, 1),
       (39313, 236, '118', 3, 108000000, 2020, 20, 3, 1),
       (39314, 236, '119', 2, 86000000, 1990, 20, 3, 1),
       (39315, 236, '120', 2, 88000000, 2810, 20, 3, 1),
       (39316, 236, '121', 3, 94000000, 2960, 21, 3, 1),
       (39317, 236, '122', 1, 163000000, 1220, 21, 3, 1),
       (39318, 236, '123', 2, 230000000, 2890, 21, 3, 1),
       (39319, 236, '124', 3, 103000000, 1420, 21, 3, 1),
       (39320, 236, '125', 1, 152000000, 2770, 21, 3, 1),
       (39321, 236, '126', 3, 209000000, 2930, 21, 3, 1),
       (39322, 236, '127', 2, 120000000, 1080, 22, 3, 1),
       (39323, 236, '128', 3, 236000000, 1710, 22, 3, 1),
       (39324, 236, '129', 3, 161000000, 1620, 22, 3, 1),
       (39325, 236, '130', 1, 90000000, 1080, 22, 3, 1),
       (39326, 236, '131', 1, 231000000, 2640, 22, 3, 1),
       (39327, 236, '132', 1, 181000000, 1960, 22, 3, 1),
       (39328, 236, '133', 3, 87000000, 2350, 23, 3, 1),
       (39329, 236, '134', 3, 175000000, 2580, 23, 3, 1),
       (39330, 236, '135', 3, 91000000, 2120, 23, 3, 1),
       (39331, 236, '136', 3, 139000000, 1530, 23, 3, 1),
       (39332, 236, '137', 3, 194000000, 2780, 23, 3, 1),
       (39333, 236, '138', 3, 107000000, 1410, 23, 3, 1),
       (39334, 236, '139', 1, 140000000, 1810, 24, 3, 1),
       (39335, 236, '140', 2, 86000000, 2870, 24, 3, 1),
       (39336, 236, '141', 1, 80000000, 2010, 24, 3, 1),
       (39337, 236, '142', 2, 208000000, 2010, 24, 3, 1),
       (39338, 236, '143', 1, 144000000, 2020, 24, 3, 1),
       (39339, 236, '144', 1, 205000000, 2500, 24, 3, 1),
       (39340, 236, '145', 2, 220000000, 2410, 25, 3, 1),
       (39341, 236, '146', 1, 112000000, 1080, 25, 3, 1),
       (39342, 236, '147', 2, 229000000, 1320, 25, 3, 1),
       (39343, 236, '148', 1, 104000000, 2890, 25, 3, 1),
       (39344, 236, '149', 3, 141000000, 1160, 25, 3, 1),
       (39345, 236, '150', 1, 149000000, 2040, 25, 3, 1),
       (39346, 236, '151', 1, 204000000, 1430, 26, 3, 1),
       (39347, 236, '152', 2, 240000000, 1760, 26, 3, 1),
       (39348, 236, '153', 3, 115000000, 1990, 26, 3, 1),
       (39349, 236, '154', 3, 139000000, 2850, 26, 3, 1),
       (39350, 236, '155', 1, 118000000, 2200, 26, 3, 1),
       (39351, 236, '156', 2, 186000000, 2430, 26, 3, 1),
       (39352, 236, '157', 1, 167000000, 2710, 27, 3, 1),
       (39353, 236, '158', 2, 119000000, 1150, 27, 3, 1),
       (39354, 236, '159', 2, 247000000, 1550, 27, 3, 1),
       (39355, 236, '160', 3, 128000000, 1160, 27, 3, 1),
       (39356, 236, '161', 3, 105000000, 2010, 27, 3, 1),
       (39357, 236, '162', 3, 151000000, 1600, 27, 3, 1),
       (39358, 236, '163', 2, 140000000, 1490, 28, 3, 1),
       (39359, 236, '164', 2, 110000000, 1300, 28, 3, 1),
       (39360, 236, '165', 1, 87000000, 1470, 28, 3, 1),
       (39361, 236, '166', 3, 174000000, 2780, 28, 3, 1),
       (39362, 236, '167', 2, 179000000, 1920, 28, 3, 1),
       (39363, 236, '168', 2, 81000000, 2820, 28, 3, 1),
       (39364, 236, '169', 3, 101000000, 2040, 29, 3, 1),
       (39365, 236, '170', 3, 198000000, 1030, 29, 3, 1),
       (39366, 236, '171', 2, 152000000, 2410, 29, 3, 1),
       (39367, 236, '172', 1, 200000000, 1640, 29, 3, 1),
       (39368, 236, '173', 2, 100000000, 930, 29, 3, 1),
       (39369, 236, '174', 3, 137000000, 1410, 29, 3, 1);
insert into real_estate_building (id, address, complex_id, floor_count, dev_id)
values (237, 'г. Москва, ул. Васильевская, д. 14', 11, 28, 11);
insert into real_estate_object (id, building_id ,local_address, places, price, area, floor, type, estate_type)
values (39370, 237, '1', 2, 244000000, 1730, 1, 3, 1),
       (39371, 237, '2', 1, 156000000, 960, 1, 3, 1),
       (39372, 237, '3', 1, 139000000, 1650, 1, 3, 1),
       (39373, 237, '4', 2, 163000000, 1980, 1, 3, 1),
       (39374, 237, '5', 1, 248000000, 2700, 1, 3, 1),
       (39375, 237, '6', 3, 93000000, 2250, 1, 3, 1),
       (39376, 237, '7', 2, 95000000, 2310, 2, 3, 1),
       (39377, 237, '8', 1, 186000000, 2360, 2, 3, 1),
       (39378, 237, '9', 2, 87000000, 2500, 2, 3, 1),
       (39379, 237, '10', 2, 189000000, 930, 2, 3, 1),
       (39380, 237, '11', 2, 104000000, 1840, 2, 3, 1),
       (39381, 237, '12', 1, 172000000, 2680, 2, 3, 1),
       (39382, 237, '13', 2, 107000000, 1510, 3, 3, 1),
       (39383, 237, '14', 1, 143000000, 1040, 3, 3, 1),
       (39384, 237, '15', 1, 91000000, 1460, 3, 3, 1),
       (39385, 237, '16', 1, 111000000, 1290, 3, 3, 1),
       (39386, 237, '17', 3, 84000000, 2860, 3, 3, 1),
       (39387, 237, '18', 3, 183000000, 2180, 3, 3, 1),
       (39388, 237, '19', 3, 96000000, 2930, 4, 3, 1),
       (39389, 237, '20', 1, 144000000, 2280, 4, 3, 1),
       (39390, 237, '21', 2, 192000000, 2050, 4, 3, 1),
       (39391, 237, '22', 2, 158000000, 1080, 4, 3, 1),
       (39392, 237, '23', 1, 236000000, 2430, 4, 3, 1),
       (39393, 237, '24', 2, 173000000, 1310, 4, 3, 1),
       (39394, 237, '25', 1, 116000000, 2250, 5, 3, 1),
       (39395, 237, '26', 3, 159000000, 2950, 5, 3, 1),
       (39396, 237, '27', 1, 167000000, 2000, 5, 3, 1),
       (39397, 237, '28', 1, 181000000, 1950, 5, 3, 1),
       (39398, 237, '29', 1, 111000000, 1340, 5, 3, 1),
       (39399, 237, '30', 3, 186000000, 2710, 5, 3, 1),
       (39400, 237, '31', 3, 218000000, 2810, 6, 3, 1),
       (39401, 237, '32', 2, 119000000, 1650, 6, 3, 1),
       (39402, 237, '33', 1, 87000000, 2760, 6, 3, 1),
       (39403, 237, '34', 2, 217000000, 2190, 6, 3, 1),
       (39404, 237, '35', 2, 193000000, 2350, 6, 3, 1),
       (39405, 237, '36', 2, 219000000, 2410, 6, 3, 1),
       (39406, 237, '37', 1, 178000000, 1590, 7, 3, 1),
       (39407, 237, '38', 1, 160000000, 2770, 7, 3, 1),
       (39408, 237, '39', 3, 175000000, 1720, 7, 3, 1),
       (39409, 237, '40', 1, 198000000, 2340, 7, 3, 1),
       (39410, 237, '41', 1, 191000000, 1920, 7, 3, 1),
       (39411, 237, '42', 3, 196000000, 2150, 7, 3, 1),
       (39412, 237, '43', 2, 110000000, 1290, 8, 3, 1),
       (39413, 237, '44', 3, 166000000, 2160, 8, 3, 1),
       (39414, 237, '45', 3, 234000000, 1130, 8, 3, 1),
       (39415, 237, '46', 2, 237000000, 1930, 8, 3, 1),
       (39416, 237, '47', 3, 142000000, 1540, 8, 3, 1),
       (39417, 237, '48', 1, 119000000, 1880, 8, 3, 1),
       (39418, 237, '49', 3, 234000000, 2870, 9, 3, 1),
       (39419, 237, '50', 2, 196000000, 2240, 9, 3, 1),
       (39420, 237, '51', 3, 141000000, 2010, 9, 3, 1),
       (39421, 237, '52', 3, 186000000, 1850, 9, 3, 1),
       (39422, 237, '53', 3, 177000000, 1290, 9, 3, 1),
       (39423, 237, '54', 3, 166000000, 2740, 9, 3, 1),
       (39424, 237, '55', 2, 250000000, 2510, 10, 3, 1),
       (39425, 237, '56', 1, 200000000, 2180, 10, 3, 1),
       (39426, 237, '57', 2, 226000000, 2170, 10, 3, 1),
       (39427, 237, '58', 1, 220000000, 1400, 10, 3, 1),
       (39428, 237, '59', 2, 162000000, 2070, 10, 3, 1),
       (39429, 237, '60', 3, 184000000, 2180, 10, 3, 1),
       (39430, 237, '61', 2, 141000000, 1580, 11, 3, 1),
       (39431, 237, '62', 1, 202000000, 1760, 11, 3, 1),
       (39432, 237, '63', 3, 127000000, 1070, 11, 3, 1),
       (39433, 237, '64', 2, 227000000, 1230, 11, 3, 1),
       (39434, 237, '65', 1, 212000000, 2170, 11, 3, 1),
       (39435, 237, '66', 3, 239000000, 1320, 11, 3, 1),
       (39436, 237, '67', 2, 232000000, 1550, 12, 3, 1),
       (39437, 237, '68', 3, 175000000, 1670, 12, 3, 1),
       (39438, 237, '69', 1, 235000000, 910, 12, 3, 1),
       (39439, 237, '70', 3, 119000000, 1680, 12, 3, 1),
       (39440, 237, '71', 1, 230000000, 2600, 12, 3, 1),
       (39441, 237, '72', 1, 228000000, 1780, 12, 3, 1),
       (39442, 237, '73', 1, 129000000, 1110, 13, 3, 1),
       (39443, 237, '74', 1, 110000000, 1410, 13, 3, 1),
       (39444, 237, '75', 2, 200000000, 3000, 13, 3, 1),
       (39445, 237, '76', 1, 173000000, 2120, 13, 3, 1),
       (39446, 237, '77', 1, 108000000, 2070, 13, 3, 1),
       (39447, 237, '78', 2, 250000000, 2240, 13, 3, 1),
       (39448, 237, '79', 1, 146000000, 2890, 14, 3, 1),
       (39449, 237, '80', 1, 149000000, 1450, 14, 3, 1),
       (39450, 237, '81', 2, 235000000, 2670, 14, 3, 1),
       (39451, 237, '82', 3, 80000000, 1150, 14, 3, 1),
       (39452, 237, '83', 2, 229000000, 1960, 14, 3, 1),
       (39453, 237, '84', 2, 138000000, 2750, 14, 3, 1),
       (39454, 237, '85', 2, 142000000, 1630, 15, 3, 1),
       (39455, 237, '86', 3, 134000000, 2680, 15, 3, 1),
       (39456, 237, '87', 2, 185000000, 1260, 15, 3, 1),
       (39457, 237, '88', 2, 145000000, 2690, 15, 3, 1),
       (39458, 237, '89', 3, 220000000, 1950, 15, 3, 1),
       (39459, 237, '90', 2, 164000000, 1750, 15, 3, 1),
       (39460, 237, '91', 3, 158000000, 960, 16, 3, 1),
       (39461, 237, '92', 1, 140000000, 1310, 16, 3, 1),
       (39462, 237, '93', 2, 236000000, 1590, 16, 3, 1),
       (39463, 237, '94', 2, 245000000, 2050, 16, 3, 1),
       (39464, 237, '95', 3, 177000000, 1340, 16, 3, 1),
       (39465, 237, '96', 1, 157000000, 2160, 16, 3, 1),
       (39466, 237, '97', 3, 89000000, 1580, 17, 3, 1),
       (39467, 237, '98', 3, 225000000, 2490, 17, 3, 1),
       (39468, 237, '99', 3, 110000000, 2250, 17, 3, 1),
       (39469, 237, '100', 2, 202000000, 910, 17, 3, 1),
       (39470, 237, '101', 3, 170000000, 1120, 17, 3, 1),
       (39471, 237, '102', 1, 162000000, 2300, 17, 3, 1),
       (39472, 237, '103', 3, 112000000, 1900, 18, 3, 1),
       (39473, 237, '104', 1, 153000000, 2250, 18, 3, 1),
       (39474, 237, '105', 1, 104000000, 2270, 18, 3, 1),
       (39475, 237, '106', 3, 177000000, 1970, 18, 3, 1),
       (39476, 237, '107', 3, 138000000, 2740, 18, 3, 1),
       (39477, 237, '108', 2, 234000000, 1550, 18, 3, 1),
       (39478, 237, '109', 1, 206000000, 1940, 19, 3, 1),
       (39479, 237, '110', 1, 178000000, 2130, 19, 3, 1),
       (39480, 237, '111', 1, 194000000, 1060, 19, 3, 1),
       (39481, 237, '112', 3, 134000000, 2290, 19, 3, 1),
       (39482, 237, '113', 1, 244000000, 1680, 19, 3, 1),
       (39483, 237, '114', 1, 86000000, 1130, 19, 3, 1),
       (39484, 237, '115', 3, 164000000, 3000, 20, 3, 1),
       (39485, 237, '116', 3, 204000000, 2630, 20, 3, 1),
       (39486, 237, '117', 1, 174000000, 1570, 20, 3, 1),
       (39487, 237, '118', 3, 114000000, 1960, 20, 3, 1),
       (39488, 237, '119', 2, 204000000, 2560, 20, 3, 1),
       (39489, 237, '120', 3, 177000000, 1210, 20, 3, 1),
       (39490, 237, '121', 3, 151000000, 2490, 21, 3, 1),
       (39491, 237, '122', 2, 95000000, 920, 21, 3, 1),
       (39492, 237, '123', 3, 166000000, 2780, 21, 3, 1),
       (39493, 237, '124', 3, 108000000, 2890, 21, 3, 1),
       (39494, 237, '125', 3, 87000000, 2150, 21, 3, 1),
       (39495, 237, '126', 3, 131000000, 1050, 21, 3, 1),
       (39496, 237, '127', 3, 177000000, 1720, 22, 3, 1),
       (39497, 237, '128', 3, 230000000, 2610, 22, 3, 1),
       (39498, 237, '129', 2, 94000000, 1720, 22, 3, 1),
       (39499, 237, '130', 2, 240000000, 1100, 22, 3, 1),
       (39500, 237, '131', 2, 117000000, 2480, 22, 3, 1),
       (39501, 237, '132', 1, 237000000, 2580, 22, 3, 1),
       (39502, 237, '133', 3, 219000000, 1900, 23, 3, 1),
       (39503, 237, '134', 3, 146000000, 2840, 23, 3, 1),
       (39504, 237, '135', 3, 159000000, 1530, 23, 3, 1),
       (39505, 237, '136', 2, 126000000, 1710, 23, 3, 1),
       (39506, 237, '137', 2, 125000000, 2750, 23, 3, 1),
       (39507, 237, '138', 1, 150000000, 3000, 23, 3, 1),
       (39508, 237, '139', 3, 112000000, 2190, 24, 3, 1),
       (39509, 237, '140', 3, 177000000, 2700, 24, 3, 1),
       (39510, 237, '141', 1, 158000000, 2600, 24, 3, 1),
       (39511, 237, '142', 2, 234000000, 2470, 24, 3, 1),
       (39512, 237, '143', 2, 212000000, 2040, 24, 3, 1),
       (39513, 237, '144', 2, 137000000, 1640, 24, 3, 1),
       (39514, 237, '145', 2, 195000000, 950, 25, 3, 1),
       (39515, 237, '146', 2, 217000000, 1400, 25, 3, 1),
       (39516, 237, '147', 3, 178000000, 2120, 25, 3, 1),
       (39517, 237, '148', 1, 194000000, 2420, 25, 3, 1),
       (39518, 237, '149', 1, 80000000, 1180, 25, 3, 1),
       (39519, 237, '150', 3, 222000000, 2320, 25, 3, 1),
       (39520, 237, '151', 3, 106000000, 2510, 26, 3, 1),
       (39521, 237, '152', 3, 144000000, 1770, 26, 3, 1),
       (39522, 237, '153', 3, 180000000, 2830, 26, 3, 1),
       (39523, 237, '154', 1, 211000000, 2890, 26, 3, 1),
       (39524, 237, '155', 1, 157000000, 1970, 26, 3, 1),
       (39525, 237, '156', 3, 161000000, 1860, 26, 3, 1),
       (39526, 237, '157', 1, 214000000, 2950, 27, 3, 1),
       (39527, 237, '158', 3, 138000000, 1500, 27, 3, 1),
       (39528, 237, '159', 1, 234000000, 2490, 27, 3, 1),
       (39529, 237, '160', 3, 175000000, 950, 27, 3, 1),
       (39530, 237, '161', 1, 173000000, 2660, 27, 3, 1),
       (39531, 237, '162', 3, 93000000, 1580, 27, 3, 1),
       (39532, 237, '163', 1, 239000000, 2800, 28, 3, 1),
       (39533, 237, '164', 1, 249000000, 1100, 28, 3, 1),
       (39534, 237, '165', 2, 178000000, 2500, 28, 3, 1),
       (39535, 237, '166', 2, 230000000, 1560, 28, 3, 1),
       (39536, 237, '167', 1, 216000000, 2090, 28, 3, 1),
       (39537, 237, '168', 1, 140000000, 1590, 28, 3, 1);
insert into real_estate_building (id, address, complex_id, floor_count, dev_id)
values (238, 'г. Москва, ул. Васильевская, д. 15', 11, 26, 11);
insert into real_estate_object (id, building_id ,local_address, places, price, area, floor, type, estate_type)
values (39538, 238, '1', 3, 171000000, 2690, 1, 3, 1),
       (39539, 238, '2', 1, 223000000, 2140, 1, 3, 1),
       (39540, 238, '3', 1, 99000000, 950, 1, 3, 1),
       (39541, 238, '4', 1, 175000000, 1920, 1, 3, 1),
       (39542, 238, '5', 2, 222000000, 1430, 1, 3, 1),
       (39543, 238, '6', 2, 199000000, 2910, 1, 3, 1),
       (39544, 238, '7', 2, 86000000, 1860, 2, 3, 1),
       (39545, 238, '8', 3, 211000000, 1320, 2, 3, 1),
       (39546, 238, '9', 2, 105000000, 2140, 2, 3, 1),
       (39547, 238, '10', 3, 147000000, 980, 2, 3, 1),
       (39548, 238, '11', 1, 220000000, 1030, 2, 3, 1),
       (39549, 238, '12', 3, 175000000, 2600, 2, 3, 1),
       (39550, 238, '13', 2, 138000000, 2350, 3, 3, 1),
       (39551, 238, '14', 2, 126000000, 2480, 3, 3, 1),
       (39552, 238, '15', 3, 139000000, 2330, 3, 3, 1),
       (39553, 238, '16', 1, 130000000, 1800, 3, 3, 1),
       (39554, 238, '17', 3, 205000000, 1130, 3, 3, 1),
       (39555, 238, '18', 3, 124000000, 1020, 3, 3, 1),
       (39556, 238, '19', 1, 246000000, 1460, 4, 3, 1),
       (39557, 238, '20', 3, 136000000, 1910, 4, 3, 1),
       (39558, 238, '21', 2, 177000000, 2110, 4, 3, 1),
       (39559, 238, '22', 1, 103000000, 2980, 4, 3, 1),
       (39560, 238, '23', 3, 249000000, 1040, 4, 3, 1),
       (39561, 238, '24', 3, 237000000, 1580, 4, 3, 1),
       (39562, 238, '25', 1, 163000000, 1640, 5, 3, 1),
       (39563, 238, '26', 3, 206000000, 1710, 5, 3, 1),
       (39564, 238, '27', 2, 221000000, 1700, 5, 3, 1),
       (39565, 238, '28', 3, 193000000, 1540, 5, 3, 1),
       (39566, 238, '29', 2, 168000000, 2530, 5, 3, 1),
       (39567, 238, '30', 2, 211000000, 1380, 5, 3, 1),
       (39568, 238, '31', 2, 241000000, 1190, 6, 3, 1),
       (39569, 238, '32', 3, 111000000, 2660, 6, 3, 1),
       (39570, 238, '33', 1, 224000000, 1080, 6, 3, 1),
       (39571, 238, '34', 1, 135000000, 2480, 6, 3, 1),
       (39572, 238, '35', 2, 198000000, 1360, 6, 3, 1),
       (39573, 238, '36', 1, 94000000, 2520, 6, 3, 1),
       (39574, 238, '37', 2, 176000000, 1430, 7, 3, 1),
       (39575, 238, '38', 3, 176000000, 2910, 7, 3, 1),
       (39576, 238, '39', 3, 80000000, 2690, 7, 3, 1),
       (39577, 238, '40', 2, 136000000, 2710, 7, 3, 1),
       (39578, 238, '41', 2, 96000000, 2790, 7, 3, 1),
       (39579, 238, '42', 2, 88000000, 930, 7, 3, 1),
       (39580, 238, '43', 2, 227000000, 1890, 8, 3, 1),
       (39581, 238, '44', 2, 184000000, 940, 8, 3, 1),
       (39582, 238, '45', 2, 148000000, 1570, 8, 3, 1),
       (39583, 238, '46', 1, 101000000, 2210, 8, 3, 1),
       (39584, 238, '47', 3, 109000000, 1650, 8, 3, 1),
       (39585, 238, '48', 3, 137000000, 1700, 8, 3, 1),
       (39586, 238, '49', 3, 150000000, 2460, 9, 3, 1),
       (39587, 238, '50', 2, 182000000, 2040, 9, 3, 1),
       (39588, 238, '51', 2, 91000000, 2470, 9, 3, 1),
       (39589, 238, '52', 3, 205000000, 1560, 9, 3, 1),
       (39590, 238, '53', 2, 240000000, 1150, 9, 3, 1),
       (39591, 238, '54', 1, 81000000, 1010, 9, 3, 1),
       (39592, 238, '55', 1, 202000000, 1610, 10, 3, 1),
       (39593, 238, '56', 2, 117000000, 2150, 10, 3, 1),
       (39594, 238, '57', 2, 167000000, 1040, 10, 3, 1),
       (39595, 238, '58', 3, 156000000, 1960, 10, 3, 1),
       (39596, 238, '59', 2, 198000000, 1220, 10, 3, 1),
       (39597, 238, '60', 2, 161000000, 1020, 10, 3, 1),
       (39598, 238, '61', 3, 141000000, 2460, 11, 3, 1),
       (39599, 238, '62', 1, 151000000, 1380, 11, 3, 1),
       (39600, 238, '63', 2, 87000000, 1370, 11, 3, 1),
       (39601, 238, '64', 3, 98000000, 2530, 11, 3, 1),
       (39602, 238, '65', 1, 217000000, 1140, 11, 3, 1),
       (39603, 238, '66', 3, 145000000, 1590, 11, 3, 1),
       (39604, 238, '67', 1, 141000000, 2020, 12, 3, 1),
       (39605, 238, '68', 3, 164000000, 2570, 12, 3, 1),
       (39606, 238, '69', 1, 207000000, 1440, 12, 3, 1),
       (39607, 238, '70', 1, 235000000, 2880, 12, 3, 1),
       (39608, 238, '71', 3, 203000000, 1180, 12, 3, 1),
       (39609, 238, '72', 3, 112000000, 2230, 12, 3, 1),
       (39610, 238, '73', 2, 208000000, 2590, 13, 3, 1),
       (39611, 238, '74', 2, 158000000, 1330, 13, 3, 1),
       (39612, 238, '75', 2, 233000000, 2650, 13, 3, 1),
       (39613, 238, '76', 3, 81000000, 2230, 13, 3, 1),
       (39614, 238, '77', 1, 130000000, 1750, 13, 3, 1),
       (39615, 238, '78', 2, 227000000, 1370, 13, 3, 1),
       (39616, 238, '79', 3, 149000000, 2660, 14, 3, 1),
       (39617, 238, '80', 1, 234000000, 2540, 14, 3, 1),
       (39618, 238, '81', 1, 213000000, 1770, 14, 3, 1),
       (39619, 238, '82', 3, 145000000, 1750, 14, 3, 1),
       (39620, 238, '83', 2, 234000000, 1710, 14, 3, 1),
       (39621, 238, '84', 1, 244000000, 1560, 14, 3, 1),
       (39622, 238, '85', 2, 110000000, 2260, 15, 3, 1),
       (39623, 238, '86', 1, 114000000, 2200, 15, 3, 1),
       (39624, 238, '87', 2, 218000000, 1540, 15, 3, 1),
       (39625, 238, '88', 1, 231000000, 2410, 15, 3, 1),
       (39626, 238, '89', 1, 184000000, 1220, 15, 3, 1),
       (39627, 238, '90', 2, 136000000, 1540, 15, 3, 1),
       (39628, 238, '91', 3, 138000000, 1330, 16, 3, 1),
       (39629, 238, '92', 1, 129000000, 2260, 16, 3, 1),
       (39630, 238, '93', 1, 222000000, 2270, 16, 3, 1),
       (39631, 238, '94', 2, 172000000, 1180, 16, 3, 1),
       (39632, 238, '95', 2, 130000000, 2480, 16, 3, 1),
       (39633, 238, '96', 2, 236000000, 2040, 16, 3, 1),
       (39634, 238, '97', 1, 169000000, 1050, 17, 3, 1),
       (39635, 238, '98', 1, 111000000, 1030, 17, 3, 1),
       (39636, 238, '99', 3, 111000000, 2870, 17, 3, 1),
       (39637, 238, '100', 3, 132000000, 1580, 17, 3, 1),
       (39638, 238, '101', 3, 240000000, 2580, 17, 3, 1),
       (39639, 238, '102', 3, 88000000, 2250, 17, 3, 1),
       (39640, 238, '103', 2, 90000000, 1830, 18, 3, 1),
       (39641, 238, '104', 1, 164000000, 2000, 18, 3, 1),
       (39642, 238, '105', 3, 226000000, 2500, 18, 3, 1),
       (39643, 238, '106', 2, 134000000, 1540, 18, 3, 1),
       (39644, 238, '107', 1, 216000000, 2570, 18, 3, 1),
       (39645, 238, '108', 1, 87000000, 1940, 18, 3, 1),
       (39646, 238, '109', 1, 111000000, 2640, 19, 3, 1),
       (39647, 238, '110', 2, 119000000, 2910, 19, 3, 1),
       (39648, 238, '111', 2, 227000000, 1680, 19, 3, 1),
       (39649, 238, '112', 2, 94000000, 1870, 19, 3, 1),
       (39650, 238, '113', 2, 102000000, 1440, 19, 3, 1),
       (39651, 238, '114', 2, 126000000, 2560, 19, 3, 1),
       (39652, 238, '115', 2, 111000000, 2580, 20, 3, 1),
       (39653, 238, '116', 3, 123000000, 2300, 20, 3, 1),
       (39654, 238, '117', 2, 198000000, 1960, 20, 3, 1),
       (39655, 238, '118', 2, 230000000, 1270, 20, 3, 1),
       (39656, 238, '119', 3, 130000000, 1160, 20, 3, 1),
       (39657, 238, '120', 3, 220000000, 1620, 20, 3, 1),
       (39658, 238, '121', 2, 210000000, 2400, 21, 3, 1),
       (39659, 238, '122', 3, 163000000, 2840, 21, 3, 1),
       (39660, 238, '123', 1, 118000000, 1980, 21, 3, 1),
       (39661, 238, '124', 1, 211000000, 1500, 21, 3, 1),
       (39662, 238, '125', 3, 164000000, 2100, 21, 3, 1),
       (39663, 238, '126', 3, 197000000, 2540, 21, 3, 1),
       (39664, 238, '127', 1, 136000000, 1130, 22, 3, 1),
       (39665, 238, '128', 2, 137000000, 1990, 22, 3, 1),
       (39666, 238, '129', 2, 233000000, 1630, 22, 3, 1),
       (39667, 238, '130', 1, 215000000, 1820, 22, 3, 1),
       (39668, 238, '131', 1, 115000000, 1950, 22, 3, 1),
       (39669, 238, '132', 1, 210000000, 1870, 22, 3, 1),
       (39670, 238, '133', 1, 248000000, 2700, 23, 3, 1),
       (39671, 238, '134', 3, 248000000, 2470, 23, 3, 1),
       (39672, 238, '135', 2, 148000000, 1240, 23, 3, 1),
       (39673, 238, '136', 3, 247000000, 1180, 23, 3, 1),
       (39674, 238, '137', 3, 163000000, 1370, 23, 3, 1),
       (39675, 238, '138', 1, 132000000, 1230, 23, 3, 1),
       (39676, 238, '139', 3, 131000000, 1300, 24, 3, 1),
       (39677, 238, '140', 3, 137000000, 2220, 24, 3, 1),
       (39678, 238, '141', 1, 99000000, 2330, 24, 3, 1),
       (39679, 238, '142', 3, 203000000, 1380, 24, 3, 1),
       (39680, 238, '143', 1, 124000000, 2340, 24, 3, 1),
       (39681, 238, '144', 1, 174000000, 1220, 24, 3, 1),
       (39682, 238, '145', 3, 126000000, 1210, 25, 3, 1),
       (39683, 238, '146', 2, 200000000, 1730, 25, 3, 1),
       (39684, 238, '147', 2, 162000000, 2670, 25, 3, 1),
       (39685, 238, '148', 3, 176000000, 1750, 25, 3, 1),
       (39686, 238, '149', 2, 88000000, 2060, 25, 3, 1),
       (39687, 238, '150', 3, 107000000, 2060, 25, 3, 1),
       (39688, 238, '151', 2, 82000000, 1740, 26, 3, 1),
       (39689, 238, '152', 3, 186000000, 1470, 26, 3, 1),
       (39690, 238, '153', 3, 240000000, 1350, 26, 3, 1),
       (39691, 238, '154', 2, 239000000, 1750, 26, 3, 1),
       (39692, 238, '155', 3, 191000000, 2360, 26, 3, 1),
       (39693, 238, '156', 2, 144000000, 1200, 26, 3, 1);
insert into real_estate_building (id, address, complex_id, floor_count, dev_id)
values (239, 'г. Москва, ул. Васильевская, д. 16', 11, 20, 11);
insert into real_estate_object (id, building_id ,local_address, places, price, area, floor, type, estate_type)
values (39694, 239, '1', 1, 195000000, 2660, 1, 3, 1),
       (39695, 239, '2', 3, 156000000, 2280, 1, 3, 1),
       (39696, 239, '3', 1, 241000000, 2730, 1, 3, 1),
       (39697, 239, '4', 2, 197000000, 2090, 1, 3, 1),
       (39698, 239, '5', 1, 161000000, 1300, 1, 3, 1),
       (39699, 239, '6', 2, 235000000, 2860, 1, 3, 1),
       (39700, 239, '7', 1, 159000000, 1890, 2, 3, 1),
       (39701, 239, '8', 2, 225000000, 1140, 2, 3, 1),
       (39702, 239, '9', 1, 129000000, 1680, 2, 3, 1),
       (39703, 239, '10', 1, 131000000, 2650, 2, 3, 1),
       (39704, 239, '11', 1, 212000000, 1460, 2, 3, 1),
       (39705, 239, '12', 1, 88000000, 2170, 2, 3, 1),
       (39706, 239, '13', 3, 137000000, 2770, 3, 3, 1),
       (39707, 239, '14', 2, 197000000, 2990, 3, 3, 1),
       (39708, 239, '15', 1, 228000000, 1960, 3, 3, 1),
       (39709, 239, '16', 2, 128000000, 1580, 3, 3, 1),
       (39710, 239, '17', 2, 218000000, 2010, 3, 3, 1),
       (39711, 239, '18', 2, 242000000, 1760, 3, 3, 1),
       (39712, 239, '19', 2, 159000000, 1040, 4, 3, 1),
       (39713, 239, '20', 3, 211000000, 2800, 4, 3, 1),
       (39714, 239, '21', 3, 205000000, 1840, 4, 3, 1),
       (39715, 239, '22', 2, 175000000, 1770, 4, 3, 1),
       (39716, 239, '23', 3, 207000000, 1050, 4, 3, 1),
       (39717, 239, '24', 3, 124000000, 1300, 4, 3, 1),
       (39718, 239, '25', 1, 208000000, 940, 5, 3, 1),
       (39719, 239, '26', 3, 198000000, 1730, 5, 3, 1),
       (39720, 239, '27', 1, 171000000, 1740, 5, 3, 1),
       (39721, 239, '28', 2, 89000000, 1340, 5, 3, 1),
       (39722, 239, '29', 2, 154000000, 1870, 5, 3, 1),
       (39723, 239, '30', 2, 162000000, 1440, 5, 3, 1),
       (39724, 239, '31', 2, 244000000, 930, 6, 3, 1),
       (39725, 239, '32', 3, 132000000, 3000, 6, 3, 1),
       (39726, 239, '33', 1, 118000000, 2200, 6, 3, 1),
       (39727, 239, '34', 2, 244000000, 2760, 6, 3, 1),
       (39728, 239, '35', 2, 179000000, 2890, 6, 3, 1),
       (39729, 239, '36', 3, 107000000, 2280, 6, 3, 1),
       (39730, 239, '37', 1, 174000000, 3000, 7, 3, 1),
       (39731, 239, '38', 3, 83000000, 2480, 7, 3, 1),
       (39732, 239, '39', 1, 206000000, 2710, 7, 3, 1),
       (39733, 239, '40', 3, 165000000, 1580, 7, 3, 1),
       (39734, 239, '41', 3, 135000000, 910, 7, 3, 1),
       (39735, 239, '42', 3, 177000000, 2330, 7, 3, 1),
       (39736, 239, '43', 3, 218000000, 1900, 8, 3, 1),
       (39737, 239, '44', 1, 86000000, 2080, 8, 3, 1),
       (39738, 239, '45', 1, 246000000, 2260, 8, 3, 1),
       (39739, 239, '46', 2, 120000000, 1420, 8, 3, 1),
       (39740, 239, '47', 1, 161000000, 2420, 8, 3, 1),
       (39741, 239, '48', 3, 228000000, 2410, 8, 3, 1),
       (39742, 239, '49', 3, 129000000, 2410, 9, 3, 1),
       (39743, 239, '50', 3, 190000000, 2530, 9, 3, 1),
       (39744, 239, '51', 2, 170000000, 1520, 9, 3, 1),
       (39745, 239, '52', 3, 230000000, 2540, 9, 3, 1),
       (39746, 239, '53', 3, 206000000, 1360, 9, 3, 1),
       (39747, 239, '54', 1, 163000000, 2490, 9, 3, 1),
       (39748, 239, '55', 2, 193000000, 1850, 10, 3, 1),
       (39749, 239, '56', 3, 148000000, 1750, 10, 3, 1),
       (39750, 239, '57', 1, 117000000, 2350, 10, 3, 1),
       (39751, 239, '58', 1, 135000000, 2370, 10, 3, 1),
       (39752, 239, '59', 3, 245000000, 1240, 10, 3, 1),
       (39753, 239, '60', 2, 237000000, 2880, 10, 3, 1),
       (39754, 239, '61', 2, 98000000, 2790, 11, 3, 1),
       (39755, 239, '62', 3, 230000000, 2430, 11, 3, 1),
       (39756, 239, '63', 1, 211000000, 2140, 11, 3, 1),
       (39757, 239, '64', 2, 160000000, 1350, 11, 3, 1),
       (39758, 239, '65', 3, 81000000, 2180, 11, 3, 1),
       (39759, 239, '66', 3, 209000000, 1700, 11, 3, 1),
       (39760, 239, '67', 2, 200000000, 1530, 12, 3, 1),
       (39761, 239, '68', 2, 250000000, 1380, 12, 3, 1),
       (39762, 239, '69', 3, 175000000, 1980, 12, 3, 1),
       (39763, 239, '70', 3, 90000000, 1360, 12, 3, 1),
       (39764, 239, '71', 1, 218000000, 1870, 12, 3, 1),
       (39765, 239, '72', 2, 120000000, 1960, 12, 3, 1),
       (39766, 239, '73', 3, 116000000, 2060, 13, 3, 1),
       (39767, 239, '74', 2, 173000000, 2040, 13, 3, 1),
       (39768, 239, '75', 1, 231000000, 1730, 13, 3, 1),
       (39769, 239, '76', 2, 208000000, 2040, 13, 3, 1),
       (39770, 239, '77', 2, 155000000, 2830, 13, 3, 1),
       (39771, 239, '78', 2, 141000000, 2600, 13, 3, 1),
       (39772, 239, '79', 1, 123000000, 1240, 14, 3, 1),
       (39773, 239, '80', 3, 224000000, 2340, 14, 3, 1),
       (39774, 239, '81', 3, 153000000, 2900, 14, 3, 1),
       (39775, 239, '82', 2, 203000000, 1180, 14, 3, 1),
       (39776, 239, '83', 1, 130000000, 1970, 14, 3, 1),
       (39777, 239, '84', 2, 113000000, 1640, 14, 3, 1),
       (39778, 239, '85', 2, 228000000, 1100, 15, 3, 1),
       (39779, 239, '86', 3, 106000000, 1050, 15, 3, 1),
       (39780, 239, '87', 3, 189000000, 1460, 15, 3, 1),
       (39781, 239, '88', 1, 191000000, 2470, 15, 3, 1),
       (39782, 239, '89', 3, 221000000, 2430, 15, 3, 1),
       (39783, 239, '90', 1, 139000000, 2450, 15, 3, 1),
       (39784, 239, '91', 1, 96000000, 2820, 16, 3, 1),
       (39785, 239, '92', 1, 117000000, 2800, 16, 3, 1),
       (39786, 239, '93', 1, 109000000, 2760, 16, 3, 1),
       (39787, 239, '94', 3, 196000000, 1570, 16, 3, 1),
       (39788, 239, '95', 2, 99000000, 1660, 16, 3, 1),
       (39789, 239, '96', 1, 207000000, 1550, 16, 3, 1),
       (39790, 239, '97', 2, 102000000, 1440, 17, 3, 1),
       (39791, 239, '98', 1, 94000000, 2260, 17, 3, 1),
       (39792, 239, '99', 2, 184000000, 1080, 17, 3, 1),
       (39793, 239, '100', 2, 128000000, 1080, 17, 3, 1),
       (39794, 239, '101', 3, 122000000, 2060, 17, 3, 1),
       (39795, 239, '102', 3, 212000000, 2380, 17, 3, 1),
       (39796, 239, '103', 1, 102000000, 2260, 18, 3, 1),
       (39797, 239, '104', 2, 181000000, 920, 18, 3, 1),
       (39798, 239, '105', 2, 158000000, 1170, 18, 3, 1),
       (39799, 239, '106', 1, 106000000, 1670, 18, 3, 1),
       (39800, 239, '107', 3, 131000000, 1850, 18, 3, 1),
       (39801, 239, '108', 1, 244000000, 1360, 18, 3, 1),
       (39802, 239, '109', 1, 130000000, 1540, 19, 3, 1),
       (39803, 239, '110', 2, 159000000, 2570, 19, 3, 1),
       (39804, 239, '111', 2, 246000000, 2740, 19, 3, 1),
       (39805, 239, '112', 2, 154000000, 1830, 19, 3, 1),
       (39806, 239, '113', 3, 137000000, 1890, 19, 3, 1),
       (39807, 239, '114', 2, 139000000, 1720, 19, 3, 1),
       (39808, 239, '115', 1, 203000000, 1790, 20, 3, 1),
       (39809, 239, '116', 3, 199000000, 1810, 20, 3, 1),
       (39810, 239, '117', 3, 100000000, 1080, 20, 3, 1),
       (39811, 239, '118', 3, 108000000, 1080, 20, 3, 1),
       (39812, 239, '119', 2, 183000000, 2170, 20, 3, 1),
       (39813, 239, '120', 3, 177000000, 2970, 20, 3, 1);
insert into real_estate_building (id, address, complex_id, floor_count, dev_id)
values (240, 'г. Москва, ул. Васильевская, д. 17', 11, 24, 11);
insert into real_estate_object (id, building_id ,local_address, places, price, area, floor, type, estate_type)
values (39814, 240, '1', 3, 173000000, 2940, 1, 3, 1),
       (39815, 240, '2', 1, 152000000, 2440, 1, 3, 1),
       (39816, 240, '3', 1, 177000000, 2980, 1, 3, 1),
       (39817, 240, '4', 2, 120000000, 1950, 1, 3, 1),
       (39818, 240, '5', 3, 193000000, 940, 1, 3, 1),
       (39819, 240, '6', 3, 214000000, 1200, 1, 3, 1),
       (39820, 240, '7', 2, 116000000, 1960, 2, 3, 1),
       (39821, 240, '8', 2, 233000000, 1720, 2, 3, 1),
       (39822, 240, '9', 2, 214000000, 920, 2, 3, 1),
       (39823, 240, '10', 2, 80000000, 1060, 2, 3, 1),
       (39824, 240, '11', 2, 194000000, 970, 2, 3, 1),
       (39825, 240, '12', 2, 208000000, 2040, 2, 3, 1),
       (39826, 240, '13', 2, 184000000, 1570, 3, 3, 1),
       (39827, 240, '14', 2, 164000000, 1540, 3, 3, 1),
       (39828, 240, '15', 2, 217000000, 2250, 3, 3, 1),
       (39829, 240, '16', 2, 134000000, 2200, 3, 3, 1),
       (39830, 240, '17', 2, 250000000, 2600, 3, 3, 1),
       (39831, 240, '18', 1, 204000000, 1590, 3, 3, 1),
       (39832, 240, '19', 2, 129000000, 1900, 4, 3, 1),
       (39833, 240, '20', 1, 107000000, 1000, 4, 3, 1),
       (39834, 240, '21', 2, 186000000, 2100, 4, 3, 1),
       (39835, 240, '22', 1, 215000000, 2180, 4, 3, 1),
       (39836, 240, '23', 1, 230000000, 1350, 4, 3, 1),
       (39837, 240, '24', 3, 173000000, 2200, 4, 3, 1),
       (39838, 240, '25', 2, 93000000, 950, 5, 3, 1),
       (39839, 240, '26', 1, 134000000, 1060, 5, 3, 1),
       (39840, 240, '27', 2, 107000000, 1370, 5, 3, 1),
       (39841, 240, '28', 1, 186000000, 1710, 5, 3, 1),
       (39842, 240, '29', 2, 215000000, 1790, 5, 3, 1),
       (39843, 240, '30', 3, 183000000, 2790, 5, 3, 1),
       (39844, 240, '31', 1, 222000000, 1560, 6, 3, 1),
       (39845, 240, '32', 3, 214000000, 1530, 6, 3, 1),
       (39846, 240, '33', 2, 130000000, 1380, 6, 3, 1),
       (39847, 240, '34', 3, 96000000, 1650, 6, 3, 1),
       (39848, 240, '35', 1, 199000000, 1960, 6, 3, 1),
       (39849, 240, '36', 2, 228000000, 2890, 6, 3, 1),
       (39850, 240, '37', 1, 189000000, 1210, 7, 3, 1),
       (39851, 240, '38', 1, 241000000, 1010, 7, 3, 1),
       (39852, 240, '39', 1, 207000000, 1350, 7, 3, 1),
       (39853, 240, '40', 1, 220000000, 1470, 7, 3, 1),
       (39854, 240, '41', 1, 209000000, 940, 7, 3, 1),
       (39855, 240, '42', 3, 175000000, 2320, 7, 3, 1),
       (39856, 240, '43', 1, 111000000, 1090, 8, 3, 1),
       (39857, 240, '44', 1, 249000000, 2370, 8, 3, 1),
       (39858, 240, '45', 2, 108000000, 2550, 8, 3, 1),
       (39859, 240, '46', 1, 177000000, 1680, 8, 3, 1),
       (39860, 240, '47', 1, 198000000, 1410, 8, 3, 1),
       (39861, 240, '48', 1, 123000000, 2420, 8, 3, 1),
       (39862, 240, '49', 3, 231000000, 960, 9, 3, 1),
       (39863, 240, '50', 3, 103000000, 1370, 9, 3, 1),
       (39864, 240, '51', 2, 231000000, 2740, 9, 3, 1),
       (39865, 240, '52', 2, 141000000, 1230, 9, 3, 1),
       (39866, 240, '53', 2, 210000000, 2840, 9, 3, 1),
       (39867, 240, '54', 1, 213000000, 1460, 9, 3, 1),
       (39868, 240, '55', 2, 138000000, 2410, 10, 3, 1),
       (39869, 240, '56', 2, 155000000, 1680, 10, 3, 1),
       (39870, 240, '57', 3, 177000000, 1710, 10, 3, 1),
       (39871, 240, '58', 1, 209000000, 1310, 10, 3, 1),
       (39872, 240, '59', 1, 141000000, 940, 10, 3, 1),
       (39873, 240, '60', 2, 181000000, 1890, 10, 3, 1),
       (39874, 240, '61', 3, 123000000, 2080, 11, 3, 1),
       (39875, 240, '62', 2, 93000000, 1470, 11, 3, 1),
       (39876, 240, '63', 3, 135000000, 1600, 11, 3, 1),
       (39877, 240, '64', 1, 212000000, 2820, 11, 3, 1),
       (39878, 240, '65', 1, 168000000, 2230, 11, 3, 1),
       (39879, 240, '66', 1, 168000000, 1740, 11, 3, 1),
       (39880, 240, '67', 1, 174000000, 1020, 12, 3, 1),
       (39881, 240, '68', 1, 238000000, 1250, 12, 3, 1),
       (39882, 240, '69', 1, 130000000, 1820, 12, 3, 1),
       (39883, 240, '70', 2, 236000000, 1520, 12, 3, 1),
       (39884, 240, '71', 2, 236000000, 2860, 12, 3, 1),
       (39885, 240, '72', 1, 177000000, 1290, 12, 3, 1),
       (39886, 240, '73', 2, 103000000, 1580, 13, 3, 1),
       (39887, 240, '74', 3, 250000000, 2690, 13, 3, 1),
       (39888, 240, '75', 3, 221000000, 2280, 13, 3, 1),
       (39889, 240, '76', 3, 87000000, 2610, 13, 3, 1),
       (39890, 240, '77', 2, 242000000, 1730, 13, 3, 1),
       (39891, 240, '78', 1, 108000000, 2250, 13, 3, 1),
       (39892, 240, '79', 3, 134000000, 2680, 14, 3, 1),
       (39893, 240, '80', 2, 122000000, 2100, 14, 3, 1),
       (39894, 240, '81', 1, 228000000, 2420, 14, 3, 1),
       (39895, 240, '82', 2, 181000000, 2470, 14, 3, 1),
       (39896, 240, '83', 3, 220000000, 2710, 14, 3, 1),
       (39897, 240, '84', 3, 189000000, 1250, 14, 3, 1),
       (39898, 240, '85', 1, 167000000, 2030, 15, 3, 1),
       (39899, 240, '86', 3, 176000000, 1360, 15, 3, 1),
       (39900, 240, '87', 1, 127000000, 2110, 15, 3, 1),
       (39901, 240, '88', 3, 87000000, 2870, 15, 3, 1),
       (39902, 240, '89', 1, 102000000, 2310, 15, 3, 1),
       (39903, 240, '90', 2, 137000000, 2670, 15, 3, 1),
       (39904, 240, '91', 3, 142000000, 1610, 16, 3, 1),
       (39905, 240, '92', 3, 170000000, 1140, 16, 3, 1),
       (39906, 240, '93', 1, 208000000, 1070, 16, 3, 1),
       (39907, 240, '94', 2, 189000000, 2820, 16, 3, 1),
       (39908, 240, '95', 3, 157000000, 1690, 16, 3, 1),
       (39909, 240, '96', 1, 129000000, 1620, 16, 3, 1),
       (39910, 240, '97', 2, 81000000, 1490, 17, 3, 1),
       (39911, 240, '98', 1, 248000000, 970, 17, 3, 1),
       (39912, 240, '99', 2, 94000000, 2880, 17, 3, 1),
       (39913, 240, '100', 2, 241000000, 2130, 17, 3, 1),
       (39914, 240, '101', 3, 89000000, 1130, 17, 3, 1),
       (39915, 240, '102', 2, 144000000, 1600, 17, 3, 1),
       (39916, 240, '103', 1, 84000000, 1400, 18, 3, 1),
       (39917, 240, '104', 1, 210000000, 2570, 18, 3, 1),
       (39918, 240, '105', 1, 223000000, 1310, 18, 3, 1),
       (39919, 240, '106', 3, 175000000, 1950, 18, 3, 1),
       (39920, 240, '107', 2, 142000000, 1290, 18, 3, 1),
       (39921, 240, '108', 2, 95000000, 2940, 18, 3, 1),
       (39922, 240, '109', 3, 139000000, 1340, 19, 3, 1),
       (39923, 240, '110', 2, 114000000, 1230, 19, 3, 1),
       (39924, 240, '111', 1, 193000000, 2000, 19, 3, 1),
       (39925, 240, '112', 2, 107000000, 1800, 19, 3, 1),
       (39926, 240, '113', 3, 248000000, 2340, 19, 3, 1),
       (39927, 240, '114', 3, 142000000, 1990, 19, 3, 1),
       (39928, 240, '115', 3, 88000000, 1100, 20, 3, 1),
       (39929, 240, '116', 2, 121000000, 1380, 20, 3, 1),
       (39930, 240, '117', 1, 195000000, 1090, 20, 3, 1),
       (39931, 240, '118', 1, 221000000, 1690, 20, 3, 1),
       (39932, 240, '119', 2, 91000000, 1510, 20, 3, 1),
       (39933, 240, '120', 3, 129000000, 2180, 20, 3, 1),
       (39934, 240, '121', 1, 151000000, 2190, 21, 3, 1),
       (39935, 240, '122', 1, 86000000, 980, 21, 3, 1),
       (39936, 240, '123', 2, 148000000, 2240, 21, 3, 1),
       (39937, 240, '124', 3, 148000000, 2890, 21, 3, 1),
       (39938, 240, '125', 3, 104000000, 2770, 21, 3, 1),
       (39939, 240, '126', 2, 247000000, 2580, 21, 3, 1),
       (39940, 240, '127', 2, 226000000, 1560, 22, 3, 1),
       (39941, 240, '128', 3, 180000000, 1660, 22, 3, 1),
       (39942, 240, '129', 2, 110000000, 2360, 22, 3, 1),
       (39943, 240, '130', 3, 117000000, 2960, 22, 3, 1),
       (39944, 240, '131', 2, 118000000, 2830, 22, 3, 1),
       (39945, 240, '132', 3, 190000000, 910, 22, 3, 1),
       (39946, 240, '133', 2, 245000000, 1670, 23, 3, 1),
       (39947, 240, '134', 2, 148000000, 1480, 23, 3, 1),
       (39948, 240, '135', 1, 202000000, 2080, 23, 3, 1),
       (39949, 240, '136', 3, 226000000, 2730, 23, 3, 1),
       (39950, 240, '137', 2, 89000000, 2460, 23, 3, 1),
       (39951, 240, '138', 2, 168000000, 2410, 23, 3, 1),
       (39952, 240, '139', 1, 246000000, 2580, 24, 3, 1),
       (39953, 240, '140', 1, 230000000, 2620, 24, 3, 1),
       (39954, 240, '141', 3, 180000000, 1500, 24, 3, 1),
       (39955, 240, '142', 2, 202000000, 1290, 24, 3, 1),
       (39956, 240, '143', 3, 151000000, 1510, 24, 3, 1),
       (39957, 240, '144', 1, 151000000, 2550, 24, 3, 1);
insert into real_estate_building (id, address, complex_id, floor_count, dev_id)
values (241, 'г. Москва, ул. Васильевская, д. 18', 11, 29, 11);
insert into real_estate_object (id, building_id ,local_address, places, price, area, floor, type, estate_type)
values (39958, 241, '1', 2, 209000000, 1980, 1, 3, 1),
       (39959, 241, '2', 3, 220000000, 2880, 1, 3, 1),
       (39960, 241, '3', 2, 205000000, 2050, 1, 3, 1),
       (39961, 241, '4', 3, 197000000, 2710, 1, 3, 1),
       (39962, 241, '5', 2, 209000000, 2480, 1, 3, 1),
       (39963, 241, '6', 2, 150000000, 2590, 1, 3, 1),
       (39964, 241, '7', 2, 189000000, 2740, 2, 3, 1),
       (39965, 241, '8', 1, 102000000, 1600, 2, 3, 1),
       (39966, 241, '9', 3, 246000000, 2140, 2, 3, 1),
       (39967, 241, '10', 3, 225000000, 1980, 2, 3, 1),
       (39968, 241, '11', 1, 242000000, 1800, 2, 3, 1),
       (39969, 241, '12', 2, 147000000, 1740, 2, 3, 1),
       (39970, 241, '13', 2, 187000000, 2050, 3, 3, 1),
       (39971, 241, '14', 1, 122000000, 2250, 3, 3, 1),
       (39972, 241, '15', 3, 227000000, 2230, 3, 3, 1),
       (39973, 241, '16', 1, 215000000, 1240, 3, 3, 1),
       (39974, 241, '17', 2, 116000000, 1120, 3, 3, 1),
       (39975, 241, '18', 2, 92000000, 2360, 3, 3, 1),
       (39976, 241, '19', 3, 209000000, 1650, 4, 3, 1),
       (39977, 241, '20', 2, 92000000, 1780, 4, 3, 1),
       (39978, 241, '21', 3, 236000000, 970, 4, 3, 1),
       (39979, 241, '22', 3, 123000000, 1470, 4, 3, 1),
       (39980, 241, '23', 3, 122000000, 2030, 4, 3, 1),
       (39981, 241, '24', 2, 197000000, 2260, 4, 3, 1),
       (39982, 241, '25', 3, 124000000, 1600, 5, 3, 1),
       (39983, 241, '26', 3, 83000000, 1160, 5, 3, 1),
       (39984, 241, '27', 3, 99000000, 2900, 5, 3, 1),
       (39985, 241, '28', 1, 183000000, 1940, 5, 3, 1),
       (39986, 241, '29', 2, 114000000, 1460, 5, 3, 1),
       (39987, 241, '30', 2, 203000000, 2370, 5, 3, 1),
       (39988, 241, '31', 3, 133000000, 2120, 6, 3, 1),
       (39989, 241, '32', 2, 148000000, 2560, 6, 3, 1),
       (39990, 241, '33', 1, 232000000, 1020, 6, 3, 1),
       (39991, 241, '34', 1, 234000000, 1360, 6, 3, 1),
       (39992, 241, '35', 3, 218000000, 1660, 6, 3, 1),
       (39993, 241, '36', 2, 126000000, 1620, 6, 3, 1),
       (39994, 241, '37', 3, 171000000, 1300, 7, 3, 1),
       (39995, 241, '38', 1, 213000000, 2110, 7, 3, 1),
       (39996, 241, '39', 1, 85000000, 2530, 7, 3, 1),
       (39997, 241, '40', 2, 199000000, 2070, 7, 3, 1),
       (39998, 241, '41', 1, 112000000, 2260, 7, 3, 1),
       (39999, 241, '42', 1, 213000000, 2150, 7, 3, 1),
       (40000, 241, '43', 1, 158000000, 1620, 8, 3, 1),
       (40001, 241, '44', 1, 176000000, 980, 8, 3, 1),
       (40002, 241, '45', 2, 228000000, 1710, 8, 3, 1),
       (40003, 241, '46', 1, 96000000, 1840, 8, 3, 1),
       (40004, 241, '47', 3, 173000000, 2970, 8, 3, 1),
       (40005, 241, '48', 1, 172000000, 1640, 8, 3, 1),
       (40006, 241, '49', 2, 197000000, 1770, 9, 3, 1),
       (40007, 241, '50', 1, 104000000, 2490, 9, 3, 1),
       (40008, 241, '51', 3, 140000000, 2840, 9, 3, 1),
       (40009, 241, '52', 1, 164000000, 2090, 9, 3, 1),
       (40010, 241, '53', 2, 87000000, 1120, 9, 3, 1),
       (40011, 241, '54', 2, 228000000, 1090, 9, 3, 1),
       (40012, 241, '55', 1, 205000000, 2900, 10, 3, 1),
       (40013, 241, '56', 1, 124000000, 2410, 10, 3, 1),
       (40014, 241, '57', 3, 84000000, 1020, 10, 3, 1),
       (40015, 241, '58', 3, 203000000, 1580, 10, 3, 1),
       (40016, 241, '59', 2, 139000000, 2550, 10, 3, 1),
       (40017, 241, '60', 3, 96000000, 2020, 10, 3, 1),
       (40018, 241, '61', 3, 122000000, 2020, 11, 3, 1),
       (40019, 241, '62', 1, 225000000, 2060, 11, 3, 1),
       (40020, 241, '63', 2, 229000000, 2000, 11, 3, 1),
       (40021, 241, '64', 3, 83000000, 2630, 11, 3, 1),
       (40022, 241, '65', 2, 97000000, 1620, 11, 3, 1),
       (40023, 241, '66', 1, 186000000, 2870, 11, 3, 1),
       (40024, 241, '67', 1, 221000000, 2410, 12, 3, 1),
       (40025, 241, '68', 3, 211000000, 1390, 12, 3, 1),
       (40026, 241, '69', 2, 111000000, 2580, 12, 3, 1),
       (40027, 241, '70', 1, 205000000, 2550, 12, 3, 1),
       (40028, 241, '71', 1, 124000000, 2260, 12, 3, 1),
       (40029, 241, '72', 1, 188000000, 1570, 12, 3, 1),
       (40030, 241, '73', 1, 121000000, 2320, 13, 3, 1),
       (40031, 241, '74', 2, 137000000, 1160, 13, 3, 1),
       (40032, 241, '75', 1, 244000000, 1400, 13, 3, 1),
       (40033, 241, '76', 2, 87000000, 2420, 13, 3, 1),
       (40034, 241, '77', 3, 116000000, 1240, 13, 3, 1),
       (40035, 241, '78', 1, 152000000, 2750, 13, 3, 1),
       (40036, 241, '79', 1, 203000000, 1580, 14, 3, 1),
       (40037, 241, '80', 2, 225000000, 2890, 14, 3, 1),
       (40038, 241, '81', 2, 90000000, 2210, 14, 3, 1),
       (40039, 241, '82', 2, 193000000, 1410, 14, 3, 1),
       (40040, 241, '83', 3, 147000000, 2240, 14, 3, 1),
       (40041, 241, '84', 1, 120000000, 920, 14, 3, 1),
       (40042, 241, '85', 1, 155000000, 1930, 15, 3, 1),
       (40043, 241, '86', 3, 183000000, 940, 15, 3, 1),
       (40044, 241, '87', 2, 227000000, 2060, 15, 3, 1),
       (40045, 241, '88', 1, 91000000, 1520, 15, 3, 1),
       (40046, 241, '89', 3, 188000000, 2620, 15, 3, 1),
       (40047, 241, '90', 1, 182000000, 2160, 15, 3, 1),
       (40048, 241, '91', 3, 151000000, 2680, 16, 3, 1),
       (40049, 241, '92', 2, 164000000, 2860, 16, 3, 1),
       (40050, 241, '93', 1, 105000000, 1520, 16, 3, 1),
       (40051, 241, '94', 2, 229000000, 970, 16, 3, 1),
       (40052, 241, '95', 2, 187000000, 2680, 16, 3, 1),
       (40053, 241, '96', 3, 227000000, 2820, 16, 3, 1),
       (40054, 241, '97', 2, 217000000, 1950, 17, 3, 1),
       (40055, 241, '98', 1, 99000000, 1470, 17, 3, 1),
       (40056, 241, '99', 1, 184000000, 2630, 17, 3, 1),
       (40057, 241, '100', 1, 181000000, 2330, 17, 3, 1),
       (40058, 241, '101', 1, 130000000, 2520, 17, 3, 1),
       (40059, 241, '102', 2, 232000000, 2120, 17, 3, 1),
       (40060, 241, '103', 3, 134000000, 2540, 18, 3, 1),
       (40061, 241, '104', 3, 210000000, 2280, 18, 3, 1),
       (40062, 241, '105', 1, 228000000, 2150, 18, 3, 1),
       (40063, 241, '106', 1, 121000000, 1800, 18, 3, 1),
       (40064, 241, '107', 3, 95000000, 2370, 18, 3, 1),
       (40065, 241, '108', 2, 138000000, 1470, 18, 3, 1),
       (40066, 241, '109', 2, 127000000, 2410, 19, 3, 1),
       (40067, 241, '110', 1, 100000000, 1040, 19, 3, 1),
       (40068, 241, '111', 2, 170000000, 1220, 19, 3, 1),
       (40069, 241, '112', 2, 98000000, 1160, 19, 3, 1),
       (40070, 241, '113', 3, 99000000, 2640, 19, 3, 1),
       (40071, 241, '114', 3, 132000000, 990, 19, 3, 1),
       (40072, 241, '115', 2, 82000000, 1900, 20, 3, 1),
       (40073, 241, '116', 2, 206000000, 1040, 20, 3, 1),
       (40074, 241, '117', 1, 91000000, 2010, 20, 3, 1),
       (40075, 241, '118', 3, 138000000, 2400, 20, 3, 1),
       (40076, 241, '119', 1, 241000000, 2140, 20, 3, 1),
       (40077, 241, '120', 3, 124000000, 2570, 20, 3, 1),
       (40078, 241, '121', 2, 140000000, 1200, 21, 3, 1),
       (40079, 241, '122', 2, 133000000, 1640, 21, 3, 1),
       (40080, 241, '123', 3, 250000000, 2600, 21, 3, 1),
       (40081, 241, '124', 1, 205000000, 2750, 21, 3, 1),
       (40082, 241, '125', 1, 203000000, 1810, 21, 3, 1),
       (40083, 241, '126', 2, 129000000, 2430, 21, 3, 1),
       (40084, 241, '127', 1, 238000000, 2460, 22, 3, 1),
       (40085, 241, '128', 3, 208000000, 1840, 22, 3, 1),
       (40086, 241, '129', 3, 158000000, 1130, 22, 3, 1),
       (40087, 241, '130', 3, 172000000, 1060, 22, 3, 1),
       (40088, 241, '131', 2, 201000000, 1150, 22, 3, 1),
       (40089, 241, '132', 2, 121000000, 2360, 22, 3, 1),
       (40090, 241, '133', 3, 175000000, 1720, 23, 3, 1),
       (40091, 241, '134', 3, 207000000, 1570, 23, 3, 1),
       (40092, 241, '135', 1, 152000000, 2050, 23, 3, 1),
       (40093, 241, '136', 1, 162000000, 2730, 23, 3, 1),
       (40094, 241, '137', 2, 239000000, 2090, 23, 3, 1),
       (40095, 241, '138', 3, 138000000, 2560, 23, 3, 1),
       (40096, 241, '139', 3, 202000000, 1140, 24, 3, 1),
       (40097, 241, '140', 1, 116000000, 1230, 24, 3, 1),
       (40098, 241, '141', 2, 244000000, 2670, 24, 3, 1),
       (40099, 241, '142', 2, 202000000, 2240, 24, 3, 1),
       (40100, 241, '143', 1, 145000000, 2090, 24, 3, 1),
       (40101, 241, '144', 2, 129000000, 2940, 24, 3, 1),
       (40102, 241, '145', 1, 125000000, 1960, 25, 3, 1),
       (40103, 241, '146', 2, 124000000, 1200, 25, 3, 1),
       (40104, 241, '147', 3, 134000000, 2240, 25, 3, 1),
       (40105, 241, '148', 2, 158000000, 1180, 25, 3, 1),
       (40106, 241, '149', 3, 90000000, 1280, 25, 3, 1),
       (40107, 241, '150', 2, 147000000, 2140, 25, 3, 1),
       (40108, 241, '151', 3, 189000000, 1150, 26, 3, 1),
       (40109, 241, '152', 2, 224000000, 910, 26, 3, 1),
       (40110, 241, '153', 1, 234000000, 2160, 26, 3, 1),
       (40111, 241, '154', 2, 108000000, 1680, 26, 3, 1),
       (40112, 241, '155', 3, 218000000, 1810, 26, 3, 1),
       (40113, 241, '156', 1, 99000000, 2200, 26, 3, 1),
       (40114, 241, '157', 1, 96000000, 2790, 27, 3, 1),
       (40115, 241, '158', 2, 88000000, 2530, 27, 3, 1),
       (40116, 241, '159', 3, 249000000, 1610, 27, 3, 1),
       (40117, 241, '160', 2, 236000000, 1480, 27, 3, 1),
       (40118, 241, '161', 3, 199000000, 970, 27, 3, 1),
       (40119, 241, '162', 3, 186000000, 1710, 27, 3, 1),
       (40120, 241, '163', 1, 240000000, 2590, 28, 3, 1),
       (40121, 241, '164', 2, 105000000, 2070, 28, 3, 1),
       (40122, 241, '165', 1, 109000000, 2140, 28, 3, 1),
       (40123, 241, '166', 1, 176000000, 1210, 28, 3, 1),
       (40124, 241, '167', 3, 229000000, 1900, 28, 3, 1),
       (40125, 241, '168', 2, 184000000, 1670, 28, 3, 1),
       (40126, 241, '169', 3, 130000000, 2100, 29, 3, 1),
       (40127, 241, '170', 1, 173000000, 1250, 29, 3, 1),
       (40128, 241, '171', 1, 212000000, 2510, 29, 3, 1),
       (40129, 241, '172', 1, 95000000, 2780, 29, 3, 1),
       (40130, 241, '173', 3, 164000000, 2940, 29, 3, 1),
       (40131, 241, '174', 2, 210000000, 2690, 29, 3, 1);
insert into real_estate_building (id, address, complex_id, floor_count, dev_id)
values (242, 'г. Москва, ул. Васильевская, д. 19', 11, 29, 11);
insert into real_estate_object (id, building_id ,local_address, places, price, area, floor, type, estate_type)
values (40132, 242, '1', 3, 107000000, 2250, 1, 3, 1),
       (40133, 242, '2', 1, 82000000, 2020, 1, 3, 1),
       (40134, 242, '3', 1, 221000000, 1270, 1, 3, 1),
       (40135, 242, '4', 3, 107000000, 1680, 1, 3, 1),
       (40136, 242, '5', 2, 206000000, 1730, 1, 3, 1),
       (40137, 242, '6', 2, 215000000, 2800, 1, 3, 1),
       (40138, 242, '7', 2, 176000000, 2460, 2, 3, 1),
       (40139, 242, '8', 1, 93000000, 1030, 2, 3, 1),
       (40140, 242, '9', 2, 208000000, 1200, 2, 3, 1),
       (40141, 242, '10', 1, 223000000, 970, 2, 3, 1),
       (40142, 242, '11', 2, 104000000, 2670, 2, 3, 1),
       (40143, 242, '12', 3, 223000000, 2210, 2, 3, 1),
       (40144, 242, '13', 2, 191000000, 2460, 3, 3, 1),
       (40145, 242, '14', 1, 131000000, 1730, 3, 3, 1),
       (40146, 242, '15', 2, 110000000, 970, 3, 3, 1),
       (40147, 242, '16', 3, 243000000, 2860, 3, 3, 1),
       (40148, 242, '17', 1, 209000000, 2490, 3, 3, 1),
       (40149, 242, '18', 1, 125000000, 2710, 3, 3, 1),
       (40150, 242, '19', 3, 228000000, 2000, 4, 3, 1),
       (40151, 242, '20', 3, 111000000, 1000, 4, 3, 1),
       (40152, 242, '21', 3, 239000000, 2130, 4, 3, 1),
       (40153, 242, '22', 1, 249000000, 1580, 4, 3, 1),
       (40154, 242, '23', 2, 171000000, 2740, 4, 3, 1),
       (40155, 242, '24', 3, 186000000, 1550, 4, 3, 1),
       (40156, 242, '25', 3, 104000000, 1850, 5, 3, 1),
       (40157, 242, '26', 2, 217000000, 2810, 5, 3, 1),
       (40158, 242, '27', 3, 170000000, 1400, 5, 3, 1),
       (40159, 242, '28', 2, 131000000, 2730, 5, 3, 1),
       (40160, 242, '29', 1, 85000000, 1740, 5, 3, 1),
       (40161, 242, '30', 3, 151000000, 2160, 5, 3, 1),
       (40162, 242, '31', 2, 128000000, 1750, 6, 3, 1),
       (40163, 242, '32', 3, 143000000, 2350, 6, 3, 1),
       (40164, 242, '33', 1, 97000000, 1700, 6, 3, 1),
       (40165, 242, '34', 3, 90000000, 2080, 6, 3, 1),
       (40166, 242, '35', 2, 230000000, 2940, 6, 3, 1),
       (40167, 242, '36', 2, 94000000, 2780, 6, 3, 1),
       (40168, 242, '37', 3, 139000000, 1540, 7, 3, 1),
       (40169, 242, '38', 1, 162000000, 1040, 7, 3, 1),
       (40170, 242, '39', 2, 174000000, 2140, 7, 3, 1),
       (40171, 242, '40', 1, 173000000, 2270, 7, 3, 1),
       (40172, 242, '41', 1, 172000000, 1610, 7, 3, 1),
       (40173, 242, '42', 2, 216000000, 1180, 7, 3, 1),
       (40174, 242, '43', 1, 247000000, 1830, 8, 3, 1),
       (40175, 242, '44', 2, 146000000, 1880, 8, 3, 1),
       (40176, 242, '45', 1, 157000000, 2420, 8, 3, 1),
       (40177, 242, '46', 2, 115000000, 1180, 8, 3, 1),
       (40178, 242, '47', 2, 200000000, 2100, 8, 3, 1),
       (40179, 242, '48', 2, 226000000, 1670, 8, 3, 1),
       (40180, 242, '49', 2, 80000000, 1020, 9, 3, 1),
       (40181, 242, '50', 2, 167000000, 2850, 9, 3, 1),
       (40182, 242, '51', 1, 197000000, 2490, 9, 3, 1),
       (40183, 242, '52', 2, 152000000, 2240, 9, 3, 1),
       (40184, 242, '53', 2, 241000000, 2420, 9, 3, 1),
       (40185, 242, '54', 3, 131000000, 1600, 9, 3, 1),
       (40186, 242, '55', 2, 212000000, 1590, 10, 3, 1),
       (40187, 242, '56', 1, 156000000, 2090, 10, 3, 1),
       (40188, 242, '57', 3, 127000000, 2940, 10, 3, 1),
       (40189, 242, '58', 1, 122000000, 2150, 10, 3, 1),
       (40190, 242, '59', 3, 149000000, 1320, 10, 3, 1),
       (40191, 242, '60', 1, 111000000, 1710, 10, 3, 1),
       (40192, 242, '61', 3, 202000000, 1380, 11, 3, 1),
       (40193, 242, '62', 2, 145000000, 2520, 11, 3, 1),
       (40194, 242, '63', 1, 118000000, 2770, 11, 3, 1),
       (40195, 242, '64', 1, 188000000, 1300, 11, 3, 1),
       (40196, 242, '65', 2, 243000000, 1430, 11, 3, 1),
       (40197, 242, '66', 2, 101000000, 2410, 11, 3, 1),
       (40198, 242, '67', 2, 228000000, 1060, 12, 3, 1),
       (40199, 242, '68', 1, 100000000, 1740, 12, 3, 1),
       (40200, 242, '69', 1, 195000000, 1570, 12, 3, 1),
       (40201, 242, '70', 3, 138000000, 2930, 12, 3, 1),
       (40202, 242, '71', 3, 154000000, 920, 12, 3, 1),
       (40203, 242, '72', 2, 187000000, 2110, 12, 3, 1),
       (40204, 242, '73', 3, 153000000, 1200, 13, 3, 1),
       (40205, 242, '74', 3, 158000000, 2310, 13, 3, 1),
       (40206, 242, '75', 2, 243000000, 1580, 13, 3, 1),
       (40207, 242, '76', 3, 205000000, 1860, 13, 3, 1),
       (40208, 242, '77', 2, 97000000, 1010, 13, 3, 1),
       (40209, 242, '78', 3, 242000000, 2800, 13, 3, 1),
       (40210, 242, '79', 3, 166000000, 1050, 14, 3, 1),
       (40211, 242, '80', 2, 235000000, 1610, 14, 3, 1),
       (40212, 242, '81', 2, 132000000, 1360, 14, 3, 1),
       (40213, 242, '82', 3, 232000000, 1850, 14, 3, 1),
       (40214, 242, '83', 1, 171000000, 2640, 14, 3, 1),
       (40215, 242, '84', 3, 132000000, 2440, 14, 3, 1),
       (40216, 242, '85', 2, 177000000, 2540, 15, 3, 1),
       (40217, 242, '86', 3, 119000000, 2520, 15, 3, 1),
       (40218, 242, '87', 3, 83000000, 1870, 15, 3, 1),
       (40219, 242, '88', 3, 200000000, 920, 15, 3, 1),
       (40220, 242, '89', 3, 205000000, 2030, 15, 3, 1),
       (40221, 242, '90', 3, 148000000, 1290, 15, 3, 1),
       (40222, 242, '91', 2, 225000000, 2530, 16, 3, 1),
       (40223, 242, '92', 2, 99000000, 2690, 16, 3, 1),
       (40224, 242, '93', 2, 179000000, 2430, 16, 3, 1),
       (40225, 242, '94', 3, 192000000, 1370, 16, 3, 1),
       (40226, 242, '95', 3, 220000000, 2250, 16, 3, 1),
       (40227, 242, '96', 2, 107000000, 2540, 16, 3, 1),
       (40228, 242, '97', 1, 190000000, 1940, 17, 3, 1),
       (40229, 242, '98', 1, 242000000, 1520, 17, 3, 1),
       (40230, 242, '99', 2, 238000000, 910, 17, 3, 1),
       (40231, 242, '100', 3, 249000000, 1020, 17, 3, 1),
       (40232, 242, '101', 3, 209000000, 1600, 17, 3, 1),
       (40233, 242, '102', 2, 167000000, 2930, 17, 3, 1),
       (40234, 242, '103', 2, 89000000, 2770, 18, 3, 1),
       (40235, 242, '104', 2, 116000000, 2540, 18, 3, 1),
       (40236, 242, '105', 3, 210000000, 1580, 18, 3, 1),
       (40237, 242, '106', 1, 115000000, 2870, 18, 3, 1),
       (40238, 242, '107', 3, 235000000, 940, 18, 3, 1),
       (40239, 242, '108', 3, 100000000, 2650, 18, 3, 1),
       (40240, 242, '109', 2, 218000000, 1180, 19, 3, 1),
       (40241, 242, '110', 3, 95000000, 1330, 19, 3, 1),
       (40242, 242, '111', 3, 112000000, 2800, 19, 3, 1),
       (40243, 242, '112', 1, 215000000, 1840, 19, 3, 1),
       (40244, 242, '113', 3, 194000000, 2450, 19, 3, 1),
       (40245, 242, '114', 2, 83000000, 2970, 19, 3, 1),
       (40246, 242, '115', 1, 173000000, 2360, 20, 3, 1),
       (40247, 242, '116', 3, 190000000, 2830, 20, 3, 1),
       (40248, 242, '117', 1, 126000000, 1980, 20, 3, 1),
       (40249, 242, '118', 2, 100000000, 1350, 20, 3, 1),
       (40250, 242, '119', 1, 180000000, 2120, 20, 3, 1),
       (40251, 242, '120', 3, 116000000, 2970, 20, 3, 1),
       (40252, 242, '121', 3, 186000000, 2490, 21, 3, 1),
       (40253, 242, '122', 1, 182000000, 1760, 21, 3, 1),
       (40254, 242, '123', 1, 133000000, 2800, 21, 3, 1),
       (40255, 242, '124', 3, 201000000, 1350, 21, 3, 1),
       (40256, 242, '125', 1, 169000000, 1650, 21, 3, 1),
       (40257, 242, '126', 3, 82000000, 1330, 21, 3, 1),
       (40258, 242, '127', 2, 83000000, 1090, 22, 3, 1),
       (40259, 242, '128', 3, 116000000, 2980, 22, 3, 1),
       (40260, 242, '129', 2, 219000000, 1080, 22, 3, 1),
       (40261, 242, '130', 3, 104000000, 1020, 22, 3, 1),
       (40262, 242, '131', 2, 196000000, 1060, 22, 3, 1),
       (40263, 242, '132', 3, 106000000, 2090, 22, 3, 1),
       (40264, 242, '133', 3, 199000000, 2810, 23, 3, 1),
       (40265, 242, '134', 1, 107000000, 2540, 23, 3, 1),
       (40266, 242, '135', 2, 165000000, 1500, 23, 3, 1),
       (40267, 242, '136', 3, 161000000, 1030, 23, 3, 1),
       (40268, 242, '137', 2, 136000000, 2330, 23, 3, 1),
       (40269, 242, '138', 3, 106000000, 1000, 23, 3, 1),
       (40270, 242, '139', 2, 125000000, 1870, 24, 3, 1),
       (40271, 242, '140', 1, 224000000, 1460, 24, 3, 1),
       (40272, 242, '141', 3, 165000000, 2330, 24, 3, 1),
       (40273, 242, '142', 3, 221000000, 980, 24, 3, 1),
       (40274, 242, '143', 3, 189000000, 1370, 24, 3, 1),
       (40275, 242, '144', 3, 185000000, 2000, 24, 3, 1),
       (40276, 242, '145', 1, 196000000, 2920, 25, 3, 1),
       (40277, 242, '146', 2, 190000000, 2600, 25, 3, 1),
       (40278, 242, '147', 3, 221000000, 2780, 25, 3, 1),
       (40279, 242, '148', 3, 122000000, 1550, 25, 3, 1),
       (40280, 242, '149', 3, 126000000, 1200, 25, 3, 1),
       (40281, 242, '150', 3, 149000000, 2920, 25, 3, 1),
       (40282, 242, '151', 3, 171000000, 2730, 26, 3, 1),
       (40283, 242, '152', 3, 190000000, 2770, 26, 3, 1),
       (40284, 242, '153', 1, 154000000, 1340, 26, 3, 1),
       (40285, 242, '154', 1, 233000000, 2390, 26, 3, 1),
       (40286, 242, '155', 2, 161000000, 1600, 26, 3, 1),
       (40287, 242, '156', 3, 122000000, 1780, 26, 3, 1),
       (40288, 242, '157', 2, 112000000, 1270, 27, 3, 1),
       (40289, 242, '158', 2, 154000000, 2020, 27, 3, 1),
       (40290, 242, '159', 3, 162000000, 1840, 27, 3, 1),
       (40291, 242, '160', 1, 92000000, 1420, 27, 3, 1),
       (40292, 242, '161', 2, 166000000, 2310, 27, 3, 1),
       (40293, 242, '162', 1, 182000000, 2820, 27, 3, 1),
       (40294, 242, '163', 1, 190000000, 1870, 28, 3, 1),
       (40295, 242, '164', 3, 239000000, 1510, 28, 3, 1),
       (40296, 242, '165', 3, 137000000, 2940, 28, 3, 1),
       (40297, 242, '166', 3, 134000000, 1200, 28, 3, 1),
       (40298, 242, '167', 3, 202000000, 1140, 28, 3, 1),
       (40299, 242, '168', 1, 151000000, 3000, 28, 3, 1),
       (40300, 242, '169', 2, 133000000, 2570, 29, 3, 1),
       (40301, 242, '170', 2, 154000000, 1990, 29, 3, 1),
       (40302, 242, '171', 2, 113000000, 1230, 29, 3, 1),
       (40303, 242, '172', 2, 104000000, 1250, 29, 3, 1),
       (40304, 242, '173', 2, 246000000, 2050, 29, 3, 1),
       (40305, 242, '174', 2, 187000000, 2680, 29, 3, 1);
insert into real_estate_building (id, address, complex_id, floor_count, dev_id)
values (243, 'г. Москва, ул. Васильевская, д. 20', 11, 24, 11);
insert into real_estate_object (id, building_id ,local_address, places, price, area, floor, type, estate_type)
values (40306, 243, '1', 2, 151000000, 1380, 1, 3, 1),
       (40307, 243, '2', 1, 173000000, 1860, 1, 3, 1),
       (40308, 243, '3', 3, 101000000, 1490, 1, 3, 1),
       (40309, 243, '4', 2, 213000000, 1300, 1, 3, 1),
       (40310, 243, '5', 2, 182000000, 2570, 1, 3, 1),
       (40311, 243, '6', 2, 163000000, 2510, 1, 3, 1),
       (40312, 243, '7', 3, 177000000, 2810, 2, 3, 1),
       (40313, 243, '8', 1, 248000000, 2940, 2, 3, 1),
       (40314, 243, '9', 1, 232000000, 1660, 2, 3, 1),
       (40315, 243, '10', 3, 90000000, 1760, 2, 3, 1),
       (40316, 243, '11', 1, 176000000, 1760, 2, 3, 1),
       (40317, 243, '12', 2, 85000000, 2210, 2, 3, 1),
       (40318, 243, '13', 3, 237000000, 2310, 3, 3, 1),
       (40319, 243, '14', 3, 206000000, 1220, 3, 3, 1),
       (40320, 243, '15', 3, 212000000, 1620, 3, 3, 1),
       (40321, 243, '16', 1, 124000000, 2850, 3, 3, 1),
       (40322, 243, '17', 3, 174000000, 2350, 3, 3, 1),
       (40323, 243, '18', 3, 197000000, 1710, 3, 3, 1),
       (40324, 243, '19', 3, 221000000, 1910, 4, 3, 1),
       (40325, 243, '20', 1, 160000000, 1350, 4, 3, 1),
       (40326, 243, '21', 1, 247000000, 1410, 4, 3, 1),
       (40327, 243, '22', 1, 143000000, 2080, 4, 3, 1),
       (40328, 243, '23', 1, 163000000, 1810, 4, 3, 1),
       (40329, 243, '24', 3, 143000000, 2180, 4, 3, 1),
       (40330, 243, '25', 1, 240000000, 1190, 5, 3, 1),
       (40331, 243, '26', 2, 118000000, 1810, 5, 3, 1),
       (40332, 243, '27', 3, 170000000, 2910, 5, 3, 1),
       (40333, 243, '28', 1, 129000000, 930, 5, 3, 1),
       (40334, 243, '29', 1, 94000000, 1210, 5, 3, 1),
       (40335, 243, '30', 3, 195000000, 1300, 5, 3, 1),
       (40336, 243, '31', 2, 196000000, 1550, 6, 3, 1),
       (40337, 243, '32', 2, 199000000, 1630, 6, 3, 1),
       (40338, 243, '33', 1, 136000000, 1050, 6, 3, 1),
       (40339, 243, '34', 1, 109000000, 2670, 6, 3, 1),
       (40340, 243, '35', 1, 170000000, 2350, 6, 3, 1),
       (40341, 243, '36', 2, 172000000, 2470, 6, 3, 1),
       (40342, 243, '37', 2, 208000000, 1600, 7, 3, 1),
       (40343, 243, '38', 1, 209000000, 2130, 7, 3, 1),
       (40344, 243, '39', 1, 150000000, 1150, 7, 3, 1),
       (40345, 243, '40', 3, 145000000, 1140, 7, 3, 1),
       (40346, 243, '41', 1, 136000000, 1190, 7, 3, 1),
       (40347, 243, '42', 2, 139000000, 2210, 7, 3, 1),
       (40348, 243, '43', 3, 213000000, 1580, 8, 3, 1),
       (40349, 243, '44', 3, 194000000, 1310, 8, 3, 1),
       (40350, 243, '45', 3, 138000000, 2480, 8, 3, 1),
       (40351, 243, '46', 3, 132000000, 1130, 8, 3, 1),
       (40352, 243, '47', 3, 217000000, 2950, 8, 3, 1),
       (40353, 243, '48', 1, 192000000, 1650, 8, 3, 1),
       (40354, 243, '49', 3, 134000000, 2740, 9, 3, 1),
       (40355, 243, '50', 2, 129000000, 2700, 9, 3, 1),
       (40356, 243, '51', 3, 179000000, 1010, 9, 3, 1),
       (40357, 243, '52', 3, 114000000, 2710, 9, 3, 1),
       (40358, 243, '53', 3, 126000000, 2580, 9, 3, 1),
       (40359, 243, '54', 2, 246000000, 1420, 9, 3, 1),
       (40360, 243, '55', 1, 220000000, 2290, 10, 3, 1),
       (40361, 243, '56', 1, 161000000, 2570, 10, 3, 1),
       (40362, 243, '57', 1, 247000000, 1090, 10, 3, 1),
       (40363, 243, '58', 1, 81000000, 1460, 10, 3, 1),
       (40364, 243, '59', 2, 161000000, 1860, 10, 3, 1),
       (40365, 243, '60', 1, 201000000, 1840, 10, 3, 1),
       (40366, 243, '61', 3, 208000000, 1430, 11, 3, 1),
       (40367, 243, '62', 1, 204000000, 2960, 11, 3, 1),
       (40368, 243, '63', 1, 211000000, 1270, 11, 3, 1),
       (40369, 243, '64', 3, 181000000, 1660, 11, 3, 1),
       (40370, 243, '65', 2, 220000000, 1440, 11, 3, 1),
       (40371, 243, '66', 1, 142000000, 2980, 11, 3, 1),
       (40372, 243, '67', 2, 166000000, 1840, 12, 3, 1),
       (40373, 243, '68', 1, 87000000, 1710, 12, 3, 1),
       (40374, 243, '69', 2, 162000000, 2580, 12, 3, 1),
       (40375, 243, '70', 3, 142000000, 1980, 12, 3, 1),
       (40376, 243, '71', 3, 196000000, 1360, 12, 3, 1),
       (40377, 243, '72', 2, 190000000, 2700, 12, 3, 1),
       (40378, 243, '73', 2, 123000000, 1010, 13, 3, 1),
       (40379, 243, '74', 2, 249000000, 2320, 13, 3, 1),
       (40380, 243, '75', 1, 184000000, 2670, 13, 3, 1),
       (40381, 243, '76', 2, 112000000, 2650, 13, 3, 1),
       (40382, 243, '77', 2, 128000000, 2610, 13, 3, 1),
       (40383, 243, '78', 2, 163000000, 2690, 13, 3, 1),
       (40384, 243, '79', 2, 103000000, 2910, 14, 3, 1),
       (40385, 243, '80', 3, 110000000, 1720, 14, 3, 1),
       (40386, 243, '81', 2, 235000000, 1030, 14, 3, 1),
       (40387, 243, '82', 2, 179000000, 2850, 14, 3, 1),
       (40388, 243, '83', 2, 195000000, 1680, 14, 3, 1),
       (40389, 243, '84', 3, 240000000, 960, 14, 3, 1),
       (40390, 243, '85', 2, 239000000, 2240, 15, 3, 1),
       (40391, 243, '86', 1, 169000000, 2850, 15, 3, 1),
       (40392, 243, '87', 1, 97000000, 1750, 15, 3, 1),
       (40393, 243, '88', 1, 237000000, 2850, 15, 3, 1),
       (40394, 243, '89', 2, 132000000, 940, 15, 3, 1),
       (40395, 243, '90', 2, 133000000, 1480, 15, 3, 1),
       (40396, 243, '91', 1, 166000000, 2920, 16, 3, 1),
       (40397, 243, '92', 3, 111000000, 1760, 16, 3, 1),
       (40398, 243, '93', 2, 85000000, 2700, 16, 3, 1),
       (40399, 243, '94', 3, 243000000, 2410, 16, 3, 1),
       (40400, 243, '95', 1, 110000000, 2910, 16, 3, 1),
       (40401, 243, '96', 2, 86000000, 1900, 16, 3, 1),
       (40402, 243, '97', 1, 192000000, 2840, 17, 3, 1),
       (40403, 243, '98', 1, 228000000, 2110, 17, 3, 1),
       (40404, 243, '99', 1, 192000000, 1660, 17, 3, 1),
       (40405, 243, '100', 3, 212000000, 1200, 17, 3, 1),
       (40406, 243, '101', 1, 100000000, 1340, 17, 3, 1),
       (40407, 243, '102', 2, 183000000, 2260, 17, 3, 1),
       (40408, 243, '103', 1, 181000000, 1670, 18, 3, 1),
       (40409, 243, '104', 3, 193000000, 1560, 18, 3, 1),
       (40410, 243, '105', 3, 113000000, 1350, 18, 3, 1),
       (40411, 243, '106', 1, 240000000, 2730, 18, 3, 1),
       (40412, 243, '107', 2, 103000000, 2530, 18, 3, 1),
       (40413, 243, '108', 1, 196000000, 2410, 18, 3, 1),
       (40414, 243, '109', 3, 188000000, 1100, 19, 3, 1),
       (40415, 243, '110', 3, 176000000, 2830, 19, 3, 1),
       (40416, 243, '111', 1, 125000000, 2190, 19, 3, 1),
       (40417, 243, '112', 1, 219000000, 1280, 19, 3, 1),
       (40418, 243, '113', 1, 192000000, 1440, 19, 3, 1),
       (40419, 243, '114', 1, 106000000, 1820, 19, 3, 1),
       (40420, 243, '115', 2, 206000000, 1630, 20, 3, 1),
       (40421, 243, '116', 2, 216000000, 2360, 20, 3, 1),
       (40422, 243, '117', 1, 106000000, 1300, 20, 3, 1),
       (40423, 243, '118', 1, 171000000, 2520, 20, 3, 1),
       (40424, 243, '119', 1, 187000000, 1880, 20, 3, 1),
       (40425, 243, '120', 3, 205000000, 1960, 20, 3, 1),
       (40426, 243, '121', 3, 178000000, 1840, 21, 3, 1),
       (40427, 243, '122', 1, 166000000, 2170, 21, 3, 1),
       (40428, 243, '123', 3, 133000000, 2480, 21, 3, 1),
       (40429, 243, '124', 3, 116000000, 2450, 21, 3, 1),
       (40430, 243, '125', 1, 244000000, 1170, 21, 3, 1),
       (40431, 243, '126', 3, 225000000, 2700, 21, 3, 1),
       (40432, 243, '127', 3, 180000000, 1440, 22, 3, 1),
       (40433, 243, '128', 1, 205000000, 2900, 22, 3, 1),
       (40434, 243, '129', 2, 198000000, 1390, 22, 3, 1),
       (40435, 243, '130', 1, 85000000, 2120, 22, 3, 1),
       (40436, 243, '131', 3, 229000000, 1260, 22, 3, 1),
       (40437, 243, '132', 2, 246000000, 2710, 22, 3, 1),
       (40438, 243, '133', 1, 176000000, 1030, 23, 3, 1),
       (40439, 243, '134', 1, 199000000, 2840, 23, 3, 1),
       (40440, 243, '135', 3, 135000000, 1020, 23, 3, 1),
       (40441, 243, '136', 2, 178000000, 990, 23, 3, 1),
       (40442, 243, '137', 2, 200000000, 1330, 23, 3, 1),
       (40443, 243, '138', 3, 174000000, 1210, 23, 3, 1),
       (40444, 243, '139', 2, 197000000, 2780, 24, 3, 1),
       (40445, 243, '140', 1, 90000000, 2190, 24, 3, 1),
       (40446, 243, '141', 3, 128000000, 2570, 24, 3, 1),
       (40447, 243, '142', 1, 173000000, 2490, 24, 3, 1),
       (40448, 243, '143', 2, 208000000, 2230, 24, 3, 1),
       (40449, 243, '144', 3, 100000000, 2950, 24, 3, 1);
insert into real_estate_building (id, address, complex_id, floor_count, dev_id)
values (244, 'г. Москва, ул. Васильевская, д. 21', 11, 24, 11);
insert into real_estate_object (id, building_id ,local_address, places, price, area, floor, type, estate_type)
values (40450, 244, '1', 3, 164000000, 2100, 1, 3, 1),
       (40451, 244, '2', 1, 219000000, 1950, 1, 3, 1),
       (40452, 244, '3', 3, 211000000, 1380, 1, 3, 1),
       (40453, 244, '4', 1, 159000000, 2380, 1, 3, 1),
       (40454, 244, '5', 3, 225000000, 2600, 1, 3, 1),
       (40455, 244, '6', 1, 181000000, 1880, 1, 3, 1),
       (40456, 244, '7', 1, 170000000, 2740, 2, 3, 1),
       (40457, 244, '8', 3, 216000000, 1190, 2, 3, 1),
       (40458, 244, '9', 1, 148000000, 2680, 2, 3, 1),
       (40459, 244, '10', 1, 203000000, 2770, 2, 3, 1),
       (40460, 244, '11', 3, 138000000, 1490, 2, 3, 1),
       (40461, 244, '12', 3, 89000000, 2360, 2, 3, 1),
       (40462, 244, '13', 2, 180000000, 1080, 3, 3, 1),
       (40463, 244, '14', 2, 207000000, 1030, 3, 3, 1),
       (40464, 244, '15', 3, 191000000, 1570, 3, 3, 1),
       (40465, 244, '16', 3, 94000000, 1880, 3, 3, 1),
       (40466, 244, '17', 1, 198000000, 2320, 3, 3, 1),
       (40467, 244, '18', 1, 156000000, 920, 3, 3, 1),
       (40468, 244, '19', 1, 159000000, 2010, 4, 3, 1),
       (40469, 244, '20', 1, 159000000, 1190, 4, 3, 1),
       (40470, 244, '21', 2, 123000000, 1760, 4, 3, 1),
       (40471, 244, '22', 2, 150000000, 1880, 4, 3, 1),
       (40472, 244, '23', 2, 228000000, 1900, 4, 3, 1),
       (40473, 244, '24', 3, 153000000, 2020, 4, 3, 1),
       (40474, 244, '25', 2, 246000000, 2630, 5, 3, 1),
       (40475, 244, '26', 3, 116000000, 2590, 5, 3, 1),
       (40476, 244, '27', 2, 199000000, 900, 5, 3, 1),
       (40477, 244, '28', 2, 177000000, 1490, 5, 3, 1),
       (40478, 244, '29', 2, 106000000, 1340, 5, 3, 1),
       (40479, 244, '30', 1, 99000000, 2560, 5, 3, 1),
       (40480, 244, '31', 2, 153000000, 2350, 6, 3, 1),
       (40481, 244, '32', 2, 194000000, 1840, 6, 3, 1),
       (40482, 244, '33', 2, 143000000, 2900, 6, 3, 1),
       (40483, 244, '34', 2, 157000000, 2200, 6, 3, 1),
       (40484, 244, '35', 3, 145000000, 2590, 6, 3, 1),
       (40485, 244, '36', 3, 99000000, 2250, 6, 3, 1),
       (40486, 244, '37', 2, 124000000, 1260, 7, 3, 1),
       (40487, 244, '38', 2, 180000000, 1860, 7, 3, 1),
       (40488, 244, '39', 1, 173000000, 1030, 7, 3, 1),
       (40489, 244, '40', 3, 119000000, 910, 7, 3, 1),
       (40490, 244, '41', 2, 150000000, 1340, 7, 3, 1),
       (40491, 244, '42', 1, 181000000, 2210, 7, 3, 1),
       (40492, 244, '43', 2, 222000000, 1400, 8, 3, 1),
       (40493, 244, '44', 2, 134000000, 1290, 8, 3, 1),
       (40494, 244, '45', 2, 199000000, 1290, 8, 3, 1),
       (40495, 244, '46', 2, 90000000, 2990, 8, 3, 1),
       (40496, 244, '47', 1, 201000000, 940, 8, 3, 1),
       (40497, 244, '48', 3, 116000000, 1380, 8, 3, 1),
       (40498, 244, '49', 2, 244000000, 1180, 9, 3, 1),
       (40499, 244, '50', 2, 138000000, 1450, 9, 3, 1),
       (40500, 244, '51', 2, 110000000, 1410, 9, 3, 1),
       (40501, 244, '52', 2, 197000000, 1540, 9, 3, 1),
       (40502, 244, '53', 3, 108000000, 2530, 9, 3, 1),
       (40503, 244, '54', 2, 174000000, 2010, 9, 3, 1),
       (40504, 244, '55', 2, 221000000, 1520, 10, 3, 1),
       (40505, 244, '56', 2, 100000000, 980, 10, 3, 1),
       (40506, 244, '57', 3, 100000000, 1050, 10, 3, 1),
       (40507, 244, '58', 1, 116000000, 2480, 10, 3, 1),
       (40508, 244, '59', 1, 140000000, 1560, 10, 3, 1),
       (40509, 244, '60', 1, 204000000, 2550, 10, 3, 1),
       (40510, 244, '61', 3, 160000000, 2460, 11, 3, 1),
       (40511, 244, '62', 1, 172000000, 2860, 11, 3, 1),
       (40512, 244, '63', 2, 124000000, 1280, 11, 3, 1),
       (40513, 244, '64', 2, 160000000, 2990, 11, 3, 1),
       (40514, 244, '65', 1, 179000000, 2780, 11, 3, 1),
       (40515, 244, '66', 1, 130000000, 940, 11, 3, 1),
       (40516, 244, '67', 2, 204000000, 1920, 12, 3, 1),
       (40517, 244, '68', 3, 179000000, 2050, 12, 3, 1),
       (40518, 244, '69', 3, 97000000, 1400, 12, 3, 1),
       (40519, 244, '70', 2, 80000000, 2560, 12, 3, 1),
       (40520, 244, '71', 1, 183000000, 1740, 12, 3, 1),
       (40521, 244, '72', 3, 215000000, 2180, 12, 3, 1),
       (40522, 244, '73', 1, 216000000, 2550, 13, 3, 1),
       (40523, 244, '74', 2, 113000000, 1800, 13, 3, 1),
       (40524, 244, '75', 2, 178000000, 1370, 13, 3, 1),
       (40525, 244, '76', 2, 98000000, 1580, 13, 3, 1),
       (40526, 244, '77', 1, 171000000, 1320, 13, 3, 1),
       (40527, 244, '78', 1, 80000000, 1830, 13, 3, 1),
       (40528, 244, '79', 1, 173000000, 2430, 14, 3, 1),
       (40529, 244, '80', 2, 210000000, 2360, 14, 3, 1),
       (40530, 244, '81', 2, 173000000, 1060, 14, 3, 1),
       (40531, 244, '82', 1, 162000000, 2500, 14, 3, 1),
       (40532, 244, '83', 2, 222000000, 2530, 14, 3, 1),
       (40533, 244, '84', 1, 246000000, 2750, 14, 3, 1),
       (40534, 244, '85', 1, 139000000, 1390, 15, 3, 1),
       (40535, 244, '86', 2, 181000000, 1160, 15, 3, 1),
       (40536, 244, '87', 2, 123000000, 1170, 15, 3, 1),
       (40537, 244, '88', 2, 204000000, 2500, 15, 3, 1),
       (40538, 244, '89', 3, 215000000, 2950, 15, 3, 1),
       (40539, 244, '90', 2, 229000000, 1500, 15, 3, 1),
       (40540, 244, '91', 2, 228000000, 1640, 16, 3, 1),
       (40541, 244, '92', 2, 174000000, 2070, 16, 3, 1),
       (40542, 244, '93', 1, 126000000, 2670, 16, 3, 1),
       (40543, 244, '94', 2, 207000000, 2390, 16, 3, 1),
       (40544, 244, '95', 3, 227000000, 1830, 16, 3, 1),
       (40545, 244, '96', 2, 219000000, 1210, 16, 3, 1),
       (40546, 244, '97', 2, 126000000, 2610, 17, 3, 1),
       (40547, 244, '98', 2, 169000000, 1630, 17, 3, 1),
       (40548, 244, '99', 2, 143000000, 1700, 17, 3, 1),
       (40549, 244, '100', 1, 112000000, 2590, 17, 3, 1),
       (40550, 244, '101', 1, 231000000, 2570, 17, 3, 1),
       (40551, 244, '102', 2, 104000000, 2760, 17, 3, 1),
       (40552, 244, '103', 3, 94000000, 1710, 18, 3, 1),
       (40553, 244, '104', 3, 223000000, 2670, 18, 3, 1),
       (40554, 244, '105', 1, 198000000, 2060, 18, 3, 1),
       (40555, 244, '106', 2, 223000000, 1650, 18, 3, 1),
       (40556, 244, '107', 1, 144000000, 2680, 18, 3, 1),
       (40557, 244, '108', 3, 118000000, 920, 18, 3, 1),
       (40558, 244, '109', 1, 221000000, 1200, 19, 3, 1),
       (40559, 244, '110', 3, 184000000, 1400, 19, 3, 1),
       (40560, 244, '111', 1, 221000000, 2750, 19, 3, 1),
       (40561, 244, '112', 2, 186000000, 1950, 19, 3, 1),
       (40562, 244, '113', 3, 220000000, 1220, 19, 3, 1),
       (40563, 244, '114', 2, 173000000, 2160, 19, 3, 1),
       (40564, 244, '115', 2, 113000000, 1010, 20, 3, 1),
       (40565, 244, '116', 1, 197000000, 2930, 20, 3, 1),
       (40566, 244, '117', 2, 211000000, 2650, 20, 3, 1),
       (40567, 244, '118', 1, 207000000, 1980, 20, 3, 1),
       (40568, 244, '119', 3, 221000000, 2960, 20, 3, 1),
       (40569, 244, '120', 3, 130000000, 2840, 20, 3, 1),
       (40570, 244, '121', 3, 84000000, 1310, 21, 3, 1),
       (40571, 244, '122', 1, 187000000, 2780, 21, 3, 1),
       (40572, 244, '123', 3, 201000000, 2020, 21, 3, 1),
       (40573, 244, '124', 1, 224000000, 2480, 21, 3, 1),
       (40574, 244, '125', 3, 84000000, 1320, 21, 3, 1),
       (40575, 244, '126', 1, 165000000, 1350, 21, 3, 1),
       (40576, 244, '127', 3, 214000000, 2800, 22, 3, 1),
       (40577, 244, '128', 2, 199000000, 2190, 22, 3, 1),
       (40578, 244, '129', 3, 215000000, 900, 22, 3, 1),
       (40579, 244, '130', 1, 133000000, 2190, 22, 3, 1),
       (40580, 244, '131', 1, 98000000, 2980, 22, 3, 1),
       (40581, 244, '132', 3, 156000000, 1950, 22, 3, 1),
       (40582, 244, '133', 2, 182000000, 2060, 23, 3, 1),
       (40583, 244, '134', 3, 140000000, 2190, 23, 3, 1),
       (40584, 244, '135', 3, 247000000, 2550, 23, 3, 1),
       (40585, 244, '136', 3, 100000000, 1170, 23, 3, 1),
       (40586, 244, '137', 2, 225000000, 2650, 23, 3, 1),
       (40587, 244, '138', 3, 202000000, 2630, 23, 3, 1),
       (40588, 244, '139', 3, 194000000, 940, 24, 3, 1),
       (40589, 244, '140', 1, 138000000, 1290, 24, 3, 1),
       (40590, 244, '141', 3, 205000000, 2980, 24, 3, 1),
       (40591, 244, '142', 3, 102000000, 1380, 24, 3, 1),
       (40592, 244, '143', 2, 141000000, 1790, 24, 3, 1),
       (40593, 244, '144', 3, 160000000, 2110, 24, 3, 1);
insert into real_estate_building (id, address, complex_id, floor_count, dev_id)
values (245, 'г. Москва, ул. Васильевская, д. 22', 11, 24, 11);
insert into real_estate_object (id, building_id ,local_address, places, price, area, floor, type, estate_type)
values (40594, 245, '1', 1, 188000000, 2160, 1, 3, 1),
       (40595, 245, '2', 3, 80000000, 2010, 1, 3, 1),
       (40596, 245, '3', 1, 157000000, 2000, 1, 3, 1),
       (40597, 245, '4', 2, 135000000, 2770, 1, 3, 1),
       (40598, 245, '5', 1, 224000000, 2610, 1, 3, 1),
       (40599, 245, '6', 1, 132000000, 1670, 1, 3, 1),
       (40600, 245, '7', 2, 151000000, 2040, 2, 3, 1),
       (40601, 245, '8', 3, 229000000, 2940, 2, 3, 1),
       (40602, 245, '9', 3, 123000000, 1620, 2, 3, 1),
       (40603, 245, '10', 2, 103000000, 1350, 2, 3, 1),
       (40604, 245, '11', 2, 127000000, 1660, 2, 3, 1),
       (40605, 245, '12', 3, 191000000, 990, 2, 3, 1),
       (40606, 245, '13', 1, 220000000, 1420, 3, 3, 1),
       (40607, 245, '14', 2, 104000000, 1750, 3, 3, 1),
       (40608, 245, '15', 1, 128000000, 2960, 3, 3, 1),
       (40609, 245, '16', 3, 222000000, 1460, 3, 3, 1),
       (40610, 245, '17', 1, 204000000, 1560, 3, 3, 1),
       (40611, 245, '18', 2, 140000000, 1520, 3, 3, 1),
       (40612, 245, '19', 1, 151000000, 1080, 4, 3, 1),
       (40613, 245, '20', 2, 147000000, 1450, 4, 3, 1),
       (40614, 245, '21', 1, 101000000, 2160, 4, 3, 1),
       (40615, 245, '22', 1, 237000000, 1280, 4, 3, 1),
       (40616, 245, '23', 3, 151000000, 1190, 4, 3, 1),
       (40617, 245, '24', 1, 123000000, 1770, 4, 3, 1),
       (40618, 245, '25', 1, 177000000, 2780, 5, 3, 1),
       (40619, 245, '26', 2, 181000000, 2320, 5, 3, 1),
       (40620, 245, '27', 1, 198000000, 1120, 5, 3, 1),
       (40621, 245, '28', 1, 127000000, 2230, 5, 3, 1),
       (40622, 245, '29', 3, 152000000, 2340, 5, 3, 1),
       (40623, 245, '30', 3, 189000000, 1490, 5, 3, 1),
       (40624, 245, '31', 1, 113000000, 2810, 6, 3, 1),
       (40625, 245, '32', 3, 88000000, 2540, 6, 3, 1),
       (40626, 245, '33', 2, 238000000, 2940, 6, 3, 1),
       (40627, 245, '34', 2, 205000000, 1520, 6, 3, 1),
       (40628, 245, '35', 1, 110000000, 1940, 6, 3, 1),
       (40629, 245, '36', 3, 219000000, 2530, 6, 3, 1),
       (40630, 245, '37', 2, 189000000, 2360, 7, 3, 1),
       (40631, 245, '38', 3, 116000000, 1910, 7, 3, 1),
       (40632, 245, '39', 1, 209000000, 2930, 7, 3, 1),
       (40633, 245, '40', 2, 159000000, 900, 7, 3, 1),
       (40634, 245, '41', 1, 172000000, 1880, 7, 3, 1),
       (40635, 245, '42', 1, 97000000, 2510, 7, 3, 1),
       (40636, 245, '43', 3, 200000000, 2030, 8, 3, 1),
       (40637, 245, '44', 1, 249000000, 2590, 8, 3, 1),
       (40638, 245, '45', 2, 248000000, 2430, 8, 3, 1),
       (40639, 245, '46', 2, 129000000, 2250, 8, 3, 1),
       (40640, 245, '47', 3, 182000000, 2580, 8, 3, 1),
       (40641, 245, '48', 3, 118000000, 1120, 8, 3, 1),
       (40642, 245, '49', 3, 232000000, 1070, 9, 3, 1),
       (40643, 245, '50', 3, 124000000, 1970, 9, 3, 1),
       (40644, 245, '51', 1, 106000000, 1180, 9, 3, 1),
       (40645, 245, '52', 1, 250000000, 2330, 9, 3, 1),
       (40646, 245, '53', 3, 233000000, 1720, 9, 3, 1),
       (40647, 245, '54', 2, 131000000, 1370, 9, 3, 1),
       (40648, 245, '55', 3, 159000000, 2280, 10, 3, 1),
       (40649, 245, '56', 3, 133000000, 1120, 10, 3, 1),
       (40650, 245, '57', 3, 230000000, 1330, 10, 3, 1),
       (40651, 245, '58', 2, 212000000, 1600, 10, 3, 1),
       (40652, 245, '59', 3, 185000000, 2540, 10, 3, 1),
       (40653, 245, '60', 3, 112000000, 2570, 10, 3, 1),
       (40654, 245, '61', 3, 186000000, 1510, 11, 3, 1),
       (40655, 245, '62', 2, 169000000, 1620, 11, 3, 1),
       (40656, 245, '63', 3, 215000000, 2500, 11, 3, 1),
       (40657, 245, '64', 2, 234000000, 1630, 11, 3, 1),
       (40658, 245, '65', 2, 190000000, 2240, 11, 3, 1),
       (40659, 245, '66', 3, 203000000, 2540, 11, 3, 1),
       (40660, 245, '67', 2, 217000000, 3000, 12, 3, 1),
       (40661, 245, '68', 3, 147000000, 1580, 12, 3, 1),
       (40662, 245, '69', 1, 105000000, 900, 12, 3, 1),
       (40663, 245, '70', 3, 180000000, 1070, 12, 3, 1),
       (40664, 245, '71', 3, 231000000, 2020, 12, 3, 1),
       (40665, 245, '72', 3, 124000000, 2810, 12, 3, 1),
       (40666, 245, '73', 3, 127000000, 1830, 13, 3, 1),
       (40667, 245, '74', 3, 152000000, 2570, 13, 3, 1),
       (40668, 245, '75', 3, 247000000, 1310, 13, 3, 1),
       (40669, 245, '76', 2, 203000000, 1490, 13, 3, 1),
       (40670, 245, '77', 3, 109000000, 1470, 13, 3, 1),
       (40671, 245, '78', 2, 162000000, 1150, 13, 3, 1),
       (40672, 245, '79', 1, 162000000, 2810, 14, 3, 1),
       (40673, 245, '80', 1, 207000000, 2830, 14, 3, 1),
       (40674, 245, '81', 3, 105000000, 1490, 14, 3, 1),
       (40675, 245, '82', 2, 96000000, 1300, 14, 3, 1),
       (40676, 245, '83', 2, 241000000, 1710, 14, 3, 1),
       (40677, 245, '84', 3, 114000000, 3000, 14, 3, 1),
       (40678, 245, '85', 1, 162000000, 1020, 15, 3, 1),
       (40679, 245, '86', 3, 106000000, 2500, 15, 3, 1),
       (40680, 245, '87', 2, 184000000, 2360, 15, 3, 1),
       (40681, 245, '88', 3, 179000000, 1270, 15, 3, 1),
       (40682, 245, '89', 1, 238000000, 2460, 15, 3, 1),
       (40683, 245, '90', 3, 142000000, 1600, 15, 3, 1),
       (40684, 245, '91', 1, 163000000, 2020, 16, 3, 1),
       (40685, 245, '92', 1, 159000000, 1980, 16, 3, 1),
       (40686, 245, '93', 3, 143000000, 2420, 16, 3, 1),
       (40687, 245, '94', 2, 203000000, 1310, 16, 3, 1),
       (40688, 245, '95', 3, 247000000, 2720, 16, 3, 1),
       (40689, 245, '96', 2, 158000000, 2500, 16, 3, 1),
       (40690, 245, '97', 1, 186000000, 2390, 17, 3, 1),
       (40691, 245, '98', 1, 194000000, 2340, 17, 3, 1),
       (40692, 245, '99', 3, 88000000, 1970, 17, 3, 1),
       (40693, 245, '100', 1, 151000000, 1240, 17, 3, 1),
       (40694, 245, '101', 2, 247000000, 2930, 17, 3, 1),
       (40695, 245, '102', 1, 193000000, 2610, 17, 3, 1),
       (40696, 245, '103', 1, 157000000, 1560, 18, 3, 1),
       (40697, 245, '104', 3, 104000000, 2340, 18, 3, 1),
       (40698, 245, '105', 1, 125000000, 1290, 18, 3, 1),
       (40699, 245, '106', 1, 183000000, 1430, 18, 3, 1),
       (40700, 245, '107', 3, 112000000, 1470, 18, 3, 1),
       (40701, 245, '108', 1, 146000000, 960, 18, 3, 1),
       (40702, 245, '109', 2, 169000000, 2710, 19, 3, 1),
       (40703, 245, '110', 3, 183000000, 2920, 19, 3, 1),
       (40704, 245, '111', 2, 177000000, 2820, 19, 3, 1),
       (40705, 245, '112', 3, 87000000, 1050, 19, 3, 1),
       (40706, 245, '113', 2, 116000000, 1760, 19, 3, 1),
       (40707, 245, '114', 3, 183000000, 1310, 19, 3, 1),
       (40708, 245, '115', 1, 126000000, 1330, 20, 3, 1),
       (40709, 245, '116', 3, 89000000, 2470, 20, 3, 1),
       (40710, 245, '117', 2, 143000000, 2560, 20, 3, 1),
       (40711, 245, '118', 1, 89000000, 2770, 20, 3, 1),
       (40712, 245, '119', 3, 176000000, 1940, 20, 3, 1),
       (40713, 245, '120', 2, 220000000, 1700, 20, 3, 1),
       (40714, 245, '121', 2, 191000000, 1350, 21, 3, 1),
       (40715, 245, '122', 1, 248000000, 2210, 21, 3, 1),
       (40716, 245, '123', 2, 117000000, 1220, 21, 3, 1),
       (40717, 245, '124', 1, 238000000, 1430, 21, 3, 1),
       (40718, 245, '125', 3, 212000000, 1190, 21, 3, 1),
       (40719, 245, '126', 2, 174000000, 1780, 21, 3, 1),
       (40720, 245, '127', 2, 233000000, 2070, 22, 3, 1),
       (40721, 245, '128', 3, 191000000, 1080, 22, 3, 1),
       (40722, 245, '129', 2, 153000000, 2890, 22, 3, 1),
       (40723, 245, '130', 3, 169000000, 1700, 22, 3, 1),
       (40724, 245, '131', 2, 214000000, 1730, 22, 3, 1),
       (40725, 245, '132', 2, 143000000, 1930, 22, 3, 1),
       (40726, 245, '133', 3, 244000000, 1910, 23, 3, 1),
       (40727, 245, '134', 3, 196000000, 2620, 23, 3, 1),
       (40728, 245, '135', 2, 147000000, 1590, 23, 3, 1),
       (40729, 245, '136', 3, 157000000, 1370, 23, 3, 1),
       (40730, 245, '137', 1, 248000000, 1610, 23, 3, 1),
       (40731, 245, '138', 2, 121000000, 1750, 23, 3, 1),
       (40732, 245, '139', 3, 123000000, 2880, 24, 3, 1),
       (40733, 245, '140', 1, 121000000, 2560, 24, 3, 1),
       (40734, 245, '141', 3, 153000000, 2810, 24, 3, 1),
       (40735, 245, '142', 1, 148000000, 1070, 24, 3, 1),
       (40736, 245, '143', 1, 86000000, 1840, 24, 3, 1),
       (40737, 245, '144', 1, 122000000, 2230, 24, 3, 1);
insert into real_estate_building (id, address, complex_id, floor_count, dev_id)
values (246, 'г. Москва, ул. Васильевская, д. 23', 11, 29, 11);
insert into real_estate_object (id, building_id ,local_address, places, price, area, floor, type, estate_type)
values (40738, 246, '1', 2, 119000000, 1160, 1, 3, 1),
       (40739, 246, '2', 1, 243000000, 1900, 1, 3, 1),
       (40740, 246, '3', 2, 211000000, 2760, 1, 3, 1),
       (40741, 246, '4', 3, 109000000, 2600, 1, 3, 1),
       (40742, 246, '5', 2, 237000000, 2120, 1, 3, 1),
       (40743, 246, '6', 3, 140000000, 1030, 1, 3, 1),
       (40744, 246, '7', 2, 240000000, 2190, 2, 3, 1),
       (40745, 246, '8', 1, 155000000, 1570, 2, 3, 1),
       (40746, 246, '9', 2, 228000000, 1810, 2, 3, 1),
       (40747, 246, '10', 1, 140000000, 1240, 2, 3, 1),
       (40748, 246, '11', 3, 156000000, 1660, 2, 3, 1),
       (40749, 246, '12', 1, 113000000, 950, 2, 3, 1),
       (40750, 246, '13', 2, 174000000, 2070, 3, 3, 1),
       (40751, 246, '14', 3, 93000000, 1560, 3, 3, 1),
       (40752, 246, '15', 2, 231000000, 2060, 3, 3, 1),
       (40753, 246, '16', 1, 109000000, 1640, 3, 3, 1),
       (40754, 246, '17', 1, 162000000, 2190, 3, 3, 1),
       (40755, 246, '18', 1, 116000000, 1680, 3, 3, 1),
       (40756, 246, '19', 1, 121000000, 1960, 4, 3, 1),
       (40757, 246, '20', 2, 223000000, 1690, 4, 3, 1),
       (40758, 246, '21', 3, 183000000, 1430, 4, 3, 1),
       (40759, 246, '22', 3, 110000000, 2400, 4, 3, 1),
       (40760, 246, '23', 3, 111000000, 2080, 4, 3, 1),
       (40761, 246, '24', 3, 190000000, 1960, 4, 3, 1),
       (40762, 246, '25', 3, 173000000, 1990, 5, 3, 1),
       (40763, 246, '26', 1, 228000000, 1910, 5, 3, 1),
       (40764, 246, '27', 1, 116000000, 1160, 5, 3, 1),
       (40765, 246, '28', 1, 144000000, 1170, 5, 3, 1),
       (40766, 246, '29', 3, 132000000, 2210, 5, 3, 1),
       (40767, 246, '30', 2, 128000000, 2870, 5, 3, 1),
       (40768, 246, '31', 1, 247000000, 1300, 6, 3, 1),
       (40769, 246, '32', 1, 237000000, 1980, 6, 3, 1),
       (40770, 246, '33', 1, 190000000, 3000, 6, 3, 1),
       (40771, 246, '34', 1, 130000000, 2480, 6, 3, 1),
       (40772, 246, '35', 1, 144000000, 1420, 6, 3, 1),
       (40773, 246, '36', 1, 118000000, 1460, 6, 3, 1),
       (40774, 246, '37', 1, 231000000, 1670, 7, 3, 1),
       (40775, 246, '38', 1, 204000000, 2420, 7, 3, 1),
       (40776, 246, '39', 2, 98000000, 2530, 7, 3, 1),
       (40777, 246, '40', 3, 149000000, 1060, 7, 3, 1),
       (40778, 246, '41', 3, 107000000, 2350, 7, 3, 1),
       (40779, 246, '42', 2, 155000000, 2230, 7, 3, 1),
       (40780, 246, '43', 1, 170000000, 2180, 8, 3, 1),
       (40781, 246, '44', 3, 153000000, 960, 8, 3, 1),
       (40782, 246, '45', 3, 133000000, 1270, 8, 3, 1),
       (40783, 246, '46', 1, 243000000, 930, 8, 3, 1),
       (40784, 246, '47', 3, 189000000, 2780, 8, 3, 1),
       (40785, 246, '48', 1, 119000000, 2720, 8, 3, 1),
       (40786, 246, '49', 1, 233000000, 2170, 9, 3, 1),
       (40787, 246, '50', 1, 203000000, 2200, 9, 3, 1),
       (40788, 246, '51', 3, 250000000, 2500, 9, 3, 1),
       (40789, 246, '52', 1, 154000000, 1410, 9, 3, 1),
       (40790, 246, '53', 1, 150000000, 1780, 9, 3, 1),
       (40791, 246, '54', 1, 93000000, 1300, 9, 3, 1),
       (40792, 246, '55', 1, 166000000, 1040, 10, 3, 1),
       (40793, 246, '56', 2, 133000000, 1720, 10, 3, 1),
       (40794, 246, '57', 3, 148000000, 1260, 10, 3, 1),
       (40795, 246, '58', 3, 124000000, 2730, 10, 3, 1),
       (40796, 246, '59', 2, 244000000, 1150, 10, 3, 1),
       (40797, 246, '60', 3, 211000000, 2460, 10, 3, 1),
       (40798, 246, '61', 3, 217000000, 1870, 11, 3, 1),
       (40799, 246, '62', 3, 193000000, 2510, 11, 3, 1),
       (40800, 246, '63', 2, 122000000, 940, 11, 3, 1),
       (40801, 246, '64', 2, 245000000, 2420, 11, 3, 1),
       (40802, 246, '65', 2, 243000000, 2940, 11, 3, 1),
       (40803, 246, '66', 1, 242000000, 1670, 11, 3, 1),
       (40804, 246, '67', 3, 246000000, 1310, 12, 3, 1),
       (40805, 246, '68', 2, 226000000, 1220, 12, 3, 1),
       (40806, 246, '69', 1, 122000000, 2500, 12, 3, 1),
       (40807, 246, '70', 1, 201000000, 2970, 12, 3, 1),
       (40808, 246, '71', 1, 186000000, 1280, 12, 3, 1),
       (40809, 246, '72', 2, 184000000, 1730, 12, 3, 1),
       (40810, 246, '73', 1, 141000000, 2130, 13, 3, 1),
       (40811, 246, '74', 2, 189000000, 1330, 13, 3, 1),
       (40812, 246, '75', 2, 237000000, 2300, 13, 3, 1),
       (40813, 246, '76', 3, 137000000, 1310, 13, 3, 1),
       (40814, 246, '77', 3, 104000000, 2520, 13, 3, 1),
       (40815, 246, '78', 1, 161000000, 2030, 13, 3, 1),
       (40816, 246, '79', 1, 82000000, 2940, 14, 3, 1),
       (40817, 246, '80', 2, 185000000, 2500, 14, 3, 1),
       (40818, 246, '81', 2, 231000000, 2510, 14, 3, 1),
       (40819, 246, '82', 2, 117000000, 2250, 14, 3, 1),
       (40820, 246, '83', 1, 250000000, 1100, 14, 3, 1),
       (40821, 246, '84', 2, 180000000, 2820, 14, 3, 1),
       (40822, 246, '85', 3, 248000000, 2290, 15, 3, 1),
       (40823, 246, '86', 1, 140000000, 920, 15, 3, 1),
       (40824, 246, '87', 3, 245000000, 1660, 15, 3, 1),
       (40825, 246, '88', 1, 167000000, 1090, 15, 3, 1),
       (40826, 246, '89', 2, 231000000, 2390, 15, 3, 1),
       (40827, 246, '90', 3, 108000000, 1740, 15, 3, 1),
       (40828, 246, '91', 2, 93000000, 2150, 16, 3, 1),
       (40829, 246, '92', 2, 216000000, 1440, 16, 3, 1),
       (40830, 246, '93', 1, 215000000, 2240, 16, 3, 1),
       (40831, 246, '94', 3, 105000000, 2890, 16, 3, 1),
       (40832, 246, '95', 1, 144000000, 2120, 16, 3, 1),
       (40833, 246, '96', 3, 235000000, 1960, 16, 3, 1),
       (40834, 246, '97', 1, 131000000, 2190, 17, 3, 1),
       (40835, 246, '98', 3, 84000000, 920, 17, 3, 1),
       (40836, 246, '99', 2, 239000000, 1680, 17, 3, 1),
       (40837, 246, '100', 3, 112000000, 1320, 17, 3, 1),
       (40838, 246, '101', 1, 95000000, 2900, 17, 3, 1),
       (40839, 246, '102', 2, 187000000, 2130, 17, 3, 1),
       (40840, 246, '103', 2, 204000000, 1940, 18, 3, 1),
       (40841, 246, '104', 2, 126000000, 2740, 18, 3, 1),
       (40842, 246, '105', 3, 102000000, 1560, 18, 3, 1),
       (40843, 246, '106', 2, 204000000, 1720, 18, 3, 1),
       (40844, 246, '107', 2, 198000000, 1770, 18, 3, 1),
       (40845, 246, '108', 3, 102000000, 2430, 18, 3, 1),
       (40846, 246, '109', 1, 107000000, 1910, 19, 3, 1),
       (40847, 246, '110', 2, 102000000, 2890, 19, 3, 1),
       (40848, 246, '111', 1, 85000000, 1920, 19, 3, 1),
       (40849, 246, '112', 1, 236000000, 1790, 19, 3, 1),
       (40850, 246, '113', 3, 225000000, 2870, 19, 3, 1),
       (40851, 246, '114', 3, 217000000, 1480, 19, 3, 1),
       (40852, 246, '115', 1, 93000000, 2570, 20, 3, 1),
       (40853, 246, '116', 1, 247000000, 2330, 20, 3, 1),
       (40854, 246, '117', 3, 176000000, 2180, 20, 3, 1),
       (40855, 246, '118', 2, 125000000, 1870, 20, 3, 1),
       (40856, 246, '119', 1, 172000000, 1360, 20, 3, 1),
       (40857, 246, '120', 3, 179000000, 1460, 20, 3, 1),
       (40858, 246, '121', 3, 117000000, 2990, 21, 3, 1),
       (40859, 246, '122', 2, 85000000, 1880, 21, 3, 1),
       (40860, 246, '123', 3, 232000000, 2280, 21, 3, 1),
       (40861, 246, '124', 3, 82000000, 2440, 21, 3, 1),
       (40862, 246, '125', 3, 149000000, 1480, 21, 3, 1),
       (40863, 246, '126', 3, 165000000, 2200, 21, 3, 1),
       (40864, 246, '127', 1, 181000000, 950, 22, 3, 1),
       (40865, 246, '128', 3, 246000000, 2110, 22, 3, 1),
       (40866, 246, '129', 2, 136000000, 2930, 22, 3, 1),
       (40867, 246, '130', 1, 213000000, 2820, 22, 3, 1),
       (40868, 246, '131', 1, 136000000, 2020, 22, 3, 1),
       (40869, 246, '132', 3, 100000000, 1290, 22, 3, 1),
       (40870, 246, '133', 1, 167000000, 2290, 23, 3, 1),
       (40871, 246, '134', 1, 139000000, 1250, 23, 3, 1),
       (40872, 246, '135', 3, 238000000, 1950, 23, 3, 1),
       (40873, 246, '136', 1, 238000000, 2550, 23, 3, 1),
       (40874, 246, '137', 3, 248000000, 2990, 23, 3, 1),
       (40875, 246, '138', 2, 115000000, 2470, 23, 3, 1),
       (40876, 246, '139', 1, 96000000, 1040, 24, 3, 1),
       (40877, 246, '140', 2, 84000000, 2760, 24, 3, 1),
       (40878, 246, '141', 2, 223000000, 1430, 24, 3, 1),
       (40879, 246, '142', 1, 250000000, 1750, 24, 3, 1),
       (40880, 246, '143', 1, 202000000, 1690, 24, 3, 1),
       (40881, 246, '144', 1, 195000000, 930, 24, 3, 1),
       (40882, 246, '145', 2, 190000000, 2080, 25, 3, 1),
       (40883, 246, '146', 3, 94000000, 1120, 25, 3, 1),
       (40884, 246, '147', 2, 174000000, 1750, 25, 3, 1),
       (40885, 246, '148', 3, 117000000, 1620, 25, 3, 1),
       (40886, 246, '149', 3, 224000000, 2190, 25, 3, 1),
       (40887, 246, '150', 2, 124000000, 2060, 25, 3, 1),
       (40888, 246, '151', 3, 224000000, 2860, 26, 3, 1),
       (40889, 246, '152', 2, 105000000, 1370, 26, 3, 1),
       (40890, 246, '153', 2, 229000000, 2440, 26, 3, 1),
       (40891, 246, '154', 1, 118000000, 1050, 26, 3, 1),
       (40892, 246, '155', 1, 128000000, 2520, 26, 3, 1),
       (40893, 246, '156', 3, 186000000, 1430, 26, 3, 1),
       (40894, 246, '157', 1, 211000000, 2010, 27, 3, 1),
       (40895, 246, '158', 3, 142000000, 1900, 27, 3, 1),
       (40896, 246, '159', 3, 192000000, 1780, 27, 3, 1),
       (40897, 246, '160', 2, 239000000, 1370, 27, 3, 1),
       (40898, 246, '161', 1, 144000000, 1900, 27, 3, 1),
       (40899, 246, '162', 1, 188000000, 2530, 27, 3, 1),
       (40900, 246, '163', 3, 242000000, 2300, 28, 3, 1),
       (40901, 246, '164', 3, 212000000, 2250, 28, 3, 1),
       (40902, 246, '165', 1, 238000000, 1240, 28, 3, 1),
       (40903, 246, '166', 2, 218000000, 3000, 28, 3, 1),
       (40904, 246, '167', 1, 227000000, 2630, 28, 3, 1),
       (40905, 246, '168', 3, 203000000, 900, 28, 3, 1),
       (40906, 246, '169', 2, 148000000, 1850, 29, 3, 1),
       (40907, 246, '170', 1, 203000000, 1120, 29, 3, 1),
       (40908, 246, '171', 1, 168000000, 2900, 29, 3, 1),
       (40909, 246, '172', 3, 229000000, 1340, 29, 3, 1),
       (40910, 246, '173', 1, 80000000, 1440, 29, 3, 1),
       (40911, 246, '174', 3, 246000000, 1150, 29, 3, 1);
insert into real_estate_building (id, address, complex_id, floor_count, dev_id)
values (247, 'г. Москва, ул. Васильевская, д. 24', 11, 29, 11);
insert into real_estate_object (id, building_id ,local_address, places, price, area, floor, type, estate_type)
values (40912, 247, '1', 2, 80000000, 1820, 1, 3, 1),
       (40913, 247, '2', 3, 127000000, 2860, 1, 3, 1),
       (40914, 247, '3', 3, 206000000, 1580, 1, 3, 1),
       (40915, 247, '4', 1, 126000000, 1700, 1, 3, 1),
       (40916, 247, '5', 3, 89000000, 1090, 1, 3, 1),
       (40917, 247, '6', 1, 139000000, 2810, 1, 3, 1),
       (40918, 247, '7', 1, 185000000, 2290, 2, 3, 1),
       (40919, 247, '8', 2, 90000000, 1340, 2, 3, 1),
       (40920, 247, '9', 3, 100000000, 2410, 2, 3, 1),
       (40921, 247, '10', 1, 221000000, 1650, 2, 3, 1),
       (40922, 247, '11', 3, 157000000, 2970, 2, 3, 1),
       (40923, 247, '12', 3, 147000000, 980, 2, 3, 1),
       (40924, 247, '13', 2, 139000000, 2950, 3, 3, 1),
       (40925, 247, '14', 3, 235000000, 2500, 3, 3, 1),
       (40926, 247, '15', 3, 174000000, 940, 3, 3, 1),
       (40927, 247, '16', 1, 246000000, 2030, 3, 3, 1),
       (40928, 247, '17', 3, 176000000, 1670, 3, 3, 1),
       (40929, 247, '18', 1, 204000000, 2370, 3, 3, 1),
       (40930, 247, '19', 1, 208000000, 1980, 4, 3, 1),
       (40931, 247, '20', 3, 174000000, 2370, 4, 3, 1),
       (40932, 247, '21', 3, 131000000, 2430, 4, 3, 1),
       (40933, 247, '22', 2, 138000000, 2090, 4, 3, 1),
       (40934, 247, '23', 2, 133000000, 1210, 4, 3, 1),
       (40935, 247, '24', 1, 154000000, 1830, 4, 3, 1),
       (40936, 247, '25', 3, 114000000, 1370, 5, 3, 1),
       (40937, 247, '26', 3, 246000000, 1800, 5, 3, 1),
       (40938, 247, '27', 2, 243000000, 2600, 5, 3, 1),
       (40939, 247, '28', 3, 121000000, 1180, 5, 3, 1),
       (40940, 247, '29', 3, 142000000, 1350, 5, 3, 1),
       (40941, 247, '30', 1, 130000000, 2390, 5, 3, 1),
       (40942, 247, '31', 2, 109000000, 2210, 6, 3, 1),
       (40943, 247, '32', 2, 192000000, 2630, 6, 3, 1),
       (40944, 247, '33', 3, 155000000, 1030, 6, 3, 1),
       (40945, 247, '34', 2, 141000000, 2630, 6, 3, 1),
       (40946, 247, '35', 3, 223000000, 1000, 6, 3, 1),
       (40947, 247, '36', 1, 157000000, 1140, 6, 3, 1),
       (40948, 247, '37', 2, 210000000, 1090, 7, 3, 1),
       (40949, 247, '38', 2, 241000000, 2500, 7, 3, 1),
       (40950, 247, '39', 2, 108000000, 2800, 7, 3, 1),
       (40951, 247, '40', 2, 111000000, 2820, 7, 3, 1),
       (40952, 247, '41', 3, 111000000, 2550, 7, 3, 1),
       (40953, 247, '42', 3, 188000000, 1820, 7, 3, 1),
       (40954, 247, '43', 3, 128000000, 1100, 8, 3, 1),
       (40955, 247, '44', 2, 194000000, 2410, 8, 3, 1),
       (40956, 247, '45', 2, 168000000, 2660, 8, 3, 1),
       (40957, 247, '46', 2, 223000000, 2250, 8, 3, 1),
       (40958, 247, '47', 2, 144000000, 1500, 8, 3, 1),
       (40959, 247, '48', 1, 242000000, 1290, 8, 3, 1),
       (40960, 247, '49', 3, 115000000, 1150, 9, 3, 1),
       (40961, 247, '50', 1, 157000000, 2900, 9, 3, 1),
       (40962, 247, '51', 1, 132000000, 930, 9, 3, 1),
       (40963, 247, '52', 1, 125000000, 2890, 9, 3, 1),
       (40964, 247, '53', 3, 250000000, 2690, 9, 3, 1),
       (40965, 247, '54', 1, 184000000, 1200, 9, 3, 1),
       (40966, 247, '55', 3, 172000000, 2120, 10, 3, 1),
       (40967, 247, '56', 3, 160000000, 2970, 10, 3, 1),
       (40968, 247, '57', 2, 110000000, 1590, 10, 3, 1),
       (40969, 247, '58', 2, 227000000, 2500, 10, 3, 1),
       (40970, 247, '59', 2, 90000000, 1790, 10, 3, 1),
       (40971, 247, '60', 1, 99000000, 1450, 10, 3, 1),
       (40972, 247, '61', 1, 149000000, 1330, 11, 3, 1),
       (40973, 247, '62', 1, 212000000, 1590, 11, 3, 1),
       (40974, 247, '63', 2, 166000000, 3000, 11, 3, 1),
       (40975, 247, '64', 1, 216000000, 1570, 11, 3, 1),
       (40976, 247, '65', 3, 128000000, 1110, 11, 3, 1),
       (40977, 247, '66', 2, 197000000, 1930, 11, 3, 1),
       (40978, 247, '67', 2, 179000000, 2030, 12, 3, 1),
       (40979, 247, '68', 1, 222000000, 2190, 12, 3, 1),
       (40980, 247, '69', 1, 80000000, 2810, 12, 3, 1),
       (40981, 247, '70', 2, 97000000, 1050, 12, 3, 1),
       (40982, 247, '71', 2, 241000000, 1890, 12, 3, 1),
       (40983, 247, '72', 2, 237000000, 2740, 12, 3, 1),
       (40984, 247, '73', 2, 104000000, 1430, 13, 3, 1),
       (40985, 247, '74', 2, 104000000, 3000, 13, 3, 1),
       (40986, 247, '75', 3, 144000000, 2810, 13, 3, 1),
       (40987, 247, '76', 3, 148000000, 1940, 13, 3, 1),
       (40988, 247, '77', 1, 209000000, 2620, 13, 3, 1),
       (40989, 247, '78', 1, 143000000, 2280, 13, 3, 1),
       (40990, 247, '79', 3, 185000000, 1420, 14, 3, 1),
       (40991, 247, '80', 2, 121000000, 2400, 14, 3, 1),
       (40992, 247, '81', 2, 167000000, 2580, 14, 3, 1),
       (40993, 247, '82', 1, 217000000, 2320, 14, 3, 1),
       (40994, 247, '83', 2, 157000000, 1110, 14, 3, 1),
       (40995, 247, '84', 2, 161000000, 1210, 14, 3, 1),
       (40996, 247, '85', 1, 112000000, 2870, 15, 3, 1),
       (40997, 247, '86', 3, 204000000, 2870, 15, 3, 1),
       (40998, 247, '87', 2, 121000000, 1250, 15, 3, 1),
       (40999, 247, '88', 2, 95000000, 2670, 15, 3, 1),
       (41000, 247, '89', 1, 122000000, 2540, 15, 3, 1),
       (41001, 247, '90', 3, 248000000, 920, 15, 3, 1),
       (41002, 247, '91', 3, 133000000, 2510, 16, 3, 1),
       (41003, 247, '92', 2, 175000000, 990, 16, 3, 1),
       (41004, 247, '93', 2, 126000000, 2410, 16, 3, 1),
       (41005, 247, '94', 1, 87000000, 1440, 16, 3, 1),
       (41006, 247, '95', 3, 235000000, 1040, 16, 3, 1),
       (41007, 247, '96', 2, 168000000, 940, 16, 3, 1),
       (41008, 247, '97', 1, 202000000, 2680, 17, 3, 1),
       (41009, 247, '98', 1, 249000000, 1920, 17, 3, 1),
       (41010, 247, '99', 1, 228000000, 2940, 17, 3, 1),
       (41011, 247, '100', 3, 174000000, 2280, 17, 3, 1),
       (41012, 247, '101', 3, 155000000, 1400, 17, 3, 1),
       (41013, 247, '102', 1, 234000000, 2800, 17, 3, 1),
       (41014, 247, '103', 3, 166000000, 2800, 18, 3, 1),
       (41015, 247, '104', 1, 80000000, 1050, 18, 3, 1),
       (41016, 247, '105', 2, 217000000, 2230, 18, 3, 1),
       (41017, 247, '106', 3, 190000000, 2930, 18, 3, 1),
       (41018, 247, '107', 2, 111000000, 1850, 18, 3, 1),
       (41019, 247, '108', 3, 115000000, 2390, 18, 3, 1),
       (41020, 247, '109', 3, 116000000, 2710, 19, 3, 1),
       (41021, 247, '110', 3, 117000000, 1090, 19, 3, 1),
       (41022, 247, '111', 1, 208000000, 2850, 19, 3, 1),
       (41023, 247, '112', 3, 112000000, 3000, 19, 3, 1),
       (41024, 247, '113', 2, 89000000, 1200, 19, 3, 1),
       (41025, 247, '114', 3, 171000000, 2580, 19, 3, 1),
       (41026, 247, '115', 1, 202000000, 2420, 20, 3, 1),
       (41027, 247, '116', 3, 154000000, 2360, 20, 3, 1),
       (41028, 247, '117', 1, 144000000, 2040, 20, 3, 1),
       (41029, 247, '118', 2, 145000000, 2610, 20, 3, 1),
       (41030, 247, '119', 1, 237000000, 1340, 20, 3, 1),
       (41031, 247, '120', 2, 237000000, 1160, 20, 3, 1),
       (41032, 247, '121', 1, 133000000, 2200, 21, 3, 1),
       (41033, 247, '122', 3, 135000000, 1750, 21, 3, 1),
       (41034, 247, '123', 3, 122000000, 2430, 21, 3, 1),
       (41035, 247, '124', 1, 119000000, 1150, 21, 3, 1),
       (41036, 247, '125', 3, 218000000, 2750, 21, 3, 1),
       (41037, 247, '126', 1, 236000000, 2840, 21, 3, 1),
       (41038, 247, '127', 2, 152000000, 2220, 22, 3, 1),
       (41039, 247, '128', 1, 249000000, 2100, 22, 3, 1),
       (41040, 247, '129', 3, 87000000, 1940, 22, 3, 1),
       (41041, 247, '130', 3, 240000000, 1020, 22, 3, 1),
       (41042, 247, '131', 2, 206000000, 1150, 22, 3, 1),
       (41043, 247, '132', 3, 214000000, 1480, 22, 3, 1),
       (41044, 247, '133', 3, 83000000, 2010, 23, 3, 1),
       (41045, 247, '134', 3, 164000000, 1260, 23, 3, 1),
       (41046, 247, '135', 1, 200000000, 2200, 23, 3, 1),
       (41047, 247, '136', 3, 105000000, 2460, 23, 3, 1),
       (41048, 247, '137', 2, 189000000, 1680, 23, 3, 1),
       (41049, 247, '138', 1, 226000000, 2170, 23, 3, 1),
       (41050, 247, '139', 1, 103000000, 2110, 24, 3, 1),
       (41051, 247, '140', 3, 234000000, 1910, 24, 3, 1),
       (41052, 247, '141', 1, 181000000, 2780, 24, 3, 1),
       (41053, 247, '142', 3, 177000000, 1810, 24, 3, 1),
       (41054, 247, '143', 2, 171000000, 2310, 24, 3, 1),
       (41055, 247, '144', 1, 228000000, 1640, 24, 3, 1),
       (41056, 247, '145', 1, 130000000, 2910, 25, 3, 1),
       (41057, 247, '146', 2, 201000000, 2260, 25, 3, 1),
       (41058, 247, '147', 3, 210000000, 2330, 25, 3, 1),
       (41059, 247, '148', 1, 180000000, 1760, 25, 3, 1),
       (41060, 247, '149', 3, 175000000, 1680, 25, 3, 1),
       (41061, 247, '150', 1, 247000000, 1160, 25, 3, 1),
       (41062, 247, '151', 1, 83000000, 1370, 26, 3, 1),
       (41063, 247, '152', 3, 139000000, 1050, 26, 3, 1),
       (41064, 247, '153', 3, 227000000, 1690, 26, 3, 1),
       (41065, 247, '154', 2, 205000000, 2870, 26, 3, 1),
       (41066, 247, '155', 1, 162000000, 1810, 26, 3, 1),
       (41067, 247, '156', 3, 239000000, 2440, 26, 3, 1),
       (41068, 247, '157', 2, 122000000, 1880, 27, 3, 1),
       (41069, 247, '158', 3, 138000000, 2520, 27, 3, 1),
       (41070, 247, '159', 2, 134000000, 1470, 27, 3, 1),
       (41071, 247, '160', 2, 248000000, 1420, 27, 3, 1),
       (41072, 247, '161', 3, 248000000, 2290, 27, 3, 1),
       (41073, 247, '162', 1, 166000000, 1990, 27, 3, 1),
       (41074, 247, '163', 2, 141000000, 1200, 28, 3, 1),
       (41075, 247, '164', 1, 81000000, 1090, 28, 3, 1),
       (41076, 247, '165', 1, 216000000, 1210, 28, 3, 1),
       (41077, 247, '166', 1, 178000000, 2570, 28, 3, 1),
       (41078, 247, '167', 2, 90000000, 2960, 28, 3, 1),
       (41079, 247, '168', 2, 189000000, 2300, 28, 3, 1),
       (41080, 247, '169', 2, 155000000, 2040, 29, 3, 1),
       (41081, 247, '170', 3, 162000000, 2570, 29, 3, 1),
       (41082, 247, '171', 3, 161000000, 1880, 29, 3, 1),
       (41083, 247, '172', 3, 109000000, 1140, 29, 3, 1),
       (41084, 247, '173', 3, 189000000, 2970, 29, 3, 1),
       (41085, 247, '174', 1, 180000000, 1220, 29, 3, 1);
insert into real_estate_building (id, address, complex_id, floor_count, dev_id)
values (248, 'г. Москва, ул. Васильевская, д. 25', 11, 28, 11);
insert into real_estate_object (id, building_id ,local_address, places, price, area, floor, type, estate_type)
values (41086, 248, '1', 3, 164000000, 1610, 1, 3, 1),
       (41087, 248, '2', 3, 178000000, 1160, 1, 3, 1),
       (41088, 248, '3', 1, 215000000, 2610, 1, 3, 1),
       (41089, 248, '4', 1, 205000000, 2630, 1, 3, 1),
       (41090, 248, '5', 1, 237000000, 1100, 1, 3, 1),
       (41091, 248, '6', 3, 209000000, 2610, 1, 3, 1),
       (41092, 248, '7', 3, 233000000, 2790, 2, 3, 1),
       (41093, 248, '8', 1, 213000000, 2300, 2, 3, 1),
       (41094, 248, '9', 3, 98000000, 1660, 2, 3, 1),
       (41095, 248, '10', 2, 249000000, 1960, 2, 3, 1),
       (41096, 248, '11', 2, 179000000, 1390, 2, 3, 1),
       (41097, 248, '12', 3, 101000000, 2700, 2, 3, 1),
       (41098, 248, '13', 1, 184000000, 2950, 3, 3, 1),
       (41099, 248, '14', 3, 169000000, 2260, 3, 3, 1),
       (41100, 248, '15', 1, 161000000, 1810, 3, 3, 1),
       (41101, 248, '16', 2, 123000000, 2080, 3, 3, 1),
       (41102, 248, '17', 3, 130000000, 1670, 3, 3, 1),
       (41103, 248, '18', 1, 233000000, 1890, 3, 3, 1),
       (41104, 248, '19', 3, 249000000, 2720, 4, 3, 1),
       (41105, 248, '20', 1, 87000000, 1410, 4, 3, 1),
       (41106, 248, '21', 2, 100000000, 1580, 4, 3, 1),
       (41107, 248, '22', 1, 139000000, 2960, 4, 3, 1),
       (41108, 248, '23', 3, 86000000, 1060, 4, 3, 1),
       (41109, 248, '24', 1, 93000000, 980, 4, 3, 1),
       (41110, 248, '25', 2, 184000000, 2040, 5, 3, 1),
       (41111, 248, '26', 3, 248000000, 1950, 5, 3, 1),
       (41112, 248, '27', 1, 195000000, 1700, 5, 3, 1),
       (41113, 248, '28', 1, 224000000, 960, 5, 3, 1),
       (41114, 248, '29', 1, 222000000, 2820, 5, 3, 1),
       (41115, 248, '30', 1, 106000000, 2360, 5, 3, 1),
       (41116, 248, '31', 1, 126000000, 2650, 6, 3, 1),
       (41117, 248, '32', 2, 250000000, 2450, 6, 3, 1),
       (41118, 248, '33', 2, 89000000, 2980, 6, 3, 1),
       (41119, 248, '34', 1, 127000000, 2010, 6, 3, 1),
       (41120, 248, '35', 1, 229000000, 1310, 6, 3, 1),
       (41121, 248, '36', 2, 131000000, 1720, 6, 3, 1),
       (41122, 248, '37', 3, 243000000, 1670, 7, 3, 1),
       (41123, 248, '38', 3, 247000000, 2910, 7, 3, 1),
       (41124, 248, '39', 3, 245000000, 1190, 7, 3, 1),
       (41125, 248, '40', 3, 138000000, 1830, 7, 3, 1),
       (41126, 248, '41', 2, 162000000, 1940, 7, 3, 1),
       (41127, 248, '42', 2, 246000000, 2390, 7, 3, 1),
       (41128, 248, '43', 3, 146000000, 2610, 8, 3, 1),
       (41129, 248, '44', 3, 142000000, 1150, 8, 3, 1),
       (41130, 248, '45', 3, 246000000, 1000, 8, 3, 1),
       (41131, 248, '46', 3, 183000000, 2260, 8, 3, 1),
       (41132, 248, '47', 1, 243000000, 1990, 8, 3, 1),
       (41133, 248, '48', 2, 147000000, 1580, 8, 3, 1),
       (41134, 248, '49', 1, 129000000, 1870, 9, 3, 1),
       (41135, 248, '50', 3, 80000000, 2450, 9, 3, 1),
       (41136, 248, '51', 2, 148000000, 1780, 9, 3, 1),
       (41137, 248, '52', 2, 112000000, 2630, 9, 3, 1),
       (41138, 248, '53', 2, 114000000, 1840, 9, 3, 1),
       (41139, 248, '54', 1, 247000000, 1190, 9, 3, 1),
       (41140, 248, '55', 2, 130000000, 1540, 10, 3, 1),
       (41141, 248, '56', 2, 116000000, 2130, 10, 3, 1),
       (41142, 248, '57', 2, 125000000, 1020, 10, 3, 1),
       (41143, 248, '58', 3, 121000000, 1700, 10, 3, 1),
       (41144, 248, '59', 1, 227000000, 2810, 10, 3, 1),
       (41145, 248, '60', 3, 184000000, 2950, 10, 3, 1),
       (41146, 248, '61', 3, 132000000, 1260, 11, 3, 1),
       (41147, 248, '62', 2, 131000000, 2900, 11, 3, 1),
       (41148, 248, '63', 3, 158000000, 2390, 11, 3, 1),
       (41149, 248, '64', 1, 86000000, 1340, 11, 3, 1),
       (41150, 248, '65', 2, 203000000, 1750, 11, 3, 1),
       (41151, 248, '66', 1, 226000000, 2050, 11, 3, 1),
       (41152, 248, '67', 1, 207000000, 2600, 12, 3, 1),
       (41153, 248, '68', 1, 221000000, 2460, 12, 3, 1),
       (41154, 248, '69', 3, 224000000, 2480, 12, 3, 1),
       (41155, 248, '70', 2, 215000000, 960, 12, 3, 1),
       (41156, 248, '71', 2, 142000000, 1650, 12, 3, 1),
       (41157, 248, '72', 1, 250000000, 1320, 12, 3, 1),
       (41158, 248, '73', 1, 103000000, 940, 13, 3, 1),
       (41159, 248, '74', 3, 120000000, 2520, 13, 3, 1),
       (41160, 248, '75', 1, 97000000, 900, 13, 3, 1),
       (41161, 248, '76', 3, 209000000, 2540, 13, 3, 1),
       (41162, 248, '77', 2, 181000000, 1500, 13, 3, 1),
       (41163, 248, '78', 1, 216000000, 2910, 13, 3, 1),
       (41164, 248, '79', 3, 131000000, 2120, 14, 3, 1),
       (41165, 248, '80', 1, 225000000, 2780, 14, 3, 1),
       (41166, 248, '81', 1, 95000000, 2610, 14, 3, 1),
       (41167, 248, '82', 3, 150000000, 1070, 14, 3, 1),
       (41168, 248, '83', 2, 90000000, 1470, 14, 3, 1),
       (41169, 248, '84', 3, 125000000, 2690, 14, 3, 1),
       (41170, 248, '85', 2, 191000000, 910, 15, 3, 1),
       (41171, 248, '86', 2, 147000000, 1110, 15, 3, 1),
       (41172, 248, '87', 2, 226000000, 1210, 15, 3, 1),
       (41173, 248, '88', 2, 196000000, 2520, 15, 3, 1),
       (41174, 248, '89', 3, 194000000, 2320, 15, 3, 1),
       (41175, 248, '90', 3, 199000000, 1340, 15, 3, 1),
       (41176, 248, '91', 1, 170000000, 1480, 16, 3, 1),
       (41177, 248, '92', 1, 115000000, 1960, 16, 3, 1),
       (41178, 248, '93', 3, 96000000, 1830, 16, 3, 1),
       (41179, 248, '94', 1, 101000000, 1750, 16, 3, 1),
       (41180, 248, '95', 2, 115000000, 1440, 16, 3, 1),
       (41181, 248, '96', 3, 211000000, 2470, 16, 3, 1),
       (41182, 248, '97', 1, 103000000, 1200, 17, 3, 1),
       (41183, 248, '98', 2, 183000000, 2580, 17, 3, 1),
       (41184, 248, '99', 3, 93000000, 1860, 17, 3, 1),
       (41185, 248, '100', 3, 93000000, 1210, 17, 3, 1),
       (41186, 248, '101', 1, 226000000, 1050, 17, 3, 1),
       (41187, 248, '102', 1, 136000000, 1210, 17, 3, 1),
       (41188, 248, '103', 1, 134000000, 1230, 18, 3, 1),
       (41189, 248, '104', 1, 196000000, 1400, 18, 3, 1),
       (41190, 248, '105', 2, 215000000, 2810, 18, 3, 1),
       (41191, 248, '106', 2, 229000000, 980, 18, 3, 1),
       (41192, 248, '107', 1, 117000000, 2960, 18, 3, 1),
       (41193, 248, '108', 3, 143000000, 1940, 18, 3, 1),
       (41194, 248, '109', 3, 194000000, 1830, 19, 3, 1),
       (41195, 248, '110', 3, 233000000, 1860, 19, 3, 1),
       (41196, 248, '111', 2, 116000000, 2380, 19, 3, 1),
       (41197, 248, '112', 2, 81000000, 2240, 19, 3, 1),
       (41198, 248, '113', 1, 194000000, 2580, 19, 3, 1),
       (41199, 248, '114', 2, 88000000, 2090, 19, 3, 1),
       (41200, 248, '115', 3, 84000000, 1310, 20, 3, 1),
       (41201, 248, '116', 2, 229000000, 990, 20, 3, 1),
       (41202, 248, '117', 2, 215000000, 1490, 20, 3, 1),
       (41203, 248, '118', 3, 113000000, 1920, 20, 3, 1),
       (41204, 248, '119', 3, 145000000, 2920, 20, 3, 1),
       (41205, 248, '120', 2, 207000000, 1670, 20, 3, 1),
       (41206, 248, '121', 2, 226000000, 1180, 21, 3, 1),
       (41207, 248, '122', 3, 211000000, 2430, 21, 3, 1),
       (41208, 248, '123', 3, 126000000, 2730, 21, 3, 1),
       (41209, 248, '124', 2, 115000000, 1100, 21, 3, 1),
       (41210, 248, '125', 2, 225000000, 1320, 21, 3, 1),
       (41211, 248, '126', 3, 100000000, 1770, 21, 3, 1),
       (41212, 248, '127', 1, 117000000, 2300, 22, 3, 1),
       (41213, 248, '128', 1, 237000000, 1060, 22, 3, 1),
       (41214, 248, '129', 2, 233000000, 2930, 22, 3, 1),
       (41215, 248, '130', 3, 103000000, 2190, 22, 3, 1),
       (41216, 248, '131', 1, 86000000, 1380, 22, 3, 1),
       (41217, 248, '132', 1, 149000000, 1740, 22, 3, 1),
       (41218, 248, '133', 1, 155000000, 2110, 23, 3, 1),
       (41219, 248, '134', 3, 173000000, 1410, 23, 3, 1),
       (41220, 248, '135', 1, 119000000, 2610, 23, 3, 1),
       (41221, 248, '136', 1, 179000000, 1910, 23, 3, 1),
       (41222, 248, '137', 3, 132000000, 1050, 23, 3, 1),
       (41223, 248, '138', 1, 234000000, 1770, 23, 3, 1),
       (41224, 248, '139', 3, 117000000, 2340, 24, 3, 1),
       (41225, 248, '140', 3, 206000000, 2100, 24, 3, 1),
       (41226, 248, '141', 2, 203000000, 2920, 24, 3, 1),
       (41227, 248, '142', 2, 197000000, 950, 24, 3, 1),
       (41228, 248, '143', 2, 162000000, 1010, 24, 3, 1),
       (41229, 248, '144', 2, 163000000, 940, 24, 3, 1),
       (41230, 248, '145', 2, 105000000, 1430, 25, 3, 1),
       (41231, 248, '146', 2, 223000000, 1480, 25, 3, 1),
       (41232, 248, '147', 3, 244000000, 2110, 25, 3, 1),
       (41233, 248, '148', 2, 218000000, 1540, 25, 3, 1),
       (41234, 248, '149', 1, 80000000, 1600, 25, 3, 1),
       (41235, 248, '150', 3, 84000000, 1470, 25, 3, 1),
       (41236, 248, '151', 3, 171000000, 1280, 26, 3, 1),
       (41237, 248, '152', 1, 105000000, 1390, 26, 3, 1),
       (41238, 248, '153', 3, 136000000, 2020, 26, 3, 1),
       (41239, 248, '154', 1, 110000000, 1570, 26, 3, 1),
       (41240, 248, '155', 2, 223000000, 1990, 26, 3, 1),
       (41241, 248, '156', 2, 186000000, 920, 26, 3, 1),
       (41242, 248, '157', 3, 164000000, 2540, 27, 3, 1),
       (41243, 248, '158', 1, 111000000, 2890, 27, 3, 1),
       (41244, 248, '159', 1, 80000000, 2460, 27, 3, 1),
       (41245, 248, '160', 1, 196000000, 1420, 27, 3, 1),
       (41246, 248, '161', 1, 243000000, 2940, 27, 3, 1),
       (41247, 248, '162', 2, 161000000, 2260, 27, 3, 1),
       (41248, 248, '163', 3, 242000000, 1680, 28, 3, 1),
       (41249, 248, '164', 2, 245000000, 2450, 28, 3, 1),
       (41250, 248, '165', 2, 123000000, 1540, 28, 3, 1),
       (41251, 248, '166', 3, 157000000, 1800, 28, 3, 1),
       (41252, 248, '167', 2, 172000000, 1640, 28, 3, 1),
       (41253, 248, '168', 2, 186000000, 2900, 28, 3, 1);
insert into real_estate_building (id, address, complex_id, floor_count, dev_id)
values (249, 'г. Москва, ул. Васильевская, д. 26', 11, 22, 11);
insert into real_estate_object (id, building_id ,local_address, places, price, area, floor, type, estate_type)
values (41254, 249, '1', 2, 120000000, 1950, 1, 3, 1),
       (41255, 249, '2', 3, 137000000, 2640, 1, 3, 1),
       (41256, 249, '3', 2, 225000000, 1130, 1, 3, 1),
       (41257, 249, '4', 3, 214000000, 2910, 1, 3, 1),
       (41258, 249, '5', 1, 120000000, 2800, 1, 3, 1),
       (41259, 249, '6', 2, 204000000, 1990, 1, 3, 1),
       (41260, 249, '7', 3, 177000000, 2160, 2, 3, 1),
       (41261, 249, '8', 3, 134000000, 2330, 2, 3, 1),
       (41262, 249, '9', 2, 234000000, 2310, 2, 3, 1),
       (41263, 249, '10', 2, 124000000, 2840, 2, 3, 1),
       (41264, 249, '11', 3, 112000000, 2130, 2, 3, 1),
       (41265, 249, '12', 2, 243000000, 1870, 2, 3, 1),
       (41266, 249, '13', 1, 250000000, 2570, 3, 3, 1),
       (41267, 249, '14', 3, 116000000, 1980, 3, 3, 1),
       (41268, 249, '15', 3, 145000000, 2240, 3, 3, 1),
       (41269, 249, '16', 1, 96000000, 2520, 3, 3, 1),
       (41270, 249, '17', 3, 193000000, 910, 3, 3, 1),
       (41271, 249, '18', 3, 89000000, 1460, 3, 3, 1),
       (41272, 249, '19', 1, 238000000, 2910, 4, 3, 1),
       (41273, 249, '20', 1, 145000000, 2850, 4, 3, 1),
       (41274, 249, '21', 3, 198000000, 980, 4, 3, 1),
       (41275, 249, '22', 1, 173000000, 1590, 4, 3, 1),
       (41276, 249, '23', 1, 208000000, 1450, 4, 3, 1),
       (41277, 249, '24', 2, 197000000, 1750, 4, 3, 1),
       (41278, 249, '25', 3, 141000000, 2560, 5, 3, 1),
       (41279, 249, '26', 2, 161000000, 1300, 5, 3, 1),
       (41280, 249, '27', 2, 242000000, 1910, 5, 3, 1),
       (41281, 249, '28', 2, 103000000, 1180, 5, 3, 1),
       (41282, 249, '29', 3, 238000000, 1300, 5, 3, 1),
       (41283, 249, '30', 1, 92000000, 2750, 5, 3, 1),
       (41284, 249, '31', 2, 96000000, 2730, 6, 3, 1),
       (41285, 249, '32', 1, 105000000, 2940, 6, 3, 1),
       (41286, 249, '33', 1, 127000000, 2820, 6, 3, 1),
       (41287, 249, '34', 1, 221000000, 1480, 6, 3, 1),
       (41288, 249, '35', 3, 90000000, 2210, 6, 3, 1),
       (41289, 249, '36', 2, 124000000, 1010, 6, 3, 1),
       (41290, 249, '37', 3, 144000000, 1770, 7, 3, 1),
       (41291, 249, '38', 1, 211000000, 2110, 7, 3, 1),
       (41292, 249, '39', 2, 224000000, 2860, 7, 3, 1),
       (41293, 249, '40', 3, 144000000, 1110, 7, 3, 1),
       (41294, 249, '41', 2, 239000000, 1590, 7, 3, 1),
       (41295, 249, '42', 2, 152000000, 1670, 7, 3, 1),
       (41296, 249, '43', 1, 219000000, 2370, 8, 3, 1),
       (41297, 249, '44', 1, 111000000, 1600, 8, 3, 1),
       (41298, 249, '45', 3, 115000000, 2040, 8, 3, 1),
       (41299, 249, '46', 3, 158000000, 1280, 8, 3, 1),
       (41300, 249, '47', 2, 140000000, 2650, 8, 3, 1),
       (41301, 249, '48', 1, 150000000, 2360, 8, 3, 1),
       (41302, 249, '49', 1, 142000000, 2900, 9, 3, 1),
       (41303, 249, '50', 3, 215000000, 2090, 9, 3, 1),
       (41304, 249, '51', 3, 207000000, 2240, 9, 3, 1),
       (41305, 249, '52', 3, 246000000, 2340, 9, 3, 1),
       (41306, 249, '53', 3, 159000000, 1700, 9, 3, 1),
       (41307, 249, '54', 2, 196000000, 1010, 9, 3, 1),
       (41308, 249, '55', 3, 222000000, 1540, 10, 3, 1),
       (41309, 249, '56', 3, 121000000, 1230, 10, 3, 1),
       (41310, 249, '57', 1, 237000000, 2970, 10, 3, 1),
       (41311, 249, '58', 1, 229000000, 1200, 10, 3, 1),
       (41312, 249, '59', 3, 184000000, 1190, 10, 3, 1),
       (41313, 249, '60', 2, 220000000, 2570, 10, 3, 1),
       (41314, 249, '61', 3, 97000000, 1080, 11, 3, 1),
       (41315, 249, '62', 1, 201000000, 1470, 11, 3, 1),
       (41316, 249, '63', 3, 116000000, 2020, 11, 3, 1),
       (41317, 249, '64', 2, 221000000, 1180, 11, 3, 1),
       (41318, 249, '65', 1, 218000000, 1950, 11, 3, 1),
       (41319, 249, '66', 1, 113000000, 1460, 11, 3, 1),
       (41320, 249, '67', 2, 153000000, 2030, 12, 3, 1),
       (41321, 249, '68', 2, 177000000, 2510, 12, 3, 1),
       (41322, 249, '69', 2, 139000000, 1070, 12, 3, 1),
       (41323, 249, '70', 1, 246000000, 1370, 12, 3, 1),
       (41324, 249, '71', 3, 156000000, 1930, 12, 3, 1),
       (41325, 249, '72', 2, 211000000, 2690, 12, 3, 1),
       (41326, 249, '73', 1, 124000000, 1520, 13, 3, 1),
       (41327, 249, '74', 3, 244000000, 2880, 13, 3, 1),
       (41328, 249, '75', 1, 180000000, 1800, 13, 3, 1),
       (41329, 249, '76', 2, 189000000, 1040, 13, 3, 1),
       (41330, 249, '77', 2, 177000000, 1330, 13, 3, 1),
       (41331, 249, '78', 3, 221000000, 2270, 13, 3, 1),
       (41332, 249, '79', 1, 172000000, 1170, 14, 3, 1),
       (41333, 249, '80', 2, 114000000, 1310, 14, 3, 1),
       (41334, 249, '81', 1, 113000000, 1890, 14, 3, 1),
       (41335, 249, '82', 2, 170000000, 1430, 14, 3, 1),
       (41336, 249, '83', 2, 152000000, 2600, 14, 3, 1),
       (41337, 249, '84', 1, 244000000, 1190, 14, 3, 1),
       (41338, 249, '85', 3, 161000000, 2640, 15, 3, 1),
       (41339, 249, '86', 3, 142000000, 1820, 15, 3, 1),
       (41340, 249, '87', 2, 129000000, 1120, 15, 3, 1),
       (41341, 249, '88', 1, 202000000, 1920, 15, 3, 1),
       (41342, 249, '89', 3, 220000000, 1200, 15, 3, 1),
       (41343, 249, '90', 2, 143000000, 2760, 15, 3, 1),
       (41344, 249, '91', 2, 210000000, 1820, 16, 3, 1),
       (41345, 249, '92', 1, 134000000, 1710, 16, 3, 1),
       (41346, 249, '93', 3, 103000000, 1850, 16, 3, 1),
       (41347, 249, '94', 1, 239000000, 1890, 16, 3, 1),
       (41348, 249, '95', 3, 158000000, 1310, 16, 3, 1),
       (41349, 249, '96', 3, 139000000, 1420, 16, 3, 1),
       (41350, 249, '97', 1, 99000000, 2580, 17, 3, 1),
       (41351, 249, '98', 1, 162000000, 1090, 17, 3, 1),
       (41352, 249, '99', 2, 241000000, 1760, 17, 3, 1),
       (41353, 249, '100', 1, 115000000, 2770, 17, 3, 1),
       (41354, 249, '101', 2, 137000000, 940, 17, 3, 1),
       (41355, 249, '102', 1, 178000000, 2580, 17, 3, 1),
       (41356, 249, '103', 2, 214000000, 2230, 18, 3, 1),
       (41357, 249, '104', 2, 156000000, 2710, 18, 3, 1),
       (41358, 249, '105', 1, 134000000, 2700, 18, 3, 1),
       (41359, 249, '106', 3, 134000000, 2380, 18, 3, 1),
       (41360, 249, '107', 2, 135000000, 2780, 18, 3, 1),
       (41361, 249, '108', 3, 148000000, 2730, 18, 3, 1),
       (41362, 249, '109', 2, 235000000, 1790, 19, 3, 1),
       (41363, 249, '110', 2, 184000000, 2160, 19, 3, 1),
       (41364, 249, '111', 3, 218000000, 1560, 19, 3, 1),
       (41365, 249, '112', 2, 172000000, 1160, 19, 3, 1),
       (41366, 249, '113', 1, 127000000, 1560, 19, 3, 1),
       (41367, 249, '114', 3, 87000000, 2370, 19, 3, 1),
       (41368, 249, '115', 3, 122000000, 2600, 20, 3, 1),
       (41369, 249, '116', 2, 231000000, 940, 20, 3, 1),
       (41370, 249, '117', 1, 137000000, 2020, 20, 3, 1),
       (41371, 249, '118', 1, 211000000, 2100, 20, 3, 1),
       (41372, 249, '119', 3, 129000000, 1530, 20, 3, 1),
       (41373, 249, '120', 3, 102000000, 2700, 20, 3, 1),
       (41374, 249, '121', 1, 135000000, 2630, 21, 3, 1),
       (41375, 249, '122', 1, 148000000, 2230, 21, 3, 1),
       (41376, 249, '123', 3, 139000000, 2060, 21, 3, 1),
       (41377, 249, '124', 1, 107000000, 1740, 21, 3, 1),
       (41378, 249, '125', 2, 120000000, 1410, 21, 3, 1),
       (41379, 249, '126', 3, 134000000, 1990, 21, 3, 1),
       (41380, 249, '127', 3, 95000000, 900, 22, 3, 1),
       (41381, 249, '128', 2, 245000000, 2430, 22, 3, 1),
       (41382, 249, '129', 2, 234000000, 1690, 22, 3, 1),
       (41383, 249, '130', 1, 153000000, 2000, 22, 3, 1),
       (41384, 249, '131', 3, 110000000, 1260, 22, 3, 1),
       (41385, 249, '132', 1, 248000000, 2120, 22, 3, 1);
insert into real_estate_building (id, address, complex_id, floor_count, dev_id)
values (250, 'г. Москва, ул. Васильевская, д. 27', 11, 20, 11);
insert into real_estate_object (id, building_id ,local_address, places, price, area, floor, type, estate_type)
values (41386, 250, '1', 2, 104000000, 2000, 1, 3, 1),
       (41387, 250, '2', 2, 160000000, 2480, 1, 3, 1),
       (41388, 250, '3', 2, 125000000, 1980, 1, 3, 1),
       (41389, 250, '4', 2, 239000000, 2820, 1, 3, 1),
       (41390, 250, '5', 1, 119000000, 2440, 1, 3, 1),
       (41391, 250, '6', 1, 80000000, 2430, 1, 3, 1),
       (41392, 250, '7', 1, 128000000, 1270, 2, 3, 1),
       (41393, 250, '8', 1, 134000000, 1140, 2, 3, 1),
       (41394, 250, '9', 2, 168000000, 1370, 2, 3, 1),
       (41395, 250, '10', 2, 193000000, 2350, 2, 3, 1),
       (41396, 250, '11', 1, 124000000, 1330, 2, 3, 1),
       (41397, 250, '12', 2, 106000000, 2680, 2, 3, 1),
       (41398, 250, '13', 2, 208000000, 2590, 3, 3, 1),
       (41399, 250, '14', 3, 183000000, 1690, 3, 3, 1),
       (41400, 250, '15', 2, 80000000, 2060, 3, 3, 1),
       (41401, 250, '16', 3, 223000000, 1920, 3, 3, 1),
       (41402, 250, '17', 3, 233000000, 2280, 3, 3, 1),
       (41403, 250, '18', 3, 84000000, 1640, 3, 3, 1),
       (41404, 250, '19', 2, 81000000, 2020, 4, 3, 1),
       (41405, 250, '20', 2, 96000000, 2550, 4, 3, 1),
       (41406, 250, '21', 3, 159000000, 1700, 4, 3, 1),
       (41407, 250, '22', 1, 213000000, 1510, 4, 3, 1),
       (41408, 250, '23', 1, 131000000, 1240, 4, 3, 1),
       (41409, 250, '24', 3, 81000000, 2330, 4, 3, 1),
       (41410, 250, '25', 2, 232000000, 1360, 5, 3, 1),
       (41411, 250, '26', 2, 201000000, 1170, 5, 3, 1),
       (41412, 250, '27', 1, 133000000, 1430, 5, 3, 1),
       (41413, 250, '28', 3, 159000000, 2140, 5, 3, 1),
       (41414, 250, '29', 3, 166000000, 2600, 5, 3, 1),
       (41415, 250, '30', 3, 168000000, 1340, 5, 3, 1),
       (41416, 250, '31', 3, 108000000, 910, 6, 3, 1),
       (41417, 250, '32', 1, 123000000, 2690, 6, 3, 1),
       (41418, 250, '33', 1, 224000000, 2810, 6, 3, 1),
       (41419, 250, '34', 1, 138000000, 1640, 6, 3, 1),
       (41420, 250, '35', 2, 155000000, 2010, 6, 3, 1),
       (41421, 250, '36', 3, 137000000, 2600, 6, 3, 1),
       (41422, 250, '37', 2, 199000000, 2050, 7, 3, 1),
       (41423, 250, '38', 1, 83000000, 1970, 7, 3, 1),
       (41424, 250, '39', 1, 235000000, 1070, 7, 3, 1),
       (41425, 250, '40', 2, 228000000, 1400, 7, 3, 1),
       (41426, 250, '41', 2, 195000000, 2080, 7, 3, 1),
       (41427, 250, '42', 1, 238000000, 1970, 7, 3, 1),
       (41428, 250, '43', 1, 181000000, 1880, 8, 3, 1),
       (41429, 250, '44', 3, 250000000, 1360, 8, 3, 1),
       (41430, 250, '45', 3, 97000000, 2500, 8, 3, 1),
       (41431, 250, '46', 1, 192000000, 1610, 8, 3, 1),
       (41432, 250, '47', 1, 154000000, 2830, 8, 3, 1),
       (41433, 250, '48', 2, 226000000, 2270, 8, 3, 1),
       (41434, 250, '49', 3, 120000000, 2720, 9, 3, 1),
       (41435, 250, '50', 1, 223000000, 1160, 9, 3, 1),
       (41436, 250, '51', 1, 151000000, 1990, 9, 3, 1),
       (41437, 250, '52', 2, 175000000, 2310, 9, 3, 1),
       (41438, 250, '53', 3, 150000000, 1640, 9, 3, 1),
       (41439, 250, '54', 1, 131000000, 2900, 9, 3, 1),
       (41440, 250, '55', 3, 117000000, 1620, 10, 3, 1),
       (41441, 250, '56', 3, 152000000, 3000, 10, 3, 1),
       (41442, 250, '57', 1, 122000000, 910, 10, 3, 1),
       (41443, 250, '58', 2, 103000000, 2670, 10, 3, 1),
       (41444, 250, '59', 3, 90000000, 2250, 10, 3, 1),
       (41445, 250, '60', 3, 110000000, 2760, 10, 3, 1),
       (41446, 250, '61', 2, 225000000, 2200, 11, 3, 1),
       (41447, 250, '62', 3, 214000000, 2760, 11, 3, 1),
       (41448, 250, '63', 3, 242000000, 940, 11, 3, 1),
       (41449, 250, '64', 1, 177000000, 1450, 11, 3, 1),
       (41450, 250, '65', 1, 115000000, 950, 11, 3, 1),
       (41451, 250, '66', 1, 82000000, 1390, 11, 3, 1),
       (41452, 250, '67', 2, 111000000, 1200, 12, 3, 1),
       (41453, 250, '68', 1, 201000000, 1020, 12, 3, 1),
       (41454, 250, '69', 1, 224000000, 2930, 12, 3, 1),
       (41455, 250, '70', 2, 207000000, 2060, 12, 3, 1),
       (41456, 250, '71', 1, 169000000, 1490, 12, 3, 1),
       (41457, 250, '72', 1, 100000000, 1100, 12, 3, 1),
       (41458, 250, '73', 2, 231000000, 1900, 13, 3, 1),
       (41459, 250, '74', 2, 111000000, 2830, 13, 3, 1),
       (41460, 250, '75', 2, 223000000, 2480, 13, 3, 1),
       (41461, 250, '76', 2, 230000000, 1750, 13, 3, 1),
       (41462, 250, '77', 3, 125000000, 1990, 13, 3, 1),
       (41463, 250, '78', 1, 207000000, 2250, 13, 3, 1),
       (41464, 250, '79', 3, 149000000, 2230, 14, 3, 1),
       (41465, 250, '80', 2, 237000000, 1910, 14, 3, 1),
       (41466, 250, '81', 1, 86000000, 2580, 14, 3, 1),
       (41467, 250, '82', 1, 142000000, 1030, 14, 3, 1),
       (41468, 250, '83', 2, 198000000, 2900, 14, 3, 1),
       (41469, 250, '84', 2, 102000000, 1540, 14, 3, 1),
       (41470, 250, '85', 2, 112000000, 1500, 15, 3, 1),
       (41471, 250, '86', 1, 118000000, 3000, 15, 3, 1),
       (41472, 250, '87', 2, 232000000, 2290, 15, 3, 1),
       (41473, 250, '88', 1, 173000000, 1470, 15, 3, 1),
       (41474, 250, '89', 2, 227000000, 1160, 15, 3, 1),
       (41475, 250, '90', 3, 202000000, 2990, 15, 3, 1),
       (41476, 250, '91', 3, 162000000, 1320, 16, 3, 1),
       (41477, 250, '92', 3, 81000000, 2780, 16, 3, 1),
       (41478, 250, '93', 2, 105000000, 1350, 16, 3, 1),
       (41479, 250, '94', 3, 84000000, 1590, 16, 3, 1),
       (41480, 250, '95', 1, 243000000, 2160, 16, 3, 1),
       (41481, 250, '96', 2, 191000000, 2230, 16, 3, 1),
       (41482, 250, '97', 3, 219000000, 2000, 17, 3, 1),
       (41483, 250, '98', 1, 177000000, 1170, 17, 3, 1),
       (41484, 250, '99', 1, 195000000, 1010, 17, 3, 1),
       (41485, 250, '100', 1, 111000000, 2560, 17, 3, 1),
       (41486, 250, '101', 2, 228000000, 2730, 17, 3, 1),
       (41487, 250, '102', 2, 104000000, 2310, 17, 3, 1),
       (41488, 250, '103', 1, 220000000, 2890, 18, 3, 1),
       (41489, 250, '104', 2, 91000000, 1810, 18, 3, 1),
       (41490, 250, '105', 1, 179000000, 2010, 18, 3, 1),
       (41491, 250, '106', 3, 250000000, 1180, 18, 3, 1),
       (41492, 250, '107', 3, 151000000, 1970, 18, 3, 1),
       (41493, 250, '108', 1, 185000000, 1610, 18, 3, 1),
       (41494, 250, '109', 2, 81000000, 1710, 19, 3, 1),
       (41495, 250, '110', 3, 86000000, 1120, 19, 3, 1),
       (41496, 250, '111', 2, 189000000, 1790, 19, 3, 1),
       (41497, 250, '112', 1, 118000000, 1990, 19, 3, 1),
       (41498, 250, '113', 2, 147000000, 2180, 19, 3, 1),
       (41499, 250, '114', 3, 163000000, 1660, 19, 3, 1),
       (41500, 250, '115', 3, 94000000, 1800, 20, 3, 1),
       (41501, 250, '116', 1, 88000000, 1900, 20, 3, 1),
       (41502, 250, '117', 1, 161000000, 2240, 20, 3, 1),
       (41503, 250, '118', 2, 167000000, 2510, 20, 3, 1),
       (41504, 250, '119', 3, 205000000, 910, 20, 3, 1),
       (41505, 250, '120', 2, 88000000, 1260, 20, 3, 1);
insert into real_estate_building (id, address, complex_id, floor_count, dev_id)
values (251, 'г. Москва, ул. Васильевская, д. 28', 11, 24, 11);
insert into real_estate_object (id, building_id ,local_address, places, price, area, floor, type, estate_type)
values (41506, 251, '1', 2, 205000000, 2270, 1, 3, 1),
       (41507, 251, '2', 2, 121000000, 2010, 1, 3, 1),
       (41508, 251, '3', 3, 246000000, 1030, 1, 3, 1),
       (41509, 251, '4', 3, 207000000, 1660, 1, 3, 1),
       (41510, 251, '5', 3, 171000000, 2720, 1, 3, 1),
       (41511, 251, '6', 3, 178000000, 2640, 1, 3, 1),
       (41512, 251, '7', 3, 108000000, 1780, 2, 3, 1),
       (41513, 251, '8', 1, 182000000, 1510, 2, 3, 1),
       (41514, 251, '9', 1, 244000000, 1110, 2, 3, 1),
       (41515, 251, '10', 1, 117000000, 2190, 2, 3, 1),
       (41516, 251, '11', 3, 80000000, 2230, 2, 3, 1),
       (41517, 251, '12', 1, 169000000, 1710, 2, 3, 1),
       (41518, 251, '13', 1, 229000000, 1160, 3, 3, 1),
       (41519, 251, '14', 3, 127000000, 1600, 3, 3, 1),
       (41520, 251, '15', 3, 141000000, 2970, 3, 3, 1),
       (41521, 251, '16', 3, 245000000, 2980, 3, 3, 1),
       (41522, 251, '17', 2, 80000000, 1570, 3, 3, 1),
       (41523, 251, '18', 2, 193000000, 1740, 3, 3, 1),
       (41524, 251, '19', 3, 101000000, 1890, 4, 3, 1),
       (41525, 251, '20', 1, 209000000, 2790, 4, 3, 1),
       (41526, 251, '21', 1, 195000000, 1840, 4, 3, 1),
       (41527, 251, '22', 3, 98000000, 1200, 4, 3, 1),
       (41528, 251, '23', 1, 187000000, 1650, 4, 3, 1),
       (41529, 251, '24', 2, 111000000, 1660, 4, 3, 1),
       (41530, 251, '25', 2, 244000000, 2940, 5, 3, 1),
       (41531, 251, '26', 2, 159000000, 2090, 5, 3, 1),
       (41532, 251, '27', 2, 99000000, 2510, 5, 3, 1),
       (41533, 251, '28', 1, 250000000, 1780, 5, 3, 1),
       (41534, 251, '29', 1, 130000000, 2410, 5, 3, 1),
       (41535, 251, '30', 1, 191000000, 970, 5, 3, 1),
       (41536, 251, '31', 2, 205000000, 2520, 6, 3, 1),
       (41537, 251, '32', 2, 235000000, 2730, 6, 3, 1),
       (41538, 251, '33', 1, 208000000, 2850, 6, 3, 1),
       (41539, 251, '34', 1, 198000000, 1400, 6, 3, 1),
       (41540, 251, '35', 1, 112000000, 2220, 6, 3, 1),
       (41541, 251, '36', 2, 148000000, 2840, 6, 3, 1),
       (41542, 251, '37', 1, 106000000, 2010, 7, 3, 1),
       (41543, 251, '38', 2, 132000000, 1340, 7, 3, 1),
       (41544, 251, '39', 2, 227000000, 2420, 7, 3, 1),
       (41545, 251, '40', 1, 213000000, 1410, 7, 3, 1),
       (41546, 251, '41', 1, 99000000, 2640, 7, 3, 1),
       (41547, 251, '42', 3, 112000000, 1480, 7, 3, 1),
       (41548, 251, '43', 3, 109000000, 1100, 8, 3, 1),
       (41549, 251, '44', 2, 90000000, 2890, 8, 3, 1),
       (41550, 251, '45', 3, 134000000, 2560, 8, 3, 1),
       (41551, 251, '46', 1, 104000000, 2270, 8, 3, 1),
       (41552, 251, '47', 3, 94000000, 2400, 8, 3, 1),
       (41553, 251, '48', 1, 84000000, 2210, 8, 3, 1),
       (41554, 251, '49', 3, 175000000, 2770, 9, 3, 1),
       (41555, 251, '50', 1, 165000000, 1380, 9, 3, 1),
       (41556, 251, '51', 1, 215000000, 2290, 9, 3, 1),
       (41557, 251, '52', 3, 125000000, 1110, 9, 3, 1),
       (41558, 251, '53', 3, 242000000, 2830, 9, 3, 1),
       (41559, 251, '54', 3, 126000000, 1880, 9, 3, 1),
       (41560, 251, '55', 1, 245000000, 2250, 10, 3, 1),
       (41561, 251, '56', 3, 174000000, 2560, 10, 3, 1),
       (41562, 251, '57', 1, 157000000, 2400, 10, 3, 1),
       (41563, 251, '58', 2, 84000000, 1800, 10, 3, 1),
       (41564, 251, '59', 3, 99000000, 1990, 10, 3, 1),
       (41565, 251, '60', 2, 80000000, 930, 10, 3, 1),
       (41566, 251, '61', 3, 140000000, 1890, 11, 3, 1),
       (41567, 251, '62', 1, 198000000, 2080, 11, 3, 1),
       (41568, 251, '63', 2, 208000000, 1540, 11, 3, 1),
       (41569, 251, '64', 3, 237000000, 1510, 11, 3, 1),
       (41570, 251, '65', 3, 144000000, 2830, 11, 3, 1),
       (41571, 251, '66', 3, 137000000, 2290, 11, 3, 1),
       (41572, 251, '67', 1, 88000000, 1270, 12, 3, 1),
       (41573, 251, '68', 1, 180000000, 2420, 12, 3, 1),
       (41574, 251, '69', 3, 243000000, 1920, 12, 3, 1),
       (41575, 251, '70', 2, 245000000, 1870, 12, 3, 1),
       (41576, 251, '71', 3, 85000000, 2300, 12, 3, 1),
       (41577, 251, '72', 1, 123000000, 2260, 12, 3, 1),
       (41578, 251, '73', 3, 241000000, 1890, 13, 3, 1),
       (41579, 251, '74', 2, 198000000, 1940, 13, 3, 1),
       (41580, 251, '75', 3, 237000000, 2340, 13, 3, 1),
       (41581, 251, '76', 3, 118000000, 2530, 13, 3, 1),
       (41582, 251, '77', 2, 146000000, 1950, 13, 3, 1),
       (41583, 251, '78', 1, 87000000, 1040, 13, 3, 1),
       (41584, 251, '79', 1, 122000000, 1060, 14, 3, 1),
       (41585, 251, '80', 2, 183000000, 1810, 14, 3, 1),
       (41586, 251, '81', 2, 90000000, 1560, 14, 3, 1),
       (41587, 251, '82', 3, 81000000, 980, 14, 3, 1),
       (41588, 251, '83', 2, 127000000, 3000, 14, 3, 1),
       (41589, 251, '84', 3, 221000000, 940, 14, 3, 1),
       (41590, 251, '85', 2, 189000000, 2930, 15, 3, 1),
       (41591, 251, '86', 1, 138000000, 2780, 15, 3, 1),
       (41592, 251, '87', 1, 194000000, 1640, 15, 3, 1),
       (41593, 251, '88', 1, 114000000, 1510, 15, 3, 1),
       (41594, 251, '89', 3, 245000000, 2310, 15, 3, 1),
       (41595, 251, '90', 3, 166000000, 1630, 15, 3, 1),
       (41596, 251, '91', 2, 90000000, 2530, 16, 3, 1),
       (41597, 251, '92', 1, 151000000, 2860, 16, 3, 1),
       (41598, 251, '93', 3, 168000000, 2600, 16, 3, 1),
       (41599, 251, '94', 2, 182000000, 2990, 16, 3, 1),
       (41600, 251, '95', 3, 236000000, 2110, 16, 3, 1),
       (41601, 251, '96', 2, 127000000, 1860, 16, 3, 1),
       (41602, 251, '97', 2, 91000000, 1740, 17, 3, 1),
       (41603, 251, '98', 1, 81000000, 2140, 17, 3, 1),
       (41604, 251, '99', 2, 150000000, 1710, 17, 3, 1),
       (41605, 251, '100', 3, 120000000, 1410, 17, 3, 1),
       (41606, 251, '101', 1, 156000000, 1410, 17, 3, 1),
       (41607, 251, '102', 1, 231000000, 1940, 17, 3, 1),
       (41608, 251, '103', 2, 210000000, 1330, 18, 3, 1),
       (41609, 251, '104', 2, 178000000, 2720, 18, 3, 1),
       (41610, 251, '105', 1, 97000000, 1810, 18, 3, 1),
       (41611, 251, '106', 3, 207000000, 2400, 18, 3, 1),
       (41612, 251, '107', 2, 194000000, 2650, 18, 3, 1),
       (41613, 251, '108', 3, 93000000, 1740, 18, 3, 1),
       (41614, 251, '109', 2, 87000000, 1790, 19, 3, 1),
       (41615, 251, '110', 1, 147000000, 2430, 19, 3, 1),
       (41616, 251, '111', 1, 145000000, 2720, 19, 3, 1),
       (41617, 251, '112', 3, 176000000, 920, 19, 3, 1),
       (41618, 251, '113', 1, 122000000, 2900, 19, 3, 1),
       (41619, 251, '114', 1, 213000000, 2900, 19, 3, 1),
       (41620, 251, '115', 1, 210000000, 2070, 20, 3, 1),
       (41621, 251, '116', 3, 116000000, 1510, 20, 3, 1),
       (41622, 251, '117', 1, 125000000, 2470, 20, 3, 1),
       (41623, 251, '118', 1, 220000000, 2100, 20, 3, 1),
       (41624, 251, '119', 1, 97000000, 1180, 20, 3, 1),
       (41625, 251, '120', 1, 160000000, 2340, 20, 3, 1),
       (41626, 251, '121', 1, 240000000, 1000, 21, 3, 1),
       (41627, 251, '122', 3, 163000000, 1850, 21, 3, 1),
       (41628, 251, '123', 3, 185000000, 2730, 21, 3, 1),
       (41629, 251, '124', 1, 207000000, 2980, 21, 3, 1),
       (41630, 251, '125', 2, 124000000, 2310, 21, 3, 1),
       (41631, 251, '126', 1, 168000000, 1310, 21, 3, 1),
       (41632, 251, '127', 2, 119000000, 2510, 22, 3, 1),
       (41633, 251, '128', 1, 221000000, 1450, 22, 3, 1),
       (41634, 251, '129', 2, 90000000, 2700, 22, 3, 1),
       (41635, 251, '130', 2, 144000000, 1730, 22, 3, 1),
       (41636, 251, '131', 3, 125000000, 1550, 22, 3, 1),
       (41637, 251, '132', 1, 80000000, 1900, 22, 3, 1),
       (41638, 251, '133', 2, 202000000, 1840, 23, 3, 1),
       (41639, 251, '134', 1, 118000000, 1990, 23, 3, 1),
       (41640, 251, '135', 3, 136000000, 2550, 23, 3, 1),
       (41641, 251, '136', 2, 120000000, 2170, 23, 3, 1),
       (41642, 251, '137', 3, 236000000, 1020, 23, 3, 1),
       (41643, 251, '138', 1, 245000000, 1920, 23, 3, 1),
       (41644, 251, '139', 1, 210000000, 1880, 24, 3, 1),
       (41645, 251, '140', 1, 240000000, 1680, 24, 3, 1),
       (41646, 251, '141', 1, 118000000, 2290, 24, 3, 1),
       (41647, 251, '142', 2, 248000000, 2480, 24, 3, 1),
       (41648, 251, '143', 1, 165000000, 1460, 24, 3, 1),
       (41649, 251, '144', 3, 242000000, 2280, 24, 3, 1);
insert into real_estate_building (id, address, complex_id, floor_count, dev_id)
values (252, 'г. Москва, ул. Щукинская, д. 13', 12, 23, 12);
insert into real_estate_object (id, building_id ,local_address, places, price, area, floor, type, estate_type)
values (41650, 252, '1', 11, 512000000, 9020, 1, 3, 1),
       (41651, 252, '2', 13, 551000000, 9990, 1, 3, 1),
       (41652, 252, '3', 11, 1304000000, 5160, 1, 3, 1),
       (41653, 252, '4', 15, 1281000000, 7400, 1, 3, 1),
       (41654, 252, '5', 10, 1119000000, 4970, 2, 3, 1),
       (41655, 252, '6', 12, 404000000, 7210, 2, 3, 1),
       (41656, 252, '7', 10, 1022000000, 7060, 2, 3, 1),
       (41657, 252, '8', 12, 1100000000, 5640, 2, 3, 1),
       (41658, 252, '9', 11, 664000000, 9970, 3, 3, 1),
       (41659, 252, '10', 12, 763000000, 7110, 3, 3, 1),
       (41660, 252, '11', 11, 635000000, 8480, 3, 3, 1),
       (41661, 252, '12', 13, 1269000000, 5230, 3, 3, 1),
       (41662, 252, '13', 10, 930000000, 4260, 4, 3, 1),
       (41663, 252, '14', 13, 682000000, 7900, 4, 3, 1),
       (41664, 252, '15', 12, 727000000, 9470, 4, 3, 1),
       (41665, 252, '16', 15, 777000000, 4280, 4, 3, 1),
       (41666, 252, '17', 14, 1168000000, 5830, 5, 3, 1),
       (41667, 252, '18', 15, 785000000, 4820, 5, 3, 1),
       (41668, 252, '19', 12, 506000000, 4970, 5, 3, 1),
       (41669, 252, '20', 15, 1334000000, 4140, 5, 3, 1),
       (41670, 252, '21', 15, 1307000000, 8350, 6, 3, 1),
       (41671, 252, '22', 11, 821000000, 9780, 6, 3, 1),
       (41672, 252, '23', 13, 1074000000, 6290, 6, 3, 1),
       (41673, 252, '24', 15, 640000000, 9260, 6, 3, 1),
       (41674, 252, '25', 10, 896000000, 9760, 7, 3, 1),
       (41675, 252, '26', 11, 869000000, 8530, 7, 3, 1),
       (41676, 252, '27', 15, 1332000000, 8700, 7, 3, 1),
       (41677, 252, '28', 12, 1233000000, 4180, 7, 3, 1),
       (41678, 252, '29', 11, 852000000, 4390, 8, 3, 1),
       (41679, 252, '30', 11, 1398000000, 6880, 8, 3, 1),
       (41680, 252, '31', 15, 1382000000, 9300, 8, 3, 1),
       (41681, 252, '32', 13, 1324000000, 5680, 8, 3, 1),
       (41682, 252, '33', 10, 407000000, 6870, 9, 3, 1),
       (41683, 252, '34', 15, 1142000000, 7440, 9, 3, 1),
       (41684, 252, '35', 10, 934000000, 4730, 9, 3, 1),
       (41685, 252, '36', 12, 1341000000, 8360, 9, 3, 1),
       (41686, 252, '37', 12, 1130000000, 9130, 10, 3, 1),
       (41687, 252, '38', 10, 618000000, 7260, 10, 3, 1),
       (41688, 252, '39', 10, 1218000000, 9180, 10, 3, 1),
       (41689, 252, '40', 15, 1219000000, 8010, 10, 3, 1),
       (41690, 252, '41', 14, 1434000000, 8280, 11, 3, 1),
       (41691, 252, '42', 13, 1312000000, 9910, 11, 3, 1),
       (41692, 252, '43', 14, 1496000000, 7120, 11, 3, 1),
       (41693, 252, '44', 14, 489000000, 9070, 11, 3, 1),
       (41694, 252, '45', 14, 1048000000, 9080, 12, 3, 1),
       (41695, 252, '46', 15, 886000000, 7550, 12, 3, 1),
       (41696, 252, '47', 12, 1447000000, 5670, 12, 3, 1),
       (41697, 252, '48', 13, 1005000000, 4870, 12, 3, 1),
       (41698, 252, '49', 13, 1348000000, 5900, 13, 3, 1),
       (41699, 252, '50', 14, 679000000, 9590, 13, 3, 1),
       (41700, 252, '51', 15, 635000000, 5670, 13, 3, 1),
       (41701, 252, '52', 15, 408000000, 5140, 13, 3, 1),
       (41702, 252, '53', 11, 414000000, 6730, 14, 3, 1),
       (41703, 252, '54', 15, 1132000000, 8360, 14, 3, 1),
       (41704, 252, '55', 10, 829000000, 7100, 14, 3, 1),
       (41705, 252, '56', 10, 1359000000, 9130, 14, 3, 1),
       (41706, 252, '57', 15, 1372000000, 7420, 15, 3, 1),
       (41707, 252, '58', 13, 988000000, 4890, 15, 3, 1),
       (41708, 252, '59', 14, 771000000, 6270, 15, 3, 1),
       (41709, 252, '60', 14, 589000000, 9080, 15, 3, 1),
       (41710, 252, '61', 14, 1289000000, 6910, 16, 3, 1),
       (41711, 252, '62', 14, 1285000000, 9630, 16, 3, 1),
       (41712, 252, '63', 10, 593000000, 4240, 16, 3, 1),
       (41713, 252, '64', 12, 1102000000, 5370, 16, 3, 1),
       (41714, 252, '65', 15, 667000000, 6760, 17, 3, 1),
       (41715, 252, '66', 15, 556000000, 9630, 17, 3, 1),
       (41716, 252, '67', 11, 924000000, 7750, 17, 3, 1),
       (41717, 252, '68', 15, 795000000, 5660, 17, 3, 1),
       (41718, 252, '69', 14, 1084000000, 5260, 18, 3, 1),
       (41719, 252, '70', 14, 667000000, 9720, 18, 3, 1),
       (41720, 252, '71', 12, 472000000, 5910, 18, 3, 1),
       (41721, 252, '72', 10, 812000000, 7080, 18, 3, 1),
       (41722, 252, '73', 10, 1211000000, 5930, 19, 3, 1),
       (41723, 252, '74', 10, 1016000000, 5780, 19, 3, 1),
       (41724, 252, '75', 14, 816000000, 8040, 19, 3, 1),
       (41725, 252, '76', 15, 1316000000, 8660, 19, 3, 1),
       (41726, 252, '77', 10, 553000000, 6490, 20, 3, 1),
       (41727, 252, '78', 11, 932000000, 4200, 20, 3, 1),
       (41728, 252, '79', 13, 1499000000, 5030, 20, 3, 1),
       (41729, 252, '80', 14, 488000000, 8600, 20, 3, 1),
       (41730, 252, '81', 11, 1396000000, 5500, 21, 3, 1),
       (41731, 252, '82', 14, 568000000, 5680, 21, 3, 1),
       (41732, 252, '83', 13, 881000000, 4960, 21, 3, 1),
       (41733, 252, '84', 13, 886000000, 8500, 21, 3, 1),
       (41734, 252, '85', 12, 644000000, 5280, 22, 3, 1),
       (41735, 252, '86', 13, 780000000, 9860, 22, 3, 1),
       (41736, 252, '87', 10, 445000000, 5790, 22, 3, 1),
       (41737, 252, '88', 13, 868000000, 8020, 22, 3, 1),
       (41738, 252, '89', 13, 665000000, 9060, 23, 3, 1),
       (41739, 252, '90', 12, 828000000, 7890, 23, 3, 1),
       (41740, 252, '91', 15, 412000000, 4160, 23, 3, 1),
       (41741, 252, '92', 15, 1360000000, 4600, 23, 3, 1);
insert into real_estate_building (id, address, complex_id, floor_count, dev_id)
values (253, 'г. Москва, ул. Щукинская, д. 14', 12, 24, 12);
insert into real_estate_object (id, building_id ,local_address, places, price, area, floor, type, estate_type)
values (41742, 253, '1', 13, 1290000000, 9240, 1, 3, 1),
       (41743, 253, '2', 11, 859000000, 4200, 1, 3, 1),
       (41744, 253, '3', 13, 1053000000, 6620, 1, 3, 1),
       (41745, 253, '4', 14, 836000000, 8570, 1, 3, 1),
       (41746, 253, '5', 11, 962000000, 6400, 2, 3, 1),
       (41747, 253, '6', 13, 445000000, 9070, 2, 3, 1),
       (41748, 253, '7', 15, 1283000000, 8060, 2, 3, 1),
       (41749, 253, '8', 10, 875000000, 4070, 2, 3, 1),
       (41750, 253, '9', 12, 668000000, 9680, 3, 3, 1),
       (41751, 253, '10', 10, 1407000000, 4000, 3, 3, 1),
       (41752, 253, '11', 14, 608000000, 4580, 3, 3, 1),
       (41753, 253, '12', 14, 1328000000, 4870, 3, 3, 1),
       (41754, 253, '13', 14, 840000000, 6110, 4, 3, 1),
       (41755, 253, '14', 10, 488000000, 9380, 4, 3, 1),
       (41756, 253, '15', 12, 829000000, 6400, 4, 3, 1),
       (41757, 253, '16', 14, 1126000000, 8730, 4, 3, 1),
       (41758, 253, '17', 14, 1007000000, 9450, 5, 3, 1),
       (41759, 253, '18', 15, 875000000, 4210, 5, 3, 1),
       (41760, 253, '19', 13, 465000000, 8410, 5, 3, 1),
       (41761, 253, '20', 10, 515000000, 6510, 5, 3, 1),
       (41762, 253, '21', 15, 960000000, 7490, 6, 3, 1),
       (41763, 253, '22', 15, 929000000, 9020, 6, 3, 1),
       (41764, 253, '23', 10, 1337000000, 7360, 6, 3, 1),
       (41765, 253, '24', 12, 981000000, 9320, 6, 3, 1),
       (41766, 253, '25', 10, 1158000000, 6420, 7, 3, 1),
       (41767, 253, '26', 13, 849000000, 4980, 7, 3, 1),
       (41768, 253, '27', 14, 1017000000, 8020, 7, 3, 1),
       (41769, 253, '28', 12, 499000000, 7390, 7, 3, 1),
       (41770, 253, '29', 13, 990000000, 4760, 8, 3, 1),
       (41771, 253, '30', 15, 958000000, 8930, 8, 3, 1),
       (41772, 253, '31', 13, 1378000000, 5950, 8, 3, 1),
       (41773, 253, '32', 13, 885000000, 5620, 8, 3, 1),
       (41774, 253, '33', 14, 1007000000, 8760, 9, 3, 1),
       (41775, 253, '34', 12, 1056000000, 6470, 9, 3, 1),
       (41776, 253, '35', 11, 1264000000, 9480, 9, 3, 1),
       (41777, 253, '36', 13, 743000000, 5800, 9, 3, 1),
       (41778, 253, '37', 12, 946000000, 8520, 10, 3, 1),
       (41779, 253, '38', 14, 649000000, 5340, 10, 3, 1),
       (41780, 253, '39', 14, 1325000000, 5320, 10, 3, 1),
       (41781, 253, '40', 10, 1294000000, 4920, 10, 3, 1),
       (41782, 253, '41', 15, 957000000, 9260, 11, 3, 1),
       (41783, 253, '42', 11, 838000000, 9620, 11, 3, 1),
       (41784, 253, '43', 12, 1499000000, 7600, 11, 3, 1),
       (41785, 253, '44', 11, 817000000, 8580, 11, 3, 1),
       (41786, 253, '45', 11, 632000000, 4020, 12, 3, 1),
       (41787, 253, '46', 12, 968000000, 9370, 12, 3, 1),
       (41788, 253, '47', 13, 1130000000, 5920, 12, 3, 1),
       (41789, 253, '48', 10, 850000000, 9720, 12, 3, 1),
       (41790, 253, '49', 12, 787000000, 7350, 13, 3, 1),
       (41791, 253, '50', 13, 1159000000, 4400, 13, 3, 1),
       (41792, 253, '51', 14, 957000000, 9120, 13, 3, 1),
       (41793, 253, '52', 10, 1205000000, 9340, 13, 3, 1),
       (41794, 253, '53', 10, 1310000000, 9200, 14, 3, 1),
       (41795, 253, '54', 10, 858000000, 8840, 14, 3, 1),
       (41796, 253, '55', 13, 1197000000, 5760, 14, 3, 1),
       (41797, 253, '56', 14, 894000000, 7510, 14, 3, 1),
       (41798, 253, '57', 12, 1195000000, 6550, 15, 3, 1),
       (41799, 253, '58', 10, 1445000000, 7730, 15, 3, 1),
       (41800, 253, '59', 13, 863000000, 7010, 15, 3, 1),
       (41801, 253, '60', 14, 994000000, 4490, 15, 3, 1),
       (41802, 253, '61', 11, 838000000, 5390, 16, 3, 1),
       (41803, 253, '62', 12, 522000000, 7940, 16, 3, 1),
       (41804, 253, '63', 15, 1126000000, 5970, 16, 3, 1),
       (41805, 253, '64', 10, 636000000, 5480, 16, 3, 1),
       (41806, 253, '65', 11, 700000000, 8300, 17, 3, 1),
       (41807, 253, '66', 14, 861000000, 7290, 17, 3, 1),
       (41808, 253, '67', 15, 1214000000, 8100, 17, 3, 1),
       (41809, 253, '68', 11, 961000000, 6210, 17, 3, 1),
       (41810, 253, '69', 14, 870000000, 7590, 18, 3, 1),
       (41811, 253, '70', 13, 1054000000, 8000, 18, 3, 1),
       (41812, 253, '71', 15, 759000000, 7010, 18, 3, 1),
       (41813, 253, '72', 10, 827000000, 9800, 18, 3, 1),
       (41814, 253, '73', 11, 1456000000, 6570, 19, 3, 1),
       (41815, 253, '74', 10, 503000000, 5040, 19, 3, 1),
       (41816, 253, '75', 10, 417000000, 9050, 19, 3, 1),
       (41817, 253, '76', 10, 401000000, 4180, 19, 3, 1),
       (41818, 253, '77', 12, 1099000000, 7600, 20, 3, 1),
       (41819, 253, '78', 15, 847000000, 5620, 20, 3, 1),
       (41820, 253, '79', 11, 850000000, 7620, 20, 3, 1),
       (41821, 253, '80', 10, 933000000, 9990, 20, 3, 1),
       (41822, 253, '81', 11, 853000000, 8860, 21, 3, 1),
       (41823, 253, '82', 12, 1075000000, 8590, 21, 3, 1),
       (41824, 253, '83', 13, 570000000, 5850, 21, 3, 1),
       (41825, 253, '84', 11, 838000000, 4870, 21, 3, 1),
       (41826, 253, '85', 13, 1248000000, 9690, 22, 3, 1),
       (41827, 253, '86', 11, 971000000, 8340, 22, 3, 1),
       (41828, 253, '87', 12, 712000000, 7230, 22, 3, 1),
       (41829, 253, '88', 10, 1471000000, 4830, 22, 3, 1),
       (41830, 253, '89', 11, 1483000000, 6570, 23, 3, 1),
       (41831, 253, '90', 14, 1173000000, 8830, 23, 3, 1),
       (41832, 253, '91', 10, 631000000, 5240, 23, 3, 1),
       (41833, 253, '92', 10, 739000000, 6330, 23, 3, 1),
       (41834, 253, '93', 10, 851000000, 4210, 24, 3, 1),
       (41835, 253, '94', 14, 1482000000, 5810, 24, 3, 1),
       (41836, 253, '95', 13, 525000000, 4690, 24, 3, 1),
       (41837, 253, '96', 13, 1295000000, 5580, 24, 3, 1);
insert into real_estate_building (id, address, complex_id, floor_count, dev_id)
values (254, 'г. Москва, ул. Щукинская, д. 15', 12, 30, 12);
insert into real_estate_object (id, building_id ,local_address, places, price, area, floor, type, estate_type)
values (41838, 254, '1', 10, 1329000000, 9260, 1, 3, 1),
       (41839, 254, '2', 15, 1219000000, 4420, 1, 3, 1),
       (41840, 254, '3', 11, 1175000000, 4980, 1, 3, 1),
       (41841, 254, '4', 15, 544000000, 4900, 1, 3, 1),
       (41842, 254, '5', 11, 956000000, 6370, 2, 3, 1),
       (41843, 254, '6', 12, 1119000000, 7000, 2, 3, 1),
       (41844, 254, '7', 14, 844000000, 5920, 2, 3, 1),
       (41845, 254, '8', 14, 1483000000, 5060, 2, 3, 1),
       (41846, 254, '9', 10, 631000000, 8990, 3, 3, 1),
       (41847, 254, '10', 11, 1160000000, 8460, 3, 3, 1),
       (41848, 254, '11', 10, 997000000, 5250, 3, 3, 1),
       (41849, 254, '12', 11, 529000000, 6180, 3, 3, 1),
       (41850, 254, '13', 13, 504000000, 7190, 4, 3, 1),
       (41851, 254, '14', 11, 1372000000, 8370, 4, 3, 1),
       (41852, 254, '15', 14, 1472000000, 6160, 4, 3, 1),
       (41853, 254, '16', 14, 409000000, 4390, 4, 3, 1),
       (41854, 254, '17', 12, 765000000, 4870, 5, 3, 1),
       (41855, 254, '18', 14, 1259000000, 6100, 5, 3, 1),
       (41856, 254, '19', 15, 753000000, 7530, 5, 3, 1),
       (41857, 254, '20', 14, 1447000000, 5830, 5, 3, 1),
       (41858, 254, '21', 14, 1461000000, 9170, 6, 3, 1),
       (41859, 254, '22', 13, 501000000, 9830, 6, 3, 1),
       (41860, 254, '23', 11, 425000000, 8830, 6, 3, 1),
       (41861, 254, '24', 10, 1412000000, 9520, 6, 3, 1),
       (41862, 254, '25', 12, 1128000000, 6740, 7, 3, 1),
       (41863, 254, '26', 12, 447000000, 4270, 7, 3, 1),
       (41864, 254, '27', 10, 776000000, 8700, 7, 3, 1),
       (41865, 254, '28', 10, 1117000000, 4270, 7, 3, 1),
       (41866, 254, '29', 13, 615000000, 6850, 8, 3, 1),
       (41867, 254, '30', 12, 1244000000, 7640, 8, 3, 1),
       (41868, 254, '31', 14, 1164000000, 7530, 8, 3, 1),
       (41869, 254, '32', 12, 687000000, 9640, 8, 3, 1),
       (41870, 254, '33', 10, 859000000, 9080, 9, 3, 1),
       (41871, 254, '34', 11, 1287000000, 6570, 9, 3, 1),
       (41872, 254, '35', 10, 1309000000, 6780, 9, 3, 1),
       (41873, 254, '36', 12, 864000000, 5220, 9, 3, 1),
       (41874, 254, '37', 15, 1424000000, 5450, 10, 3, 1),
       (41875, 254, '38', 14, 1151000000, 8070, 10, 3, 1),
       (41876, 254, '39', 11, 626000000, 9780, 10, 3, 1),
       (41877, 254, '40', 11, 1269000000, 8940, 10, 3, 1),
       (41878, 254, '41', 11, 1168000000, 8940, 11, 3, 1),
       (41879, 254, '42', 12, 1220000000, 6690, 11, 3, 1),
       (41880, 254, '43', 14, 660000000, 5060, 11, 3, 1),
       (41881, 254, '44', 12, 1487000000, 4590, 11, 3, 1),
       (41882, 254, '45', 11, 422000000, 9930, 12, 3, 1),
       (41883, 254, '46', 12, 823000000, 6180, 12, 3, 1),
       (41884, 254, '47', 13, 1332000000, 6910, 12, 3, 1),
       (41885, 254, '48', 13, 976000000, 8570, 12, 3, 1),
       (41886, 254, '49', 10, 573000000, 5280, 13, 3, 1),
       (41887, 254, '50', 12, 1325000000, 9320, 13, 3, 1),
       (41888, 254, '51', 12, 742000000, 5950, 13, 3, 1),
       (41889, 254, '52', 14, 1019000000, 5710, 13, 3, 1),
       (41890, 254, '53', 11, 1148000000, 9730, 14, 3, 1),
       (41891, 254, '54', 14, 1256000000, 7690, 14, 3, 1),
       (41892, 254, '55', 15, 1333000000, 9650, 14, 3, 1),
       (41893, 254, '56', 10, 450000000, 8030, 14, 3, 1),
       (41894, 254, '57', 12, 978000000, 9360, 15, 3, 1),
       (41895, 254, '58', 10, 1009000000, 8630, 15, 3, 1),
       (41896, 254, '59', 10, 1469000000, 9070, 15, 3, 1),
       (41897, 254, '60', 11, 1461000000, 5030, 15, 3, 1),
       (41898, 254, '61', 13, 1392000000, 7380, 16, 3, 1),
       (41899, 254, '62', 14, 903000000, 8050, 16, 3, 1),
       (41900, 254, '63', 15, 522000000, 5590, 16, 3, 1),
       (41901, 254, '64', 10, 1296000000, 9090, 16, 3, 1),
       (41902, 254, '65', 14, 1145000000, 5110, 17, 3, 1),
       (41903, 254, '66', 15, 917000000, 9120, 17, 3, 1),
       (41904, 254, '67', 13, 613000000, 6400, 17, 3, 1),
       (41905, 254, '68', 11, 1372000000, 4830, 17, 3, 1),
       (41906, 254, '69', 15, 1256000000, 7410, 18, 3, 1),
       (41907, 254, '70', 14, 542000000, 7940, 18, 3, 1),
       (41908, 254, '71', 13, 1075000000, 6410, 18, 3, 1),
       (41909, 254, '72', 15, 474000000, 5280, 18, 3, 1),
       (41910, 254, '73', 10, 1330000000, 6850, 19, 3, 1),
       (41911, 254, '74', 11, 709000000, 7520, 19, 3, 1),
       (41912, 254, '75', 12, 1258000000, 8600, 19, 3, 1),
       (41913, 254, '76', 11, 1306000000, 9400, 19, 3, 1),
       (41914, 254, '77', 12, 1075000000, 5480, 20, 3, 1),
       (41915, 254, '78', 11, 1395000000, 4180, 20, 3, 1),
       (41916, 254, '79', 14, 839000000, 5580, 20, 3, 1),
       (41917, 254, '80', 11, 1431000000, 9470, 20, 3, 1),
       (41918, 254, '81', 10, 630000000, 4660, 21, 3, 1),
       (41919, 254, '82', 15, 551000000, 8380, 21, 3, 1),
       (41920, 254, '83', 13, 1117000000, 6900, 21, 3, 1),
       (41921, 254, '84', 11, 1339000000, 9140, 21, 3, 1),
       (41922, 254, '85', 12, 1333000000, 6830, 22, 3, 1),
       (41923, 254, '86', 15, 432000000, 5420, 22, 3, 1),
       (41924, 254, '87', 12, 680000000, 6460, 22, 3, 1),
       (41925, 254, '88', 14, 635000000, 6260, 22, 3, 1),
       (41926, 254, '89', 12, 637000000, 8700, 23, 3, 1),
       (41927, 254, '90', 13, 1135000000, 9260, 23, 3, 1),
       (41928, 254, '91', 14, 1195000000, 7830, 23, 3, 1),
       (41929, 254, '92', 15, 447000000, 5380, 23, 3, 1),
       (41930, 254, '93', 13, 1280000000, 9500, 24, 3, 1),
       (41931, 254, '94', 14, 664000000, 8410, 24, 3, 1),
       (41932, 254, '95', 15, 1406000000, 6040, 24, 3, 1),
       (41933, 254, '96', 13, 1481000000, 7760, 24, 3, 1),
       (41934, 254, '97', 14, 514000000, 7220, 25, 3, 1),
       (41935, 254, '98', 13, 956000000, 9620, 25, 3, 1),
       (41936, 254, '99', 10, 1202000000, 7410, 25, 3, 1),
       (41937, 254, '100', 12, 1158000000, 8990, 25, 3, 1),
       (41938, 254, '101', 11, 608000000, 9800, 26, 3, 1),
       (41939, 254, '102', 15, 1238000000, 9560, 26, 3, 1),
       (41940, 254, '103', 13, 793000000, 5740, 26, 3, 1),
       (41941, 254, '104', 11, 928000000, 8590, 26, 3, 1),
       (41942, 254, '105', 13, 1469000000, 6150, 27, 3, 1),
       (41943, 254, '106', 13, 431000000, 4700, 27, 3, 1),
       (41944, 254, '107', 14, 1456000000, 6330, 27, 3, 1),
       (41945, 254, '108', 10, 525000000, 9060, 27, 3, 1),
       (41946, 254, '109', 15, 1153000000, 7190, 28, 3, 1),
       (41947, 254, '110', 11, 773000000, 7830, 28, 3, 1),
       (41948, 254, '111', 11, 721000000, 5560, 28, 3, 1),
       (41949, 254, '112', 13, 773000000, 5540, 28, 3, 1),
       (41950, 254, '113', 12, 1294000000, 9330, 29, 3, 1),
       (41951, 254, '114', 13, 484000000, 9890, 29, 3, 1),
       (41952, 254, '115', 12, 1074000000, 6440, 29, 3, 1),
       (41953, 254, '116', 12, 671000000, 5000, 29, 3, 1),
       (41954, 254, '117', 15, 658000000, 5190, 30, 3, 1),
       (41955, 254, '118', 15, 1140000000, 9430, 30, 3, 1),
       (41956, 254, '119', 13, 436000000, 4240, 30, 3, 1),
       (41957, 254, '120', 12, 874000000, 9720, 30, 3, 1);
insert into real_estate_building (id, address, complex_id, floor_count, dev_id)
values (255, 'г. Москва, ул. Щукинская, д. 16', 12, 29, 12);
insert into real_estate_object (id, building_id ,local_address, places, price, area, floor, type, estate_type)
values (41958, 255, '1', 14, 1028000000, 7280, 1, 3, 1),
       (41959, 255, '2', 11, 827000000, 5500, 1, 3, 1),
       (41960, 255, '3', 15, 1248000000, 4410, 1, 3, 1),
       (41961, 255, '4', 10, 1006000000, 8900, 1, 3, 1),
       (41962, 255, '5', 11, 898000000, 6450, 2, 3, 1),
       (41963, 255, '6', 15, 839000000, 4340, 2, 3, 1),
       (41964, 255, '7', 14, 901000000, 9580, 2, 3, 1),
       (41965, 255, '8', 11, 1327000000, 7360, 2, 3, 1),
       (41966, 255, '9', 12, 1340000000, 9550, 3, 3, 1),
       (41967, 255, '10', 14, 854000000, 4790, 3, 3, 1),
       (41968, 255, '11', 11, 570000000, 5760, 3, 3, 1),
       (41969, 255, '12', 14, 1391000000, 6060, 3, 3, 1),
       (41970, 255, '13', 12, 1381000000, 7750, 4, 3, 1),
       (41971, 255, '14', 10, 921000000, 9010, 4, 3, 1),
       (41972, 255, '15', 14, 1085000000, 5120, 4, 3, 1),
       (41973, 255, '16', 10, 974000000, 6490, 4, 3, 1),
       (41974, 255, '17', 10, 1125000000, 5910, 5, 3, 1),
       (41975, 255, '18', 13, 961000000, 9490, 5, 3, 1),
       (41976, 255, '19', 10, 863000000, 4390, 5, 3, 1),
       (41977, 255, '20', 10, 417000000, 7380, 5, 3, 1),
       (41978, 255, '21', 13, 456000000, 9150, 6, 3, 1),
       (41979, 255, '22', 12, 1014000000, 4060, 6, 3, 1),
       (41980, 255, '23', 11, 948000000, 9940, 6, 3, 1),
       (41981, 255, '24', 13, 668000000, 7530, 6, 3, 1),
       (41982, 255, '25', 12, 1240000000, 4070, 7, 3, 1),
       (41983, 255, '26', 14, 1210000000, 7450, 7, 3, 1),
       (41984, 255, '27', 15, 731000000, 6900, 7, 3, 1),
       (41985, 255, '28', 13, 1363000000, 6010, 7, 3, 1),
       (41986, 255, '29', 14, 1445000000, 6280, 8, 3, 1),
       (41987, 255, '30', 10, 1195000000, 6930, 8, 3, 1),
       (41988, 255, '31', 14, 468000000, 6230, 8, 3, 1),
       (41989, 255, '32', 13, 740000000, 8030, 8, 3, 1),
       (41990, 255, '33', 10, 576000000, 4160, 9, 3, 1),
       (41991, 255, '34', 13, 1031000000, 9070, 9, 3, 1),
       (41992, 255, '35', 13, 1149000000, 8460, 9, 3, 1),
       (41993, 255, '36', 14, 556000000, 4140, 9, 3, 1),
       (41994, 255, '37', 13, 1189000000, 4070, 10, 3, 1),
       (41995, 255, '38', 11, 795000000, 8080, 10, 3, 1),
       (41996, 255, '39', 11, 953000000, 9880, 10, 3, 1),
       (41997, 255, '40', 13, 613000000, 5780, 10, 3, 1),
       (41998, 255, '41', 15, 1360000000, 6940, 11, 3, 1),
       (41999, 255, '42', 10, 793000000, 6600, 11, 3, 1),
       (42000, 255, '43', 10, 1385000000, 9980, 11, 3, 1),
       (42001, 255, '44', 13, 1140000000, 5480, 11, 3, 1),
       (42002, 255, '45', 13, 421000000, 5010, 12, 3, 1),
       (42003, 255, '46', 12, 1020000000, 4880, 12, 3, 1),
       (42004, 255, '47', 10, 905000000, 6430, 12, 3, 1),
       (42005, 255, '48', 15, 1428000000, 6110, 12, 3, 1),
       (42006, 255, '49', 13, 1035000000, 4340, 13, 3, 1),
       (42007, 255, '50', 12, 1210000000, 4260, 13, 3, 1),
       (42008, 255, '51', 15, 1011000000, 9360, 13, 3, 1),
       (42009, 255, '52', 10, 749000000, 7430, 13, 3, 1),
       (42010, 255, '53', 15, 791000000, 9760, 14, 3, 1),
       (42011, 255, '54', 12, 1290000000, 6000, 14, 3, 1),
       (42012, 255, '55', 11, 1422000000, 8690, 14, 3, 1),
       (42013, 255, '56', 14, 1107000000, 8460, 14, 3, 1),
       (42014, 255, '57', 14, 1214000000, 7220, 15, 3, 1),
       (42015, 255, '58', 12, 531000000, 4640, 15, 3, 1),
       (42016, 255, '59', 11, 670000000, 4950, 15, 3, 1),
       (42017, 255, '60', 12, 1411000000, 8610, 15, 3, 1),
       (42018, 255, '61', 14, 677000000, 5340, 16, 3, 1),
       (42019, 255, '62', 13, 1073000000, 7900, 16, 3, 1),
       (42020, 255, '63', 13, 749000000, 9060, 16, 3, 1),
       (42021, 255, '64', 11, 921000000, 8820, 16, 3, 1),
       (42022, 255, '65', 15, 1210000000, 8320, 17, 3, 1),
       (42023, 255, '66', 10, 1491000000, 9930, 17, 3, 1),
       (42024, 255, '67', 14, 737000000, 8770, 17, 3, 1),
       (42025, 255, '68', 13, 652000000, 8590, 17, 3, 1),
       (42026, 255, '69', 10, 999000000, 4410, 18, 3, 1),
       (42027, 255, '70', 12, 739000000, 8000, 18, 3, 1),
       (42028, 255, '71', 14, 1021000000, 6540, 18, 3, 1),
       (42029, 255, '72', 11, 680000000, 8180, 18, 3, 1),
       (42030, 255, '73', 10, 740000000, 6510, 19, 3, 1),
       (42031, 255, '74', 12, 627000000, 8980, 19, 3, 1),
       (42032, 255, '75', 13, 1290000000, 4090, 19, 3, 1),
       (42033, 255, '76', 10, 888000000, 8810, 19, 3, 1),
       (42034, 255, '77', 13, 1176000000, 5230, 20, 3, 1),
       (42035, 255, '78', 10, 982000000, 6580, 20, 3, 1),
       (42036, 255, '79', 11, 1168000000, 7040, 20, 3, 1),
       (42037, 255, '80', 14, 420000000, 9690, 20, 3, 1),
       (42038, 255, '81', 14, 1158000000, 6320, 21, 3, 1),
       (42039, 255, '82', 12, 888000000, 8140, 21, 3, 1),
       (42040, 255, '83', 15, 1019000000, 6350, 21, 3, 1),
       (42041, 255, '84', 11, 796000000, 5430, 21, 3, 1),
       (42042, 255, '85', 13, 1100000000, 8020, 22, 3, 1),
       (42043, 255, '86', 11, 1399000000, 4600, 22, 3, 1),
       (42044, 255, '87', 13, 877000000, 6190, 22, 3, 1),
       (42045, 255, '88', 12, 1140000000, 9160, 22, 3, 1),
       (42046, 255, '89', 13, 968000000, 6910, 23, 3, 1),
       (42047, 255, '90', 10, 1057000000, 8690, 23, 3, 1),
       (42048, 255, '91', 11, 670000000, 5600, 23, 3, 1),
       (42049, 255, '92', 13, 944000000, 8340, 23, 3, 1),
       (42050, 255, '93', 12, 1109000000, 6010, 24, 3, 1),
       (42051, 255, '94', 14, 495000000, 8390, 24, 3, 1),
       (42052, 255, '95', 11, 1148000000, 9310, 24, 3, 1),
       (42053, 255, '96', 15, 728000000, 7280, 24, 3, 1),
       (42054, 255, '97', 13, 1478000000, 6800, 25, 3, 1),
       (42055, 255, '98', 10, 1238000000, 8760, 25, 3, 1),
       (42056, 255, '99', 11, 619000000, 5620, 25, 3, 1),
       (42057, 255, '100', 10, 1243000000, 7470, 25, 3, 1),
       (42058, 255, '101', 13, 1117000000, 7330, 26, 3, 1),
       (42059, 255, '102', 12, 540000000, 5320, 26, 3, 1),
       (42060, 255, '103', 15, 932000000, 7010, 26, 3, 1),
       (42061, 255, '104', 15, 1486000000, 9380, 26, 3, 1),
       (42062, 255, '105', 10, 1273000000, 4710, 27, 3, 1),
       (42063, 255, '106', 10, 983000000, 4410, 27, 3, 1),
       (42064, 255, '107', 14, 1429000000, 8820, 27, 3, 1),
       (42065, 255, '108', 10, 485000000, 7340, 27, 3, 1),
       (42066, 255, '109', 13, 1040000000, 9910, 28, 3, 1),
       (42067, 255, '110', 14, 547000000, 8640, 28, 3, 1),
       (42068, 255, '111', 10, 594000000, 5690, 28, 3, 1),
       (42069, 255, '112', 14, 1203000000, 5320, 28, 3, 1),
       (42070, 255, '113', 11, 513000000, 5590, 29, 3, 1),
       (42071, 255, '114', 11, 1091000000, 9650, 29, 3, 1),
       (42072, 255, '115', 15, 1226000000, 6190, 29, 3, 1),
       (42073, 255, '116', 11, 1279000000, 7800, 29, 3, 1);
insert into real_estate_building (id, address, complex_id, floor_count, dev_id)
values (256, 'г. Москва, ул. Щукинская, д. 17', 12, 20, 12);
insert into real_estate_object (id, building_id ,local_address, places, price, area, floor, type, estate_type)
values (42074, 256, '1', 12, 1481000000, 4520, 1, 3, 1),
       (42075, 256, '2', 14, 886000000, 5810, 1, 3, 1),
       (42076, 256, '3', 14, 784000000, 4490, 1, 3, 1),
       (42077, 256, '4', 15, 923000000, 8650, 1, 3, 1),
       (42078, 256, '5', 14, 868000000, 9420, 2, 3, 1),
       (42079, 256, '6', 15, 994000000, 8730, 2, 3, 1),
       (42080, 256, '7', 11, 1139000000, 7760, 2, 3, 1),
       (42081, 256, '8', 15, 1175000000, 4730, 2, 3, 1),
       (42082, 256, '9', 13, 576000000, 4700, 3, 3, 1),
       (42083, 256, '10', 12, 954000000, 4930, 3, 3, 1),
       (42084, 256, '11', 15, 1475000000, 8850, 3, 3, 1),
       (42085, 256, '12', 11, 744000000, 8950, 3, 3, 1),
       (42086, 256, '13', 14, 595000000, 9210, 4, 3, 1),
       (42087, 256, '14', 15, 433000000, 5030, 4, 3, 1),
       (42088, 256, '15', 10, 495000000, 4010, 4, 3, 1),
       (42089, 256, '16', 11, 613000000, 7190, 4, 3, 1),
       (42090, 256, '17', 12, 884000000, 8020, 5, 3, 1),
       (42091, 256, '18', 12, 523000000, 8260, 5, 3, 1),
       (42092, 256, '19', 11, 893000000, 4370, 5, 3, 1),
       (42093, 256, '20', 13, 1212000000, 5430, 5, 3, 1),
       (42094, 256, '21', 15, 969000000, 8180, 6, 3, 1),
       (42095, 256, '22', 11, 1059000000, 8780, 6, 3, 1),
       (42096, 256, '23', 10, 1239000000, 7050, 6, 3, 1),
       (42097, 256, '24', 13, 1307000000, 6040, 6, 3, 1),
       (42098, 256, '25', 10, 1051000000, 9940, 7, 3, 1),
       (42099, 256, '26', 11, 592000000, 5270, 7, 3, 1),
       (42100, 256, '27', 11, 903000000, 6050, 7, 3, 1),
       (42101, 256, '28', 14, 687000000, 7110, 7, 3, 1),
       (42102, 256, '29', 12, 743000000, 6210, 8, 3, 1),
       (42103, 256, '30', 14, 1470000000, 6970, 8, 3, 1),
       (42104, 256, '31', 14, 1377000000, 7650, 8, 3, 1),
       (42105, 256, '32', 13, 840000000, 9270, 8, 3, 1),
       (42106, 256, '33', 13, 860000000, 9390, 9, 3, 1),
       (42107, 256, '34', 13, 827000000, 7060, 9, 3, 1),
       (42108, 256, '35', 13, 742000000, 9450, 9, 3, 1),
       (42109, 256, '36', 12, 529000000, 9210, 9, 3, 1),
       (42110, 256, '37', 13, 1341000000, 8510, 10, 3, 1),
       (42111, 256, '38', 14, 981000000, 8980, 10, 3, 1),
       (42112, 256, '39', 12, 811000000, 4110, 10, 3, 1),
       (42113, 256, '40', 14, 593000000, 7030, 10, 3, 1),
       (42114, 256, '41', 12, 785000000, 7500, 11, 3, 1),
       (42115, 256, '42', 15, 570000000, 6990, 11, 3, 1),
       (42116, 256, '43', 13, 658000000, 9360, 11, 3, 1),
       (42117, 256, '44', 11, 1217000000, 6220, 11, 3, 1),
       (42118, 256, '45', 14, 1318000000, 6310, 12, 3, 1),
       (42119, 256, '46', 13, 955000000, 8420, 12, 3, 1),
       (42120, 256, '47', 15, 679000000, 7460, 12, 3, 1),
       (42121, 256, '48', 14, 638000000, 4690, 12, 3, 1),
       (42122, 256, '49', 11, 468000000, 4100, 13, 3, 1),
       (42123, 256, '50', 15, 739000000, 6050, 13, 3, 1),
       (42124, 256, '51', 12, 587000000, 5120, 13, 3, 1),
       (42125, 256, '52', 10, 828000000, 4540, 13, 3, 1),
       (42126, 256, '53', 10, 1313000000, 4530, 14, 3, 1),
       (42127, 256, '54', 13, 1160000000, 7900, 14, 3, 1),
       (42128, 256, '55', 10, 795000000, 4900, 14, 3, 1),
       (42129, 256, '56', 15, 1221000000, 7450, 14, 3, 1),
       (42130, 256, '57', 13, 651000000, 8960, 15, 3, 1),
       (42131, 256, '58', 14, 498000000, 7370, 15, 3, 1),
       (42132, 256, '59', 11, 1315000000, 4790, 15, 3, 1),
       (42133, 256, '60', 14, 672000000, 7980, 15, 3, 1),
       (42134, 256, '61', 15, 692000000, 9770, 16, 3, 1),
       (42135, 256, '62', 10, 1180000000, 4960, 16, 3, 1),
       (42136, 256, '63', 11, 854000000, 7920, 16, 3, 1),
       (42137, 256, '64', 12, 1378000000, 8880, 16, 3, 1),
       (42138, 256, '65', 11, 1045000000, 7580, 17, 3, 1),
       (42139, 256, '66', 14, 648000000, 7680, 17, 3, 1),
       (42140, 256, '67', 13, 1146000000, 7170, 17, 3, 1),
       (42141, 256, '68', 10, 1133000000, 6810, 17, 3, 1),
       (42142, 256, '69', 14, 1028000000, 4400, 18, 3, 1),
       (42143, 256, '70', 14, 1044000000, 6080, 18, 3, 1),
       (42144, 256, '71', 12, 886000000, 9590, 18, 3, 1),
       (42145, 256, '72', 15, 469000000, 5190, 18, 3, 1),
       (42146, 256, '73', 15, 1301000000, 5420, 19, 3, 1),
       (42147, 256, '74', 12, 1367000000, 8170, 19, 3, 1),
       (42148, 256, '75', 13, 1306000000, 4640, 19, 3, 1),
       (42149, 256, '76', 14, 1322000000, 9640, 19, 3, 1),
       (42150, 256, '77', 13, 653000000, 6150, 20, 3, 1),
       (42151, 256, '78', 15, 1455000000, 5140, 20, 3, 1),
       (42152, 256, '79', 13, 452000000, 5170, 20, 3, 1),
       (42153, 256, '80', 11, 813000000, 5190, 20, 3, 1);
insert into real_estate_building (id, address, complex_id, floor_count, dev_id)
values (257, 'г. Москва, ул. Щукинская, д. 18', 12, 23, 12);
insert into real_estate_object (id, building_id ,local_address, places, price, area, floor, type, estate_type)
values (42154, 257, '1', 12, 1024000000, 7750, 1, 3, 1),
       (42155, 257, '2', 15, 1207000000, 5780, 1, 3, 1),
       (42156, 257, '3', 12, 600000000, 4330, 1, 3, 1),
       (42157, 257, '4', 11, 1355000000, 5440, 1, 3, 1),
       (42158, 257, '5', 11, 948000000, 6860, 2, 3, 1),
       (42159, 257, '6', 14, 1285000000, 8340, 2, 3, 1),
       (42160, 257, '7', 14, 835000000, 4180, 2, 3, 1),
       (42161, 257, '8', 15, 1481000000, 4510, 2, 3, 1),
       (42162, 257, '9', 10, 627000000, 6050, 3, 3, 1),
       (42163, 257, '10', 10, 881000000, 7570, 3, 3, 1),
       (42164, 257, '11', 13, 640000000, 9420, 3, 3, 1),
       (42165, 257, '12', 15, 1040000000, 7380, 3, 3, 1),
       (42166, 257, '13', 13, 1062000000, 5650, 4, 3, 1),
       (42167, 257, '14', 14, 774000000, 5600, 4, 3, 1),
       (42168, 257, '15', 11, 459000000, 8810, 4, 3, 1),
       (42169, 257, '16', 10, 1019000000, 6760, 4, 3, 1),
       (42170, 257, '17', 11, 621000000, 7460, 5, 3, 1),
       (42171, 257, '18', 10, 1406000000, 7080, 5, 3, 1),
       (42172, 257, '19', 11, 987000000, 7410, 5, 3, 1),
       (42173, 257, '20', 14, 616000000, 4360, 5, 3, 1),
       (42174, 257, '21', 11, 1393000000, 8570, 6, 3, 1),
       (42175, 257, '22', 14, 1329000000, 7160, 6, 3, 1),
       (42176, 257, '23', 10, 1009000000, 4330, 6, 3, 1),
       (42177, 257, '24', 12, 438000000, 9600, 6, 3, 1),
       (42178, 257, '25', 11, 902000000, 7910, 7, 3, 1),
       (42179, 257, '26', 12, 979000000, 4570, 7, 3, 1),
       (42180, 257, '27', 12, 1490000000, 9630, 7, 3, 1),
       (42181, 257, '28', 14, 882000000, 4150, 7, 3, 1),
       (42182, 257, '29', 15, 927000000, 6870, 8, 3, 1),
       (42183, 257, '30', 13, 1434000000, 5190, 8, 3, 1),
       (42184, 257, '31', 15, 1050000000, 6840, 8, 3, 1),
       (42185, 257, '32', 11, 415000000, 9300, 8, 3, 1),
       (42186, 257, '33', 12, 1097000000, 9610, 9, 3, 1),
       (42187, 257, '34', 15, 722000000, 9030, 9, 3, 1),
       (42188, 257, '35', 12, 1268000000, 8200, 9, 3, 1),
       (42189, 257, '36', 11, 1306000000, 7420, 9, 3, 1),
       (42190, 257, '37', 10, 672000000, 4090, 10, 3, 1),
       (42191, 257, '38', 15, 1387000000, 9880, 10, 3, 1),
       (42192, 257, '39', 15, 843000000, 5920, 10, 3, 1),
       (42193, 257, '40', 10, 1378000000, 5480, 10, 3, 1),
       (42194, 257, '41', 10, 788000000, 8510, 11, 3, 1),
       (42195, 257, '42', 14, 1489000000, 5830, 11, 3, 1),
       (42196, 257, '43', 12, 1258000000, 5090, 11, 3, 1),
       (42197, 257, '44', 12, 1395000000, 6540, 11, 3, 1),
       (42198, 257, '45', 10, 966000000, 7740, 12, 3, 1),
       (42199, 257, '46', 12, 1018000000, 9690, 12, 3, 1),
       (42200, 257, '47', 15, 474000000, 5710, 12, 3, 1),
       (42201, 257, '48', 13, 1146000000, 8550, 12, 3, 1),
       (42202, 257, '49', 11, 1167000000, 4280, 13, 3, 1),
       (42203, 257, '50', 15, 1059000000, 5710, 13, 3, 1),
       (42204, 257, '51', 15, 835000000, 9280, 13, 3, 1),
       (42205, 257, '52', 11, 972000000, 8270, 13, 3, 1),
       (42206, 257, '53', 15, 1414000000, 7590, 14, 3, 1),
       (42207, 257, '54', 10, 692000000, 6830, 14, 3, 1),
       (42208, 257, '55', 12, 405000000, 5570, 14, 3, 1),
       (42209, 257, '56', 12, 452000000, 6230, 14, 3, 1),
       (42210, 257, '57', 12, 949000000, 5740, 15, 3, 1),
       (42211, 257, '58', 15, 1492000000, 8200, 15, 3, 1),
       (42212, 257, '59', 14, 943000000, 9720, 15, 3, 1),
       (42213, 257, '60', 14, 666000000, 9930, 15, 3, 1),
       (42214, 257, '61', 12, 1064000000, 7010, 16, 3, 1),
       (42215, 257, '62', 15, 912000000, 7940, 16, 3, 1),
       (42216, 257, '63', 12, 437000000, 9130, 16, 3, 1),
       (42217, 257, '64', 11, 444000000, 4380, 16, 3, 1),
       (42218, 257, '65', 13, 840000000, 9940, 17, 3, 1),
       (42219, 257, '66', 13, 1055000000, 4020, 17, 3, 1),
       (42220, 257, '67', 12, 1415000000, 8130, 17, 3, 1),
       (42221, 257, '68', 11, 1300000000, 8130, 17, 3, 1),
       (42222, 257, '69', 15, 1113000000, 6090, 18, 3, 1),
       (42223, 257, '70', 11, 1314000000, 7810, 18, 3, 1),
       (42224, 257, '71', 15, 602000000, 9410, 18, 3, 1),
       (42225, 257, '72', 11, 1376000000, 7790, 18, 3, 1),
       (42226, 257, '73', 15, 837000000, 6600, 19, 3, 1),
       (42227, 257, '74', 12, 628000000, 8360, 19, 3, 1),
       (42228, 257, '75', 13, 482000000, 9100, 19, 3, 1),
       (42229, 257, '76', 13, 547000000, 6610, 19, 3, 1),
       (42230, 257, '77', 12, 938000000, 4570, 20, 3, 1),
       (42231, 257, '78', 11, 499000000, 4010, 20, 3, 1),
       (42232, 257, '79', 14, 887000000, 8060, 20, 3, 1),
       (42233, 257, '80', 14, 536000000, 7670, 20, 3, 1),
       (42234, 257, '81', 10, 834000000, 6530, 21, 3, 1),
       (42235, 257, '82', 13, 954000000, 7780, 21, 3, 1),
       (42236, 257, '83', 14, 562000000, 9130, 21, 3, 1),
       (42237, 257, '84', 15, 1227000000, 6730, 21, 3, 1),
       (42238, 257, '85', 10, 892000000, 8720, 22, 3, 1),
       (42239, 257, '86', 11, 874000000, 4590, 22, 3, 1),
       (42240, 257, '87', 11, 1486000000, 7290, 22, 3, 1),
       (42241, 257, '88', 13, 651000000, 7000, 22, 3, 1),
       (42242, 257, '89', 14, 1158000000, 7960, 23, 3, 1),
       (42243, 257, '90', 10, 1165000000, 6000, 23, 3, 1),
       (42244, 257, '91', 14, 1305000000, 9490, 23, 3, 1),
       (42245, 257, '92', 15, 1128000000, 7800, 23, 3, 1);
insert into real_estate_building (id, address, complex_id, floor_count, dev_id)
values (258, 'г. Москва, ул. Щукинская, д. 19', 12, 22, 12);
insert into real_estate_object (id, building_id ,local_address, places, price, area, floor, type, estate_type)
values (42246, 258, '1', 12, 1366000000, 4670, 1, 3, 1),
       (42247, 258, '2', 11, 659000000, 4820, 1, 3, 1),
       (42248, 258, '3', 12, 706000000, 5530, 1, 3, 1),
       (42249, 258, '4', 11, 971000000, 7800, 1, 3, 1),
       (42250, 258, '5', 12, 918000000, 8140, 2, 3, 1),
       (42251, 258, '6', 14, 677000000, 4890, 2, 3, 1),
       (42252, 258, '7', 12, 444000000, 5420, 2, 3, 1),
       (42253, 258, '8', 10, 449000000, 8050, 2, 3, 1),
       (42254, 258, '9', 10, 644000000, 5480, 3, 3, 1),
       (42255, 258, '10', 10, 1471000000, 6340, 3, 3, 1),
       (42256, 258, '11', 11, 1347000000, 6730, 3, 3, 1),
       (42257, 258, '12', 15, 748000000, 7660, 3, 3, 1),
       (42258, 258, '13', 13, 1192000000, 7630, 4, 3, 1),
       (42259, 258, '14', 12, 1211000000, 6110, 4, 3, 1),
       (42260, 258, '15', 11, 1312000000, 9320, 4, 3, 1),
       (42261, 258, '16', 13, 1319000000, 8360, 4, 3, 1),
       (42262, 258, '17', 10, 583000000, 4970, 5, 3, 1),
       (42263, 258, '18', 12, 551000000, 8810, 5, 3, 1),
       (42264, 258, '19', 11, 535000000, 9520, 5, 3, 1),
       (42265, 258, '20', 11, 762000000, 8550, 5, 3, 1),
       (42266, 258, '21', 13, 802000000, 9020, 6, 3, 1),
       (42267, 258, '22', 12, 1018000000, 6080, 6, 3, 1),
       (42268, 258, '23', 15, 1452000000, 4670, 6, 3, 1),
       (42269, 258, '24', 12, 1286000000, 5390, 6, 3, 1),
       (42270, 258, '25', 14, 1304000000, 6970, 7, 3, 1),
       (42271, 258, '26', 14, 466000000, 6420, 7, 3, 1),
       (42272, 258, '27', 14, 1039000000, 6010, 7, 3, 1),
       (42273, 258, '28', 10, 866000000, 4540, 7, 3, 1),
       (42274, 258, '29', 14, 882000000, 8260, 8, 3, 1),
       (42275, 258, '30', 10, 684000000, 7020, 8, 3, 1),
       (42276, 258, '31', 14, 869000000, 6910, 8, 3, 1),
       (42277, 258, '32', 15, 717000000, 4860, 8, 3, 1),
       (42278, 258, '33', 12, 1057000000, 5010, 9, 3, 1),
       (42279, 258, '34', 14, 1227000000, 4730, 9, 3, 1),
       (42280, 258, '35', 11, 1466000000, 8040, 9, 3, 1),
       (42281, 258, '36', 14, 609000000, 8980, 9, 3, 1),
       (42282, 258, '37', 15, 1095000000, 5560, 10, 3, 1),
       (42283, 258, '38', 14, 1158000000, 9390, 10, 3, 1),
       (42284, 258, '39', 15, 1447000000, 4190, 10, 3, 1),
       (42285, 258, '40', 11, 419000000, 4670, 10, 3, 1),
       (42286, 258, '41', 13, 689000000, 8780, 11, 3, 1),
       (42287, 258, '42', 14, 1160000000, 4460, 11, 3, 1),
       (42288, 258, '43', 11, 986000000, 9030, 11, 3, 1),
       (42289, 258, '44', 10, 951000000, 4550, 11, 3, 1),
       (42290, 258, '45', 15, 831000000, 8550, 12, 3, 1),
       (42291, 258, '46', 14, 1036000000, 8010, 12, 3, 1),
       (42292, 258, '47', 13, 407000000, 7760, 12, 3, 1),
       (42293, 258, '48', 10, 878000000, 7200, 12, 3, 1),
       (42294, 258, '49', 14, 939000000, 5210, 13, 3, 1),
       (42295, 258, '50', 12, 1398000000, 5260, 13, 3, 1),
       (42296, 258, '51', 14, 1444000000, 8750, 13, 3, 1),
       (42297, 258, '52', 12, 1307000000, 5550, 13, 3, 1),
       (42298, 258, '53', 11, 578000000, 5400, 14, 3, 1),
       (42299, 258, '54', 14, 420000000, 5930, 14, 3, 1),
       (42300, 258, '55', 15, 1211000000, 4580, 14, 3, 1),
       (42301, 258, '56', 12, 950000000, 9610, 14, 3, 1),
       (42302, 258, '57', 10, 579000000, 8470, 15, 3, 1),
       (42303, 258, '58', 10, 506000000, 4640, 15, 3, 1),
       (42304, 258, '59', 14, 827000000, 9820, 15, 3, 1),
       (42305, 258, '60', 13, 454000000, 7770, 15, 3, 1),
       (42306, 258, '61', 15, 1447000000, 6430, 16, 3, 1),
       (42307, 258, '62', 12, 1046000000, 4200, 16, 3, 1),
       (42308, 258, '63', 10, 1192000000, 6980, 16, 3, 1),
       (42309, 258, '64', 15, 600000000, 5760, 16, 3, 1),
       (42310, 258, '65', 11, 1421000000, 7620, 17, 3, 1),
       (42311, 258, '66', 14, 1257000000, 6330, 17, 3, 1),
       (42312, 258, '67', 12, 1438000000, 7420, 17, 3, 1),
       (42313, 258, '68', 10, 1156000000, 5820, 17, 3, 1),
       (42314, 258, '69', 10, 1147000000, 5990, 18, 3, 1),
       (42315, 258, '70', 10, 1174000000, 4660, 18, 3, 1),
       (42316, 258, '71', 15, 791000000, 5420, 18, 3, 1),
       (42317, 258, '72', 15, 1221000000, 4610, 18, 3, 1),
       (42318, 258, '73', 10, 1487000000, 9480, 19, 3, 1),
       (42319, 258, '74', 13, 425000000, 5450, 19, 3, 1),
       (42320, 258, '75', 15, 1097000000, 6100, 19, 3, 1),
       (42321, 258, '76', 15, 1040000000, 9760, 19, 3, 1),
       (42322, 258, '77', 14, 1114000000, 9420, 20, 3, 1),
       (42323, 258, '78', 11, 481000000, 9740, 20, 3, 1),
       (42324, 258, '79', 14, 756000000, 5400, 20, 3, 1),
       (42325, 258, '80', 13, 526000000, 6060, 20, 3, 1),
       (42326, 258, '81', 11, 1336000000, 8450, 21, 3, 1),
       (42327, 258, '82', 13, 651000000, 9630, 21, 3, 1),
       (42328, 258, '83', 11, 684000000, 7870, 21, 3, 1),
       (42329, 258, '84', 10, 1027000000, 4910, 21, 3, 1),
       (42330, 258, '85', 14, 733000000, 8310, 22, 3, 1),
       (42331, 258, '86', 13, 646000000, 9140, 22, 3, 1),
       (42332, 258, '87', 15, 521000000, 6620, 22, 3, 1),
       (42333, 258, '88', 15, 1015000000, 7350, 22, 3, 1);
insert into real_estate_building (id, address, complex_id, floor_count, dev_id)
values (259, 'г. Москва, ул. Щукинская, д. 20', 12, 30, 12);
insert into real_estate_object (id, building_id ,local_address, places, price, area, floor, type, estate_type)
values (42334, 259, '1', 11, 852000000, 4840, 1, 3, 1),
       (42335, 259, '2', 10, 470000000, 4800, 1, 3, 1),
       (42336, 259, '3', 13, 1438000000, 9540, 1, 3, 1),
       (42337, 259, '4', 13, 541000000, 9060, 1, 3, 1),
       (42338, 259, '5', 12, 1438000000, 9150, 2, 3, 1),
       (42339, 259, '6', 14, 1074000000, 5120, 2, 3, 1),
       (42340, 259, '7', 15, 628000000, 7550, 2, 3, 1),
       (42341, 259, '8', 14, 744000000, 7680, 2, 3, 1),
       (42342, 259, '9', 12, 475000000, 9560, 3, 3, 1),
       (42343, 259, '10', 12, 1024000000, 5110, 3, 3, 1),
       (42344, 259, '11', 14, 729000000, 4670, 3, 3, 1),
       (42345, 259, '12', 10, 678000000, 8210, 3, 3, 1),
       (42346, 259, '13', 10, 899000000, 4910, 4, 3, 1),
       (42347, 259, '14', 12, 472000000, 9270, 4, 3, 1),
       (42348, 259, '15', 11, 1155000000, 4190, 4, 3, 1),
       (42349, 259, '16', 14, 879000000, 9710, 4, 3, 1),
       (42350, 259, '17', 14, 1478000000, 9150, 5, 3, 1),
       (42351, 259, '18', 11, 496000000, 9090, 5, 3, 1),
       (42352, 259, '19', 15, 1181000000, 8280, 5, 3, 1),
       (42353, 259, '20', 14, 578000000, 8210, 5, 3, 1),
       (42354, 259, '21', 12, 1092000000, 4290, 6, 3, 1),
       (42355, 259, '22', 13, 1259000000, 9760, 6, 3, 1),
       (42356, 259, '23', 11, 1452000000, 9050, 6, 3, 1),
       (42357, 259, '24', 12, 563000000, 4730, 6, 3, 1),
       (42358, 259, '25', 12, 799000000, 8240, 7, 3, 1),
       (42359, 259, '26', 10, 1434000000, 7360, 7, 3, 1),
       (42360, 259, '27', 13, 615000000, 4490, 7, 3, 1),
       (42361, 259, '28', 14, 963000000, 8380, 7, 3, 1),
       (42362, 259, '29', 15, 622000000, 7630, 8, 3, 1),
       (42363, 259, '30', 15, 952000000, 9860, 8, 3, 1),
       (42364, 259, '31', 11, 573000000, 9480, 8, 3, 1),
       (42365, 259, '32', 11, 1114000000, 4520, 8, 3, 1),
       (42366, 259, '33', 15, 536000000, 4400, 9, 3, 1),
       (42367, 259, '34', 15, 861000000, 7750, 9, 3, 1),
       (42368, 259, '35', 12, 970000000, 9030, 9, 3, 1),
       (42369, 259, '36', 10, 1110000000, 7930, 9, 3, 1),
       (42370, 259, '37', 12, 575000000, 7530, 10, 3, 1),
       (42371, 259, '38', 13, 1185000000, 8700, 10, 3, 1),
       (42372, 259, '39', 13, 1117000000, 7620, 10, 3, 1),
       (42373, 259, '40', 15, 612000000, 8980, 10, 3, 1),
       (42374, 259, '41', 12, 756000000, 7350, 11, 3, 1),
       (42375, 259, '42', 13, 763000000, 6480, 11, 3, 1),
       (42376, 259, '43', 15, 1372000000, 7750, 11, 3, 1),
       (42377, 259, '44', 15, 802000000, 4930, 11, 3, 1),
       (42378, 259, '45', 13, 1458000000, 9160, 12, 3, 1),
       (42379, 259, '46', 13, 802000000, 9410, 12, 3, 1),
       (42380, 259, '47', 10, 1111000000, 6870, 12, 3, 1),
       (42381, 259, '48', 10, 1091000000, 4080, 12, 3, 1),
       (42382, 259, '49', 14, 585000000, 7330, 13, 3, 1),
       (42383, 259, '50', 12, 1243000000, 5640, 13, 3, 1),
       (42384, 259, '51', 15, 448000000, 9580, 13, 3, 1),
       (42385, 259, '52', 15, 1352000000, 8820, 13, 3, 1),
       (42386, 259, '53', 12, 677000000, 8680, 14, 3, 1),
       (42387, 259, '54', 10, 410000000, 4070, 14, 3, 1),
       (42388, 259, '55', 14, 715000000, 5890, 14, 3, 1),
       (42389, 259, '56', 13, 782000000, 6720, 14, 3, 1),
       (42390, 259, '57', 11, 908000000, 9370, 15, 3, 1),
       (42391, 259, '58', 12, 508000000, 9690, 15, 3, 1),
       (42392, 259, '59', 10, 1222000000, 7490, 15, 3, 1),
       (42393, 259, '60', 10, 1358000000, 4400, 15, 3, 1),
       (42394, 259, '61', 13, 1260000000, 7950, 16, 3, 1),
       (42395, 259, '62', 13, 667000000, 7040, 16, 3, 1),
       (42396, 259, '63', 12, 1276000000, 8330, 16, 3, 1),
       (42397, 259, '64', 11, 868000000, 9720, 16, 3, 1),
       (42398, 259, '65', 13, 796000000, 9550, 17, 3, 1),
       (42399, 259, '66', 12, 711000000, 5650, 17, 3, 1),
       (42400, 259, '67', 13, 1175000000, 5610, 17, 3, 1),
       (42401, 259, '68', 14, 849000000, 6130, 17, 3, 1),
       (42402, 259, '69', 11, 1435000000, 9270, 18, 3, 1),
       (42403, 259, '70', 12, 1496000000, 9670, 18, 3, 1),
       (42404, 259, '71', 10, 881000000, 8700, 18, 3, 1),
       (42405, 259, '72', 10, 1473000000, 5300, 18, 3, 1),
       (42406, 259, '73', 13, 863000000, 8170, 19, 3, 1),
       (42407, 259, '74', 14, 846000000, 8280, 19, 3, 1),
       (42408, 259, '75', 15, 507000000, 6730, 19, 3, 1),
       (42409, 259, '76', 15, 531000000, 9230, 19, 3, 1),
       (42410, 259, '77', 13, 1000000000, 9010, 20, 3, 1),
       (42411, 259, '78', 13, 991000000, 6500, 20, 3, 1),
       (42412, 259, '79', 15, 1058000000, 6680, 20, 3, 1),
       (42413, 259, '80', 14, 1109000000, 6020, 20, 3, 1),
       (42414, 259, '81', 12, 562000000, 7650, 21, 3, 1),
       (42415, 259, '82', 10, 606000000, 9330, 21, 3, 1),
       (42416, 259, '83', 10, 1291000000, 5800, 21, 3, 1),
       (42417, 259, '84', 14, 1212000000, 6130, 21, 3, 1),
       (42418, 259, '85', 12, 1125000000, 7000, 22, 3, 1),
       (42419, 259, '86', 12, 1321000000, 9000, 22, 3, 1),
       (42420, 259, '87', 15, 920000000, 5630, 22, 3, 1),
       (42421, 259, '88', 13, 581000000, 6540, 22, 3, 1),
       (42422, 259, '89', 12, 945000000, 7990, 23, 3, 1),
       (42423, 259, '90', 14, 1047000000, 7530, 23, 3, 1),
       (42424, 259, '91', 13, 1048000000, 7150, 23, 3, 1),
       (42425, 259, '92', 13, 733000000, 6210, 23, 3, 1),
       (42426, 259, '93', 11, 1297000000, 4590, 24, 3, 1),
       (42427, 259, '94', 12, 744000000, 5800, 24, 3, 1),
       (42428, 259, '95', 11, 569000000, 4160, 24, 3, 1),
       (42429, 259, '96', 11, 1312000000, 8240, 24, 3, 1),
       (42430, 259, '97', 10, 1154000000, 7270, 25, 3, 1),
       (42431, 259, '98', 12, 1297000000, 5450, 25, 3, 1),
       (42432, 259, '99', 12, 1146000000, 9780, 25, 3, 1),
       (42433, 259, '100', 14, 1024000000, 8110, 25, 3, 1),
       (42434, 259, '101', 11, 885000000, 4040, 26, 3, 1),
       (42435, 259, '102', 14, 742000000, 7980, 26, 3, 1),
       (42436, 259, '103', 12, 805000000, 6710, 26, 3, 1),
       (42437, 259, '104', 10, 1137000000, 5180, 26, 3, 1),
       (42438, 259, '105', 10, 740000000, 4870, 27, 3, 1),
       (42439, 259, '106', 10, 848000000, 6900, 27, 3, 1),
       (42440, 259, '107', 12, 934000000, 8260, 27, 3, 1),
       (42441, 259, '108', 11, 1375000000, 5170, 27, 3, 1),
       (42442, 259, '109', 13, 1053000000, 5430, 28, 3, 1),
       (42443, 259, '110', 10, 1200000000, 8800, 28, 3, 1),
       (42444, 259, '111', 10, 987000000, 6530, 28, 3, 1),
       (42445, 259, '112', 15, 543000000, 4760, 28, 3, 1),
       (42446, 259, '113', 14, 702000000, 6780, 29, 3, 1),
       (42447, 259, '114', 11, 443000000, 8300, 29, 3, 1),
       (42448, 259, '115', 10, 594000000, 5610, 29, 3, 1),
       (42449, 259, '116', 11, 401000000, 7790, 29, 3, 1),
       (42450, 259, '117', 11, 463000000, 8190, 30, 3, 1),
       (42451, 259, '118', 12, 683000000, 6390, 30, 3, 1),
       (42452, 259, '119', 15, 420000000, 8730, 30, 3, 1),
       (42453, 259, '120', 11, 416000000, 5380, 30, 3, 1);
insert into real_estate_building (id, address, complex_id, floor_count, dev_id)
values (260, 'г. Москва, ул. Щукинская, д. 21', 12, 27, 12);
insert into real_estate_object (id, building_id ,local_address, places, price, area, floor, type, estate_type)
values (42454, 260, '1', 10, 903000000, 4040, 1, 3, 1),
       (42455, 260, '2', 15, 1322000000, 6230, 1, 3, 1),
       (42456, 260, '3', 15, 1495000000, 9990, 1, 3, 1),
       (42457, 260, '4', 13, 937000000, 8570, 1, 3, 1),
       (42458, 260, '5', 14, 1177000000, 7200, 2, 3, 1),
       (42459, 260, '6', 15, 612000000, 7180, 2, 3, 1),
       (42460, 260, '7', 13, 893000000, 4900, 2, 3, 1),
       (42461, 260, '8', 14, 1006000000, 9870, 2, 3, 1),
       (42462, 260, '9', 14, 1210000000, 6120, 3, 3, 1),
       (42463, 260, '10', 13, 981000000, 8390, 3, 3, 1),
       (42464, 260, '11', 11, 857000000, 6090, 3, 3, 1),
       (42465, 260, '12', 10, 1134000000, 4170, 3, 3, 1),
       (42466, 260, '13', 11, 402000000, 5170, 4, 3, 1),
       (42467, 260, '14', 13, 608000000, 5960, 4, 3, 1),
       (42468, 260, '15', 14, 671000000, 5120, 4, 3, 1),
       (42469, 260, '16', 15, 1186000000, 7270, 4, 3, 1),
       (42470, 260, '17', 11, 1185000000, 7970, 5, 3, 1),
       (42471, 260, '18', 11, 1138000000, 7260, 5, 3, 1),
       (42472, 260, '19', 15, 1259000000, 7000, 5, 3, 1),
       (42473, 260, '20', 12, 1109000000, 6370, 5, 3, 1),
       (42474, 260, '21', 12, 1420000000, 7100, 6, 3, 1),
       (42475, 260, '22', 12, 1184000000, 7510, 6, 3, 1),
       (42476, 260, '23', 15, 1257000000, 9640, 6, 3, 1),
       (42477, 260, '24', 12, 991000000, 5090, 6, 3, 1),
       (42478, 260, '25', 13, 1101000000, 4750, 7, 3, 1),
       (42479, 260, '26', 10, 525000000, 5140, 7, 3, 1),
       (42480, 260, '27', 11, 1209000000, 7830, 7, 3, 1),
       (42481, 260, '28', 13, 883000000, 5800, 7, 3, 1),
       (42482, 260, '29', 11, 1106000000, 4140, 8, 3, 1),
       (42483, 260, '30', 15, 454000000, 7410, 8, 3, 1),
       (42484, 260, '31', 13, 1064000000, 5950, 8, 3, 1),
       (42485, 260, '32', 12, 1482000000, 5750, 8, 3, 1),
       (42486, 260, '33', 11, 1254000000, 7120, 9, 3, 1),
       (42487, 260, '34', 14, 1129000000, 7030, 9, 3, 1),
       (42488, 260, '35', 10, 1175000000, 8480, 9, 3, 1),
       (42489, 260, '36', 12, 568000000, 9930, 9, 3, 1),
       (42490, 260, '37', 15, 479000000, 7640, 10, 3, 1),
       (42491, 260, '38', 14, 1137000000, 4400, 10, 3, 1),
       (42492, 260, '39', 12, 1072000000, 6310, 10, 3, 1),
       (42493, 260, '40', 11, 848000000, 5540, 10, 3, 1),
       (42494, 260, '41', 12, 500000000, 7830, 11, 3, 1),
       (42495, 260, '42', 11, 1160000000, 6540, 11, 3, 1),
       (42496, 260, '43', 12, 1256000000, 8070, 11, 3, 1),
       (42497, 260, '44', 15, 1077000000, 4720, 11, 3, 1),
       (42498, 260, '45', 10, 634000000, 6790, 12, 3, 1),
       (42499, 260, '46', 10, 1116000000, 7890, 12, 3, 1),
       (42500, 260, '47', 10, 1295000000, 6030, 12, 3, 1),
       (42501, 260, '48', 14, 878000000, 5080, 12, 3, 1),
       (42502, 260, '49', 12, 1159000000, 8380, 13, 3, 1),
       (42503, 260, '50', 14, 1013000000, 7360, 13, 3, 1),
       (42504, 260, '51', 11, 581000000, 7290, 13, 3, 1),
       (42505, 260, '52', 13, 940000000, 6420, 13, 3, 1),
       (42506, 260, '53', 15, 719000000, 9560, 14, 3, 1),
       (42507, 260, '54', 13, 1461000000, 9130, 14, 3, 1),
       (42508, 260, '55', 13, 523000000, 4290, 14, 3, 1),
       (42509, 260, '56', 15, 1413000000, 7150, 14, 3, 1),
       (42510, 260, '57', 10, 883000000, 9040, 15, 3, 1),
       (42511, 260, '58', 15, 755000000, 5490, 15, 3, 1),
       (42512, 260, '59', 15, 457000000, 6690, 15, 3, 1),
       (42513, 260, '60', 15, 1156000000, 5190, 15, 3, 1),
       (42514, 260, '61', 13, 932000000, 4910, 16, 3, 1),
       (42515, 260, '62', 12, 465000000, 8430, 16, 3, 1),
       (42516, 260, '63', 11, 1483000000, 7780, 16, 3, 1),
       (42517, 260, '64', 14, 400000000, 4290, 16, 3, 1),
       (42518, 260, '65', 15, 931000000, 9000, 17, 3, 1),
       (42519, 260, '66', 10, 1074000000, 4850, 17, 3, 1),
       (42520, 260, '67', 11, 511000000, 4790, 17, 3, 1),
       (42521, 260, '68', 13, 573000000, 4620, 17, 3, 1),
       (42522, 260, '69', 14, 974000000, 4070, 18, 3, 1),
       (42523, 260, '70', 13, 897000000, 5770, 18, 3, 1),
       (42524, 260, '71', 10, 682000000, 7900, 18, 3, 1),
       (42525, 260, '72', 14, 1233000000, 9610, 18, 3, 1),
       (42526, 260, '73', 11, 813000000, 8240, 19, 3, 1),
       (42527, 260, '74', 12, 1358000000, 7230, 19, 3, 1),
       (42528, 260, '75', 11, 1483000000, 7260, 19, 3, 1),
       (42529, 260, '76', 11, 955000000, 4910, 19, 3, 1),
       (42530, 260, '77', 15, 862000000, 6000, 20, 3, 1),
       (42531, 260, '78', 13, 600000000, 9080, 20, 3, 1),
       (42532, 260, '79', 12, 479000000, 5700, 20, 3, 1),
       (42533, 260, '80', 14, 1200000000, 9750, 20, 3, 1),
       (42534, 260, '81', 15, 896000000, 4180, 21, 3, 1),
       (42535, 260, '82', 11, 860000000, 9800, 21, 3, 1),
       (42536, 260, '83', 15, 465000000, 5940, 21, 3, 1),
       (42537, 260, '84', 15, 419000000, 4740, 21, 3, 1),
       (42538, 260, '85', 13, 1440000000, 7590, 22, 3, 1),
       (42539, 260, '86', 11, 1471000000, 6030, 22, 3, 1),
       (42540, 260, '87', 11, 1412000000, 8760, 22, 3, 1),
       (42541, 260, '88', 14, 1383000000, 9870, 22, 3, 1),
       (42542, 260, '89', 14, 967000000, 9070, 23, 3, 1),
       (42543, 260, '90', 14, 1086000000, 9250, 23, 3, 1),
       (42544, 260, '91', 14, 1060000000, 7620, 23, 3, 1),
       (42545, 260, '92', 12, 1129000000, 5870, 23, 3, 1),
       (42546, 260, '93', 10, 770000000, 5410, 24, 3, 1),
       (42547, 260, '94', 13, 1145000000, 5980, 24, 3, 1),
       (42548, 260, '95', 14, 852000000, 6170, 24, 3, 1),
       (42549, 260, '96', 14, 786000000, 4100, 24, 3, 1),
       (42550, 260, '97', 14, 855000000, 5210, 25, 3, 1),
       (42551, 260, '98', 10, 683000000, 9500, 25, 3, 1),
       (42552, 260, '99', 13, 1215000000, 5760, 25, 3, 1),
       (42553, 260, '100', 14, 1403000000, 4020, 25, 3, 1),
       (42554, 260, '101', 14, 882000000, 4670, 26, 3, 1),
       (42555, 260, '102', 14, 584000000, 5070, 26, 3, 1),
       (42556, 260, '103', 12, 1360000000, 6700, 26, 3, 1),
       (42557, 260, '104', 12, 1188000000, 9210, 26, 3, 1),
       (42558, 260, '105', 12, 816000000, 5890, 27, 3, 1),
       (42559, 260, '106', 13, 754000000, 9110, 27, 3, 1),
       (42560, 260, '107', 14, 1068000000, 4560, 27, 3, 1),
       (42561, 260, '108', 15, 542000000, 8600, 27, 3, 1);
insert into real_estate_building (id, address, complex_id, floor_count, dev_id)
values (261, 'г. Москва, ул. Щукинская, д. 22', 12, 24, 12);
insert into real_estate_object (id, building_id ,local_address, places, price, area, floor, type, estate_type)
values (42562, 261, '1', 14, 1409000000, 5730, 1, 3, 1),
       (42563, 261, '2', 11, 600000000, 7890, 1, 3, 1),
       (42564, 261, '3', 13, 541000000, 7140, 1, 3, 1),
       (42565, 261, '4', 15, 465000000, 4780, 1, 3, 1),
       (42566, 261, '5', 15, 1108000000, 6440, 2, 3, 1),
       (42567, 261, '6', 15, 1097000000, 6100, 2, 3, 1),
       (42568, 261, '7', 10, 718000000, 7910, 2, 3, 1),
       (42569, 261, '8', 10, 599000000, 7560, 2, 3, 1),
       (42570, 261, '9', 12, 1167000000, 7410, 3, 3, 1),
       (42571, 261, '10', 10, 529000000, 8440, 3, 3, 1),
       (42572, 261, '11', 13, 490000000, 4180, 3, 3, 1),
       (42573, 261, '12', 15, 662000000, 9590, 3, 3, 1),
       (42574, 261, '13', 14, 994000000, 8730, 4, 3, 1),
       (42575, 261, '14', 10, 547000000, 7670, 4, 3, 1),
       (42576, 261, '15', 13, 1041000000, 6080, 4, 3, 1),
       (42577, 261, '16', 10, 687000000, 5410, 4, 3, 1),
       (42578, 261, '17', 13, 980000000, 8980, 5, 3, 1),
       (42579, 261, '18', 14, 869000000, 8990, 5, 3, 1),
       (42580, 261, '19', 12, 1328000000, 8340, 5, 3, 1),
       (42581, 261, '20', 14, 815000000, 9700, 5, 3, 1),
       (42582, 261, '21', 13, 792000000, 7600, 6, 3, 1),
       (42583, 261, '22', 10, 1473000000, 7710, 6, 3, 1),
       (42584, 261, '23', 13, 1345000000, 4420, 6, 3, 1),
       (42585, 261, '24', 12, 1281000000, 5470, 6, 3, 1),
       (42586, 261, '25', 11, 766000000, 7820, 7, 3, 1),
       (42587, 261, '26', 15, 929000000, 5310, 7, 3, 1),
       (42588, 261, '27', 11, 1276000000, 8290, 7, 3, 1),
       (42589, 261, '28', 12, 946000000, 8730, 7, 3, 1),
       (42590, 261, '29', 12, 771000000, 6050, 8, 3, 1),
       (42591, 261, '30', 10, 1073000000, 9500, 8, 3, 1),
       (42592, 261, '31', 12, 541000000, 5210, 8, 3, 1),
       (42593, 261, '32', 11, 692000000, 8460, 8, 3, 1),
       (42594, 261, '33', 11, 705000000, 6890, 9, 3, 1),
       (42595, 261, '34', 13, 1390000000, 8970, 9, 3, 1),
       (42596, 261, '35', 10, 530000000, 9340, 9, 3, 1),
       (42597, 261, '36', 11, 1470000000, 4340, 9, 3, 1),
       (42598, 261, '37', 10, 614000000, 9620, 10, 3, 1),
       (42599, 261, '38', 12, 1411000000, 7690, 10, 3, 1),
       (42600, 261, '39', 14, 638000000, 8760, 10, 3, 1),
       (42601, 261, '40', 10, 516000000, 7350, 10, 3, 1),
       (42602, 261, '41', 15, 491000000, 5120, 11, 3, 1),
       (42603, 261, '42', 15, 1248000000, 9400, 11, 3, 1),
       (42604, 261, '43', 14, 771000000, 8120, 11, 3, 1),
       (42605, 261, '44', 12, 874000000, 4710, 11, 3, 1),
       (42606, 261, '45', 12, 1331000000, 4080, 12, 3, 1),
       (42607, 261, '46', 10, 1085000000, 6070, 12, 3, 1),
       (42608, 261, '47', 14, 960000000, 4150, 12, 3, 1),
       (42609, 261, '48', 15, 1145000000, 8840, 12, 3, 1),
       (42610, 261, '49', 11, 1069000000, 9280, 13, 3, 1),
       (42611, 261, '50', 10, 467000000, 8870, 13, 3, 1),
       (42612, 261, '51', 14, 680000000, 6240, 13, 3, 1),
       (42613, 261, '52', 15, 536000000, 4760, 13, 3, 1),
       (42614, 261, '53', 15, 1130000000, 7410, 14, 3, 1),
       (42615, 261, '54', 11, 637000000, 6950, 14, 3, 1),
       (42616, 261, '55', 12, 1389000000, 8390, 14, 3, 1),
       (42617, 261, '56', 12, 990000000, 6340, 14, 3, 1),
       (42618, 261, '57', 12, 540000000, 4470, 15, 3, 1),
       (42619, 261, '58', 11, 1141000000, 6820, 15, 3, 1),
       (42620, 261, '59', 15, 630000000, 4100, 15, 3, 1),
       (42621, 261, '60', 15, 796000000, 6900, 15, 3, 1),
       (42622, 261, '61', 14, 548000000, 6950, 16, 3, 1),
       (42623, 261, '62', 13, 1384000000, 5280, 16, 3, 1),
       (42624, 261, '63', 14, 671000000, 7850, 16, 3, 1),
       (42625, 261, '64', 13, 1399000000, 5650, 16, 3, 1),
       (42626, 261, '65', 15, 1355000000, 9370, 17, 3, 1),
       (42627, 261, '66', 11, 722000000, 5840, 17, 3, 1),
       (42628, 261, '67', 10, 1379000000, 5330, 17, 3, 1),
       (42629, 261, '68', 10, 528000000, 7590, 17, 3, 1),
       (42630, 261, '69', 11, 624000000, 7480, 18, 3, 1),
       (42631, 261, '70', 13, 582000000, 6280, 18, 3, 1),
       (42632, 261, '71', 10, 863000000, 7270, 18, 3, 1),
       (42633, 261, '72', 13, 460000000, 4900, 18, 3, 1),
       (42634, 261, '73', 11, 1194000000, 8670, 19, 3, 1),
       (42635, 261, '74', 11, 627000000, 9280, 19, 3, 1),
       (42636, 261, '75', 14, 1336000000, 4050, 19, 3, 1),
       (42637, 261, '76', 14, 590000000, 6190, 19, 3, 1),
       (42638, 261, '77', 11, 919000000, 6900, 20, 3, 1),
       (42639, 261, '78', 13, 421000000, 5420, 20, 3, 1),
       (42640, 261, '79', 14, 1320000000, 5570, 20, 3, 1),
       (42641, 261, '80', 12, 816000000, 5880, 20, 3, 1),
       (42642, 261, '81', 13, 945000000, 9870, 21, 3, 1),
       (42643, 261, '82', 13, 1336000000, 4150, 21, 3, 1),
       (42644, 261, '83', 11, 1124000000, 7930, 21, 3, 1),
       (42645, 261, '84', 12, 490000000, 6270, 21, 3, 1),
       (42646, 261, '85', 10, 1134000000, 8070, 22, 3, 1),
       (42647, 261, '86', 10, 1348000000, 9590, 22, 3, 1),
       (42648, 261, '87', 11, 529000000, 7190, 22, 3, 1),
       (42649, 261, '88', 15, 1068000000, 9320, 22, 3, 1),
       (42650, 261, '89', 11, 1148000000, 8930, 23, 3, 1),
       (42651, 261, '90', 13, 1223000000, 8640, 23, 3, 1),
       (42652, 261, '91', 15, 1200000000, 8590, 23, 3, 1),
       (42653, 261, '92', 12, 1124000000, 9710, 23, 3, 1),
       (42654, 261, '93', 13, 1286000000, 6840, 24, 3, 1),
       (42655, 261, '94', 13, 516000000, 9680, 24, 3, 1),
       (42656, 261, '95', 13, 593000000, 6410, 24, 3, 1),
       (42657, 261, '96', 10, 623000000, 4180, 24, 3, 1);
insert into real_estate_building (id, address, complex_id, floor_count, dev_id)
values (262, 'г. Москва, ул. Щукинская, д. 23', 12, 27, 12);
insert into real_estate_object (id, building_id ,local_address, places, price, area, floor, type, estate_type)
values (42658, 262, '1', 11, 782000000, 8660, 1, 3, 1),
       (42659, 262, '2', 12, 1072000000, 8090, 1, 3, 1),
       (42660, 262, '3', 13, 1135000000, 4770, 1, 3, 1),
       (42661, 262, '4', 11, 1382000000, 4840, 1, 3, 1),
       (42662, 262, '5', 12, 1417000000, 8040, 2, 3, 1),
       (42663, 262, '6', 13, 837000000, 7160, 2, 3, 1),
       (42664, 262, '7', 14, 509000000, 4770, 2, 3, 1),
       (42665, 262, '8', 12, 1452000000, 7360, 2, 3, 1),
       (42666, 262, '9', 10, 895000000, 7860, 3, 3, 1),
       (42667, 262, '10', 15, 1294000000, 8970, 3, 3, 1),
       (42668, 262, '11', 13, 1259000000, 4880, 3, 3, 1),
       (42669, 262, '12', 14, 742000000, 6550, 3, 3, 1),
       (42670, 262, '13', 15, 697000000, 7900, 4, 3, 1),
       (42671, 262, '14', 15, 1174000000, 8380, 4, 3, 1),
       (42672, 262, '15', 14, 969000000, 5680, 4, 3, 1),
       (42673, 262, '16', 13, 1390000000, 4130, 4, 3, 1),
       (42674, 262, '17', 14, 1021000000, 4530, 5, 3, 1),
       (42675, 262, '18', 14, 463000000, 8170, 5, 3, 1),
       (42676, 262, '19', 14, 1339000000, 8710, 5, 3, 1),
       (42677, 262, '20', 13, 726000000, 7410, 5, 3, 1),
       (42678, 262, '21', 13, 1192000000, 7910, 6, 3, 1),
       (42679, 262, '22', 15, 597000000, 6330, 6, 3, 1),
       (42680, 262, '23', 13, 960000000, 5660, 6, 3, 1),
       (42681, 262, '24', 15, 1155000000, 9710, 6, 3, 1),
       (42682, 262, '25', 15, 492000000, 6510, 7, 3, 1),
       (42683, 262, '26', 10, 1351000000, 4960, 7, 3, 1),
       (42684, 262, '27', 14, 497000000, 8550, 7, 3, 1),
       (42685, 262, '28', 11, 1446000000, 7560, 7, 3, 1),
       (42686, 262, '29', 11, 1321000000, 6060, 8, 3, 1),
       (42687, 262, '30', 12, 1206000000, 6650, 8, 3, 1),
       (42688, 262, '31', 12, 845000000, 5130, 8, 3, 1),
       (42689, 262, '32', 15, 1415000000, 4040, 8, 3, 1),
       (42690, 262, '33', 14, 1190000000, 6520, 9, 3, 1),
       (42691, 262, '34', 10, 1212000000, 7100, 9, 3, 1),
       (42692, 262, '35', 11, 1365000000, 5540, 9, 3, 1),
       (42693, 262, '36', 15, 476000000, 4170, 9, 3, 1),
       (42694, 262, '37', 15, 1290000000, 5300, 10, 3, 1),
       (42695, 262, '38', 10, 1088000000, 8480, 10, 3, 1),
       (42696, 262, '39', 15, 1031000000, 8720, 10, 3, 1),
       (42697, 262, '40', 10, 1245000000, 9140, 10, 3, 1),
       (42698, 262, '41', 13, 440000000, 5260, 11, 3, 1),
       (42699, 262, '42', 13, 657000000, 7770, 11, 3, 1),
       (42700, 262, '43', 11, 668000000, 9030, 11, 3, 1),
       (42701, 262, '44', 10, 1296000000, 6530, 11, 3, 1),
       (42702, 262, '45', 13, 523000000, 4940, 12, 3, 1),
       (42703, 262, '46', 12, 462000000, 5500, 12, 3, 1),
       (42704, 262, '47', 11, 720000000, 4460, 12, 3, 1),
       (42705, 262, '48', 14, 1109000000, 7730, 12, 3, 1),
       (42706, 262, '49', 10, 1045000000, 4200, 13, 3, 1),
       (42707, 262, '50', 15, 652000000, 6410, 13, 3, 1),
       (42708, 262, '51', 10, 1235000000, 8740, 13, 3, 1),
       (42709, 262, '52', 15, 836000000, 6990, 13, 3, 1),
       (42710, 262, '53', 15, 1340000000, 9030, 14, 3, 1),
       (42711, 262, '54', 10, 1134000000, 7930, 14, 3, 1),
       (42712, 262, '55', 13, 1039000000, 7380, 14, 3, 1),
       (42713, 262, '56', 14, 904000000, 7860, 14, 3, 1),
       (42714, 262, '57', 10, 1330000000, 7800, 15, 3, 1),
       (42715, 262, '58', 15, 1184000000, 8450, 15, 3, 1),
       (42716, 262, '59', 12, 752000000, 8380, 15, 3, 1),
       (42717, 262, '60', 14, 887000000, 6290, 15, 3, 1),
       (42718, 262, '61', 14, 699000000, 7350, 16, 3, 1),
       (42719, 262, '62', 12, 1238000000, 8560, 16, 3, 1),
       (42720, 262, '63', 12, 1432000000, 4240, 16, 3, 1),
       (42721, 262, '64', 11, 517000000, 5640, 16, 3, 1),
       (42722, 262, '65', 11, 1243000000, 5280, 17, 3, 1),
       (42723, 262, '66', 10, 1390000000, 7100, 17, 3, 1),
       (42724, 262, '67', 13, 1343000000, 4920, 17, 3, 1),
       (42725, 262, '68', 10, 939000000, 9620, 17, 3, 1),
       (42726, 262, '69', 15, 651000000, 4080, 18, 3, 1),
       (42727, 262, '70', 11, 1089000000, 9400, 18, 3, 1),
       (42728, 262, '71', 12, 1267000000, 6700, 18, 3, 1),
       (42729, 262, '72', 10, 1476000000, 4510, 18, 3, 1),
       (42730, 262, '73', 15, 1339000000, 7670, 19, 3, 1),
       (42731, 262, '74', 11, 405000000, 7900, 19, 3, 1),
       (42732, 262, '75', 12, 728000000, 5960, 19, 3, 1),
       (42733, 262, '76', 13, 1288000000, 4940, 19, 3, 1),
       (42734, 262, '77', 12, 751000000, 7030, 20, 3, 1),
       (42735, 262, '78', 10, 661000000, 9270, 20, 3, 1),
       (42736, 262, '79', 12, 487000000, 6740, 20, 3, 1),
       (42737, 262, '80', 10, 882000000, 7980, 20, 3, 1),
       (42738, 262, '81', 15, 917000000, 4320, 21, 3, 1),
       (42739, 262, '82', 12, 775000000, 8550, 21, 3, 1),
       (42740, 262, '83', 14, 472000000, 9030, 21, 3, 1),
       (42741, 262, '84', 11, 1379000000, 9980, 21, 3, 1),
       (42742, 262, '85', 11, 911000000, 9710, 22, 3, 1),
       (42743, 262, '86', 10, 587000000, 5260, 22, 3, 1),
       (42744, 262, '87', 15, 1438000000, 7930, 22, 3, 1),
       (42745, 262, '88', 11, 1188000000, 8540, 22, 3, 1),
       (42746, 262, '89', 11, 1011000000, 7080, 23, 3, 1),
       (42747, 262, '90', 12, 659000000, 8090, 23, 3, 1),
       (42748, 262, '91', 10, 938000000, 6470, 23, 3, 1),
       (42749, 262, '92', 10, 1413000000, 8810, 23, 3, 1),
       (42750, 262, '93', 12, 878000000, 9130, 24, 3, 1),
       (42751, 262, '94', 14, 868000000, 4550, 24, 3, 1),
       (42752, 262, '95', 11, 489000000, 9200, 24, 3, 1),
       (42753, 262, '96', 15, 1484000000, 4830, 24, 3, 1),
       (42754, 262, '97', 11, 961000000, 7810, 25, 3, 1),
       (42755, 262, '98', 11, 1306000000, 6270, 25, 3, 1),
       (42756, 262, '99', 15, 1479000000, 8090, 25, 3, 1),
       (42757, 262, '100', 13, 848000000, 8930, 25, 3, 1),
       (42758, 262, '101', 12, 774000000, 5290, 26, 3, 1),
       (42759, 262, '102', 14, 1089000000, 8980, 26, 3, 1),
       (42760, 262, '103', 10, 1437000000, 5870, 26, 3, 1),
       (42761, 262, '104', 12, 1423000000, 5220, 26, 3, 1),
       (42762, 262, '105', 14, 1177000000, 8600, 27, 3, 1),
       (42763, 262, '106', 11, 1168000000, 9040, 27, 3, 1),
       (42764, 262, '107', 13, 1367000000, 5470, 27, 3, 1),
       (42765, 262, '108', 14, 495000000, 5700, 27, 3, 1);
insert into real_estate_building (id, address, complex_id, floor_count, dev_id)
values (263, 'г. Москва, ул. Щукинская, д. 24', 12, 30, 12);
insert into real_estate_object (id, building_id ,local_address, places, price, area, floor, type, estate_type)
values (42766, 263, '1', 14, 1436000000, 6890, 1, 3, 1),
       (42767, 263, '2', 13, 658000000, 6700, 1, 3, 1),
       (42768, 263, '3', 14, 960000000, 8030, 1, 3, 1),
       (42769, 263, '4', 12, 1085000000, 7550, 1, 3, 1),
       (42770, 263, '5', 13, 1497000000, 9620, 2, 3, 1),
       (42771, 263, '6', 12, 1454000000, 8120, 2, 3, 1),
       (42772, 263, '7', 13, 1208000000, 7370, 2, 3, 1),
       (42773, 263, '8', 13, 770000000, 8110, 2, 3, 1),
       (42774, 263, '9', 12, 1218000000, 5690, 3, 3, 1),
       (42775, 263, '10', 14, 1436000000, 8320, 3, 3, 1),
       (42776, 263, '11', 10, 804000000, 9640, 3, 3, 1),
       (42777, 263, '12', 10, 910000000, 9710, 3, 3, 1),
       (42778, 263, '13', 15, 1202000000, 5650, 4, 3, 1),
       (42779, 263, '14', 11, 1427000000, 6320, 4, 3, 1),
       (42780, 263, '15', 12, 619000000, 6810, 4, 3, 1),
       (42781, 263, '16', 10, 1001000000, 9030, 4, 3, 1),
       (42782, 263, '17', 15, 807000000, 9030, 5, 3, 1),
       (42783, 263, '18', 12, 889000000, 8390, 5, 3, 1),
       (42784, 263, '19', 15, 853000000, 9390, 5, 3, 1),
       (42785, 263, '20', 11, 1283000000, 9630, 5, 3, 1),
       (42786, 263, '21', 15, 564000000, 4390, 6, 3, 1),
       (42787, 263, '22', 15, 905000000, 9180, 6, 3, 1),
       (42788, 263, '23', 15, 637000000, 5140, 6, 3, 1),
       (42789, 263, '24', 15, 649000000, 7790, 6, 3, 1),
       (42790, 263, '25', 12, 738000000, 4460, 7, 3, 1),
       (42791, 263, '26', 11, 791000000, 5820, 7, 3, 1),
       (42792, 263, '27', 11, 540000000, 7640, 7, 3, 1),
       (42793, 263, '28', 13, 1265000000, 5270, 7, 3, 1),
       (42794, 263, '29', 15, 812000000, 7230, 8, 3, 1),
       (42795, 263, '30', 14, 1244000000, 7590, 8, 3, 1),
       (42796, 263, '31', 12, 582000000, 4610, 8, 3, 1),
       (42797, 263, '32', 14, 451000000, 4990, 8, 3, 1),
       (42798, 263, '33', 11, 597000000, 8660, 9, 3, 1),
       (42799, 263, '34', 13, 994000000, 6050, 9, 3, 1),
       (42800, 263, '35', 15, 701000000, 8870, 9, 3, 1),
       (42801, 263, '36', 14, 1064000000, 4620, 9, 3, 1),
       (42802, 263, '37', 13, 744000000, 6540, 10, 3, 1),
       (42803, 263, '38', 10, 678000000, 4370, 10, 3, 1),
       (42804, 263, '39', 10, 523000000, 5790, 10, 3, 1),
       (42805, 263, '40', 15, 577000000, 5780, 10, 3, 1),
       (42806, 263, '41', 15, 723000000, 9350, 11, 3, 1),
       (42807, 263, '42', 12, 1275000000, 5260, 11, 3, 1),
       (42808, 263, '43', 15, 1112000000, 8210, 11, 3, 1),
       (42809, 263, '44', 11, 961000000, 5900, 11, 3, 1),
       (42810, 263, '45', 10, 1466000000, 5630, 12, 3, 1),
       (42811, 263, '46', 10, 948000000, 7080, 12, 3, 1),
       (42812, 263, '47', 14, 1198000000, 8380, 12, 3, 1),
       (42813, 263, '48', 12, 670000000, 4640, 12, 3, 1),
       (42814, 263, '49', 11, 1422000000, 8170, 13, 3, 1),
       (42815, 263, '50', 14, 823000000, 7200, 13, 3, 1),
       (42816, 263, '51', 13, 536000000, 6970, 13, 3, 1),
       (42817, 263, '52', 14, 904000000, 4120, 13, 3, 1),
       (42818, 263, '53', 14, 1166000000, 4010, 14, 3, 1),
       (42819, 263, '54', 14, 962000000, 6210, 14, 3, 1),
       (42820, 263, '55', 13, 1382000000, 6350, 14, 3, 1),
       (42821, 263, '56', 15, 1142000000, 5830, 14, 3, 1),
       (42822, 263, '57', 13, 1111000000, 6800, 15, 3, 1),
       (42823, 263, '58', 12, 495000000, 8450, 15, 3, 1),
       (42824, 263, '59', 10, 1317000000, 9540, 15, 3, 1),
       (42825, 263, '60', 10, 799000000, 7310, 15, 3, 1),
       (42826, 263, '61', 13, 1327000000, 6640, 16, 3, 1),
       (42827, 263, '62', 12, 559000000, 4800, 16, 3, 1),
       (42828, 263, '63', 12, 1124000000, 8620, 16, 3, 1),
       (42829, 263, '64', 12, 1461000000, 4540, 16, 3, 1),
       (42830, 263, '65', 15, 997000000, 6630, 17, 3, 1),
       (42831, 263, '66', 12, 467000000, 9020, 17, 3, 1),
       (42832, 263, '67', 12, 646000000, 4320, 17, 3, 1),
       (42833, 263, '68', 11, 1199000000, 5570, 17, 3, 1),
       (42834, 263, '69', 15, 1026000000, 6600, 18, 3, 1),
       (42835, 263, '70', 12, 1405000000, 8100, 18, 3, 1),
       (42836, 263, '71', 13, 853000000, 8030, 18, 3, 1),
       (42837, 263, '72', 12, 626000000, 5550, 18, 3, 1),
       (42838, 263, '73', 15, 865000000, 5920, 19, 3, 1),
       (42839, 263, '74', 10, 1110000000, 9860, 19, 3, 1),
       (42840, 263, '75', 10, 828000000, 6150, 19, 3, 1),
       (42841, 263, '76', 11, 922000000, 8350, 19, 3, 1),
       (42842, 263, '77', 11, 1330000000, 7220, 20, 3, 1),
       (42843, 263, '78', 14, 1353000000, 4260, 20, 3, 1),
       (42844, 263, '79', 11, 1257000000, 9070, 20, 3, 1),
       (42845, 263, '80', 12, 526000000, 5630, 20, 3, 1),
       (42846, 263, '81', 12, 1333000000, 5940, 21, 3, 1),
       (42847, 263, '82', 12, 543000000, 5530, 21, 3, 1),
       (42848, 263, '83', 15, 1244000000, 9870, 21, 3, 1),
       (42849, 263, '84', 12, 809000000, 8530, 21, 3, 1),
       (42850, 263, '85', 15, 1009000000, 4670, 22, 3, 1),
       (42851, 263, '86', 12, 1046000000, 7500, 22, 3, 1),
       (42852, 263, '87', 10, 1145000000, 9390, 22, 3, 1),
       (42853, 263, '88', 11, 1057000000, 5740, 22, 3, 1),
       (42854, 263, '89', 14, 691000000, 8900, 23, 3, 1),
       (42855, 263, '90', 10, 1334000000, 6630, 23, 3, 1),
       (42856, 263, '91', 10, 828000000, 7240, 23, 3, 1),
       (42857, 263, '92', 15, 848000000, 7810, 23, 3, 1),
       (42858, 263, '93', 12, 606000000, 8580, 24, 3, 1),
       (42859, 263, '94', 12, 1180000000, 4990, 24, 3, 1),
       (42860, 263, '95', 13, 1338000000, 8540, 24, 3, 1),
       (42861, 263, '96', 11, 950000000, 6110, 24, 3, 1),
       (42862, 263, '97', 15, 562000000, 6740, 25, 3, 1),
       (42863, 263, '98', 10, 519000000, 4030, 25, 3, 1),
       (42864, 263, '99', 12, 1130000000, 7450, 25, 3, 1),
       (42865, 263, '100', 10, 886000000, 5020, 25, 3, 1),
       (42866, 263, '101', 15, 801000000, 8670, 26, 3, 1),
       (42867, 263, '102', 12, 602000000, 9300, 26, 3, 1),
       (42868, 263, '103', 14, 404000000, 5110, 26, 3, 1),
       (42869, 263, '104', 15, 736000000, 7780, 26, 3, 1),
       (42870, 263, '105', 12, 1314000000, 6370, 27, 3, 1),
       (42871, 263, '106', 13, 476000000, 7400, 27, 3, 1),
       (42872, 263, '107', 12, 1141000000, 6150, 27, 3, 1),
       (42873, 263, '108', 12, 434000000, 9120, 27, 3, 1),
       (42874, 263, '109', 12, 1471000000, 7850, 28, 3, 1),
       (42875, 263, '110', 12, 1079000000, 6640, 28, 3, 1),
       (42876, 263, '111', 13, 1437000000, 4730, 28, 3, 1),
       (42877, 263, '112', 12, 494000000, 7710, 28, 3, 1),
       (42878, 263, '113', 13, 652000000, 9140, 29, 3, 1),
       (42879, 263, '114', 15, 680000000, 6350, 29, 3, 1),
       (42880, 263, '115', 10, 1240000000, 9430, 29, 3, 1),
       (42881, 263, '116', 14, 803000000, 6290, 29, 3, 1),
       (42882, 263, '117', 12, 830000000, 4170, 30, 3, 1),
       (42883, 263, '118', 15, 761000000, 5060, 30, 3, 1),
       (42884, 263, '119', 12, 648000000, 9370, 30, 3, 1),
       (42885, 263, '120', 11, 1275000000, 9010, 30, 3, 1);
insert into real_estate_building (id, address, complex_id, floor_count, dev_id)
values (264, 'г. Москва, ул. Щукинская, д. 25', 12, 28, 12);
insert into real_estate_object (id, building_id ,local_address, places, price, area, floor, type, estate_type)
values (42886, 264, '1', 14, 1412000000, 6380, 1, 3, 1),
       (42887, 264, '2', 15, 895000000, 4910, 1, 3, 1),
       (42888, 264, '3', 15, 528000000, 8990, 1, 3, 1),
       (42889, 264, '4', 14, 992000000, 6390, 1, 3, 1),
       (42890, 264, '5', 11, 1119000000, 6670, 2, 3, 1),
       (42891, 264, '6', 15, 1074000000, 9270, 2, 3, 1),
       (42892, 264, '7', 13, 1230000000, 7000, 2, 3, 1),
       (42893, 264, '8', 14, 1092000000, 9640, 2, 3, 1),
       (42894, 264, '9', 11, 880000000, 9030, 3, 3, 1),
       (42895, 264, '10', 15, 841000000, 4590, 3, 3, 1),
       (42896, 264, '11', 10, 722000000, 8000, 3, 3, 1),
       (42897, 264, '12', 15, 426000000, 7260, 3, 3, 1),
       (42898, 264, '13', 11, 1087000000, 8760, 4, 3, 1),
       (42899, 264, '14', 13, 882000000, 7160, 4, 3, 1),
       (42900, 264, '15', 14, 1036000000, 7600, 4, 3, 1),
       (42901, 264, '16', 15, 1135000000, 9410, 4, 3, 1),
       (42902, 264, '17', 11, 446000000, 5680, 5, 3, 1),
       (42903, 264, '18', 12, 542000000, 5820, 5, 3, 1),
       (42904, 264, '19', 13, 1053000000, 8350, 5, 3, 1),
       (42905, 264, '20', 13, 1087000000, 5600, 5, 3, 1),
       (42906, 264, '21', 12, 1281000000, 7170, 6, 3, 1),
       (42907, 264, '22', 12, 1437000000, 4900, 6, 3, 1),
       (42908, 264, '23', 13, 802000000, 5050, 6, 3, 1),
       (42909, 264, '24', 11, 758000000, 8670, 6, 3, 1),
       (42910, 264, '25', 12, 852000000, 4310, 7, 3, 1),
       (42911, 264, '26', 10, 924000000, 6250, 7, 3, 1),
       (42912, 264, '27', 14, 1260000000, 6490, 7, 3, 1),
       (42913, 264, '28', 13, 634000000, 7260, 7, 3, 1),
       (42914, 264, '29', 10, 637000000, 7200, 8, 3, 1),
       (42915, 264, '30', 11, 582000000, 8990, 8, 3, 1),
       (42916, 264, '31', 13, 1069000000, 6510, 8, 3, 1),
       (42917, 264, '32', 13, 512000000, 4520, 8, 3, 1),
       (42918, 264, '33', 12, 1137000000, 5850, 9, 3, 1),
       (42919, 264, '34', 15, 1431000000, 6590, 9, 3, 1),
       (42920, 264, '35', 10, 543000000, 5910, 9, 3, 1),
       (42921, 264, '36', 13, 1378000000, 7140, 9, 3, 1),
       (42922, 264, '37', 12, 693000000, 5380, 10, 3, 1),
       (42923, 264, '38', 10, 543000000, 7140, 10, 3, 1),
       (42924, 264, '39', 13, 892000000, 4890, 10, 3, 1),
       (42925, 264, '40', 12, 1203000000, 8670, 10, 3, 1),
       (42926, 264, '41', 14, 1274000000, 4620, 11, 3, 1),
       (42927, 264, '42', 15, 672000000, 4030, 11, 3, 1),
       (42928, 264, '43', 11, 837000000, 8090, 11, 3, 1),
       (42929, 264, '44', 14, 580000000, 9010, 11, 3, 1),
       (42930, 264, '45', 10, 1476000000, 5220, 12, 3, 1),
       (42931, 264, '46', 12, 1337000000, 8080, 12, 3, 1),
       (42932, 264, '47', 12, 1203000000, 8810, 12, 3, 1),
       (42933, 264, '48', 15, 1289000000, 9080, 12, 3, 1),
       (42934, 264, '49', 14, 804000000, 6320, 13, 3, 1),
       (42935, 264, '50', 11, 666000000, 7730, 13, 3, 1),
       (42936, 264, '51', 12, 814000000, 8350, 13, 3, 1),
       (42937, 264, '52', 15, 1095000000, 7340, 13, 3, 1),
       (42938, 264, '53', 11, 743000000, 5500, 14, 3, 1),
       (42939, 264, '54', 13, 1449000000, 5260, 14, 3, 1),
       (42940, 264, '55', 15, 1415000000, 8130, 14, 3, 1),
       (42941, 264, '56', 11, 447000000, 4410, 14, 3, 1),
       (42942, 264, '57', 11, 1059000000, 4930, 15, 3, 1),
       (42943, 264, '58', 11, 873000000, 7250, 15, 3, 1),
       (42944, 264, '59', 13, 1349000000, 5730, 15, 3, 1),
       (42945, 264, '60', 12, 951000000, 7200, 15, 3, 1),
       (42946, 264, '61', 13, 459000000, 8350, 16, 3, 1),
       (42947, 264, '62', 13, 1034000000, 9520, 16, 3, 1),
       (42948, 264, '63', 15, 1403000000, 5880, 16, 3, 1),
       (42949, 264, '64', 10, 854000000, 4540, 16, 3, 1),
       (42950, 264, '65', 14, 893000000, 6160, 17, 3, 1),
       (42951, 264, '66', 15, 677000000, 7600, 17, 3, 1),
       (42952, 264, '67', 13, 1097000000, 5620, 17, 3, 1),
       (42953, 264, '68', 15, 963000000, 8670, 17, 3, 1),
       (42954, 264, '69', 15, 1430000000, 4690, 18, 3, 1),
       (42955, 264, '70', 15, 1066000000, 6690, 18, 3, 1),
       (42956, 264, '71', 12, 594000000, 6160, 18, 3, 1),
       (42957, 264, '72', 10, 495000000, 4490, 18, 3, 1),
       (42958, 264, '73', 13, 751000000, 5620, 19, 3, 1),
       (42959, 264, '74', 15, 965000000, 5470, 19, 3, 1),
       (42960, 264, '75', 15, 898000000, 8060, 19, 3, 1),
       (42961, 264, '76', 15, 687000000, 9130, 19, 3, 1),
       (42962, 264, '77', 10, 824000000, 8540, 20, 3, 1),
       (42963, 264, '78', 13, 1424000000, 5190, 20, 3, 1),
       (42964, 264, '79', 13, 954000000, 6550, 20, 3, 1),
       (42965, 264, '80', 11, 1249000000, 6480, 20, 3, 1),
       (42966, 264, '81', 13, 1020000000, 8700, 21, 3, 1),
       (42967, 264, '82', 15, 985000000, 9350, 21, 3, 1),
       (42968, 264, '83', 12, 1418000000, 4640, 21, 3, 1),
       (42969, 264, '84', 13, 550000000, 8660, 21, 3, 1),
       (42970, 264, '85', 15, 933000000, 5280, 22, 3, 1),
       (42971, 264, '86', 14, 694000000, 9500, 22, 3, 1),
       (42972, 264, '87', 13, 638000000, 5570, 22, 3, 1),
       (42973, 264, '88', 10, 441000000, 4750, 22, 3, 1),
       (42974, 264, '89', 11, 1492000000, 5020, 23, 3, 1),
       (42975, 264, '90', 10, 1115000000, 4990, 23, 3, 1),
       (42976, 264, '91', 12, 1064000000, 5370, 23, 3, 1),
       (42977, 264, '92', 15, 1456000000, 7610, 23, 3, 1),
       (42978, 264, '93', 13, 962000000, 8030, 24, 3, 1),
       (42979, 264, '94', 12, 1150000000, 6240, 24, 3, 1),
       (42980, 264, '95', 14, 1241000000, 6610, 24, 3, 1),
       (42981, 264, '96', 14, 615000000, 8410, 24, 3, 1),
       (42982, 264, '97', 14, 661000000, 4860, 25, 3, 1),
       (42983, 264, '98', 13, 1051000000, 7780, 25, 3, 1),
       (42984, 264, '99', 11, 505000000, 9050, 25, 3, 1),
       (42985, 264, '100', 15, 826000000, 6810, 25, 3, 1),
       (42986, 264, '101', 14, 1286000000, 9730, 26, 3, 1),
       (42987, 264, '102', 12, 776000000, 9130, 26, 3, 1),
       (42988, 264, '103', 12, 589000000, 5150, 26, 3, 1),
       (42989, 264, '104', 14, 977000000, 8070, 26, 3, 1),
       (42990, 264, '105', 11, 1194000000, 9570, 27, 3, 1),
       (42991, 264, '106', 14, 514000000, 8670, 27, 3, 1),
       (42992, 264, '107', 13, 463000000, 6680, 27, 3, 1),
       (42993, 264, '108', 14, 1330000000, 9290, 27, 3, 1),
       (42994, 264, '109', 11, 663000000, 5520, 28, 3, 1),
       (42995, 264, '110', 15, 547000000, 5260, 28, 3, 1),
       (42996, 264, '111', 15, 1454000000, 5600, 28, 3, 1),
       (42997, 264, '112', 10, 1441000000, 8590, 28, 3, 1);
insert into real_estate_building (id, address, complex_id, floor_count, dev_id)
values (265, 'г. Москва, ул. Щукинская, д. 26', 12, 23, 12);
insert into real_estate_object (id, building_id ,local_address, places, price, area, floor, type, estate_type)
values (42998, 265, '1', 12, 957000000, 7800, 1, 3, 1),
       (42999, 265, '2', 14, 1360000000, 8190, 1, 3, 1),
       (43000, 265, '3', 10, 890000000, 4990, 1, 3, 1),
       (43001, 265, '4', 14, 821000000, 8620, 1, 3, 1),
       (43002, 265, '5', 12, 960000000, 5160, 2, 3, 1),
       (43003, 265, '6', 13, 1254000000, 9190, 2, 3, 1),
       (43004, 265, '7', 14, 1210000000, 7990, 2, 3, 1),
       (43005, 265, '8', 14, 1045000000, 7680, 2, 3, 1),
       (43006, 265, '9', 14, 1048000000, 4740, 3, 3, 1),
       (43007, 265, '10', 14, 407000000, 5190, 3, 3, 1),
       (43008, 265, '11', 14, 1499000000, 8580, 3, 3, 1),
       (43009, 265, '12', 15, 541000000, 7410, 3, 3, 1),
       (43010, 265, '13', 13, 837000000, 5640, 4, 3, 1),
       (43011, 265, '14', 10, 475000000, 4400, 4, 3, 1),
       (43012, 265, '15', 12, 460000000, 5040, 4, 3, 1),
       (43013, 265, '16', 14, 544000000, 4270, 4, 3, 1),
       (43014, 265, '17', 12, 1399000000, 5150, 5, 3, 1),
       (43015, 265, '18', 10, 1025000000, 8500, 5, 3, 1),
       (43016, 265, '19', 11, 599000000, 4970, 5, 3, 1),
       (43017, 265, '20', 10, 1132000000, 4720, 5, 3, 1),
       (43018, 265, '21', 11, 940000000, 4420, 6, 3, 1),
       (43019, 265, '22', 15, 1037000000, 5480, 6, 3, 1),
       (43020, 265, '23', 10, 603000000, 9770, 6, 3, 1),
       (43021, 265, '24', 12, 910000000, 4480, 6, 3, 1),
       (43022, 265, '25', 15, 750000000, 7710, 7, 3, 1),
       (43023, 265, '26', 10, 1171000000, 7040, 7, 3, 1),
       (43024, 265, '27', 11, 1137000000, 5740, 7, 3, 1),
       (43025, 265, '28', 11, 1493000000, 5390, 7, 3, 1),
       (43026, 265, '29', 11, 1107000000, 8360, 8, 3, 1),
       (43027, 265, '30', 15, 502000000, 4590, 8, 3, 1),
       (43028, 265, '31', 11, 1182000000, 4300, 8, 3, 1),
       (43029, 265, '32', 11, 1366000000, 9050, 8, 3, 1),
       (43030, 265, '33', 11, 1159000000, 6050, 9, 3, 1),
       (43031, 265, '34', 11, 828000000, 9370, 9, 3, 1),
       (43032, 265, '35', 15, 546000000, 8490, 9, 3, 1),
       (43033, 265, '36', 14, 564000000, 9220, 9, 3, 1),
       (43034, 265, '37', 13, 1272000000, 7560, 10, 3, 1),
       (43035, 265, '38', 14, 1183000000, 7880, 10, 3, 1),
       (43036, 265, '39', 11, 961000000, 7730, 10, 3, 1),
       (43037, 265, '40', 10, 881000000, 4170, 10, 3, 1),
       (43038, 265, '41', 10, 1024000000, 6750, 11, 3, 1),
       (43039, 265, '42', 14, 1495000000, 5160, 11, 3, 1),
       (43040, 265, '43', 15, 1434000000, 7900, 11, 3, 1),
       (43041, 265, '44', 14, 904000000, 5230, 11, 3, 1),
       (43042, 265, '45', 10, 423000000, 4040, 12, 3, 1),
       (43043, 265, '46', 13, 468000000, 4450, 12, 3, 1),
       (43044, 265, '47', 15, 1164000000, 9680, 12, 3, 1),
       (43045, 265, '48', 15, 1444000000, 4320, 12, 3, 1),
       (43046, 265, '49', 14, 1392000000, 9930, 13, 3, 1),
       (43047, 265, '50', 13, 1297000000, 4670, 13, 3, 1),
       (43048, 265, '51', 11, 1093000000, 6770, 13, 3, 1),
       (43049, 265, '52', 15, 1170000000, 4330, 13, 3, 1),
       (43050, 265, '53', 12, 1473000000, 4550, 14, 3, 1),
       (43051, 265, '54', 15, 827000000, 7900, 14, 3, 1),
       (43052, 265, '55', 14, 1115000000, 4530, 14, 3, 1),
       (43053, 265, '56', 11, 855000000, 4730, 14, 3, 1),
       (43054, 265, '57', 15, 920000000, 4260, 15, 3, 1),
       (43055, 265, '58', 13, 1280000000, 4880, 15, 3, 1),
       (43056, 265, '59', 13, 740000000, 7090, 15, 3, 1),
       (43057, 265, '60', 15, 720000000, 7050, 15, 3, 1),
       (43058, 265, '61', 10, 1313000000, 5260, 16, 3, 1),
       (43059, 265, '62', 15, 531000000, 6970, 16, 3, 1),
       (43060, 265, '63', 13, 1179000000, 5740, 16, 3, 1),
       (43061, 265, '64', 12, 1475000000, 7800, 16, 3, 1),
       (43062, 265, '65', 14, 676000000, 6960, 17, 3, 1),
       (43063, 265, '66', 13, 1419000000, 7840, 17, 3, 1),
       (43064, 265, '67', 12, 798000000, 8930, 17, 3, 1),
       (43065, 265, '68', 10, 847000000, 9550, 17, 3, 1),
       (43066, 265, '69', 14, 1466000000, 7270, 18, 3, 1),
       (43067, 265, '70', 10, 1381000000, 7010, 18, 3, 1),
       (43068, 265, '71', 11, 419000000, 5740, 18, 3, 1),
       (43069, 265, '72', 15, 712000000, 4960, 18, 3, 1),
       (43070, 265, '73', 12, 702000000, 6190, 19, 3, 1),
       (43071, 265, '74', 15, 1026000000, 9510, 19, 3, 1),
       (43072, 265, '75', 11, 1431000000, 4200, 19, 3, 1),
       (43073, 265, '76', 10, 1040000000, 8370, 19, 3, 1),
       (43074, 265, '77', 10, 778000000, 8100, 20, 3, 1),
       (43075, 265, '78', 14, 439000000, 6690, 20, 3, 1),
       (43076, 265, '79', 10, 952000000, 4690, 20, 3, 1),
       (43077, 265, '80', 10, 930000000, 4340, 20, 3, 1),
       (43078, 265, '81', 10, 1438000000, 6200, 21, 3, 1),
       (43079, 265, '82', 12, 951000000, 8840, 21, 3, 1),
       (43080, 265, '83', 12, 1090000000, 8500, 21, 3, 1),
       (43081, 265, '84', 11, 793000000, 6060, 21, 3, 1),
       (43082, 265, '85', 15, 1333000000, 8700, 22, 3, 1),
       (43083, 265, '86', 11, 1387000000, 4420, 22, 3, 1),
       (43084, 265, '87', 13, 746000000, 6780, 22, 3, 1),
       (43085, 265, '88', 13, 637000000, 7460, 22, 3, 1),
       (43086, 265, '89', 15, 1144000000, 9400, 23, 3, 1),
       (43087, 265, '90', 10, 680000000, 5720, 23, 3, 1),
       (43088, 265, '91', 12, 529000000, 4870, 23, 3, 1),
       (43089, 265, '92', 10, 484000000, 9130, 23, 3, 1);
insert into real_estate_building (id, address, complex_id, floor_count, dev_id)
values (266, 'г. Москва, ул. Щукинская, д. 27', 12, 29, 12);
insert into real_estate_object (id, building_id ,local_address, places, price, area, floor, type, estate_type)
values (43090, 266, '1', 12, 623000000, 6440, 1, 3, 1),
       (43091, 266, '2', 13, 1342000000, 4750, 1, 3, 1),
       (43092, 266, '3', 15, 993000000, 6630, 1, 3, 1),
       (43093, 266, '4', 15, 1496000000, 5590, 1, 3, 1),
       (43094, 266, '5', 14, 890000000, 8600, 2, 3, 1),
       (43095, 266, '6', 13, 1444000000, 6020, 2, 3, 1),
       (43096, 266, '7', 14, 1489000000, 7250, 2, 3, 1),
       (43097, 266, '8', 15, 975000000, 7370, 2, 3, 1),
       (43098, 266, '9', 11, 1394000000, 5570, 3, 3, 1),
       (43099, 266, '10', 13, 1307000000, 6660, 3, 3, 1),
       (43100, 266, '11', 12, 652000000, 6620, 3, 3, 1),
       (43101, 266, '12', 10, 647000000, 6970, 3, 3, 1),
       (43102, 266, '13', 11, 406000000, 4760, 4, 3, 1),
       (43103, 266, '14', 15, 1366000000, 6770, 4, 3, 1),
       (43104, 266, '15', 10, 483000000, 5350, 4, 3, 1),
       (43105, 266, '16', 12, 1288000000, 9320, 4, 3, 1),
       (43106, 266, '17', 13, 694000000, 9880, 5, 3, 1),
       (43107, 266, '18', 11, 1372000000, 4480, 5, 3, 1),
       (43108, 266, '19', 14, 439000000, 6730, 5, 3, 1),
       (43109, 266, '20', 13, 863000000, 5650, 5, 3, 1),
       (43110, 266, '21', 15, 1097000000, 5390, 6, 3, 1),
       (43111, 266, '22', 11, 732000000, 6000, 6, 3, 1),
       (43112, 266, '23', 15, 865000000, 9320, 6, 3, 1),
       (43113, 266, '24', 14, 707000000, 9950, 6, 3, 1),
       (43114, 266, '25', 11, 673000000, 8000, 7, 3, 1),
       (43115, 266, '26', 14, 1066000000, 8950, 7, 3, 1),
       (43116, 266, '27', 14, 1484000000, 5390, 7, 3, 1),
       (43117, 266, '28', 12, 1323000000, 8410, 7, 3, 1),
       (43118, 266, '29', 14, 849000000, 6450, 8, 3, 1),
       (43119, 266, '30', 15, 541000000, 5690, 8, 3, 1),
       (43120, 266, '31', 13, 1321000000, 9540, 8, 3, 1),
       (43121, 266, '32', 10, 831000000, 4230, 8, 3, 1),
       (43122, 266, '33', 12, 676000000, 8550, 9, 3, 1),
       (43123, 266, '34', 11, 1162000000, 7670, 9, 3, 1),
       (43124, 266, '35', 12, 548000000, 5360, 9, 3, 1),
       (43125, 266, '36', 11, 1133000000, 9050, 9, 3, 1),
       (43126, 266, '37', 15, 923000000, 4730, 10, 3, 1),
       (43127, 266, '38', 14, 833000000, 6800, 10, 3, 1),
       (43128, 266, '39', 12, 407000000, 6780, 10, 3, 1),
       (43129, 266, '40', 14, 729000000, 5840, 10, 3, 1),
       (43130, 266, '41', 12, 1499000000, 4240, 11, 3, 1),
       (43131, 266, '42', 10, 1118000000, 9470, 11, 3, 1),
       (43132, 266, '43', 12, 629000000, 5640, 11, 3, 1),
       (43133, 266, '44', 11, 656000000, 9980, 11, 3, 1),
       (43134, 266, '45', 11, 756000000, 4080, 12, 3, 1),
       (43135, 266, '46', 14, 717000000, 5110, 12, 3, 1),
       (43136, 266, '47', 14, 876000000, 9820, 12, 3, 1),
       (43137, 266, '48', 12, 404000000, 8050, 12, 3, 1),
       (43138, 266, '49', 10, 534000000, 7660, 13, 3, 1),
       (43139, 266, '50', 12, 1267000000, 9720, 13, 3, 1),
       (43140, 266, '51', 11, 1346000000, 8590, 13, 3, 1),
       (43141, 266, '52', 13, 836000000, 5320, 13, 3, 1),
       (43142, 266, '53', 14, 1069000000, 8410, 14, 3, 1),
       (43143, 266, '54', 14, 1119000000, 9640, 14, 3, 1),
       (43144, 266, '55', 14, 1105000000, 7300, 14, 3, 1),
       (43145, 266, '56', 14, 526000000, 7200, 14, 3, 1),
       (43146, 266, '57', 10, 820000000, 6040, 15, 3, 1),
       (43147, 266, '58', 13, 622000000, 5850, 15, 3, 1),
       (43148, 266, '59', 12, 1247000000, 5140, 15, 3, 1),
       (43149, 266, '60', 10, 880000000, 5370, 15, 3, 1),
       (43150, 266, '61', 13, 1198000000, 8140, 16, 3, 1),
       (43151, 266, '62', 13, 748000000, 4860, 16, 3, 1),
       (43152, 266, '63', 15, 496000000, 5580, 16, 3, 1),
       (43153, 266, '64', 10, 539000000, 4700, 16, 3, 1),
       (43154, 266, '65', 13, 1245000000, 7410, 17, 3, 1),
       (43155, 266, '66', 15, 820000000, 5390, 17, 3, 1),
       (43156, 266, '67', 14, 1376000000, 7950, 17, 3, 1),
       (43157, 266, '68', 12, 817000000, 7620, 17, 3, 1),
       (43158, 266, '69', 15, 842000000, 6150, 18, 3, 1),
       (43159, 266, '70', 15, 1324000000, 9780, 18, 3, 1),
       (43160, 266, '71', 10, 983000000, 7890, 18, 3, 1),
       (43161, 266, '72', 13, 747000000, 4330, 18, 3, 1),
       (43162, 266, '73', 14, 724000000, 6500, 19, 3, 1),
       (43163, 266, '74', 15, 911000000, 9020, 19, 3, 1),
       (43164, 266, '75', 10, 1332000000, 8010, 19, 3, 1),
       (43165, 266, '76', 11, 1052000000, 9420, 19, 3, 1),
       (43166, 266, '77', 10, 1081000000, 8920, 20, 3, 1),
       (43167, 266, '78', 10, 681000000, 7770, 20, 3, 1),
       (43168, 266, '79', 15, 715000000, 5700, 20, 3, 1),
       (43169, 266, '80', 12, 1028000000, 7710, 20, 3, 1),
       (43170, 266, '81', 14, 698000000, 4420, 21, 3, 1),
       (43171, 266, '82', 14, 804000000, 6760, 21, 3, 1),
       (43172, 266, '83', 12, 559000000, 9930, 21, 3, 1),
       (43173, 266, '84', 12, 404000000, 6850, 21, 3, 1),
       (43174, 266, '85', 12, 1134000000, 7400, 22, 3, 1),
       (43175, 266, '86', 12, 614000000, 7800, 22, 3, 1),
       (43176, 266, '87', 15, 485000000, 9970, 22, 3, 1),
       (43177, 266, '88', 12, 415000000, 4790, 22, 3, 1),
       (43178, 266, '89', 12, 1109000000, 9060, 23, 3, 1),
       (43179, 266, '90', 11, 1235000000, 4110, 23, 3, 1),
       (43180, 266, '91', 14, 778000000, 4840, 23, 3, 1),
       (43181, 266, '92', 15, 1251000000, 4310, 23, 3, 1),
       (43182, 266, '93', 11, 1072000000, 4050, 24, 3, 1),
       (43183, 266, '94', 12, 796000000, 4330, 24, 3, 1),
       (43184, 266, '95', 12, 1232000000, 6840, 24, 3, 1),
       (43185, 266, '96', 15, 456000000, 5970, 24, 3, 1),
       (43186, 266, '97', 13, 628000000, 8940, 25, 3, 1),
       (43187, 266, '98', 12, 963000000, 4720, 25, 3, 1),
       (43188, 266, '99', 10, 1130000000, 6960, 25, 3, 1),
       (43189, 266, '100', 12, 946000000, 9100, 25, 3, 1),
       (43190, 266, '101', 14, 629000000, 6970, 26, 3, 1),
       (43191, 266, '102', 14, 1155000000, 8800, 26, 3, 1),
       (43192, 266, '103', 11, 1300000000, 9340, 26, 3, 1),
       (43193, 266, '104', 10, 658000000, 7690, 26, 3, 1),
       (43194, 266, '105', 15, 1474000000, 4440, 27, 3, 1),
       (43195, 266, '106', 11, 1268000000, 7530, 27, 3, 1),
       (43196, 266, '107', 12, 852000000, 5190, 27, 3, 1),
       (43197, 266, '108', 14, 1476000000, 4430, 27, 3, 1),
       (43198, 266, '109', 12, 619000000, 4430, 28, 3, 1),
       (43199, 266, '110', 11, 1484000000, 8500, 28, 3, 1),
       (43200, 266, '111', 10, 1111000000, 6400, 28, 3, 1),
       (43201, 266, '112', 15, 680000000, 9600, 28, 3, 1),
       (43202, 266, '113', 14, 449000000, 4590, 29, 3, 1),
       (43203, 266, '114', 15, 707000000, 4350, 29, 3, 1),
       (43204, 266, '115', 14, 835000000, 4740, 29, 3, 1),
       (43205, 266, '116', 13, 1363000000, 4620, 29, 3, 1);
insert into real_estate_building (id, address, complex_id, floor_count, dev_id)
values (267, 'г. Москва, ул. Дальняя, д. 13', 13, 28, 13);
insert into real_estate_object (id, building_id ,local_address, places, price, area, floor, type, estate_type)
values (43206, 267, '1', 4, 204000000, 2940, 1, 0, 0),
       (43207, 267, '2', 4, 218000000, 2110, 1, 0, 0),
       (43208, 267, '3', 3, 139000000, 1010, 1, 0, 0),
       (43209, 267, '4', 4, 151000000, 2020, 1, 0, 0),
       (43210, 267, '5', 2, 153000000, 910, 2, 0, 0),
       (43211, 267, '6', 3, 199000000, 1610, 2, 0, 0),
       (43212, 267, '7', 3, 229000000, 1270, 2, 0, 0),
       (43213, 267, '8', 4, 108000000, 2620, 2, 0, 0),
       (43214, 267, '9', 4, 248000000, 2050, 3, 0, 0),
       (43215, 267, '10', 3, 111000000, 2560, 3, 0, 0),
       (43216, 267, '11', 2, 150000000, 1830, 3, 0, 0),
       (43217, 267, '12', 2, 188000000, 1480, 3, 0, 0),
       (43218, 267, '13', 2, 84000000, 1260, 4, 0, 0),
       (43219, 267, '14', 3, 245000000, 1010, 4, 0, 0),
       (43220, 267, '15', 4, 194000000, 2930, 4, 0, 0),
       (43221, 267, '16', 3, 245000000, 1420, 4, 0, 0),
       (43222, 267, '17', 3, 153000000, 2810, 5, 0, 0),
       (43223, 267, '18', 3, 187000000, 1170, 5, 0, 0),
       (43224, 267, '19', 2, 132000000, 1570, 5, 0, 0),
       (43225, 267, '20', 4, 157000000, 1920, 5, 0, 0),
       (43226, 267, '21', 3, 223000000, 2640, 6, 0, 0),
       (43227, 267, '22', 4, 230000000, 2100, 6, 0, 0),
       (43228, 267, '23', 2, 136000000, 2050, 6, 0, 0),
       (43229, 267, '24', 3, 240000000, 1940, 6, 0, 0),
       (43230, 267, '25', 2, 144000000, 1490, 7, 0, 0),
       (43231, 267, '26', 3, 104000000, 1560, 7, 0, 0),
       (43232, 267, '27', 4, 127000000, 1600, 7, 0, 0),
       (43233, 267, '28', 2, 240000000, 2230, 7, 0, 0),
       (43234, 267, '29', 3, 216000000, 2480, 8, 0, 0),
       (43235, 267, '30', 4, 240000000, 1690, 8, 0, 0),
       (43236, 267, '31', 3, 89000000, 1700, 8, 0, 0),
       (43237, 267, '32', 3, 200000000, 2840, 8, 0, 0),
       (43238, 267, '33', 2, 180000000, 1220, 9, 0, 0),
       (43239, 267, '34', 3, 87000000, 2930, 9, 0, 0),
       (43240, 267, '35', 3, 123000000, 1760, 9, 0, 0),
       (43241, 267, '36', 3, 84000000, 2140, 9, 0, 0),
       (43242, 267, '37', 4, 192000000, 2850, 10, 0, 0),
       (43243, 267, '38', 3, 125000000, 1870, 10, 0, 0),
       (43244, 267, '39', 4, 119000000, 2000, 10, 0, 0),
       (43245, 267, '40', 2, 140000000, 1040, 10, 0, 0),
       (43246, 267, '41', 2, 179000000, 1140, 11, 0, 0),
       (43247, 267, '42', 2, 189000000, 2750, 11, 0, 0),
       (43248, 267, '43', 4, 177000000, 1340, 11, 0, 0),
       (43249, 267, '44', 3, 234000000, 2360, 11, 0, 0),
       (43250, 267, '45', 2, 231000000, 1260, 12, 0, 0),
       (43251, 267, '46', 4, 143000000, 1100, 12, 0, 0),
       (43252, 267, '47', 4, 85000000, 2080, 12, 0, 0),
       (43253, 267, '48', 4, 120000000, 2000, 12, 0, 0),
       (43254, 267, '49', 2, 182000000, 990, 13, 0, 0),
       (43255, 267, '50', 2, 99000000, 2090, 13, 0, 0),
       (43256, 267, '51', 4, 203000000, 2380, 13, 0, 0),
       (43257, 267, '52', 3, 208000000, 1000, 13, 0, 0),
       (43258, 267, '53', 3, 190000000, 2870, 14, 0, 0),
       (43259, 267, '54', 2, 237000000, 1150, 14, 0, 0),
       (43260, 267, '55', 3, 213000000, 960, 14, 0, 0),
       (43261, 267, '56', 2, 190000000, 2100, 14, 0, 0),
       (43262, 267, '57', 2, 175000000, 2560, 15, 0, 0),
       (43263, 267, '58', 3, 247000000, 2810, 15, 0, 0),
       (43264, 267, '59', 4, 127000000, 2950, 15, 0, 0),
       (43265, 267, '60', 2, 183000000, 2640, 15, 0, 0),
       (43266, 267, '61', 4, 246000000, 1180, 16, 0, 0),
       (43267, 267, '62', 2, 237000000, 1300, 16, 0, 0),
       (43268, 267, '63', 2, 224000000, 1020, 16, 0, 0),
       (43269, 267, '64', 3, 197000000, 1250, 16, 0, 0),
       (43270, 267, '65', 3, 99000000, 2570, 17, 0, 0),
       (43271, 267, '66', 3, 127000000, 2120, 17, 0, 0),
       (43272, 267, '67', 3, 143000000, 1680, 17, 0, 0),
       (43273, 267, '68', 2, 219000000, 1980, 17, 0, 0),
       (43274, 267, '69', 2, 108000000, 1320, 18, 0, 0),
       (43275, 267, '70', 2, 123000000, 1640, 18, 0, 0),
       (43276, 267, '71', 3, 89000000, 2960, 18, 0, 0),
       (43277, 267, '72', 3, 120000000, 2850, 18, 0, 0),
       (43278, 267, '73', 2, 97000000, 2450, 19, 0, 0),
       (43279, 267, '74', 4, 238000000, 2770, 19, 0, 0),
       (43280, 267, '75', 2, 97000000, 2030, 19, 0, 0),
       (43281, 267, '76', 2, 178000000, 2450, 19, 0, 0),
       (43282, 267, '77', 3, 97000000, 1380, 20, 0, 0),
       (43283, 267, '78', 4, 86000000, 2470, 20, 0, 0),
       (43284, 267, '79', 4, 153000000, 2540, 20, 0, 0),
       (43285, 267, '80', 2, 193000000, 2740, 20, 0, 0),
       (43286, 267, '81', 3, 100000000, 1310, 21, 0, 0),
       (43287, 267, '82', 4, 83000000, 2080, 21, 0, 0),
       (43288, 267, '83', 4, 187000000, 2150, 21, 0, 0),
       (43289, 267, '84', 3, 120000000, 1230, 21, 0, 0),
       (43290, 267, '85', 3, 137000000, 1510, 22, 0, 0),
       (43291, 267, '86', 2, 151000000, 2040, 22, 0, 0),
       (43292, 267, '87', 4, 219000000, 1470, 22, 0, 0),
       (43293, 267, '88', 4, 172000000, 1320, 22, 0, 0),
       (43294, 267, '89', 3, 197000000, 2290, 23, 0, 0),
       (43295, 267, '90', 4, 239000000, 1170, 23, 0, 0),
       (43296, 267, '91', 2, 138000000, 2590, 23, 0, 0),
       (43297, 267, '92', 3, 161000000, 1630, 23, 0, 0),
       (43298, 267, '93', 4, 219000000, 1300, 24, 0, 0),
       (43299, 267, '94', 3, 191000000, 2280, 24, 0, 0),
       (43300, 267, '95', 3, 201000000, 1790, 24, 0, 0),
       (43301, 267, '96', 4, 130000000, 1430, 24, 0, 0),
       (43302, 267, '97', 3, 184000000, 1760, 25, 0, 0),
       (43303, 267, '98', 3, 195000000, 2380, 25, 0, 0),
       (43304, 267, '99', 4, 81000000, 2970, 25, 0, 0),
       (43305, 267, '100', 2, 80000000, 1210, 25, 0, 0),
       (43306, 267, '101', 3, 95000000, 1120, 26, 0, 0),
       (43307, 267, '102', 4, 89000000, 2880, 26, 0, 0),
       (43308, 267, '103', 2, 222000000, 1010, 26, 0, 0),
       (43309, 267, '104', 4, 156000000, 1580, 26, 0, 0),
       (43310, 267, '105', 3, 206000000, 1310, 27, 0, 0),
       (43311, 267, '106', 4, 109000000, 1330, 27, 0, 0),
       (43312, 267, '107', 2, 158000000, 1280, 27, 0, 0),
       (43313, 267, '108', 3, 203000000, 1940, 27, 0, 0),
       (43314, 267, '109', 3, 88000000, 2050, 28, 0, 0),
       (43315, 267, '110', 4, 162000000, 1600, 28, 0, 0),
       (43316, 267, '111', 4, 224000000, 2750, 28, 0, 0),
       (43317, 267, '112', 4, 174000000, 2450, 28, 0, 0);
insert into real_estate_building (id, address, complex_id, floor_count, dev_id)
values (268, 'г. Москва, ул. Дальняя, д. 14', 13, 20, 13);
insert into real_estate_object (id, building_id ,local_address, places, price, area, floor, type, estate_type)
values (43318, 268, '1', 4, 203000000, 960, 1, 0, 0),
       (43319, 268, '2', 2, 126000000, 2090, 1, 0, 0),
       (43320, 268, '3', 2, 84000000, 2360, 1, 0, 0),
       (43321, 268, '4', 3, 108000000, 2220, 1, 0, 0),
       (43322, 268, '5', 4, 125000000, 970, 2, 0, 0),
       (43323, 268, '6', 3, 237000000, 2520, 2, 0, 0),
       (43324, 268, '7', 4, 238000000, 1160, 2, 0, 0),
       (43325, 268, '8', 2, 153000000, 1320, 2, 0, 0),
       (43326, 268, '9', 3, 226000000, 2540, 3, 0, 0),
       (43327, 268, '10', 2, 243000000, 2610, 3, 0, 0),
       (43328, 268, '11', 2, 135000000, 2610, 3, 0, 0),
       (43329, 268, '12', 3, 108000000, 2630, 3, 0, 0),
       (43330, 268, '13', 2, 111000000, 2780, 4, 0, 0),
       (43331, 268, '14', 3, 93000000, 1790, 4, 0, 0),
       (43332, 268, '15', 4, 111000000, 980, 4, 0, 0),
       (43333, 268, '16', 2, 97000000, 2630, 4, 0, 0),
       (43334, 268, '17', 4, 207000000, 2780, 5, 0, 0),
       (43335, 268, '18', 2, 175000000, 1540, 5, 0, 0),
       (43336, 268, '19', 4, 231000000, 2020, 5, 0, 0),
       (43337, 268, '20', 3, 199000000, 930, 5, 0, 0),
       (43338, 268, '21', 2, 97000000, 2500, 6, 0, 0),
       (43339, 268, '22', 2, 163000000, 2350, 6, 0, 0),
       (43340, 268, '23', 2, 236000000, 2350, 6, 0, 0),
       (43341, 268, '24', 3, 131000000, 1530, 6, 0, 0),
       (43342, 268, '25', 2, 250000000, 1920, 7, 0, 0),
       (43343, 268, '26', 3, 218000000, 1640, 7, 0, 0),
       (43344, 268, '27', 2, 91000000, 2270, 7, 0, 0),
       (43345, 268, '28', 2, 109000000, 1110, 7, 0, 0),
       (43346, 268, '29', 4, 159000000, 2750, 8, 0, 0),
       (43347, 268, '30', 3, 195000000, 1250, 8, 0, 0),
       (43348, 268, '31', 4, 155000000, 1650, 8, 0, 0),
       (43349, 268, '32', 3, 115000000, 1030, 8, 0, 0),
       (43350, 268, '33', 2, 205000000, 2990, 9, 0, 0),
       (43351, 268, '34', 2, 118000000, 2470, 9, 0, 0),
       (43352, 268, '35', 4, 231000000, 970, 9, 0, 0),
       (43353, 268, '36', 2, 96000000, 1780, 9, 0, 0),
       (43354, 268, '37', 3, 221000000, 2730, 10, 0, 0),
       (43355, 268, '38', 2, 99000000, 2670, 10, 0, 0),
       (43356, 268, '39', 3, 135000000, 2070, 10, 0, 0),
       (43357, 268, '40', 3, 129000000, 1430, 10, 0, 0),
       (43358, 268, '41', 3, 126000000, 2010, 11, 0, 0),
       (43359, 268, '42', 3, 183000000, 1720, 11, 0, 0),
       (43360, 268, '43', 4, 159000000, 2580, 11, 0, 0),
       (43361, 268, '44', 2, 130000000, 970, 11, 0, 0),
       (43362, 268, '45', 3, 87000000, 920, 12, 0, 0),
       (43363, 268, '46', 3, 176000000, 2510, 12, 0, 0),
       (43364, 268, '47', 3, 182000000, 2700, 12, 0, 0),
       (43365, 268, '48', 3, 233000000, 1740, 12, 0, 0),
       (43366, 268, '49', 2, 94000000, 1360, 13, 0, 0),
       (43367, 268, '50', 2, 230000000, 1140, 13, 0, 0),
       (43368, 268, '51', 4, 122000000, 2510, 13, 0, 0),
       (43369, 268, '52', 3, 133000000, 2810, 13, 0, 0),
       (43370, 268, '53', 3, 242000000, 2200, 14, 0, 0),
       (43371, 268, '54', 3, 137000000, 1730, 14, 0, 0),
       (43372, 268, '55', 3, 225000000, 1580, 14, 0, 0),
       (43373, 268, '56', 4, 244000000, 2100, 14, 0, 0),
       (43374, 268, '57', 2, 224000000, 2740, 15, 0, 0),
       (43375, 268, '58', 3, 207000000, 2200, 15, 0, 0),
       (43376, 268, '59', 3, 233000000, 970, 15, 0, 0),
       (43377, 268, '60', 3, 183000000, 1170, 15, 0, 0),
       (43378, 268, '61', 3, 140000000, 1220, 16, 0, 0),
       (43379, 268, '62', 4, 211000000, 2140, 16, 0, 0),
       (43380, 268, '63', 3, 145000000, 1930, 16, 0, 0),
       (43381, 268, '64', 4, 243000000, 2870, 16, 0, 0),
       (43382, 268, '65', 3, 250000000, 2810, 17, 0, 0),
       (43383, 268, '66', 4, 121000000, 2640, 17, 0, 0),
       (43384, 268, '67', 3, 172000000, 1530, 17, 0, 0),
       (43385, 268, '68', 2, 188000000, 1610, 17, 0, 0),
       (43386, 268, '69', 4, 215000000, 970, 18, 0, 0),
       (43387, 268, '70', 2, 115000000, 1950, 18, 0, 0),
       (43388, 268, '71', 3, 241000000, 1240, 18, 0, 0),
       (43389, 268, '72', 3, 240000000, 2480, 18, 0, 0),
       (43390, 268, '73', 4, 115000000, 2030, 19, 0, 0),
       (43391, 268, '74', 3, 249000000, 2230, 19, 0, 0),
       (43392, 268, '75', 4, 242000000, 2930, 19, 0, 0),
       (43393, 268, '76', 2, 154000000, 1340, 19, 0, 0),
       (43394, 268, '77', 4, 180000000, 1030, 20, 0, 0),
       (43395, 268, '78', 3, 203000000, 1860, 20, 0, 0),
       (43396, 268, '79', 2, 117000000, 1850, 20, 0, 0),
       (43397, 268, '80', 4, 200000000, 2400, 20, 0, 0);
insert into real_estate_building (id, address, complex_id, floor_count, dev_id)
values (269, 'г. Москва, ул. Дальняя, д. 15', 13, 27, 13);
insert into real_estate_object (id, building_id ,local_address, places, price, area, floor, type, estate_type)
values (43398, 269, '1', 4, 114000000, 2260, 1, 0, 0),
       (43399, 269, '2', 3, 130000000, 1900, 1, 0, 0),
       (43400, 269, '3', 2, 132000000, 1840, 1, 0, 0),
       (43401, 269, '4', 2, 244000000, 2680, 1, 0, 0),
       (43402, 269, '5', 3, 159000000, 2320, 2, 0, 0),
       (43403, 269, '6', 3, 114000000, 2140, 2, 0, 0),
       (43404, 269, '7', 2, 82000000, 1040, 2, 0, 0),
       (43405, 269, '8', 2, 106000000, 2570, 2, 0, 0),
       (43406, 269, '9', 4, 181000000, 1880, 3, 0, 0),
       (43407, 269, '10', 3, 164000000, 2220, 3, 0, 0),
       (43408, 269, '11', 2, 131000000, 1680, 3, 0, 0),
       (43409, 269, '12', 3, 214000000, 2700, 3, 0, 0),
       (43410, 269, '13', 2, 107000000, 1040, 4, 0, 0),
       (43411, 269, '14', 2, 245000000, 2990, 4, 0, 0),
       (43412, 269, '15', 2, 157000000, 2620, 4, 0, 0),
       (43413, 269, '16', 3, 221000000, 1420, 4, 0, 0),
       (43414, 269, '17', 3, 239000000, 2870, 5, 0, 0),
       (43415, 269, '18', 4, 104000000, 1810, 5, 0, 0),
       (43416, 269, '19', 2, 232000000, 2640, 5, 0, 0),
       (43417, 269, '20', 2, 226000000, 1340, 5, 0, 0),
       (43418, 269, '21', 4, 113000000, 1680, 6, 0, 0),
       (43419, 269, '22', 2, 226000000, 1960, 6, 0, 0),
       (43420, 269, '23', 4, 191000000, 2740, 6, 0, 0),
       (43421, 269, '24', 2, 159000000, 1970, 6, 0, 0),
       (43422, 269, '25', 4, 181000000, 1880, 7, 0, 0),
       (43423, 269, '26', 4, 250000000, 1080, 7, 0, 0),
       (43424, 269, '27', 4, 174000000, 1750, 7, 0, 0),
       (43425, 269, '28', 3, 177000000, 1290, 7, 0, 0),
       (43426, 269, '29', 4, 119000000, 2120, 8, 0, 0),
       (43427, 269, '30', 2, 82000000, 2010, 8, 0, 0),
       (43428, 269, '31', 3, 117000000, 2060, 8, 0, 0),
       (43429, 269, '32', 4, 195000000, 1050, 8, 0, 0),
       (43430, 269, '33', 4, 131000000, 2940, 9, 0, 0),
       (43431, 269, '34', 4, 234000000, 2240, 9, 0, 0),
       (43432, 269, '35', 3, 98000000, 2020, 9, 0, 0),
       (43433, 269, '36', 2, 103000000, 1190, 9, 0, 0),
       (43434, 269, '37', 3, 209000000, 2880, 10, 0, 0),
       (43435, 269, '38', 4, 237000000, 1820, 10, 0, 0),
       (43436, 269, '39', 2, 183000000, 2910, 10, 0, 0),
       (43437, 269, '40', 4, 165000000, 1280, 10, 0, 0),
       (43438, 269, '41', 2, 249000000, 2210, 11, 0, 0),
       (43439, 269, '42', 4, 201000000, 1790, 11, 0, 0),
       (43440, 269, '43', 4, 160000000, 1800, 11, 0, 0),
       (43441, 269, '44', 3, 106000000, 2830, 11, 0, 0),
       (43442, 269, '45', 3, 209000000, 2550, 12, 0, 0),
       (43443, 269, '46', 3, 113000000, 2390, 12, 0, 0),
       (43444, 269, '47', 4, 218000000, 1490, 12, 0, 0),
       (43445, 269, '48', 3, 161000000, 2800, 12, 0, 0),
       (43446, 269, '49', 4, 240000000, 1730, 13, 0, 0),
       (43447, 269, '50', 4, 250000000, 1450, 13, 0, 0),
       (43448, 269, '51', 3, 208000000, 1280, 13, 0, 0),
       (43449, 269, '52', 4, 234000000, 2980, 13, 0, 0),
       (43450, 269, '53', 3, 217000000, 2110, 14, 0, 0),
       (43451, 269, '54', 2, 91000000, 2790, 14, 0, 0),
       (43452, 269, '55', 2, 188000000, 1300, 14, 0, 0),
       (43453, 269, '56', 2, 171000000, 2360, 14, 0, 0),
       (43454, 269, '57', 3, 182000000, 2820, 15, 0, 0),
       (43455, 269, '58', 3, 130000000, 2340, 15, 0, 0),
       (43456, 269, '59', 4, 107000000, 2440, 15, 0, 0),
       (43457, 269, '60', 3, 228000000, 2160, 15, 0, 0),
       (43458, 269, '61', 2, 195000000, 2210, 16, 0, 0),
       (43459, 269, '62', 3, 171000000, 1680, 16, 0, 0),
       (43460, 269, '63', 2, 236000000, 2940, 16, 0, 0),
       (43461, 269, '64', 4, 157000000, 1210, 16, 0, 0),
       (43462, 269, '65', 3, 203000000, 2650, 17, 0, 0),
       (43463, 269, '66', 2, 101000000, 1140, 17, 0, 0),
       (43464, 269, '67', 3, 234000000, 2330, 17, 0, 0),
       (43465, 269, '68', 4, 191000000, 2800, 17, 0, 0),
       (43466, 269, '69', 3, 154000000, 2240, 18, 0, 0),
       (43467, 269, '70', 3, 216000000, 1250, 18, 0, 0),
       (43468, 269, '71', 3, 98000000, 1800, 18, 0, 0),
       (43469, 269, '72', 4, 97000000, 2380, 18, 0, 0),
       (43470, 269, '73', 2, 95000000, 2630, 19, 0, 0),
       (43471, 269, '74', 4, 135000000, 1750, 19, 0, 0),
       (43472, 269, '75', 4, 207000000, 1890, 19, 0, 0),
       (43473, 269, '76', 2, 178000000, 2700, 19, 0, 0),
       (43474, 269, '77', 4, 231000000, 2990, 20, 0, 0),
       (43475, 269, '78', 3, 135000000, 1790, 20, 0, 0),
       (43476, 269, '79', 2, 94000000, 1530, 20, 0, 0),
       (43477, 269, '80', 4, 208000000, 1400, 20, 0, 0),
       (43478, 269, '81', 2, 240000000, 1550, 21, 0, 0),
       (43479, 269, '82', 4, 185000000, 2580, 21, 0, 0),
       (43480, 269, '83', 4, 138000000, 1060, 21, 0, 0),
       (43481, 269, '84', 4, 108000000, 2450, 21, 0, 0),
       (43482, 269, '85', 3, 144000000, 2480, 22, 0, 0),
       (43483, 269, '86', 3, 229000000, 2730, 22, 0, 0),
       (43484, 269, '87', 3, 192000000, 2080, 22, 0, 0),
       (43485, 269, '88', 3, 210000000, 1440, 22, 0, 0),
       (43486, 269, '89', 2, 250000000, 1200, 23, 0, 0),
       (43487, 269, '90', 4, 237000000, 2890, 23, 0, 0),
       (43488, 269, '91', 4, 111000000, 1970, 23, 0, 0),
       (43489, 269, '92', 2, 217000000, 2290, 23, 0, 0),
       (43490, 269, '93', 2, 102000000, 1990, 24, 0, 0),
       (43491, 269, '94', 2, 227000000, 2040, 24, 0, 0),
       (43492, 269, '95', 4, 179000000, 2270, 24, 0, 0),
       (43493, 269, '96', 2, 226000000, 2610, 24, 0, 0),
       (43494, 269, '97', 4, 130000000, 1290, 25, 0, 0),
       (43495, 269, '98', 3, 106000000, 1680, 25, 0, 0),
       (43496, 269, '99', 4, 158000000, 1720, 25, 0, 0),
       (43497, 269, '100', 2, 137000000, 950, 25, 0, 0),
       (43498, 269, '101', 3, 130000000, 2740, 26, 0, 0),
       (43499, 269, '102', 3, 103000000, 1600, 26, 0, 0),
       (43500, 269, '103', 4, 247000000, 2500, 26, 0, 0),
       (43501, 269, '104', 2, 206000000, 1420, 26, 0, 0),
       (43502, 269, '105', 2, 213000000, 1920, 27, 0, 0),
       (43503, 269, '106', 2, 169000000, 1700, 27, 0, 0),
       (43504, 269, '107', 2, 149000000, 1810, 27, 0, 0),
       (43505, 269, '108', 4, 135000000, 2270, 27, 0, 0);
insert into real_estate_building (id, address, complex_id, floor_count, dev_id)
values (270, 'г. Москва, ул. Дальняя, д. 16', 13, 20, 13);
insert into real_estate_object (id, building_id ,local_address, places, price, area, floor, type, estate_type)
values (43506, 270, '1', 3, 141000000, 1270, 1, 0, 0),
       (43507, 270, '2', 3, 102000000, 2450, 1, 0, 0),
       (43508, 270, '3', 2, 141000000, 1520, 1, 0, 0),
       (43509, 270, '4', 2, 106000000, 2080, 1, 0, 0),
       (43510, 270, '5', 3, 155000000, 1470, 2, 0, 0),
       (43511, 270, '6', 2, 138000000, 1620, 2, 0, 0),
       (43512, 270, '7', 2, 201000000, 1420, 2, 0, 0),
       (43513, 270, '8', 2, 144000000, 2820, 2, 0, 0),
       (43514, 270, '9', 2, 195000000, 2270, 3, 0, 0),
       (43515, 270, '10', 4, 132000000, 2930, 3, 0, 0),
       (43516, 270, '11', 4, 148000000, 1060, 3, 0, 0),
       (43517, 270, '12', 3, 96000000, 2160, 3, 0, 0),
       (43518, 270, '13', 2, 249000000, 2750, 4, 0, 0),
       (43519, 270, '14', 3, 235000000, 2320, 4, 0, 0),
       (43520, 270, '15', 2, 244000000, 1610, 4, 0, 0),
       (43521, 270, '16', 2, 185000000, 2110, 4, 0, 0),
       (43522, 270, '17', 3, 227000000, 2930, 5, 0, 0),
       (43523, 270, '18', 2, 215000000, 1030, 5, 0, 0),
       (43524, 270, '19', 4, 229000000, 1120, 5, 0, 0),
       (43525, 270, '20', 4, 87000000, 1610, 5, 0, 0),
       (43526, 270, '21', 2, 151000000, 2080, 6, 0, 0),
       (43527, 270, '22', 3, 163000000, 2790, 6, 0, 0),
       (43528, 270, '23', 4, 157000000, 1810, 6, 0, 0),
       (43529, 270, '24', 2, 90000000, 1990, 6, 0, 0),
       (43530, 270, '25', 4, 200000000, 2130, 7, 0, 0),
       (43531, 270, '26', 3, 84000000, 1750, 7, 0, 0),
       (43532, 270, '27', 2, 243000000, 2380, 7, 0, 0),
       (43533, 270, '28', 3, 243000000, 2240, 7, 0, 0),
       (43534, 270, '29', 2, 163000000, 1350, 8, 0, 0),
       (43535, 270, '30', 3, 171000000, 1210, 8, 0, 0),
       (43536, 270, '31', 4, 146000000, 2800, 8, 0, 0),
       (43537, 270, '32', 4, 129000000, 1240, 8, 0, 0),
       (43538, 270, '33', 3, 144000000, 2860, 9, 0, 0),
       (43539, 270, '34', 2, 229000000, 1810, 9, 0, 0),
       (43540, 270, '35', 3, 99000000, 2130, 9, 0, 0),
       (43541, 270, '36', 4, 139000000, 1300, 9, 0, 0),
       (43542, 270, '37', 2, 141000000, 2840, 10, 0, 0),
       (43543, 270, '38', 3, 246000000, 1460, 10, 0, 0),
       (43544, 270, '39', 3, 212000000, 1380, 10, 0, 0),
       (43545, 270, '40', 4, 106000000, 2040, 10, 0, 0),
       (43546, 270, '41', 2, 136000000, 980, 11, 0, 0),
       (43547, 270, '42', 4, 90000000, 2920, 11, 0, 0),
       (43548, 270, '43', 2, 169000000, 1880, 11, 0, 0),
       (43549, 270, '44', 4, 215000000, 2140, 11, 0, 0),
       (43550, 270, '45', 4, 202000000, 1300, 12, 0, 0),
       (43551, 270, '46', 3, 111000000, 2590, 12, 0, 0),
       (43552, 270, '47', 2, 103000000, 910, 12, 0, 0),
       (43553, 270, '48', 2, 195000000, 1790, 12, 0, 0),
       (43554, 270, '49', 2, 110000000, 1240, 13, 0, 0),
       (43555, 270, '50', 2, 137000000, 1510, 13, 0, 0),
       (43556, 270, '51', 2, 103000000, 1790, 13, 0, 0),
       (43557, 270, '52', 4, 139000000, 2440, 13, 0, 0),
       (43558, 270, '53', 3, 95000000, 2230, 14, 0, 0),
       (43559, 270, '54', 2, 236000000, 1700, 14, 0, 0),
       (43560, 270, '55', 3, 226000000, 1260, 14, 0, 0),
       (43561, 270, '56', 4, 237000000, 2190, 14, 0, 0),
       (43562, 270, '57', 3, 123000000, 2980, 15, 0, 0),
       (43563, 270, '58', 3, 212000000, 2780, 15, 0, 0),
       (43564, 270, '59', 2, 198000000, 1980, 15, 0, 0),
       (43565, 270, '60', 3, 140000000, 2240, 15, 0, 0),
       (43566, 270, '61', 4, 211000000, 1150, 16, 0, 0),
       (43567, 270, '62', 2, 235000000, 1590, 16, 0, 0),
       (43568, 270, '63', 4, 194000000, 1160, 16, 0, 0),
       (43569, 270, '64', 2, 198000000, 1010, 16, 0, 0),
       (43570, 270, '65', 3, 81000000, 2840, 17, 0, 0),
       (43571, 270, '66', 3, 159000000, 1000, 17, 0, 0),
       (43572, 270, '67', 3, 98000000, 2500, 17, 0, 0),
       (43573, 270, '68', 4, 227000000, 1810, 17, 0, 0),
       (43574, 270, '69', 4, 163000000, 2260, 18, 0, 0),
       (43575, 270, '70', 2, 190000000, 940, 18, 0, 0),
       (43576, 270, '71', 4, 154000000, 2350, 18, 0, 0),
       (43577, 270, '72', 4, 153000000, 2700, 18, 0, 0),
       (43578, 270, '73', 4, 109000000, 1610, 19, 0, 0),
       (43579, 270, '74', 3, 115000000, 1400, 19, 0, 0),
       (43580, 270, '75', 2, 211000000, 2360, 19, 0, 0),
       (43581, 270, '76', 2, 158000000, 1000, 19, 0, 0),
       (43582, 270, '77', 3, 169000000, 1090, 20, 0, 0),
       (43583, 270, '78', 2, 153000000, 2240, 20, 0, 0),
       (43584, 270, '79', 4, 103000000, 1670, 20, 0, 0),
       (43585, 270, '80', 3, 101000000, 1310, 20, 0, 0);
insert into real_estate_building (id, address, complex_id, floor_count, dev_id)
values (271, 'г. Москва, ул. Дальняя, д. 17', 13, 26, 13);
insert into real_estate_object (id, building_id ,local_address, places, price, area, floor, type, estate_type)
values (43586, 271, '1', 2, 128000000, 2630, 1, 0, 0),
       (43587, 271, '2', 2, 211000000, 1570, 1, 0, 0),
       (43588, 271, '3', 4, 80000000, 1950, 1, 0, 0),
       (43589, 271, '4', 3, 168000000, 1260, 1, 0, 0),
       (43590, 271, '5', 4, 92000000, 1940, 2, 0, 0),
       (43591, 271, '6', 4, 213000000, 2090, 2, 0, 0),
       (43592, 271, '7', 4, 185000000, 3000, 2, 0, 0),
       (43593, 271, '8', 3, 123000000, 1220, 2, 0, 0),
       (43594, 271, '9', 3, 131000000, 900, 3, 0, 0),
       (43595, 271, '10', 4, 184000000, 1750, 3, 0, 0),
       (43596, 271, '11', 3, 188000000, 2970, 3, 0, 0),
       (43597, 271, '12', 4, 151000000, 1500, 3, 0, 0),
       (43598, 271, '13', 3, 224000000, 2080, 4, 0, 0),
       (43599, 271, '14', 2, 207000000, 2390, 4, 0, 0),
       (43600, 271, '15', 2, 241000000, 2780, 4, 0, 0),
       (43601, 271, '16', 4, 240000000, 2770, 4, 0, 0),
       (43602, 271, '17', 2, 208000000, 1770, 5, 0, 0),
       (43603, 271, '18', 2, 151000000, 2740, 5, 0, 0),
       (43604, 271, '19', 3, 224000000, 2440, 5, 0, 0),
       (43605, 271, '20', 3, 214000000, 2590, 5, 0, 0),
       (43606, 271, '21', 4, 183000000, 2420, 6, 0, 0),
       (43607, 271, '22', 4, 118000000, 1670, 6, 0, 0),
       (43608, 271, '23', 4, 215000000, 1010, 6, 0, 0),
       (43609, 271, '24', 4, 161000000, 1170, 6, 0, 0),
       (43610, 271, '25', 2, 240000000, 1430, 7, 0, 0),
       (43611, 271, '26', 4, 216000000, 1290, 7, 0, 0),
       (43612, 271, '27', 3, 115000000, 2720, 7, 0, 0),
       (43613, 271, '28', 3, 191000000, 2430, 7, 0, 0),
       (43614, 271, '29', 2, 244000000, 1180, 8, 0, 0),
       (43615, 271, '30', 3, 174000000, 2320, 8, 0, 0),
       (43616, 271, '31', 2, 247000000, 1410, 8, 0, 0),
       (43617, 271, '32', 3, 148000000, 2890, 8, 0, 0),
       (43618, 271, '33', 3, 128000000, 2870, 9, 0, 0),
       (43619, 271, '34', 4, 230000000, 2960, 9, 0, 0),
       (43620, 271, '35', 3, 90000000, 2030, 9, 0, 0),
       (43621, 271, '36', 3, 230000000, 1300, 9, 0, 0),
       (43622, 271, '37', 3, 140000000, 1710, 10, 0, 0),
       (43623, 271, '38', 4, 145000000, 2890, 10, 0, 0),
       (43624, 271, '39', 4, 234000000, 1200, 10, 0, 0),
       (43625, 271, '40', 3, 235000000, 1670, 10, 0, 0),
       (43626, 271, '41', 3, 123000000, 2070, 11, 0, 0),
       (43627, 271, '42', 4, 241000000, 900, 11, 0, 0),
       (43628, 271, '43', 4, 135000000, 2260, 11, 0, 0),
       (43629, 271, '44', 3, 205000000, 2190, 11, 0, 0),
       (43630, 271, '45', 2, 97000000, 1560, 12, 0, 0),
       (43631, 271, '46', 3, 149000000, 1380, 12, 0, 0),
       (43632, 271, '47', 3, 199000000, 1660, 12, 0, 0),
       (43633, 271, '48', 3, 189000000, 1210, 12, 0, 0),
       (43634, 271, '49', 3, 202000000, 2060, 13, 0, 0),
       (43635, 271, '50', 4, 84000000, 2150, 13, 0, 0),
       (43636, 271, '51', 4, 104000000, 2680, 13, 0, 0),
       (43637, 271, '52', 4, 100000000, 2150, 13, 0, 0),
       (43638, 271, '53', 2, 166000000, 2550, 14, 0, 0),
       (43639, 271, '54', 3, 94000000, 1230, 14, 0, 0),
       (43640, 271, '55', 3, 149000000, 2770, 14, 0, 0),
       (43641, 271, '56', 3, 187000000, 2550, 14, 0, 0),
       (43642, 271, '57', 2, 118000000, 2060, 15, 0, 0),
       (43643, 271, '58', 3, 162000000, 1890, 15, 0, 0),
       (43644, 271, '59', 2, 138000000, 1400, 15, 0, 0),
       (43645, 271, '60', 2, 220000000, 2650, 15, 0, 0),
       (43646, 271, '61', 3, 172000000, 2100, 16, 0, 0),
       (43647, 271, '62', 4, 149000000, 970, 16, 0, 0),
       (43648, 271, '63', 3, 169000000, 1730, 16, 0, 0),
       (43649, 271, '64', 2, 199000000, 1340, 16, 0, 0),
       (43650, 271, '65', 4, 247000000, 1290, 17, 0, 0),
       (43651, 271, '66', 4, 182000000, 1660, 17, 0, 0),
       (43652, 271, '67', 4, 100000000, 1760, 17, 0, 0),
       (43653, 271, '68', 4, 191000000, 1960, 17, 0, 0),
       (43654, 271, '69', 3, 90000000, 1150, 18, 0, 0),
       (43655, 271, '70', 2, 95000000, 2420, 18, 0, 0),
       (43656, 271, '71', 2, 248000000, 2300, 18, 0, 0),
       (43657, 271, '72', 2, 240000000, 2150, 18, 0, 0),
       (43658, 271, '73', 2, 86000000, 2160, 19, 0, 0),
       (43659, 271, '74', 4, 158000000, 1940, 19, 0, 0),
       (43660, 271, '75', 2, 195000000, 2050, 19, 0, 0),
       (43661, 271, '76', 3, 242000000, 2870, 19, 0, 0),
       (43662, 271, '77', 2, 132000000, 1480, 20, 0, 0),
       (43663, 271, '78', 3, 138000000, 2510, 20, 0, 0),
       (43664, 271, '79', 3, 149000000, 2940, 20, 0, 0),
       (43665, 271, '80', 3, 224000000, 1230, 20, 0, 0),
       (43666, 271, '81', 3, 89000000, 1870, 21, 0, 0),
       (43667, 271, '82', 4, 84000000, 2120, 21, 0, 0),
       (43668, 271, '83', 4, 246000000, 1530, 21, 0, 0),
       (43669, 271, '84', 4, 233000000, 2790, 21, 0, 0),
       (43670, 271, '85', 3, 231000000, 2690, 22, 0, 0),
       (43671, 271, '86', 2, 99000000, 1940, 22, 0, 0),
       (43672, 271, '87', 2, 113000000, 2520, 22, 0, 0),
       (43673, 271, '88', 2, 245000000, 2550, 22, 0, 0),
       (43674, 271, '89', 2, 137000000, 1780, 23, 0, 0),
       (43675, 271, '90', 2, 92000000, 2740, 23, 0, 0),
       (43676, 271, '91', 3, 110000000, 2890, 23, 0, 0),
       (43677, 271, '92', 3, 225000000, 1190, 23, 0, 0),
       (43678, 271, '93', 2, 250000000, 2770, 24, 0, 0),
       (43679, 271, '94', 3, 225000000, 2970, 24, 0, 0),
       (43680, 271, '95', 4, 154000000, 1040, 24, 0, 0),
       (43681, 271, '96', 3, 186000000, 2090, 24, 0, 0),
       (43682, 271, '97', 3, 224000000, 2970, 25, 0, 0),
       (43683, 271, '98', 4, 191000000, 1290, 25, 0, 0),
       (43684, 271, '99', 3, 191000000, 1540, 25, 0, 0),
       (43685, 271, '100', 2, 225000000, 2940, 25, 0, 0),
       (43686, 271, '101', 4, 216000000, 2080, 26, 0, 0),
       (43687, 271, '102', 3, 114000000, 1040, 26, 0, 0),
       (43688, 271, '103', 3, 174000000, 1630, 26, 0, 0),
       (43689, 271, '104', 3, 100000000, 2340, 26, 0, 0);
insert into real_estate_building (id, address, complex_id, floor_count, dev_id)
values (272, 'г. Москва, ул. Дальняя, д. 18', 13, 28, 13);
insert into real_estate_object (id, building_id ,local_address, places, price, area, floor, type, estate_type)
values (43690, 272, '1', 4, 181000000, 2620, 1, 0, 0),
       (43691, 272, '2', 2, 233000000, 1210, 1, 0, 0),
       (43692, 272, '3', 2, 179000000, 2690, 1, 0, 0),
       (43693, 272, '4', 2, 90000000, 2820, 1, 0, 0),
       (43694, 272, '5', 3, 151000000, 2010, 2, 0, 0),
       (43695, 272, '6', 2, 155000000, 2370, 2, 0, 0),
       (43696, 272, '7', 4, 189000000, 2840, 2, 0, 0),
       (43697, 272, '8', 3, 240000000, 1110, 2, 0, 0),
       (43698, 272, '9', 2, 169000000, 2740, 3, 0, 0),
       (43699, 272, '10', 4, 180000000, 1410, 3, 0, 0),
       (43700, 272, '11', 3, 219000000, 2620, 3, 0, 0),
       (43701, 272, '12', 3, 235000000, 2270, 3, 0, 0),
       (43702, 272, '13', 4, 206000000, 2040, 4, 0, 0),
       (43703, 272, '14', 2, 144000000, 1110, 4, 0, 0),
       (43704, 272, '15', 4, 131000000, 2410, 4, 0, 0),
       (43705, 272, '16', 2, 177000000, 1810, 4, 0, 0),
       (43706, 272, '17', 4, 169000000, 2930, 5, 0, 0),
       (43707, 272, '18', 3, 136000000, 2630, 5, 0, 0),
       (43708, 272, '19', 3, 232000000, 1590, 5, 0, 0),
       (43709, 272, '20', 4, 199000000, 2920, 5, 0, 0),
       (43710, 272, '21', 3, 95000000, 2790, 6, 0, 0),
       (43711, 272, '22', 3, 216000000, 2140, 6, 0, 0),
       (43712, 272, '23', 2, 130000000, 2550, 6, 0, 0),
       (43713, 272, '24', 2, 229000000, 1800, 6, 0, 0),
       (43714, 272, '25', 3, 125000000, 2840, 7, 0, 0),
       (43715, 272, '26', 3, 171000000, 3000, 7, 0, 0),
       (43716, 272, '27', 3, 189000000, 1940, 7, 0, 0),
       (43717, 272, '28', 3, 116000000, 1020, 7, 0, 0),
       (43718, 272, '29', 2, 236000000, 950, 8, 0, 0),
       (43719, 272, '30', 2, 208000000, 1490, 8, 0, 0),
       (43720, 272, '31', 3, 181000000, 2180, 8, 0, 0),
       (43721, 272, '32', 3, 94000000, 1850, 8, 0, 0),
       (43722, 272, '33', 3, 158000000, 2680, 9, 0, 0),
       (43723, 272, '34', 4, 136000000, 2230, 9, 0, 0),
       (43724, 272, '35', 2, 238000000, 1570, 9, 0, 0),
       (43725, 272, '36', 3, 137000000, 2800, 9, 0, 0),
       (43726, 272, '37', 3, 208000000, 1990, 10, 0, 0),
       (43727, 272, '38', 4, 182000000, 1910, 10, 0, 0),
       (43728, 272, '39', 4, 162000000, 2800, 10, 0, 0),
       (43729, 272, '40', 3, 120000000, 2610, 10, 0, 0),
       (43730, 272, '41', 4, 219000000, 1790, 11, 0, 0),
       (43731, 272, '42', 3, 162000000, 1500, 11, 0, 0),
       (43732, 272, '43', 2, 125000000, 2510, 11, 0, 0),
       (43733, 272, '44', 4, 225000000, 2540, 11, 0, 0),
       (43734, 272, '45', 4, 222000000, 2550, 12, 0, 0),
       (43735, 272, '46', 3, 173000000, 1540, 12, 0, 0),
       (43736, 272, '47', 3, 204000000, 1280, 12, 0, 0),
       (43737, 272, '48', 4, 186000000, 2580, 12, 0, 0),
       (43738, 272, '49', 4, 145000000, 2330, 13, 0, 0),
       (43739, 272, '50', 3, 129000000, 2080, 13, 0, 0),
       (43740, 272, '51', 4, 131000000, 2810, 13, 0, 0),
       (43741, 272, '52', 4, 102000000, 2700, 13, 0, 0),
       (43742, 272, '53', 2, 187000000, 1940, 14, 0, 0),
       (43743, 272, '54', 2, 177000000, 2320, 14, 0, 0),
       (43744, 272, '55', 3, 218000000, 1720, 14, 0, 0),
       (43745, 272, '56', 3, 164000000, 960, 14, 0, 0),
       (43746, 272, '57', 3, 143000000, 2490, 15, 0, 0),
       (43747, 272, '58', 4, 157000000, 2730, 15, 0, 0),
       (43748, 272, '59', 4, 178000000, 1950, 15, 0, 0),
       (43749, 272, '60', 2, 103000000, 1320, 15, 0, 0),
       (43750, 272, '61', 3, 170000000, 2640, 16, 0, 0),
       (43751, 272, '62', 2, 242000000, 2170, 16, 0, 0),
       (43752, 272, '63', 4, 240000000, 2950, 16, 0, 0),
       (43753, 272, '64', 3, 129000000, 2250, 16, 0, 0),
       (43754, 272, '65', 2, 116000000, 1840, 17, 0, 0),
       (43755, 272, '66', 2, 142000000, 2150, 17, 0, 0),
       (43756, 272, '67', 2, 229000000, 2090, 17, 0, 0),
       (43757, 272, '68', 3, 109000000, 2730, 17, 0, 0),
       (43758, 272, '69', 3, 121000000, 1860, 18, 0, 0),
       (43759, 272, '70', 3, 170000000, 1120, 18, 0, 0),
       (43760, 272, '71', 2, 133000000, 1440, 18, 0, 0),
       (43761, 272, '72', 2, 204000000, 1070, 18, 0, 0),
       (43762, 272, '73', 4, 189000000, 1430, 19, 0, 0),
       (43763, 272, '74', 2, 176000000, 1890, 19, 0, 0),
       (43764, 272, '75', 4, 222000000, 2970, 19, 0, 0),
       (43765, 272, '76', 2, 211000000, 1950, 19, 0, 0),
       (43766, 272, '77', 2, 236000000, 2270, 20, 0, 0),
       (43767, 272, '78', 4, 226000000, 1920, 20, 0, 0),
       (43768, 272, '79', 4, 117000000, 2780, 20, 0, 0),
       (43769, 272, '80', 2, 80000000, 2030, 20, 0, 0),
       (43770, 272, '81', 2, 131000000, 2520, 21, 0, 0),
       (43771, 272, '82', 3, 167000000, 1490, 21, 0, 0),
       (43772, 272, '83', 3, 129000000, 2880, 21, 0, 0),
       (43773, 272, '84', 3, 207000000, 1230, 21, 0, 0),
       (43774, 272, '85', 2, 192000000, 2120, 22, 0, 0),
       (43775, 272, '86', 2, 226000000, 2810, 22, 0, 0),
       (43776, 272, '87', 2, 122000000, 1790, 22, 0, 0),
       (43777, 272, '88', 4, 241000000, 2630, 22, 0, 0),
       (43778, 272, '89', 3, 238000000, 1380, 23, 0, 0),
       (43779, 272, '90', 2, 232000000, 2920, 23, 0, 0),
       (43780, 272, '91', 3, 170000000, 1810, 23, 0, 0),
       (43781, 272, '92', 2, 132000000, 2210, 23, 0, 0),
       (43782, 272, '93', 2, 222000000, 2740, 24, 0, 0),
       (43783, 272, '94', 4, 103000000, 1620, 24, 0, 0),
       (43784, 272, '95', 4, 216000000, 2160, 24, 0, 0),
       (43785, 272, '96', 3, 114000000, 2280, 24, 0, 0),
       (43786, 272, '97', 3, 200000000, 2440, 25, 0, 0),
       (43787, 272, '98', 2, 195000000, 2350, 25, 0, 0),
       (43788, 272, '99', 4, 118000000, 1690, 25, 0, 0),
       (43789, 272, '100', 4, 83000000, 1520, 25, 0, 0),
       (43790, 272, '101', 2, 131000000, 1530, 26, 0, 0),
       (43791, 272, '102', 3, 175000000, 2200, 26, 0, 0),
       (43792, 272, '103', 4, 155000000, 950, 26, 0, 0),
       (43793, 272, '104', 4, 165000000, 1240, 26, 0, 0),
       (43794, 272, '105', 3, 160000000, 1120, 27, 0, 0),
       (43795, 272, '106', 3, 146000000, 2250, 27, 0, 0),
       (43796, 272, '107', 3, 155000000, 1840, 27, 0, 0),
       (43797, 272, '108', 2, 241000000, 1540, 27, 0, 0),
       (43798, 272, '109', 3, 243000000, 1900, 28, 0, 0),
       (43799, 272, '110', 3, 243000000, 2340, 28, 0, 0),
       (43800, 272, '111', 2, 190000000, 1830, 28, 0, 0),
       (43801, 272, '112', 4, 146000000, 2390, 28, 0, 0);
insert into real_estate_building (id, address, complex_id, floor_count, dev_id)
values (273, 'г. Москва, ул. Дальняя, д. 19', 13, 25, 13);
insert into real_estate_object (id, building_id ,local_address, places, price, area, floor, type, estate_type)
values (43802, 273, '1', 2, 97000000, 1190, 1, 0, 0),
       (43803, 273, '2', 3, 239000000, 2660, 1, 0, 0),
       (43804, 273, '3', 4, 157000000, 2870, 1, 0, 0),
       (43805, 273, '4', 4, 84000000, 2870, 1, 0, 0),
       (43806, 273, '5', 4, 243000000, 1660, 2, 0, 0),
       (43807, 273, '6', 4, 126000000, 1410, 2, 0, 0),
       (43808, 273, '7', 3, 178000000, 1710, 2, 0, 0),
       (43809, 273, '8', 3, 173000000, 2200, 2, 0, 0),
       (43810, 273, '9', 2, 152000000, 2130, 3, 0, 0),
       (43811, 273, '10', 4, 110000000, 1960, 3, 0, 0),
       (43812, 273, '11', 4, 207000000, 970, 3, 0, 0),
       (43813, 273, '12', 4, 88000000, 2160, 3, 0, 0),
       (43814, 273, '13', 4, 246000000, 990, 4, 0, 0),
       (43815, 273, '14', 3, 116000000, 2830, 4, 0, 0),
       (43816, 273, '15', 4, 141000000, 1870, 4, 0, 0),
       (43817, 273, '16', 4, 109000000, 2190, 4, 0, 0),
       (43818, 273, '17', 2, 246000000, 2760, 5, 0, 0),
       (43819, 273, '18', 3, 215000000, 1540, 5, 0, 0),
       (43820, 273, '19', 3, 243000000, 2050, 5, 0, 0),
       (43821, 273, '20', 2, 82000000, 2440, 5, 0, 0),
       (43822, 273, '21', 3, 160000000, 1250, 6, 0, 0),
       (43823, 273, '22', 3, 80000000, 1830, 6, 0, 0),
       (43824, 273, '23', 2, 130000000, 1590, 6, 0, 0),
       (43825, 273, '24', 3, 217000000, 1260, 6, 0, 0),
       (43826, 273, '25', 2, 186000000, 990, 7, 0, 0),
       (43827, 273, '26', 2, 216000000, 2390, 7, 0, 0),
       (43828, 273, '27', 4, 159000000, 2400, 7, 0, 0),
       (43829, 273, '28', 3, 234000000, 2620, 7, 0, 0),
       (43830, 273, '29', 2, 187000000, 1920, 8, 0, 0),
       (43831, 273, '30', 3, 115000000, 2600, 8, 0, 0),
       (43832, 273, '31', 3, 106000000, 1590, 8, 0, 0),
       (43833, 273, '32', 2, 90000000, 1530, 8, 0, 0),
       (43834, 273, '33', 4, 188000000, 2400, 9, 0, 0),
       (43835, 273, '34', 4, 169000000, 1840, 9, 0, 0),
       (43836, 273, '35', 4, 122000000, 930, 9, 0, 0),
       (43837, 273, '36', 2, 169000000, 1330, 9, 0, 0),
       (43838, 273, '37', 4, 168000000, 2870, 10, 0, 0),
       (43839, 273, '38', 4, 200000000, 1740, 10, 0, 0),
       (43840, 273, '39', 4, 131000000, 2140, 10, 0, 0),
       (43841, 273, '40', 2, 147000000, 1780, 10, 0, 0),
       (43842, 273, '41', 2, 165000000, 2460, 11, 0, 0),
       (43843, 273, '42', 2, 217000000, 1450, 11, 0, 0),
       (43844, 273, '43', 2, 187000000, 2840, 11, 0, 0),
       (43845, 273, '44', 2, 150000000, 1120, 11, 0, 0),
       (43846, 273, '45', 4, 174000000, 1670, 12, 0, 0),
       (43847, 273, '46', 2, 210000000, 1530, 12, 0, 0),
       (43848, 273, '47', 2, 93000000, 1940, 12, 0, 0),
       (43849, 273, '48', 3, 141000000, 2320, 12, 0, 0),
       (43850, 273, '49', 3, 141000000, 2900, 13, 0, 0),
       (43851, 273, '50', 3, 125000000, 2230, 13, 0, 0),
       (43852, 273, '51', 4, 127000000, 2360, 13, 0, 0),
       (43853, 273, '52', 2, 93000000, 1020, 13, 0, 0),
       (43854, 273, '53', 2, 220000000, 2050, 14, 0, 0),
       (43855, 273, '54', 2, 119000000, 1180, 14, 0, 0),
       (43856, 273, '55', 2, 126000000, 2490, 14, 0, 0),
       (43857, 273, '56', 2, 108000000, 1410, 14, 0, 0),
       (43858, 273, '57', 2, 245000000, 2810, 15, 0, 0),
       (43859, 273, '58', 4, 131000000, 1930, 15, 0, 0),
       (43860, 273, '59', 3, 140000000, 2520, 15, 0, 0),
       (43861, 273, '60', 2, 110000000, 2460, 15, 0, 0),
       (43862, 273, '61', 3, 130000000, 2850, 16, 0, 0),
       (43863, 273, '62', 2, 121000000, 2510, 16, 0, 0),
       (43864, 273, '63', 4, 106000000, 2310, 16, 0, 0),
       (43865, 273, '64', 3, 200000000, 2830, 16, 0, 0),
       (43866, 273, '65', 4, 197000000, 1980, 17, 0, 0),
       (43867, 273, '66', 3, 213000000, 2260, 17, 0, 0),
       (43868, 273, '67', 4, 211000000, 2770, 17, 0, 0),
       (43869, 273, '68', 4, 250000000, 1200, 17, 0, 0),
       (43870, 273, '69', 2, 183000000, 2620, 18, 0, 0),
       (43871, 273, '70', 3, 175000000, 950, 18, 0, 0),
       (43872, 273, '71', 2, 162000000, 2210, 18, 0, 0),
       (43873, 273, '72', 4, 151000000, 2750, 18, 0, 0),
       (43874, 273, '73', 3, 99000000, 2150, 19, 0, 0),
       (43875, 273, '74', 2, 182000000, 1040, 19, 0, 0),
       (43876, 273, '75', 3, 92000000, 1320, 19, 0, 0),
       (43877, 273, '76', 3, 152000000, 1070, 19, 0, 0),
       (43878, 273, '77', 4, 161000000, 1550, 20, 0, 0),
       (43879, 273, '78', 2, 108000000, 2670, 20, 0, 0),
       (43880, 273, '79', 2, 95000000, 2090, 20, 0, 0),
       (43881, 273, '80', 3, 174000000, 2070, 20, 0, 0),
       (43882, 273, '81', 4, 106000000, 1250, 21, 0, 0),
       (43883, 273, '82', 2, 248000000, 1960, 21, 0, 0),
       (43884, 273, '83', 4, 85000000, 2080, 21, 0, 0),
       (43885, 273, '84', 2, 165000000, 2390, 21, 0, 0),
       (43886, 273, '85', 3, 147000000, 1880, 22, 0, 0),
       (43887, 273, '86', 4, 189000000, 1550, 22, 0, 0),
       (43888, 273, '87', 2, 130000000, 2260, 22, 0, 0),
       (43889, 273, '88', 3, 171000000, 1940, 22, 0, 0),
       (43890, 273, '89', 3, 145000000, 1340, 23, 0, 0),
       (43891, 273, '90', 2, 186000000, 2780, 23, 0, 0),
       (43892, 273, '91', 4, 159000000, 1210, 23, 0, 0),
       (43893, 273, '92', 3, 176000000, 1990, 23, 0, 0),
       (43894, 273, '93', 4, 242000000, 2420, 24, 0, 0),
       (43895, 273, '94', 2, 190000000, 1690, 24, 0, 0),
       (43896, 273, '95', 2, 128000000, 2180, 24, 0, 0),
       (43897, 273, '96', 2, 196000000, 1590, 24, 0, 0),
       (43898, 273, '97', 4, 213000000, 1760, 25, 0, 0),
       (43899, 273, '98', 4, 230000000, 1080, 25, 0, 0),
       (43900, 273, '99', 3, 168000000, 2830, 25, 0, 0),
       (43901, 273, '100', 4, 134000000, 1820, 25, 0, 0);
insert into real_estate_building (id, address, complex_id, floor_count, dev_id)
values (274, 'г. Москва, ул. Дальняя, д. 20', 13, 21, 13);
insert into real_estate_object (id, building_id ,local_address, places, price, area, floor, type, estate_type)
values (43902, 274, '1', 2, 212000000, 1520, 1, 0, 0),
       (43903, 274, '2', 3, 175000000, 2360, 1, 0, 0),
       (43904, 274, '3', 2, 211000000, 1110, 1, 0, 0),
       (43905, 274, '4', 4, 220000000, 1530, 1, 0, 0),
       (43906, 274, '5', 4, 189000000, 1260, 2, 0, 0),
       (43907, 274, '6', 2, 219000000, 2370, 2, 0, 0),
       (43908, 274, '7', 3, 243000000, 2810, 2, 0, 0),
       (43909, 274, '8', 4, 134000000, 2410, 2, 0, 0),
       (43910, 274, '9', 4, 168000000, 2500, 3, 0, 0),
       (43911, 274, '10', 4, 171000000, 2280, 3, 0, 0),
       (43912, 274, '11', 3, 224000000, 1020, 3, 0, 0),
       (43913, 274, '12', 2, 248000000, 2140, 3, 0, 0),
       (43914, 274, '13', 3, 83000000, 2730, 4, 0, 0),
       (43915, 274, '14', 4, 235000000, 1840, 4, 0, 0),
       (43916, 274, '15', 4, 162000000, 1490, 4, 0, 0),
       (43917, 274, '16', 3, 198000000, 1510, 4, 0, 0),
       (43918, 274, '17', 4, 94000000, 2000, 5, 0, 0),
       (43919, 274, '18', 2, 201000000, 1070, 5, 0, 0),
       (43920, 274, '19', 3, 237000000, 1520, 5, 0, 0),
       (43921, 274, '20', 3, 238000000, 1350, 5, 0, 0),
       (43922, 274, '21', 4, 241000000, 2450, 6, 0, 0),
       (43923, 274, '22', 2, 241000000, 2490, 6, 0, 0),
       (43924, 274, '23', 3, 156000000, 2860, 6, 0, 0),
       (43925, 274, '24', 3, 229000000, 900, 6, 0, 0),
       (43926, 274, '25', 3, 240000000, 1370, 7, 0, 0),
       (43927, 274, '26', 3, 239000000, 2370, 7, 0, 0),
       (43928, 274, '27', 3, 152000000, 1210, 7, 0, 0),
       (43929, 274, '28', 3, 199000000, 2280, 7, 0, 0),
       (43930, 274, '29', 2, 181000000, 2000, 8, 0, 0),
       (43931, 274, '30', 4, 220000000, 2790, 8, 0, 0),
       (43932, 274, '31', 2, 166000000, 1890, 8, 0, 0),
       (43933, 274, '32', 4, 179000000, 2990, 8, 0, 0),
       (43934, 274, '33', 4, 115000000, 2570, 9, 0, 0),
       (43935, 274, '34', 4, 187000000, 1030, 9, 0, 0),
       (43936, 274, '35', 3, 209000000, 1750, 9, 0, 0),
       (43937, 274, '36', 3, 183000000, 2360, 9, 0, 0),
       (43938, 274, '37', 2, 103000000, 2270, 10, 0, 0),
       (43939, 274, '38', 4, 107000000, 1150, 10, 0, 0),
       (43940, 274, '39', 4, 197000000, 2520, 10, 0, 0),
       (43941, 274, '40', 4, 135000000, 1170, 10, 0, 0),
       (43942, 274, '41', 4, 232000000, 1570, 11, 0, 0),
       (43943, 274, '42', 2, 82000000, 1470, 11, 0, 0),
       (43944, 274, '43', 3, 161000000, 1660, 11, 0, 0),
       (43945, 274, '44', 4, 152000000, 1170, 11, 0, 0),
       (43946, 274, '45', 2, 167000000, 2150, 12, 0, 0),
       (43947, 274, '46', 4, 117000000, 1360, 12, 0, 0),
       (43948, 274, '47', 2, 129000000, 1060, 12, 0, 0),
       (43949, 274, '48', 3, 132000000, 1430, 12, 0, 0),
       (43950, 274, '49', 3, 97000000, 1400, 13, 0, 0),
       (43951, 274, '50', 2, 141000000, 1550, 13, 0, 0),
       (43952, 274, '51', 2, 135000000, 2690, 13, 0, 0),
       (43953, 274, '52', 2, 99000000, 1000, 13, 0, 0),
       (43954, 274, '53', 3, 125000000, 1380, 14, 0, 0),
       (43955, 274, '54', 3, 202000000, 2240, 14, 0, 0),
       (43956, 274, '55', 4, 161000000, 2090, 14, 0, 0),
       (43957, 274, '56', 2, 145000000, 1780, 14, 0, 0),
       (43958, 274, '57', 4, 187000000, 2770, 15, 0, 0),
       (43959, 274, '58', 2, 202000000, 1960, 15, 0, 0),
       (43960, 274, '59', 2, 133000000, 1900, 15, 0, 0),
       (43961, 274, '60', 4, 90000000, 2420, 15, 0, 0),
       (43962, 274, '61', 2, 243000000, 1140, 16, 0, 0),
       (43963, 274, '62', 4, 126000000, 1640, 16, 0, 0),
       (43964, 274, '63', 2, 144000000, 2210, 16, 0, 0),
       (43965, 274, '64', 2, 203000000, 1140, 16, 0, 0),
       (43966, 274, '65', 2, 157000000, 2290, 17, 0, 0),
       (43967, 274, '66', 3, 109000000, 2760, 17, 0, 0),
       (43968, 274, '67', 4, 153000000, 1630, 17, 0, 0),
       (43969, 274, '68', 3, 174000000, 2700, 17, 0, 0),
       (43970, 274, '69', 4, 249000000, 1630, 18, 0, 0),
       (43971, 274, '70', 4, 209000000, 1510, 18, 0, 0),
       (43972, 274, '71', 3, 197000000, 1920, 18, 0, 0),
       (43973, 274, '72', 4, 109000000, 2250, 18, 0, 0),
       (43974, 274, '73', 3, 217000000, 1240, 19, 0, 0),
       (43975, 274, '74', 3, 210000000, 1910, 19, 0, 0),
       (43976, 274, '75', 2, 196000000, 2030, 19, 0, 0),
       (43977, 274, '76', 4, 217000000, 2390, 19, 0, 0),
       (43978, 274, '77', 3, 156000000, 1950, 20, 0, 0),
       (43979, 274, '78', 4, 169000000, 2410, 20, 0, 0),
       (43980, 274, '79', 3, 98000000, 1680, 20, 0, 0),
       (43981, 274, '80', 3, 160000000, 2490, 20, 0, 0),
       (43982, 274, '81', 4, 118000000, 1720, 21, 0, 0),
       (43983, 274, '82', 4, 126000000, 2210, 21, 0, 0),
       (43984, 274, '83', 4, 124000000, 1620, 21, 0, 0),
       (43985, 274, '84', 3, 88000000, 1910, 21, 0, 0);
insert into real_estate_building (id, address, complex_id, floor_count, dev_id)
values (275, 'г. Москва, ул. Дальняя, д. 21', 13, 22, 13);
insert into real_estate_object (id, building_id ,local_address, places, price, area, floor, type, estate_type)
values (43986, 275, '1', 2, 236000000, 1460, 1, 0, 0),
       (43987, 275, '2', 4, 143000000, 1280, 1, 0, 0),
       (43988, 275, '3', 4, 178000000, 2770, 1, 0, 0),
       (43989, 275, '4', 3, 229000000, 2310, 1, 0, 0),
       (43990, 275, '5', 4, 198000000, 1370, 2, 0, 0),
       (43991, 275, '6', 4, 226000000, 1410, 2, 0, 0),
       (43992, 275, '7', 2, 115000000, 2490, 2, 0, 0),
       (43993, 275, '8', 4, 143000000, 1050, 2, 0, 0),
       (43994, 275, '9', 3, 124000000, 2190, 3, 0, 0),
       (43995, 275, '10', 4, 126000000, 1460, 3, 0, 0),
       (43996, 275, '11', 2, 183000000, 2510, 3, 0, 0),
       (43997, 275, '12', 3, 152000000, 1180, 3, 0, 0),
       (43998, 275, '13', 4, 122000000, 950, 4, 0, 0),
       (43999, 275, '14', 2, 81000000, 1970, 4, 0, 0),
       (44000, 275, '15', 3, 121000000, 1620, 4, 0, 0),
       (44001, 275, '16', 3, 219000000, 2990, 4, 0, 0),
       (44002, 275, '17', 2, 227000000, 2080, 5, 0, 0),
       (44003, 275, '18', 3, 134000000, 2080, 5, 0, 0),
       (44004, 275, '19', 4, 131000000, 1810, 5, 0, 0),
       (44005, 275, '20', 4, 89000000, 1760, 5, 0, 0),
       (44006, 275, '21', 2, 250000000, 1230, 6, 0, 0),
       (44007, 275, '22', 4, 202000000, 1110, 6, 0, 0),
       (44008, 275, '23', 4, 210000000, 2340, 6, 0, 0),
       (44009, 275, '24', 2, 212000000, 1030, 6, 0, 0),
       (44010, 275, '25', 2, 161000000, 1330, 7, 0, 0),
       (44011, 275, '26', 2, 167000000, 1360, 7, 0, 0),
       (44012, 275, '27', 4, 250000000, 2810, 7, 0, 0),
       (44013, 275, '28', 2, 250000000, 2400, 7, 0, 0),
       (44014, 275, '29', 2, 132000000, 2190, 8, 0, 0),
       (44015, 275, '30', 3, 112000000, 2690, 8, 0, 0),
       (44016, 275, '31', 3, 136000000, 1560, 8, 0, 0),
       (44017, 275, '32', 3, 162000000, 1620, 8, 0, 0),
       (44018, 275, '33', 4, 158000000, 2290, 9, 0, 0),
       (44019, 275, '34', 3, 115000000, 2760, 9, 0, 0),
       (44020, 275, '35', 4, 81000000, 2560, 9, 0, 0),
       (44021, 275, '36', 4, 160000000, 1010, 9, 0, 0),
       (44022, 275, '37', 2, 248000000, 2060, 10, 0, 0),
       (44023, 275, '38', 3, 164000000, 2440, 10, 0, 0),
       (44024, 275, '39', 4, 105000000, 2260, 10, 0, 0),
       (44025, 275, '40', 4, 240000000, 2320, 10, 0, 0),
       (44026, 275, '41', 3, 163000000, 2520, 11, 0, 0),
       (44027, 275, '42', 4, 221000000, 1340, 11, 0, 0),
       (44028, 275, '43', 3, 210000000, 1520, 11, 0, 0),
       (44029, 275, '44', 4, 207000000, 2730, 11, 0, 0),
       (44030, 275, '45', 4, 239000000, 1070, 12, 0, 0),
       (44031, 275, '46', 2, 120000000, 2270, 12, 0, 0),
       (44032, 275, '47', 2, 105000000, 1840, 12, 0, 0),
       (44033, 275, '48', 3, 83000000, 2280, 12, 0, 0),
       (44034, 275, '49', 3, 94000000, 1630, 13, 0, 0),
       (44035, 275, '50', 2, 209000000, 940, 13, 0, 0),
       (44036, 275, '51', 4, 216000000, 1670, 13, 0, 0),
       (44037, 275, '52', 3, 196000000, 2490, 13, 0, 0),
       (44038, 275, '53', 2, 85000000, 2290, 14, 0, 0),
       (44039, 275, '54', 2, 182000000, 2320, 14, 0, 0),
       (44040, 275, '55', 2, 213000000, 2650, 14, 0, 0),
       (44041, 275, '56', 3, 181000000, 2970, 14, 0, 0),
       (44042, 275, '57', 3, 188000000, 2540, 15, 0, 0),
       (44043, 275, '58', 3, 104000000, 1880, 15, 0, 0),
       (44044, 275, '59', 3, 129000000, 1370, 15, 0, 0),
       (44045, 275, '60', 2, 190000000, 2430, 15, 0, 0),
       (44046, 275, '61', 4, 96000000, 1540, 16, 0, 0),
       (44047, 275, '62', 3, 182000000, 1280, 16, 0, 0),
       (44048, 275, '63', 3, 117000000, 1230, 16, 0, 0),
       (44049, 275, '64', 2, 139000000, 1470, 16, 0, 0),
       (44050, 275, '65', 4, 245000000, 2660, 17, 0, 0),
       (44051, 275, '66', 4, 205000000, 2630, 17, 0, 0),
       (44052, 275, '67', 4, 137000000, 920, 17, 0, 0),
       (44053, 275, '68', 2, 193000000, 2620, 17, 0, 0),
       (44054, 275, '69', 3, 235000000, 2660, 18, 0, 0),
       (44055, 275, '70', 3, 172000000, 2190, 18, 0, 0),
       (44056, 275, '71', 4, 96000000, 1870, 18, 0, 0),
       (44057, 275, '72', 3, 87000000, 2470, 18, 0, 0),
       (44058, 275, '73', 2, 184000000, 2900, 19, 0, 0),
       (44059, 275, '74', 4, 112000000, 2300, 19, 0, 0),
       (44060, 275, '75', 2, 99000000, 2640, 19, 0, 0),
       (44061, 275, '76', 4, 233000000, 1440, 19, 0, 0),
       (44062, 275, '77', 4, 217000000, 1670, 20, 0, 0),
       (44063, 275, '78', 4, 194000000, 1830, 20, 0, 0),
       (44064, 275, '79', 4, 247000000, 960, 20, 0, 0),
       (44065, 275, '80', 2, 92000000, 2150, 20, 0, 0),
       (44066, 275, '81', 3, 180000000, 2140, 21, 0, 0),
       (44067, 275, '82', 2, 249000000, 2980, 21, 0, 0),
       (44068, 275, '83', 2, 161000000, 1310, 21, 0, 0),
       (44069, 275, '84', 2, 194000000, 2640, 21, 0, 0),
       (44070, 275, '85', 2, 83000000, 1970, 22, 0, 0),
       (44071, 275, '86', 4, 210000000, 2300, 22, 0, 0),
       (44072, 275, '87', 3, 104000000, 2480, 22, 0, 0),
       (44073, 275, '88', 4, 223000000, 2520, 22, 0, 0);
insert into real_estate_building (id, address, complex_id, floor_count, dev_id)
values (276, 'г. Москва, ул. Дальняя, д. 22', 13, 29, 13);
insert into real_estate_object (id, building_id ,local_address, places, price, area, floor, type, estate_type)
values (44074, 276, '1', 3, 217000000, 2180, 1, 0, 0),
       (44075, 276, '2', 4, 192000000, 2900, 1, 0, 0),
       (44076, 276, '3', 4, 208000000, 1100, 1, 0, 0),
       (44077, 276, '4', 4, 128000000, 1370, 1, 0, 0),
       (44078, 276, '5', 2, 127000000, 2580, 2, 0, 0),
       (44079, 276, '6', 2, 165000000, 1890, 2, 0, 0),
       (44080, 276, '7', 2, 149000000, 1150, 2, 0, 0),
       (44081, 276, '8', 3, 113000000, 1360, 2, 0, 0),
       (44082, 276, '9', 2, 194000000, 2740, 3, 0, 0),
       (44083, 276, '10', 3, 175000000, 1940, 3, 0, 0),
       (44084, 276, '11', 3, 156000000, 2590, 3, 0, 0),
       (44085, 276, '12', 3, 111000000, 2030, 3, 0, 0),
       (44086, 276, '13', 4, 174000000, 1750, 4, 0, 0),
       (44087, 276, '14', 2, 167000000, 1570, 4, 0, 0),
       (44088, 276, '15', 2, 81000000, 2030, 4, 0, 0),
       (44089, 276, '16', 4, 139000000, 1510, 4, 0, 0),
       (44090, 276, '17', 2, 148000000, 930, 5, 0, 0),
       (44091, 276, '18', 2, 186000000, 2070, 5, 0, 0),
       (44092, 276, '19', 3, 171000000, 1390, 5, 0, 0),
       (44093, 276, '20', 3, 250000000, 1350, 5, 0, 0),
       (44094, 276, '21', 3, 173000000, 1840, 6, 0, 0),
       (44095, 276, '22', 4, 158000000, 1250, 6, 0, 0),
       (44096, 276, '23', 3, 197000000, 2370, 6, 0, 0),
       (44097, 276, '24', 3, 245000000, 1680, 6, 0, 0),
       (44098, 276, '25', 3, 214000000, 920, 7, 0, 0),
       (44099, 276, '26', 3, 187000000, 1460, 7, 0, 0),
       (44100, 276, '27', 2, 233000000, 1250, 7, 0, 0),
       (44101, 276, '28', 3, 217000000, 1750, 7, 0, 0),
       (44102, 276, '29', 4, 165000000, 1780, 8, 0, 0),
       (44103, 276, '30', 2, 83000000, 2900, 8, 0, 0),
       (44104, 276, '31', 2, 108000000, 1160, 8, 0, 0),
       (44105, 276, '32', 3, 111000000, 2440, 8, 0, 0),
       (44106, 276, '33', 2, 174000000, 2090, 9, 0, 0),
       (44107, 276, '34', 4, 230000000, 1060, 9, 0, 0),
       (44108, 276, '35', 2, 201000000, 1520, 9, 0, 0),
       (44109, 276, '36', 4, 165000000, 2140, 9, 0, 0),
       (44110, 276, '37', 4, 94000000, 2960, 10, 0, 0),
       (44111, 276, '38', 2, 87000000, 970, 10, 0, 0),
       (44112, 276, '39', 2, 120000000, 1320, 10, 0, 0),
       (44113, 276, '40', 3, 129000000, 1300, 10, 0, 0),
       (44114, 276, '41', 3, 212000000, 1010, 11, 0, 0),
       (44115, 276, '42', 4, 94000000, 1390, 11, 0, 0),
       (44116, 276, '43', 2, 123000000, 2040, 11, 0, 0),
       (44117, 276, '44', 4, 204000000, 1030, 11, 0, 0),
       (44118, 276, '45', 2, 98000000, 2490, 12, 0, 0),
       (44119, 276, '46', 2, 231000000, 2450, 12, 0, 0),
       (44120, 276, '47', 4, 176000000, 3000, 12, 0, 0),
       (44121, 276, '48', 4, 89000000, 1160, 12, 0, 0),
       (44122, 276, '49', 4, 115000000, 1810, 13, 0, 0),
       (44123, 276, '50', 3, 203000000, 1770, 13, 0, 0),
       (44124, 276, '51', 2, 125000000, 1940, 13, 0, 0),
       (44125, 276, '52', 3, 185000000, 1570, 13, 0, 0),
       (44126, 276, '53', 4, 219000000, 3000, 14, 0, 0),
       (44127, 276, '54', 3, 88000000, 1860, 14, 0, 0),
       (44128, 276, '55', 3, 215000000, 930, 14, 0, 0),
       (44129, 276, '56', 3, 175000000, 1340, 14, 0, 0),
       (44130, 276, '57', 4, 106000000, 2190, 15, 0, 0),
       (44131, 276, '58', 2, 145000000, 1180, 15, 0, 0),
       (44132, 276, '59', 4, 95000000, 980, 15, 0, 0),
       (44133, 276, '60', 2, 190000000, 1060, 15, 0, 0),
       (44134, 276, '61', 2, 111000000, 2790, 16, 0, 0),
       (44135, 276, '62', 2, 184000000, 1560, 16, 0, 0),
       (44136, 276, '63', 2, 208000000, 1780, 16, 0, 0),
       (44137, 276, '64', 4, 97000000, 1570, 16, 0, 0),
       (44138, 276, '65', 2, 138000000, 1270, 17, 0, 0),
       (44139, 276, '66', 2, 173000000, 2510, 17, 0, 0),
       (44140, 276, '67', 2, 90000000, 2290, 17, 0, 0),
       (44141, 276, '68', 3, 105000000, 2610, 17, 0, 0),
       (44142, 276, '69', 2, 202000000, 1880, 18, 0, 0),
       (44143, 276, '70', 2, 105000000, 1520, 18, 0, 0),
       (44144, 276, '71', 4, 93000000, 2300, 18, 0, 0),
       (44145, 276, '72', 4, 185000000, 2120, 18, 0, 0),
       (44146, 276, '73', 2, 237000000, 1180, 19, 0, 0),
       (44147, 276, '74', 3, 217000000, 1690, 19, 0, 0),
       (44148, 276, '75', 2, 218000000, 1580, 19, 0, 0),
       (44149, 276, '76', 3, 150000000, 2460, 19, 0, 0),
       (44150, 276, '77', 4, 104000000, 2090, 20, 0, 0),
       (44151, 276, '78', 2, 113000000, 1320, 20, 0, 0),
       (44152, 276, '79', 3, 123000000, 2270, 20, 0, 0),
       (44153, 276, '80', 4, 82000000, 1230, 20, 0, 0),
       (44154, 276, '81', 3, 230000000, 1100, 21, 0, 0),
       (44155, 276, '82', 2, 110000000, 2030, 21, 0, 0),
       (44156, 276, '83', 3, 122000000, 2980, 21, 0, 0),
       (44157, 276, '84', 4, 126000000, 1400, 21, 0, 0),
       (44158, 276, '85', 2, 102000000, 2500, 22, 0, 0),
       (44159, 276, '86', 3, 206000000, 2130, 22, 0, 0),
       (44160, 276, '87', 4, 92000000, 2900, 22, 0, 0),
       (44161, 276, '88', 2, 178000000, 2210, 22, 0, 0),
       (44162, 276, '89', 4, 126000000, 1100, 23, 0, 0),
       (44163, 276, '90', 2, 236000000, 1840, 23, 0, 0),
       (44164, 276, '91', 3, 171000000, 1580, 23, 0, 0),
       (44165, 276, '92', 2, 222000000, 2800, 23, 0, 0),
       (44166, 276, '93', 2, 131000000, 1380, 24, 0, 0),
       (44167, 276, '94', 3, 141000000, 2400, 24, 0, 0),
       (44168, 276, '95', 4, 201000000, 1720, 24, 0, 0),
       (44169, 276, '96', 3, 137000000, 1000, 24, 0, 0),
       (44170, 276, '97', 4, 153000000, 2070, 25, 0, 0),
       (44171, 276, '98', 2, 230000000, 2670, 25, 0, 0),
       (44172, 276, '99', 2, 140000000, 2190, 25, 0, 0),
       (44173, 276, '100', 4, 125000000, 2820, 25, 0, 0),
       (44174, 276, '101', 2, 204000000, 1580, 26, 0, 0),
       (44175, 276, '102', 2, 107000000, 1330, 26, 0, 0),
       (44176, 276, '103', 4, 177000000, 1720, 26, 0, 0),
       (44177, 276, '104', 2, 163000000, 2750, 26, 0, 0),
       (44178, 276, '105', 2, 96000000, 2380, 27, 0, 0),
       (44179, 276, '106', 2, 106000000, 1130, 27, 0, 0),
       (44180, 276, '107', 2, 185000000, 1350, 27, 0, 0),
       (44181, 276, '108', 3, 206000000, 930, 27, 0, 0),
       (44182, 276, '109', 2, 81000000, 1210, 28, 0, 0),
       (44183, 276, '110', 3, 86000000, 2900, 28, 0, 0),
       (44184, 276, '111', 4, 91000000, 1350, 28, 0, 0),
       (44185, 276, '112', 4, 117000000, 2210, 28, 0, 0),
       (44186, 276, '113', 2, 152000000, 1750, 29, 0, 0),
       (44187, 276, '114', 3, 245000000, 1070, 29, 0, 0),
       (44188, 276, '115', 3, 222000000, 2020, 29, 0, 0),
       (44189, 276, '116', 4, 206000000, 1060, 29, 0, 0);
insert into real_estate_building (id, address, complex_id, floor_count, dev_id)
values (277, 'г. Москва, ул. Дальняя, д. 23', 13, 21, 13);
insert into real_estate_object (id, building_id ,local_address, places, price, area, floor, type, estate_type)
values (44190, 277, '1', 2, 102000000, 1490, 1, 0, 0),
       (44191, 277, '2', 4, 190000000, 2640, 1, 0, 0),
       (44192, 277, '3', 4, 125000000, 2700, 1, 0, 0),
       (44193, 277, '4', 4, 190000000, 1170, 1, 0, 0),
       (44194, 277, '5', 3, 188000000, 2090, 2, 0, 0),
       (44195, 277, '6', 3, 243000000, 2220, 2, 0, 0),
       (44196, 277, '7', 4, 171000000, 1990, 2, 0, 0),
       (44197, 277, '8', 3, 106000000, 2850, 2, 0, 0),
       (44198, 277, '9', 4, 142000000, 1190, 3, 0, 0),
       (44199, 277, '10', 3, 200000000, 2450, 3, 0, 0),
       (44200, 277, '11', 4, 196000000, 2330, 3, 0, 0),
       (44201, 277, '12', 2, 223000000, 2430, 3, 0, 0),
       (44202, 277, '13', 2, 247000000, 2580, 4, 0, 0),
       (44203, 277, '14', 4, 228000000, 2030, 4, 0, 0),
       (44204, 277, '15', 2, 112000000, 1680, 4, 0, 0),
       (44205, 277, '16', 4, 172000000, 2520, 4, 0, 0),
       (44206, 277, '17', 2, 184000000, 1870, 5, 0, 0),
       (44207, 277, '18', 3, 111000000, 1230, 5, 0, 0),
       (44208, 277, '19', 3, 155000000, 2290, 5, 0, 0),
       (44209, 277, '20', 2, 157000000, 1310, 5, 0, 0),
       (44210, 277, '21', 2, 164000000, 1250, 6, 0, 0),
       (44211, 277, '22', 2, 205000000, 1150, 6, 0, 0),
       (44212, 277, '23', 3, 206000000, 940, 6, 0, 0),
       (44213, 277, '24', 4, 246000000, 2720, 6, 0, 0),
       (44214, 277, '25', 2, 249000000, 940, 7, 0, 0),
       (44215, 277, '26', 2, 205000000, 1250, 7, 0, 0),
       (44216, 277, '27', 2, 141000000, 2170, 7, 0, 0),
       (44217, 277, '28', 3, 107000000, 2610, 7, 0, 0),
       (44218, 277, '29', 4, 159000000, 2530, 8, 0, 0),
       (44219, 277, '30', 4, 198000000, 2400, 8, 0, 0),
       (44220, 277, '31', 2, 163000000, 1770, 8, 0, 0),
       (44221, 277, '32', 3, 237000000, 1680, 8, 0, 0),
       (44222, 277, '33', 3, 216000000, 1810, 9, 0, 0),
       (44223, 277, '34', 3, 99000000, 2210, 9, 0, 0),
       (44224, 277, '35', 3, 225000000, 2510, 9, 0, 0),
       (44225, 277, '36', 2, 200000000, 1980, 9, 0, 0),
       (44226, 277, '37', 3, 96000000, 2370, 10, 0, 0),
       (44227, 277, '38', 2, 223000000, 1590, 10, 0, 0),
       (44228, 277, '39', 3, 237000000, 2640, 10, 0, 0),
       (44229, 277, '40', 3, 90000000, 1900, 10, 0, 0),
       (44230, 277, '41', 3, 214000000, 2310, 11, 0, 0),
       (44231, 277, '42', 2, 106000000, 1850, 11, 0, 0),
       (44232, 277, '43', 3, 231000000, 2090, 11, 0, 0),
       (44233, 277, '44', 4, 177000000, 1090, 11, 0, 0),
       (44234, 277, '45', 2, 195000000, 2760, 12, 0, 0),
       (44235, 277, '46', 3, 220000000, 970, 12, 0, 0),
       (44236, 277, '47', 4, 246000000, 1620, 12, 0, 0),
       (44237, 277, '48', 2, 248000000, 2000, 12, 0, 0),
       (44238, 277, '49', 2, 170000000, 2470, 13, 0, 0),
       (44239, 277, '50', 4, 175000000, 1280, 13, 0, 0),
       (44240, 277, '51', 3, 216000000, 2160, 13, 0, 0),
       (44241, 277, '52', 3, 206000000, 1530, 13, 0, 0),
       (44242, 277, '53', 3, 171000000, 2980, 14, 0, 0),
       (44243, 277, '54', 3, 132000000, 2200, 14, 0, 0),
       (44244, 277, '55', 3, 95000000, 1890, 14, 0, 0),
       (44245, 277, '56', 3, 192000000, 2180, 14, 0, 0),
       (44246, 277, '57', 3, 223000000, 2120, 15, 0, 0),
       (44247, 277, '58', 4, 247000000, 2770, 15, 0, 0),
       (44248, 277, '59', 4, 249000000, 2600, 15, 0, 0),
       (44249, 277, '60', 2, 197000000, 1330, 15, 0, 0),
       (44250, 277, '61', 2, 178000000, 1710, 16, 0, 0),
       (44251, 277, '62', 2, 134000000, 900, 16, 0, 0),
       (44252, 277, '63', 2, 231000000, 2610, 16, 0, 0),
       (44253, 277, '64', 3, 144000000, 1140, 16, 0, 0),
       (44254, 277, '65', 2, 149000000, 2900, 17, 0, 0),
       (44255, 277, '66', 2, 157000000, 1040, 17, 0, 0),
       (44256, 277, '67', 3, 210000000, 1590, 17, 0, 0),
       (44257, 277, '68', 2, 114000000, 2050, 17, 0, 0),
       (44258, 277, '69', 4, 138000000, 2980, 18, 0, 0),
       (44259, 277, '70', 4, 239000000, 2780, 18, 0, 0),
       (44260, 277, '71', 2, 234000000, 2560, 18, 0, 0),
       (44261, 277, '72', 4, 179000000, 1530, 18, 0, 0),
       (44262, 277, '73', 4, 201000000, 1440, 19, 0, 0),
       (44263, 277, '74', 3, 224000000, 1090, 19, 0, 0),
       (44264, 277, '75', 3, 92000000, 2320, 19, 0, 0),
       (44265, 277, '76', 3, 121000000, 2390, 19, 0, 0),
       (44266, 277, '77', 4, 171000000, 2610, 20, 0, 0),
       (44267, 277, '78', 4, 154000000, 2950, 20, 0, 0),
       (44268, 277, '79', 4, 195000000, 2330, 20, 0, 0),
       (44269, 277, '80', 4, 212000000, 1660, 20, 0, 0),
       (44270, 277, '81', 4, 159000000, 1970, 21, 0, 0),
       (44271, 277, '82', 2, 112000000, 2850, 21, 0, 0),
       (44272, 277, '83', 2, 114000000, 1600, 21, 0, 0),
       (44273, 277, '84', 3, 131000000, 2100, 21, 0, 0);
insert into real_estate_building (id, address, complex_id, floor_count, dev_id)
values (278, 'г. Москва, ул. Дальняя, д. 24', 13, 21, 13);
insert into real_estate_object (id, building_id ,local_address, places, price, area, floor, type, estate_type)
values (44274, 278, '1', 3, 232000000, 1370, 1, 0, 0),
       (44275, 278, '2', 4, 233000000, 1400, 1, 0, 0),
       (44276, 278, '3', 2, 103000000, 1940, 1, 0, 0),
       (44277, 278, '4', 4, 156000000, 1660, 1, 0, 0),
       (44278, 278, '5', 2, 121000000, 1300, 2, 0, 0),
       (44279, 278, '6', 3, 230000000, 1960, 2, 0, 0),
       (44280, 278, '7', 3, 249000000, 1130, 2, 0, 0),
       (44281, 278, '8', 2, 227000000, 1910, 2, 0, 0),
       (44282, 278, '9', 4, 159000000, 2270, 3, 0, 0),
       (44283, 278, '10', 3, 226000000, 1850, 3, 0, 0),
       (44284, 278, '11', 2, 162000000, 1960, 3, 0, 0),
       (44285, 278, '12', 2, 183000000, 1510, 3, 0, 0),
       (44286, 278, '13', 3, 183000000, 2500, 4, 0, 0),
       (44287, 278, '14', 3, 175000000, 1670, 4, 0, 0),
       (44288, 278, '15', 4, 96000000, 1890, 4, 0, 0),
       (44289, 278, '16', 3, 139000000, 1400, 4, 0, 0),
       (44290, 278, '17', 3, 170000000, 2390, 5, 0, 0),
       (44291, 278, '18', 3, 94000000, 1800, 5, 0, 0),
       (44292, 278, '19', 4, 118000000, 1670, 5, 0, 0),
       (44293, 278, '20', 3, 177000000, 1680, 5, 0, 0),
       (44294, 278, '21', 3, 131000000, 2410, 6, 0, 0),
       (44295, 278, '22', 4, 148000000, 2660, 6, 0, 0),
       (44296, 278, '23', 2, 83000000, 900, 6, 0, 0),
       (44297, 278, '24', 2, 186000000, 2380, 6, 0, 0),
       (44298, 278, '25', 3, 131000000, 1400, 7, 0, 0),
       (44299, 278, '26', 3, 237000000, 1290, 7, 0, 0),
       (44300, 278, '27', 3, 199000000, 1770, 7, 0, 0),
       (44301, 278, '28', 2, 244000000, 2840, 7, 0, 0),
       (44302, 278, '29', 4, 210000000, 1930, 8, 0, 0),
       (44303, 278, '30', 3, 232000000, 1540, 8, 0, 0),
       (44304, 278, '31', 3, 246000000, 2580, 8, 0, 0),
       (44305, 278, '32', 4, 165000000, 1210, 8, 0, 0),
       (44306, 278, '33', 3, 144000000, 2190, 9, 0, 0),
       (44307, 278, '34', 4, 129000000, 2000, 9, 0, 0),
       (44308, 278, '35', 4, 175000000, 1710, 9, 0, 0),
       (44309, 278, '36', 2, 148000000, 2040, 9, 0, 0),
       (44310, 278, '37', 3, 198000000, 1750, 10, 0, 0),
       (44311, 278, '38', 4, 159000000, 2650, 10, 0, 0),
       (44312, 278, '39', 2, 148000000, 1130, 10, 0, 0),
       (44313, 278, '40', 2, 192000000, 1440, 10, 0, 0),
       (44314, 278, '41', 4, 150000000, 930, 11, 0, 0),
       (44315, 278, '42', 3, 102000000, 1880, 11, 0, 0),
       (44316, 278, '43', 3, 172000000, 1330, 11, 0, 0),
       (44317, 278, '44', 2, 143000000, 1890, 11, 0, 0),
       (44318, 278, '45', 2, 162000000, 1970, 12, 0, 0),
       (44319, 278, '46', 2, 82000000, 2420, 12, 0, 0),
       (44320, 278, '47', 4, 149000000, 1830, 12, 0, 0),
       (44321, 278, '48', 2, 216000000, 1490, 12, 0, 0),
       (44322, 278, '49', 2, 152000000, 2290, 13, 0, 0),
       (44323, 278, '50', 3, 155000000, 1730, 13, 0, 0),
       (44324, 278, '51', 3, 88000000, 2070, 13, 0, 0),
       (44325, 278, '52', 3, 151000000, 1550, 13, 0, 0),
       (44326, 278, '53', 4, 181000000, 1530, 14, 0, 0),
       (44327, 278, '54', 3, 140000000, 1700, 14, 0, 0),
       (44328, 278, '55', 4, 156000000, 1020, 14, 0, 0),
       (44329, 278, '56', 2, 130000000, 2850, 14, 0, 0),
       (44330, 278, '57', 2, 172000000, 1020, 15, 0, 0),
       (44331, 278, '58', 4, 211000000, 2090, 15, 0, 0),
       (44332, 278, '59', 4, 231000000, 2240, 15, 0, 0),
       (44333, 278, '60', 4, 209000000, 2720, 15, 0, 0),
       (44334, 278, '61', 3, 192000000, 2280, 16, 0, 0),
       (44335, 278, '62', 4, 99000000, 920, 16, 0, 0),
       (44336, 278, '63', 3, 105000000, 1400, 16, 0, 0),
       (44337, 278, '64', 2, 129000000, 1740, 16, 0, 0),
       (44338, 278, '65', 3, 164000000, 2540, 17, 0, 0),
       (44339, 278, '66', 2, 209000000, 1990, 17, 0, 0),
       (44340, 278, '67', 4, 231000000, 1540, 17, 0, 0),
       (44341, 278, '68', 2, 250000000, 1320, 17, 0, 0),
       (44342, 278, '69', 3, 83000000, 1180, 18, 0, 0),
       (44343, 278, '70', 2, 109000000, 2760, 18, 0, 0),
       (44344, 278, '71', 4, 81000000, 1050, 18, 0, 0),
       (44345, 278, '72', 2, 167000000, 2400, 18, 0, 0),
       (44346, 278, '73', 2, 81000000, 2940, 19, 0, 0),
       (44347, 278, '74', 4, 223000000, 1980, 19, 0, 0),
       (44348, 278, '75', 3, 83000000, 920, 19, 0, 0),
       (44349, 278, '76', 2, 155000000, 2300, 19, 0, 0),
       (44350, 278, '77', 4, 108000000, 2940, 20, 0, 0),
       (44351, 278, '78', 2, 207000000, 2760, 20, 0, 0),
       (44352, 278, '79', 4, 130000000, 1980, 20, 0, 0),
       (44353, 278, '80', 4, 221000000, 1600, 20, 0, 0),
       (44354, 278, '81', 2, 246000000, 1750, 21, 0, 0),
       (44355, 278, '82', 2, 89000000, 2390, 21, 0, 0),
       (44356, 278, '83', 4, 148000000, 1790, 21, 0, 0),
       (44357, 278, '84', 2, 167000000, 2460, 21, 0, 0);
insert into real_estate_building (id, address, complex_id, floor_count, dev_id)
values (279, 'г. Москва, ул. Дальняя, д. 25', 13, 25, 13);
insert into real_estate_object (id, building_id ,local_address, places, price, area, floor, type, estate_type)
values (44358, 279, '1', 3, 125000000, 1570, 1, 0, 0),
       (44359, 279, '2', 3, 179000000, 970, 1, 0, 0),
       (44360, 279, '3', 2, 208000000, 1680, 1, 0, 0),
       (44361, 279, '4', 4, 108000000, 1320, 1, 0, 0),
       (44362, 279, '5', 4, 246000000, 2530, 2, 0, 0),
       (44363, 279, '6', 3, 91000000, 1140, 2, 0, 0),
       (44364, 279, '7', 3, 134000000, 1390, 2, 0, 0),
       (44365, 279, '8', 4, 223000000, 1880, 2, 0, 0),
       (44366, 279, '9', 2, 228000000, 1220, 3, 0, 0),
       (44367, 279, '10', 2, 192000000, 1390, 3, 0, 0),
       (44368, 279, '11', 3, 218000000, 2920, 3, 0, 0),
       (44369, 279, '12', 4, 222000000, 1060, 3, 0, 0),
       (44370, 279, '13', 2, 96000000, 2570, 4, 0, 0),
       (44371, 279, '14', 4, 206000000, 1720, 4, 0, 0),
       (44372, 279, '15', 4, 117000000, 1280, 4, 0, 0),
       (44373, 279, '16', 3, 122000000, 1150, 4, 0, 0),
       (44374, 279, '17', 3, 102000000, 1140, 5, 0, 0),
       (44375, 279, '18', 2, 248000000, 1200, 5, 0, 0),
       (44376, 279, '19', 3, 187000000, 1140, 5, 0, 0),
       (44377, 279, '20', 3, 199000000, 2950, 5, 0, 0),
       (44378, 279, '21', 4, 102000000, 1110, 6, 0, 0),
       (44379, 279, '22', 3, 177000000, 2670, 6, 0, 0),
       (44380, 279, '23', 4, 241000000, 1320, 6, 0, 0),
       (44381, 279, '24', 2, 242000000, 2840, 6, 0, 0),
       (44382, 279, '25', 4, 140000000, 1350, 7, 0, 0),
       (44383, 279, '26', 4, 210000000, 1140, 7, 0, 0),
       (44384, 279, '27', 2, 112000000, 1990, 7, 0, 0),
       (44385, 279, '28', 3, 233000000, 2970, 7, 0, 0),
       (44386, 279, '29', 3, 113000000, 2460, 8, 0, 0),
       (44387, 279, '30', 4, 143000000, 1270, 8, 0, 0),
       (44388, 279, '31', 4, 193000000, 2130, 8, 0, 0),
       (44389, 279, '32', 2, 163000000, 1420, 8, 0, 0),
       (44390, 279, '33', 4, 113000000, 2780, 9, 0, 0),
       (44391, 279, '34', 2, 176000000, 2820, 9, 0, 0),
       (44392, 279, '35', 2, 167000000, 1090, 9, 0, 0),
       (44393, 279, '36', 2, 185000000, 2230, 9, 0, 0),
       (44394, 279, '37', 2, 131000000, 2120, 10, 0, 0),
       (44395, 279, '38', 2, 84000000, 2760, 10, 0, 0),
       (44396, 279, '39', 3, 127000000, 2330, 10, 0, 0),
       (44397, 279, '40', 3, 208000000, 2920, 10, 0, 0),
       (44398, 279, '41', 3, 173000000, 1440, 11, 0, 0),
       (44399, 279, '42', 2, 159000000, 2450, 11, 0, 0),
       (44400, 279, '43', 2, 109000000, 1740, 11, 0, 0),
       (44401, 279, '44', 4, 190000000, 2340, 11, 0, 0),
       (44402, 279, '45', 4, 234000000, 1790, 12, 0, 0),
       (44403, 279, '46', 3, 143000000, 1870, 12, 0, 0),
       (44404, 279, '47', 4, 148000000, 1270, 12, 0, 0),
       (44405, 279, '48', 2, 168000000, 2290, 12, 0, 0),
       (44406, 279, '49', 4, 172000000, 1950, 13, 0, 0),
       (44407, 279, '50', 3, 194000000, 2390, 13, 0, 0),
       (44408, 279, '51', 4, 160000000, 1330, 13, 0, 0),
       (44409, 279, '52', 3, 238000000, 2790, 13, 0, 0),
       (44410, 279, '53', 2, 248000000, 1650, 14, 0, 0),
       (44411, 279, '54', 4, 194000000, 2610, 14, 0, 0),
       (44412, 279, '55', 2, 98000000, 2250, 14, 0, 0),
       (44413, 279, '56', 3, 109000000, 930, 14, 0, 0),
       (44414, 279, '57', 3, 214000000, 2920, 15, 0, 0),
       (44415, 279, '58', 3, 145000000, 1630, 15, 0, 0),
       (44416, 279, '59', 3, 131000000, 1370, 15, 0, 0),
       (44417, 279, '60', 4, 246000000, 2680, 15, 0, 0),
       (44418, 279, '61', 4, 160000000, 1860, 16, 0, 0),
       (44419, 279, '62', 4, 176000000, 940, 16, 0, 0),
       (44420, 279, '63', 4, 226000000, 2010, 16, 0, 0),
       (44421, 279, '64', 4, 162000000, 2780, 16, 0, 0),
       (44422, 279, '65', 3, 164000000, 1520, 17, 0, 0),
       (44423, 279, '66', 3, 244000000, 2640, 17, 0, 0),
       (44424, 279, '67', 3, 190000000, 2190, 17, 0, 0),
       (44425, 279, '68', 3, 88000000, 2040, 17, 0, 0),
       (44426, 279, '69', 3, 153000000, 2000, 18, 0, 0),
       (44427, 279, '70', 3, 87000000, 1760, 18, 0, 0),
       (44428, 279, '71', 3, 228000000, 2660, 18, 0, 0),
       (44429, 279, '72', 3, 90000000, 2390, 18, 0, 0),
       (44430, 279, '73', 2, 80000000, 2110, 19, 0, 0),
       (44431, 279, '74', 3, 146000000, 2140, 19, 0, 0),
       (44432, 279, '75', 2, 215000000, 1480, 19, 0, 0),
       (44433, 279, '76', 4, 80000000, 1780, 19, 0, 0),
       (44434, 279, '77', 3, 182000000, 1720, 20, 0, 0),
       (44435, 279, '78', 4, 94000000, 1060, 20, 0, 0),
       (44436, 279, '79', 3, 166000000, 1910, 20, 0, 0),
       (44437, 279, '80', 4, 100000000, 1770, 20, 0, 0),
       (44438, 279, '81', 2, 201000000, 1010, 21, 0, 0),
       (44439, 279, '82', 2, 158000000, 2170, 21, 0, 0),
       (44440, 279, '83', 3, 103000000, 1020, 21, 0, 0),
       (44441, 279, '84', 4, 195000000, 1710, 21, 0, 0),
       (44442, 279, '85', 2, 83000000, 1450, 22, 0, 0),
       (44443, 279, '86', 4, 186000000, 2810, 22, 0, 0),
       (44444, 279, '87', 4, 171000000, 1940, 22, 0, 0),
       (44445, 279, '88', 4, 184000000, 1270, 22, 0, 0),
       (44446, 279, '89', 4, 105000000, 2160, 23, 0, 0),
       (44447, 279, '90', 3, 197000000, 1110, 23, 0, 0),
       (44448, 279, '91', 3, 169000000, 1900, 23, 0, 0),
       (44449, 279, '92', 4, 136000000, 1550, 23, 0, 0),
       (44450, 279, '93', 3, 246000000, 1950, 24, 0, 0),
       (44451, 279, '94', 3, 181000000, 1890, 24, 0, 0),
       (44452, 279, '95', 4, 156000000, 1190, 24, 0, 0),
       (44453, 279, '96', 3, 162000000, 1150, 24, 0, 0),
       (44454, 279, '97', 4, 113000000, 2350, 25, 0, 0),
       (44455, 279, '98', 2, 132000000, 2090, 25, 0, 0),
       (44456, 279, '99', 2, 144000000, 2100, 25, 0, 0),
       (44457, 279, '100', 4, 129000000, 920, 25, 0, 0);
insert into real_estate_building (id, address, complex_id, floor_count, dev_id)
values (280, 'г. Москва, ул. Дальняя, д. 26', 13, 21, 13);
insert into real_estate_object (id, building_id ,local_address, places, price, area, floor, type, estate_type)
values (44458, 280, '1', 2, 106000000, 1190, 1, 0, 0),
       (44459, 280, '2', 4, 195000000, 1450, 1, 0, 0),
       (44460, 280, '3', 3, 246000000, 2160, 1, 0, 0),
       (44461, 280, '4', 4, 232000000, 1480, 1, 0, 0),
       (44462, 280, '5', 3, 248000000, 2350, 2, 0, 0),
       (44463, 280, '6', 2, 186000000, 2480, 2, 0, 0),
       (44464, 280, '7', 4, 99000000, 2290, 2, 0, 0),
       (44465, 280, '8', 3, 164000000, 1230, 2, 0, 0),
       (44466, 280, '9', 4, 231000000, 1000, 3, 0, 0),
       (44467, 280, '10', 2, 173000000, 1080, 3, 0, 0),
       (44468, 280, '11', 3, 120000000, 3000, 3, 0, 0),
       (44469, 280, '12', 3, 244000000, 1670, 3, 0, 0),
       (44470, 280, '13', 3, 219000000, 2040, 4, 0, 0),
       (44471, 280, '14', 2, 227000000, 1940, 4, 0, 0),
       (44472, 280, '15', 4, 131000000, 2830, 4, 0, 0),
       (44473, 280, '16', 4, 171000000, 1470, 4, 0, 0),
       (44474, 280, '17', 4, 196000000, 2810, 5, 0, 0),
       (44475, 280, '18', 4, 110000000, 970, 5, 0, 0),
       (44476, 280, '19', 2, 126000000, 2350, 5, 0, 0),
       (44477, 280, '20', 2, 135000000, 2780, 5, 0, 0),
       (44478, 280, '21', 3, 113000000, 1940, 6, 0, 0),
       (44479, 280, '22', 2, 146000000, 1770, 6, 0, 0),
       (44480, 280, '23', 4, 85000000, 1630, 6, 0, 0),
       (44481, 280, '24', 4, 149000000, 2720, 6, 0, 0),
       (44482, 280, '25', 2, 117000000, 2560, 7, 0, 0),
       (44483, 280, '26', 3, 246000000, 2190, 7, 0, 0),
       (44484, 280, '27', 4, 163000000, 1340, 7, 0, 0),
       (44485, 280, '28', 2, 160000000, 2670, 7, 0, 0),
       (44486, 280, '29', 2, 100000000, 1520, 8, 0, 0),
       (44487, 280, '30', 2, 209000000, 2440, 8, 0, 0),
       (44488, 280, '31', 3, 108000000, 1810, 8, 0, 0),
       (44489, 280, '32', 4, 167000000, 2820, 8, 0, 0),
       (44490, 280, '33', 3, 196000000, 1990, 9, 0, 0),
       (44491, 280, '34', 3, 246000000, 2150, 9, 0, 0),
       (44492, 280, '35', 3, 221000000, 1850, 9, 0, 0),
       (44493, 280, '36', 3, 90000000, 1840, 9, 0, 0),
       (44494, 280, '37', 3, 180000000, 960, 10, 0, 0),
       (44495, 280, '38', 4, 186000000, 1960, 10, 0, 0),
       (44496, 280, '39', 3, 179000000, 1950, 10, 0, 0),
       (44497, 280, '40', 4, 141000000, 1310, 10, 0, 0),
       (44498, 280, '41', 4, 108000000, 1710, 11, 0, 0),
       (44499, 280, '42', 2, 241000000, 2540, 11, 0, 0),
       (44500, 280, '43', 3, 242000000, 1570, 11, 0, 0),
       (44501, 280, '44', 2, 244000000, 2670, 11, 0, 0),
       (44502, 280, '45', 4, 149000000, 1040, 12, 0, 0),
       (44503, 280, '46', 3, 170000000, 1570, 12, 0, 0),
       (44504, 280, '47', 4, 129000000, 2210, 12, 0, 0),
       (44505, 280, '48', 4, 249000000, 1880, 12, 0, 0),
       (44506, 280, '49', 4, 168000000, 1600, 13, 0, 0),
       (44507, 280, '50', 2, 250000000, 2770, 13, 0, 0),
       (44508, 280, '51', 4, 135000000, 2150, 13, 0, 0),
       (44509, 280, '52', 4, 114000000, 2300, 13, 0, 0),
       (44510, 280, '53', 2, 214000000, 2620, 14, 0, 0),
       (44511, 280, '54', 4, 236000000, 1460, 14, 0, 0),
       (44512, 280, '55', 2, 99000000, 2580, 14, 0, 0),
       (44513, 280, '56', 4, 221000000, 1920, 14, 0, 0),
       (44514, 280, '57', 4, 196000000, 2270, 15, 0, 0),
       (44515, 280, '58', 2, 132000000, 3000, 15, 0, 0),
       (44516, 280, '59', 2, 120000000, 1030, 15, 0, 0),
       (44517, 280, '60', 4, 196000000, 2330, 15, 0, 0),
       (44518, 280, '61', 4, 184000000, 1800, 16, 0, 0),
       (44519, 280, '62', 2, 88000000, 2730, 16, 0, 0),
       (44520, 280, '63', 2, 97000000, 1100, 16, 0, 0),
       (44521, 280, '64', 4, 126000000, 1570, 16, 0, 0),
       (44522, 280, '65', 4, 208000000, 2970, 17, 0, 0),
       (44523, 280, '66', 4, 111000000, 2830, 17, 0, 0),
       (44524, 280, '67', 4, 94000000, 930, 17, 0, 0),
       (44525, 280, '68', 2, 129000000, 2320, 17, 0, 0),
       (44526, 280, '69', 3, 207000000, 2470, 18, 0, 0),
       (44527, 280, '70', 2, 241000000, 1090, 18, 0, 0),
       (44528, 280, '71', 2, 213000000, 2400, 18, 0, 0),
       (44529, 280, '72', 2, 195000000, 1980, 18, 0, 0),
       (44530, 280, '73', 4, 98000000, 2680, 19, 0, 0),
       (44531, 280, '74', 4, 170000000, 1570, 19, 0, 0),
       (44532, 280, '75', 2, 152000000, 1400, 19, 0, 0),
       (44533, 280, '76', 2, 247000000, 2670, 19, 0, 0),
       (44534, 280, '77', 4, 211000000, 1000, 20, 0, 0),
       (44535, 280, '78', 3, 220000000, 2240, 20, 0, 0),
       (44536, 280, '79', 4, 196000000, 1980, 20, 0, 0),
       (44537, 280, '80', 3, 81000000, 1160, 20, 0, 0),
       (44538, 280, '81', 3, 230000000, 1770, 21, 0, 0),
       (44539, 280, '82', 3, 232000000, 1520, 21, 0, 0),
       (44540, 280, '83', 3, 107000000, 1530, 21, 0, 0),
       (44541, 280, '84', 3, 214000000, 1300, 21, 0, 0);
insert into real_estate_building (id, address, complex_id, floor_count, dev_id)
values (281, 'г. Москва, ул. Дальняя, д. 27', 13, 28, 13);
insert into real_estate_object (id, building_id ,local_address, places, price, area, floor, type, estate_type)
values (44542, 281, '1', 2, 144000000, 2350, 1, 0, 0),
       (44543, 281, '2', 2, 207000000, 1890, 1, 0, 0),
       (44544, 281, '3', 4, 104000000, 2610, 1, 0, 0),
       (44545, 281, '4', 2, 95000000, 1900, 1, 0, 0),
       (44546, 281, '5', 2, 113000000, 2840, 2, 0, 0),
       (44547, 281, '6', 4, 222000000, 2060, 2, 0, 0),
       (44548, 281, '7', 4, 179000000, 1490, 2, 0, 0),
       (44549, 281, '8', 4, 86000000, 1810, 2, 0, 0),
       (44550, 281, '9', 3, 194000000, 2910, 3, 0, 0),
       (44551, 281, '10', 3, 197000000, 970, 3, 0, 0),
       (44552, 281, '11', 4, 108000000, 1540, 3, 0, 0),
       (44553, 281, '12', 3, 243000000, 990, 3, 0, 0),
       (44554, 281, '13', 2, 221000000, 1500, 4, 0, 0),
       (44555, 281, '14', 3, 134000000, 2420, 4, 0, 0),
       (44556, 281, '15', 2, 133000000, 1270, 4, 0, 0),
       (44557, 281, '16', 3, 210000000, 1640, 4, 0, 0),
       (44558, 281, '17', 4, 209000000, 2300, 5, 0, 0),
       (44559, 281, '18', 3, 120000000, 1940, 5, 0, 0),
       (44560, 281, '19', 3, 195000000, 1160, 5, 0, 0),
       (44561, 281, '20', 4, 195000000, 1190, 5, 0, 0),
       (44562, 281, '21', 2, 179000000, 1430, 6, 0, 0),
       (44563, 281, '22', 4, 111000000, 1310, 6, 0, 0),
       (44564, 281, '23', 4, 242000000, 900, 6, 0, 0),
       (44565, 281, '24', 2, 229000000, 2560, 6, 0, 0),
       (44566, 281, '25', 4, 224000000, 1770, 7, 0, 0),
       (44567, 281, '26', 4, 128000000, 2520, 7, 0, 0),
       (44568, 281, '27', 4, 109000000, 2600, 7, 0, 0),
       (44569, 281, '28', 3, 238000000, 1440, 7, 0, 0),
       (44570, 281, '29', 2, 195000000, 2630, 8, 0, 0),
       (44571, 281, '30', 4, 165000000, 1540, 8, 0, 0),
       (44572, 281, '31', 4, 142000000, 2540, 8, 0, 0),
       (44573, 281, '32', 4, 158000000, 900, 8, 0, 0),
       (44574, 281, '33', 4, 187000000, 1130, 9, 0, 0),
       (44575, 281, '34', 4, 197000000, 2930, 9, 0, 0),
       (44576, 281, '35', 4, 91000000, 2440, 9, 0, 0),
       (44577, 281, '36', 2, 248000000, 2320, 9, 0, 0),
       (44578, 281, '37', 3, 244000000, 2060, 10, 0, 0),
       (44579, 281, '38', 4, 221000000, 2610, 10, 0, 0),
       (44580, 281, '39', 2, 234000000, 2040, 10, 0, 0),
       (44581, 281, '40', 3, 246000000, 1280, 10, 0, 0),
       (44582, 281, '41', 4, 148000000, 1640, 11, 0, 0),
       (44583, 281, '42', 4, 128000000, 2430, 11, 0, 0),
       (44584, 281, '43', 2, 151000000, 2540, 11, 0, 0),
       (44585, 281, '44', 4, 143000000, 1710, 11, 0, 0),
       (44586, 281, '45', 2, 144000000, 1020, 12, 0, 0),
       (44587, 281, '46', 2, 231000000, 1260, 12, 0, 0),
       (44588, 281, '47', 2, 99000000, 1160, 12, 0, 0),
       (44589, 281, '48', 2, 97000000, 1720, 12, 0, 0),
       (44590, 281, '49', 4, 228000000, 2080, 13, 0, 0),
       (44591, 281, '50', 3, 154000000, 1790, 13, 0, 0),
       (44592, 281, '51', 2, 166000000, 2740, 13, 0, 0),
       (44593, 281, '52', 2, 118000000, 2650, 13, 0, 0),
       (44594, 281, '53', 2, 95000000, 1930, 14, 0, 0),
       (44595, 281, '54', 3, 107000000, 1070, 14, 0, 0),
       (44596, 281, '55', 2, 183000000, 2910, 14, 0, 0),
       (44597, 281, '56', 4, 120000000, 2190, 14, 0, 0),
       (44598, 281, '57', 2, 216000000, 2070, 15, 0, 0),
       (44599, 281, '58', 2, 143000000, 1100, 15, 0, 0),
       (44600, 281, '59', 4, 124000000, 1240, 15, 0, 0),
       (44601, 281, '60', 2, 201000000, 2820, 15, 0, 0),
       (44602, 281, '61', 2, 241000000, 1890, 16, 0, 0),
       (44603, 281, '62', 4, 185000000, 1410, 16, 0, 0),
       (44604, 281, '63', 2, 165000000, 2240, 16, 0, 0),
       (44605, 281, '64', 2, 233000000, 2650, 16, 0, 0),
       (44606, 281, '65', 2, 182000000, 1940, 17, 0, 0),
       (44607, 281, '66', 2, 127000000, 1670, 17, 0, 0),
       (44608, 281, '67', 2, 125000000, 1590, 17, 0, 0),
       (44609, 281, '68', 3, 167000000, 1910, 17, 0, 0),
       (44610, 281, '69', 2, 205000000, 2120, 18, 0, 0),
       (44611, 281, '70', 4, 186000000, 1030, 18, 0, 0),
       (44612, 281, '71', 4, 230000000, 950, 18, 0, 0),
       (44613, 281, '72', 4, 157000000, 1420, 18, 0, 0),
       (44614, 281, '73', 3, 212000000, 1500, 19, 0, 0),
       (44615, 281, '74', 3, 150000000, 2790, 19, 0, 0),
       (44616, 281, '75', 2, 159000000, 1070, 19, 0, 0),
       (44617, 281, '76', 4, 157000000, 1700, 19, 0, 0),
       (44618, 281, '77', 3, 85000000, 2800, 20, 0, 0),
       (44619, 281, '78', 4, 126000000, 1780, 20, 0, 0),
       (44620, 281, '79', 2, 183000000, 1140, 20, 0, 0),
       (44621, 281, '80', 3, 190000000, 2760, 20, 0, 0),
       (44622, 281, '81', 3, 195000000, 2480, 21, 0, 0),
       (44623, 281, '82', 2, 201000000, 2030, 21, 0, 0),
       (44624, 281, '83', 4, 241000000, 1680, 21, 0, 0),
       (44625, 281, '84', 3, 174000000, 2940, 21, 0, 0),
       (44626, 281, '85', 3, 244000000, 2850, 22, 0, 0),
       (44627, 281, '86', 4, 172000000, 1880, 22, 0, 0),
       (44628, 281, '87', 3, 219000000, 1840, 22, 0, 0),
       (44629, 281, '88', 4, 141000000, 1320, 22, 0, 0),
       (44630, 281, '89', 2, 200000000, 2360, 23, 0, 0),
       (44631, 281, '90', 2, 237000000, 2210, 23, 0, 0),
       (44632, 281, '91', 2, 96000000, 1200, 23, 0, 0),
       (44633, 281, '92', 4, 185000000, 1080, 23, 0, 0),
       (44634, 281, '93', 3, 240000000, 2990, 24, 0, 0),
       (44635, 281, '94', 3, 224000000, 2270, 24, 0, 0),
       (44636, 281, '95', 4, 81000000, 2520, 24, 0, 0),
       (44637, 281, '96', 2, 130000000, 2300, 24, 0, 0),
       (44638, 281, '97', 2, 247000000, 1100, 25, 0, 0),
       (44639, 281, '98', 3, 156000000, 940, 25, 0, 0),
       (44640, 281, '99', 2, 181000000, 3000, 25, 0, 0),
       (44641, 281, '100', 2, 112000000, 2290, 25, 0, 0),
       (44642, 281, '101', 4, 106000000, 2090, 26, 0, 0),
       (44643, 281, '102', 3, 172000000, 1250, 26, 0, 0),
       (44644, 281, '103', 4, 195000000, 1380, 26, 0, 0),
       (44645, 281, '104', 2, 80000000, 2820, 26, 0, 0),
       (44646, 281, '105', 4, 187000000, 2000, 27, 0, 0),
       (44647, 281, '106', 2, 144000000, 2860, 27, 0, 0),
       (44648, 281, '107', 4, 208000000, 1180, 27, 0, 0),
       (44649, 281, '108', 2, 220000000, 1290, 27, 0, 0),
       (44650, 281, '109', 4, 110000000, 1450, 28, 0, 0),
       (44651, 281, '110', 2, 232000000, 2320, 28, 0, 0),
       (44652, 281, '111', 2, 162000000, 1960, 28, 0, 0),
       (44653, 281, '112', 2, 192000000, 1140, 28, 0, 0);
insert into real_estate_building (id, address, complex_id, floor_count, dev_id)
values (282, 'г. Москва, ул. Дальняя, д. 28', 13, 30, 13);
insert into real_estate_object (id, building_id ,local_address, places, price, area, floor, type, estate_type)
values (44654, 282, '1', 2, 183000000, 1420, 1, 0, 0),
       (44655, 282, '2', 2, 171000000, 980, 1, 0, 0),
       (44656, 282, '3', 4, 206000000, 1610, 1, 0, 0),
       (44657, 282, '4', 3, 196000000, 1950, 1, 0, 0),
       (44658, 282, '5', 2, 199000000, 2370, 2, 0, 0),
       (44659, 282, '6', 3, 185000000, 1040, 2, 0, 0),
       (44660, 282, '7', 3, 206000000, 2780, 2, 0, 0),
       (44661, 282, '8', 2, 96000000, 910, 2, 0, 0),
       (44662, 282, '9', 3, 82000000, 2670, 3, 0, 0),
       (44663, 282, '10', 2, 153000000, 2130, 3, 0, 0),
       (44664, 282, '11', 3, 171000000, 1280, 3, 0, 0),
       (44665, 282, '12', 4, 217000000, 2850, 3, 0, 0),
       (44666, 282, '13', 2, 117000000, 1150, 4, 0, 0),
       (44667, 282, '14', 2, 221000000, 2700, 4, 0, 0),
       (44668, 282, '15', 3, 191000000, 1170, 4, 0, 0),
       (44669, 282, '16', 2, 176000000, 2460, 4, 0, 0),
       (44670, 282, '17', 4, 109000000, 2980, 5, 0, 0),
       (44671, 282, '18', 3, 140000000, 2520, 5, 0, 0),
       (44672, 282, '19', 2, 98000000, 1980, 5, 0, 0),
       (44673, 282, '20', 2, 135000000, 2950, 5, 0, 0),
       (44674, 282, '21', 4, 112000000, 2830, 6, 0, 0),
       (44675, 282, '22', 4, 227000000, 2020, 6, 0, 0),
       (44676, 282, '23', 4, 173000000, 2900, 6, 0, 0),
       (44677, 282, '24', 3, 93000000, 2080, 6, 0, 0),
       (44678, 282, '25', 4, 84000000, 2990, 7, 0, 0),
       (44679, 282, '26', 3, 127000000, 930, 7, 0, 0),
       (44680, 282, '27', 4, 169000000, 1650, 7, 0, 0),
       (44681, 282, '28', 3, 178000000, 1340, 7, 0, 0),
       (44682, 282, '29', 3, 198000000, 2100, 8, 0, 0),
       (44683, 282, '30', 4, 89000000, 2870, 8, 0, 0),
       (44684, 282, '31', 2, 217000000, 2630, 8, 0, 0),
       (44685, 282, '32', 4, 233000000, 2710, 8, 0, 0),
       (44686, 282, '33', 2, 186000000, 1930, 9, 0, 0),
       (44687, 282, '34', 4, 196000000, 1160, 9, 0, 0),
       (44688, 282, '35', 3, 119000000, 930, 9, 0, 0),
       (44689, 282, '36', 3, 125000000, 2380, 9, 0, 0),
       (44690, 282, '37', 2, 250000000, 1790, 10, 0, 0),
       (44691, 282, '38', 3, 105000000, 1040, 10, 0, 0),
       (44692, 282, '39', 2, 193000000, 1060, 10, 0, 0),
       (44693, 282, '40', 2, 80000000, 1280, 10, 0, 0),
       (44694, 282, '41', 4, 166000000, 2120, 11, 0, 0),
       (44695, 282, '42', 4, 81000000, 2270, 11, 0, 0),
       (44696, 282, '43', 3, 89000000, 1610, 11, 0, 0),
       (44697, 282, '44', 2, 198000000, 2170, 11, 0, 0),
       (44698, 282, '45', 2, 165000000, 990, 12, 0, 0),
       (44699, 282, '46', 3, 159000000, 1660, 12, 0, 0),
       (44700, 282, '47', 4, 118000000, 2680, 12, 0, 0),
       (44701, 282, '48', 4, 117000000, 1150, 12, 0, 0),
       (44702, 282, '49', 3, 218000000, 1780, 13, 0, 0),
       (44703, 282, '50', 4, 135000000, 1100, 13, 0, 0),
       (44704, 282, '51', 4, 115000000, 2480, 13, 0, 0),
       (44705, 282, '52', 3, 107000000, 2490, 13, 0, 0),
       (44706, 282, '53', 2, 173000000, 1460, 14, 0, 0),
       (44707, 282, '54', 3, 95000000, 1620, 14, 0, 0),
       (44708, 282, '55', 4, 237000000, 2980, 14, 0, 0),
       (44709, 282, '56', 3, 119000000, 1260, 14, 0, 0),
       (44710, 282, '57', 2, 153000000, 1090, 15, 0, 0),
       (44711, 282, '58', 2, 213000000, 2630, 15, 0, 0),
       (44712, 282, '59', 3, 222000000, 1040, 15, 0, 0),
       (44713, 282, '60', 2, 194000000, 1480, 15, 0, 0),
       (44714, 282, '61', 4, 118000000, 2350, 16, 0, 0),
       (44715, 282, '62', 4, 94000000, 1940, 16, 0, 0),
       (44716, 282, '63', 3, 165000000, 1990, 16, 0, 0),
       (44717, 282, '64', 2, 122000000, 2520, 16, 0, 0),
       (44718, 282, '65', 2, 242000000, 2890, 17, 0, 0),
       (44719, 282, '66', 3, 80000000, 900, 17, 0, 0),
       (44720, 282, '67', 4, 82000000, 1080, 17, 0, 0),
       (44721, 282, '68', 2, 168000000, 2130, 17, 0, 0),
       (44722, 282, '69', 4, 246000000, 1620, 18, 0, 0),
       (44723, 282, '70', 4, 120000000, 1540, 18, 0, 0),
       (44724, 282, '71', 4, 163000000, 2100, 18, 0, 0),
       (44725, 282, '72', 3, 211000000, 1260, 18, 0, 0),
       (44726, 282, '73', 2, 200000000, 1980, 19, 0, 0),
       (44727, 282, '74', 2, 210000000, 1630, 19, 0, 0),
       (44728, 282, '75', 4, 100000000, 2880, 19, 0, 0),
       (44729, 282, '76', 2, 127000000, 1590, 19, 0, 0),
       (44730, 282, '77', 2, 217000000, 1320, 20, 0, 0),
       (44731, 282, '78', 3, 100000000, 1510, 20, 0, 0),
       (44732, 282, '79', 4, 119000000, 2020, 20, 0, 0),
       (44733, 282, '80', 3, 243000000, 1320, 20, 0, 0),
       (44734, 282, '81', 3, 180000000, 2670, 21, 0, 0),
       (44735, 282, '82', 2, 98000000, 2470, 21, 0, 0),
       (44736, 282, '83', 3, 82000000, 1560, 21, 0, 0),
       (44737, 282, '84', 2, 109000000, 1510, 21, 0, 0),
       (44738, 282, '85', 4, 160000000, 2960, 22, 0, 0),
       (44739, 282, '86', 2, 205000000, 2730, 22, 0, 0),
       (44740, 282, '87', 2, 178000000, 1970, 22, 0, 0),
       (44741, 282, '88', 3, 236000000, 1120, 22, 0, 0),
       (44742, 282, '89', 2, 146000000, 2510, 23, 0, 0),
       (44743, 282, '90', 3, 250000000, 1750, 23, 0, 0),
       (44744, 282, '91', 3, 103000000, 1250, 23, 0, 0),
       (44745, 282, '92', 2, 223000000, 2330, 23, 0, 0),
       (44746, 282, '93', 3, 151000000, 2030, 24, 0, 0),
       (44747, 282, '94', 2, 102000000, 2660, 24, 0, 0),
       (44748, 282, '95', 4, 200000000, 1650, 24, 0, 0),
       (44749, 282, '96', 4, 101000000, 2350, 24, 0, 0),
       (44750, 282, '97', 4, 124000000, 1260, 25, 0, 0),
       (44751, 282, '98', 4, 211000000, 2090, 25, 0, 0),
       (44752, 282, '99', 3, 228000000, 2880, 25, 0, 0),
       (44753, 282, '100', 3, 235000000, 1420, 25, 0, 0),
       (44754, 282, '101', 3, 175000000, 1480, 26, 0, 0),
       (44755, 282, '102', 2, 178000000, 2400, 26, 0, 0),
       (44756, 282, '103', 4, 177000000, 1480, 26, 0, 0),
       (44757, 282, '104', 4, 153000000, 1160, 26, 0, 0),
       (44758, 282, '105', 4, 208000000, 2670, 27, 0, 0),
       (44759, 282, '106', 2, 151000000, 1620, 27, 0, 0),
       (44760, 282, '107', 4, 249000000, 1140, 27, 0, 0),
       (44761, 282, '108', 2, 166000000, 1980, 27, 0, 0),
       (44762, 282, '109', 3, 85000000, 2450, 28, 0, 0),
       (44763, 282, '110', 3, 128000000, 930, 28, 0, 0),
       (44764, 282, '111', 4, 117000000, 2260, 28, 0, 0),
       (44765, 282, '112', 4, 114000000, 1670, 28, 0, 0),
       (44766, 282, '113', 4, 167000000, 1220, 29, 0, 0),
       (44767, 282, '114', 2, 228000000, 1270, 29, 0, 0),
       (44768, 282, '115', 3, 206000000, 1290, 29, 0, 0),
       (44769, 282, '116', 2, 196000000, 1280, 29, 0, 0),
       (44770, 282, '117', 4, 124000000, 1800, 30, 0, 0),
       (44771, 282, '118', 2, 128000000, 1550, 30, 0, 0),
       (44772, 282, '119', 2, 227000000, 950, 30, 0, 0),
       (44773, 282, '120', 2, 211000000, 1100, 30, 0, 0);
insert into real_estate_building (id, address, complex_id, floor_count, dev_id)
values (283, 'г. Москва, ул. Дальняя, д. 29', 13, 29, 13);
insert into real_estate_object (id, building_id ,local_address, places, price, area, floor, type, estate_type)
values (44774, 283, '1', 3, 202000000, 1700, 1, 0, 0),
       (44775, 283, '2', 4, 106000000, 2690, 1, 0, 0),
       (44776, 283, '3', 4, 192000000, 1040, 1, 0, 0),
       (44777, 283, '4', 3, 249000000, 1950, 1, 0, 0),
       (44778, 283, '5', 3, 80000000, 1180, 2, 0, 0),
       (44779, 283, '6', 4, 204000000, 2050, 2, 0, 0),
       (44780, 283, '7', 2, 118000000, 1960, 2, 0, 0),
       (44781, 283, '8', 3, 229000000, 1060, 2, 0, 0),
       (44782, 283, '9', 2, 128000000, 2610, 3, 0, 0),
       (44783, 283, '10', 3, 188000000, 1520, 3, 0, 0),
       (44784, 283, '11', 4, 176000000, 1010, 3, 0, 0),
       (44785, 283, '12', 2, 182000000, 1870, 3, 0, 0),
       (44786, 283, '13', 4, 233000000, 1730, 4, 0, 0),
       (44787, 283, '14', 4, 164000000, 1310, 4, 0, 0),
       (44788, 283, '15', 3, 232000000, 2120, 4, 0, 0),
       (44789, 283, '16', 3, 180000000, 2870, 4, 0, 0),
       (44790, 283, '17', 4, 121000000, 1330, 5, 0, 0),
       (44791, 283, '18', 2, 133000000, 2030, 5, 0, 0),
       (44792, 283, '19', 4, 182000000, 2040, 5, 0, 0),
       (44793, 283, '20', 3, 230000000, 1730, 5, 0, 0),
       (44794, 283, '21', 2, 153000000, 2870, 6, 0, 0),
       (44795, 283, '22', 3, 198000000, 1870, 6, 0, 0),
       (44796, 283, '23', 2, 225000000, 2770, 6, 0, 0),
       (44797, 283, '24', 2, 85000000, 1420, 6, 0, 0),
       (44798, 283, '25', 2, 184000000, 1620, 7, 0, 0),
       (44799, 283, '26', 2, 165000000, 2530, 7, 0, 0),
       (44800, 283, '27', 2, 95000000, 1340, 7, 0, 0),
       (44801, 283, '28', 2, 96000000, 1430, 7, 0, 0),
       (44802, 283, '29', 4, 111000000, 1940, 8, 0, 0),
       (44803, 283, '30', 2, 106000000, 1470, 8, 0, 0),
       (44804, 283, '31', 3, 166000000, 1670, 8, 0, 0),
       (44805, 283, '32', 2, 142000000, 2000, 8, 0, 0),
       (44806, 283, '33', 3, 210000000, 1860, 9, 0, 0),
       (44807, 283, '34', 2, 94000000, 1290, 9, 0, 0),
       (44808, 283, '35', 3, 160000000, 2570, 9, 0, 0),
       (44809, 283, '36', 2, 236000000, 1340, 9, 0, 0),
       (44810, 283, '37', 2, 141000000, 1390, 10, 0, 0),
       (44811, 283, '38', 3, 115000000, 1410, 10, 0, 0),
       (44812, 283, '39', 4, 161000000, 2630, 10, 0, 0),
       (44813, 283, '40', 2, 176000000, 2480, 10, 0, 0),
       (44814, 283, '41', 4, 156000000, 1280, 11, 0, 0),
       (44815, 283, '42', 3, 200000000, 2380, 11, 0, 0),
       (44816, 283, '43', 2, 206000000, 1110, 11, 0, 0),
       (44817, 283, '44', 4, 234000000, 1470, 11, 0, 0),
       (44818, 283, '45', 2, 182000000, 1130, 12, 0, 0),
       (44819, 283, '46', 3, 164000000, 2030, 12, 0, 0),
       (44820, 283, '47', 4, 204000000, 2830, 12, 0, 0),
       (44821, 283, '48', 4, 101000000, 1200, 12, 0, 0),
       (44822, 283, '49', 3, 115000000, 960, 13, 0, 0),
       (44823, 283, '50', 3, 213000000, 2150, 13, 0, 0),
       (44824, 283, '51', 2, 212000000, 2910, 13, 0, 0),
       (44825, 283, '52', 2, 180000000, 1460, 13, 0, 0),
       (44826, 283, '53', 2, 218000000, 1100, 14, 0, 0),
       (44827, 283, '54', 3, 211000000, 1550, 14, 0, 0),
       (44828, 283, '55', 3, 235000000, 1420, 14, 0, 0),
       (44829, 283, '56', 4, 193000000, 930, 14, 0, 0),
       (44830, 283, '57', 4, 183000000, 2570, 15, 0, 0),
       (44831, 283, '58', 3, 173000000, 1050, 15, 0, 0),
       (44832, 283, '59', 2, 95000000, 1240, 15, 0, 0),
       (44833, 283, '60', 2, 193000000, 2310, 15, 0, 0),
       (44834, 283, '61', 3, 197000000, 1030, 16, 0, 0),
       (44835, 283, '62', 3, 245000000, 1650, 16, 0, 0),
       (44836, 283, '63', 3, 239000000, 2100, 16, 0, 0),
       (44837, 283, '64', 4, 220000000, 1310, 16, 0, 0),
       (44838, 283, '65', 4, 147000000, 1690, 17, 0, 0),
       (44839, 283, '66', 3, 129000000, 2520, 17, 0, 0),
       (44840, 283, '67', 3, 199000000, 1930, 17, 0, 0),
       (44841, 283, '68', 3, 172000000, 1020, 17, 0, 0),
       (44842, 283, '69', 4, 248000000, 1750, 18, 0, 0),
       (44843, 283, '70', 3, 99000000, 2070, 18, 0, 0),
       (44844, 283, '71', 2, 220000000, 1540, 18, 0, 0),
       (44845, 283, '72', 2, 155000000, 2140, 18, 0, 0),
       (44846, 283, '73', 4, 234000000, 1140, 19, 0, 0),
       (44847, 283, '74', 4, 218000000, 2310, 19, 0, 0),
       (44848, 283, '75', 4, 146000000, 2850, 19, 0, 0),
       (44849, 283, '76', 4, 193000000, 2100, 19, 0, 0),
       (44850, 283, '77', 2, 117000000, 2430, 20, 0, 0),
       (44851, 283, '78', 3, 89000000, 2290, 20, 0, 0),
       (44852, 283, '79', 4, 187000000, 2410, 20, 0, 0),
       (44853, 283, '80', 2, 203000000, 1000, 20, 0, 0),
       (44854, 283, '81', 2, 154000000, 2300, 21, 0, 0),
       (44855, 283, '82', 2, 104000000, 1810, 21, 0, 0),
       (44856, 283, '83', 3, 196000000, 2300, 21, 0, 0),
       (44857, 283, '84', 2, 197000000, 1530, 21, 0, 0),
       (44858, 283, '85', 4, 212000000, 2370, 22, 0, 0),
       (44859, 283, '86', 3, 168000000, 1320, 22, 0, 0),
       (44860, 283, '87', 2, 85000000, 910, 22, 0, 0),
       (44861, 283, '88', 2, 142000000, 1040, 22, 0, 0),
       (44862, 283, '89', 4, 143000000, 2140, 23, 0, 0),
       (44863, 283, '90', 3, 134000000, 2710, 23, 0, 0),
       (44864, 283, '91', 4, 194000000, 1760, 23, 0, 0),
       (44865, 283, '92', 4, 156000000, 2420, 23, 0, 0),
       (44866, 283, '93', 4, 204000000, 2300, 24, 0, 0),
       (44867, 283, '94', 3, 188000000, 1560, 24, 0, 0),
       (44868, 283, '95', 4, 90000000, 1830, 24, 0, 0),
       (44869, 283, '96', 4, 159000000, 1730, 24, 0, 0),
       (44870, 283, '97', 3, 226000000, 1050, 25, 0, 0),
       (44871, 283, '98', 3, 109000000, 2260, 25, 0, 0),
       (44872, 283, '99', 3, 109000000, 1820, 25, 0, 0),
       (44873, 283, '100', 2, 144000000, 2620, 25, 0, 0),
       (44874, 283, '101', 3, 142000000, 2560, 26, 0, 0),
       (44875, 283, '102', 3, 110000000, 2240, 26, 0, 0),
       (44876, 283, '103', 4, 154000000, 1960, 26, 0, 0),
       (44877, 283, '104', 4, 211000000, 1510, 26, 0, 0),
       (44878, 283, '105', 2, 119000000, 2450, 27, 0, 0),
       (44879, 283, '106', 3, 131000000, 2420, 27, 0, 0),
       (44880, 283, '107', 4, 141000000, 1290, 27, 0, 0),
       (44881, 283, '108', 4, 98000000, 1480, 27, 0, 0),
       (44882, 283, '109', 3, 155000000, 2070, 28, 0, 0),
       (44883, 283, '110', 3, 169000000, 1610, 28, 0, 0),
       (44884, 283, '111', 4, 94000000, 2610, 28, 0, 0),
       (44885, 283, '112', 2, 103000000, 2140, 28, 0, 0),
       (44886, 283, '113', 2, 178000000, 2400, 29, 0, 0),
       (44887, 283, '114', 2, 126000000, 1370, 29, 0, 0),
       (44888, 283, '115', 3, 185000000, 2320, 29, 0, 0),
       (44889, 283, '116', 3, 238000000, 2270, 29, 0, 0);
insert into real_estate_building (id, address, complex_id, floor_count, dev_id)
values (284, 'г. Москва, ул. Московская, д. 13', 14, 24, 14);
insert into real_estate_object (id, building_id ,local_address, places, price, area, floor, type, estate_type)
values (44890, 284, '1', 1, 44000000, 1680, 1, 0, 0),
       (44891, 284, '2', 1, 143000000, 1500, 1, 0, 0),
       (44892, 284, '3', 2, 59000000, 1570, 1, 0, 0),
       (44893, 284, '4', 3, 63000000, 1340, 1, 0, 0),
       (44894, 284, '5', 3, 105000000, 1280, 2, 0, 0),
       (44895, 284, '6', 1, 52000000, 1240, 2, 0, 0),
       (44896, 284, '7', 2, 140000000, 1690, 2, 0, 0),
       (44897, 284, '8', 2, 110000000, 1320, 2, 0, 0),
       (44898, 284, '9', 2, 54000000, 1370, 3, 0, 0),
       (44899, 284, '10', 1, 51000000, 950, 3, 0, 0),
       (44900, 284, '11', 1, 60000000, 1850, 3, 0, 0),
       (44901, 284, '12', 2, 111000000, 1560, 3, 0, 0),
       (44902, 284, '13', 2, 71000000, 1160, 4, 0, 0),
       (44903, 284, '14', 1, 131000000, 1730, 4, 0, 0),
       (44904, 284, '15', 1, 141000000, 1980, 4, 0, 0),
       (44905, 284, '16', 2, 85000000, 1800, 4, 0, 0),
       (44906, 284, '17', 3, 51000000, 1220, 5, 0, 0),
       (44907, 284, '18', 2, 110000000, 1530, 5, 0, 0),
       (44908, 284, '19', 2, 63000000, 1730, 5, 0, 0),
       (44909, 284, '20', 1, 44000000, 1650, 5, 0, 0),
       (44910, 284, '21', 1, 50000000, 1670, 6, 0, 0),
       (44911, 284, '22', 1, 114000000, 1910, 6, 0, 0),
       (44912, 284, '23', 3, 113000000, 1240, 6, 0, 0),
       (44913, 284, '24', 2, 85000000, 1240, 6, 0, 0),
       (44914, 284, '25', 3, 148000000, 1050, 7, 0, 0),
       (44915, 284, '26', 1, 40000000, 1930, 7, 0, 0),
       (44916, 284, '27', 1, 124000000, 1650, 7, 0, 0),
       (44917, 284, '28', 1, 135000000, 1680, 7, 0, 0),
       (44918, 284, '29', 3, 83000000, 940, 8, 0, 0),
       (44919, 284, '30', 3, 130000000, 1280, 8, 0, 0),
       (44920, 284, '31', 2, 76000000, 1720, 8, 0, 0),
       (44921, 284, '32', 1, 110000000, 1650, 8, 0, 0),
       (44922, 284, '33', 2, 77000000, 1610, 9, 0, 0),
       (44923, 284, '34', 2, 89000000, 1940, 9, 0, 0),
       (44924, 284, '35', 3, 45000000, 1700, 9, 0, 0),
       (44925, 284, '36', 2, 136000000, 1730, 9, 0, 0),
       (44926, 284, '37', 2, 52000000, 1420, 10, 0, 0),
       (44927, 284, '38', 2, 53000000, 1320, 10, 0, 0),
       (44928, 284, '39', 2, 100000000, 2000, 10, 0, 0),
       (44929, 284, '40', 3, 90000000, 1970, 10, 0, 0),
       (44930, 284, '41', 1, 140000000, 1920, 11, 0, 0),
       (44931, 284, '42', 3, 111000000, 1900, 11, 0, 0),
       (44932, 284, '43', 2, 92000000, 1990, 11, 0, 0),
       (44933, 284, '44', 2, 99000000, 1510, 11, 0, 0),
       (44934, 284, '45', 1, 45000000, 1530, 12, 0, 0),
       (44935, 284, '46', 2, 73000000, 1160, 12, 0, 0),
       (44936, 284, '47', 3, 91000000, 1740, 12, 0, 0),
       (44937, 284, '48', 2, 57000000, 1810, 12, 0, 0),
       (44938, 284, '49', 3, 102000000, 1340, 13, 0, 0),
       (44939, 284, '50', 1, 56000000, 1040, 13, 0, 0),
       (44940, 284, '51', 2, 55000000, 1630, 13, 0, 0),
       (44941, 284, '52', 1, 132000000, 1450, 13, 0, 0),
       (44942, 284, '53', 3, 141000000, 1180, 14, 0, 0),
       (44943, 284, '54', 2, 48000000, 1340, 14, 0, 0),
       (44944, 284, '55', 1, 93000000, 1000, 14, 0, 0),
       (44945, 284, '56', 2, 69000000, 980, 14, 0, 0),
       (44946, 284, '57', 3, 97000000, 1660, 15, 0, 0),
       (44947, 284, '58', 2, 89000000, 1290, 15, 0, 0),
       (44948, 284, '59', 1, 93000000, 1120, 15, 0, 0),
       (44949, 284, '60', 2, 49000000, 1540, 15, 0, 0),
       (44950, 284, '61', 3, 122000000, 1760, 16, 0, 0),
       (44951, 284, '62', 1, 135000000, 1930, 16, 0, 0),
       (44952, 284, '63', 2, 141000000, 1730, 16, 0, 0),
       (44953, 284, '64', 1, 96000000, 1100, 16, 0, 0),
       (44954, 284, '65', 1, 56000000, 1120, 17, 0, 0),
       (44955, 284, '66', 3, 72000000, 1400, 17, 0, 0),
       (44956, 284, '67', 2, 70000000, 1580, 17, 0, 0),
       (44957, 284, '68', 2, 48000000, 1700, 17, 0, 0),
       (44958, 284, '69', 2, 128000000, 1780, 18, 0, 0),
       (44959, 284, '70', 2, 72000000, 1550, 18, 0, 0),
       (44960, 284, '71', 3, 68000000, 1240, 18, 0, 0),
       (44961, 284, '72', 3, 81000000, 1030, 18, 0, 0),
       (44962, 284, '73', 2, 88000000, 990, 19, 0, 0),
       (44963, 284, '74', 1, 103000000, 1520, 19, 0, 0),
       (44964, 284, '75', 1, 137000000, 1850, 19, 0, 0),
       (44965, 284, '76', 1, 112000000, 1000, 19, 0, 0),
       (44966, 284, '77', 1, 112000000, 1860, 20, 0, 0),
       (44967, 284, '78', 3, 140000000, 1170, 20, 0, 0),
       (44968, 284, '79', 1, 55000000, 930, 20, 0, 0),
       (44969, 284, '80', 2, 147000000, 1580, 20, 0, 0),
       (44970, 284, '81', 1, 120000000, 1340, 21, 0, 0),
       (44971, 284, '82', 3, 129000000, 1940, 21, 0, 0),
       (44972, 284, '83', 1, 126000000, 1380, 21, 0, 0),
       (44973, 284, '84', 3, 77000000, 1870, 21, 0, 0),
       (44974, 284, '85', 3, 74000000, 1180, 22, 0, 0),
       (44975, 284, '86', 2, 121000000, 1540, 22, 0, 0),
       (44976, 284, '87', 1, 107000000, 1640, 22, 0, 0),
       (44977, 284, '88', 3, 83000000, 1140, 22, 0, 0),
       (44978, 284, '89', 2, 60000000, 1980, 23, 0, 0),
       (44979, 284, '90', 1, 84000000, 1230, 23, 0, 0),
       (44980, 284, '91', 1, 41000000, 1310, 23, 0, 0),
       (44981, 284, '92', 3, 71000000, 1600, 23, 0, 0),
       (44982, 284, '93', 3, 92000000, 1800, 24, 0, 0),
       (44983, 284, '94', 2, 110000000, 1300, 24, 0, 0),
       (44984, 284, '95', 2, 137000000, 1570, 24, 0, 0),
       (44985, 284, '96', 1, 96000000, 1140, 24, 0, 0);
insert into real_estate_building (id, address, complex_id, floor_count, dev_id)
values (285, 'г. Москва, ул. Московская, д. 14', 14, 29, 14);
insert into real_estate_object (id, building_id ,local_address, places, price, area, floor, type, estate_type)
values (44986, 285, '1', 2, 143000000, 1290, 1, 0, 0),
       (44987, 285, '2', 1, 134000000, 960, 1, 0, 0),
       (44988, 285, '3', 2, 66000000, 1640, 1, 0, 0),
       (44989, 285, '4', 1, 88000000, 1340, 1, 0, 0),
       (44990, 285, '5', 1, 128000000, 1590, 2, 0, 0),
       (44991, 285, '6', 2, 54000000, 1010, 2, 0, 0),
       (44992, 285, '7', 3, 44000000, 1810, 2, 0, 0),
       (44993, 285, '8', 1, 93000000, 1340, 2, 0, 0),
       (44994, 285, '9', 3, 43000000, 1430, 3, 0, 0),
       (44995, 285, '10', 2, 94000000, 1610, 3, 0, 0),
       (44996, 285, '11', 3, 73000000, 1940, 3, 0, 0),
       (44997, 285, '12', 2, 104000000, 1020, 3, 0, 0),
       (44998, 285, '13', 3, 106000000, 1200, 4, 0, 0),
       (44999, 285, '14', 1, 50000000, 1740, 4, 0, 0),
       (45000, 285, '15', 2, 73000000, 960, 4, 0, 0),
       (45001, 285, '16', 1, 92000000, 1460, 4, 0, 0),
       (45002, 285, '17', 3, 140000000, 1810, 5, 0, 0),
       (45003, 285, '18', 3, 52000000, 1570, 5, 0, 0),
       (45004, 285, '19', 1, 120000000, 1060, 5, 0, 0),
       (45005, 285, '20', 2, 105000000, 1470, 5, 0, 0),
       (45006, 285, '21', 2, 128000000, 1120, 6, 0, 0),
       (45007, 285, '22', 2, 75000000, 1620, 6, 0, 0),
       (45008, 285, '23', 1, 54000000, 1430, 6, 0, 0),
       (45009, 285, '24', 1, 64000000, 1510, 6, 0, 0),
       (45010, 285, '25', 3, 104000000, 1310, 7, 0, 0),
       (45011, 285, '26', 1, 118000000, 1330, 7, 0, 0),
       (45012, 285, '27', 3, 64000000, 1960, 7, 0, 0),
       (45013, 285, '28', 1, 94000000, 1020, 7, 0, 0),
       (45014, 285, '29', 1, 124000000, 1870, 8, 0, 0),
       (45015, 285, '30', 3, 84000000, 1830, 8, 0, 0),
       (45016, 285, '31', 1, 107000000, 1130, 8, 0, 0),
       (45017, 285, '32', 3, 69000000, 1730, 8, 0, 0),
       (45018, 285, '33', 2, 111000000, 1090, 9, 0, 0),
       (45019, 285, '34', 3, 84000000, 1160, 9, 0, 0),
       (45020, 285, '35', 3, 58000000, 1390, 9, 0, 0),
       (45021, 285, '36', 2, 95000000, 1890, 9, 0, 0),
       (45022, 285, '37', 3, 70000000, 1570, 10, 0, 0),
       (45023, 285, '38', 1, 88000000, 1930, 10, 0, 0),
       (45024, 285, '39', 2, 121000000, 1860, 10, 0, 0),
       (45025, 285, '40', 2, 45000000, 960, 10, 0, 0),
       (45026, 285, '41', 1, 66000000, 1230, 11, 0, 0),
       (45027, 285, '42', 2, 88000000, 1040, 11, 0, 0),
       (45028, 285, '43', 1, 140000000, 1960, 11, 0, 0),
       (45029, 285, '44', 3, 61000000, 1050, 11, 0, 0),
       (45030, 285, '45', 1, 72000000, 970, 12, 0, 0),
       (45031, 285, '46', 1, 142000000, 1550, 12, 0, 0),
       (45032, 285, '47', 2, 93000000, 1550, 12, 0, 0),
       (45033, 285, '48', 1, 45000000, 1220, 12, 0, 0),
       (45034, 285, '49', 3, 87000000, 1170, 13, 0, 0),
       (45035, 285, '50', 2, 133000000, 1940, 13, 0, 0),
       (45036, 285, '51', 3, 149000000, 1250, 13, 0, 0),
       (45037, 285, '52', 3, 104000000, 1860, 13, 0, 0),
       (45038, 285, '53', 1, 89000000, 1750, 14, 0, 0),
       (45039, 285, '54', 3, 135000000, 1580, 14, 0, 0),
       (45040, 285, '55', 1, 120000000, 1220, 14, 0, 0),
       (45041, 285, '56', 1, 79000000, 1060, 14, 0, 0),
       (45042, 285, '57', 3, 100000000, 1700, 15, 0, 0),
       (45043, 285, '58', 3, 65000000, 1690, 15, 0, 0),
       (45044, 285, '59', 1, 113000000, 1970, 15, 0, 0),
       (45045, 285, '60', 2, 93000000, 1160, 15, 0, 0),
       (45046, 285, '61', 3, 58000000, 1430, 16, 0, 0),
       (45047, 285, '62', 2, 137000000, 1760, 16, 0, 0),
       (45048, 285, '63', 3, 51000000, 920, 16, 0, 0),
       (45049, 285, '64', 2, 104000000, 950, 16, 0, 0),
       (45050, 285, '65', 2, 55000000, 1530, 17, 0, 0),
       (45051, 285, '66', 1, 95000000, 950, 17, 0, 0),
       (45052, 285, '67', 1, 127000000, 1780, 17, 0, 0),
       (45053, 285, '68', 3, 59000000, 1550, 17, 0, 0),
       (45054, 285, '69', 2, 105000000, 1560, 18, 0, 0),
       (45055, 285, '70', 1, 56000000, 1510, 18, 0, 0),
       (45056, 285, '71', 1, 113000000, 1530, 18, 0, 0),
       (45057, 285, '72', 2, 70000000, 1250, 18, 0, 0),
       (45058, 285, '73', 2, 52000000, 1600, 19, 0, 0),
       (45059, 285, '74', 1, 55000000, 1220, 19, 0, 0),
       (45060, 285, '75', 1, 83000000, 1610, 19, 0, 0),
       (45061, 285, '76', 2, 83000000, 1690, 19, 0, 0),
       (45062, 285, '77', 1, 54000000, 1010, 20, 0, 0),
       (45063, 285, '78', 1, 74000000, 1140, 20, 0, 0),
       (45064, 285, '79', 3, 103000000, 980, 20, 0, 0),
       (45065, 285, '80', 1, 122000000, 980, 20, 0, 0),
       (45066, 285, '81', 2, 56000000, 1440, 21, 0, 0),
       (45067, 285, '82', 1, 119000000, 1260, 21, 0, 0),
       (45068, 285, '83', 2, 87000000, 1760, 21, 0, 0),
       (45069, 285, '84', 1, 90000000, 940, 21, 0, 0),
       (45070, 285, '85', 3, 72000000, 1490, 22, 0, 0),
       (45071, 285, '86', 3, 87000000, 1110, 22, 0, 0),
       (45072, 285, '87', 3, 113000000, 1690, 22, 0, 0),
       (45073, 285, '88', 3, 106000000, 1110, 22, 0, 0),
       (45074, 285, '89', 3, 69000000, 940, 23, 0, 0),
       (45075, 285, '90', 2, 118000000, 1100, 23, 0, 0),
       (45076, 285, '91', 2, 140000000, 1800, 23, 0, 0),
       (45077, 285, '92', 1, 51000000, 1900, 23, 0, 0),
       (45078, 285, '93', 3, 84000000, 1310, 24, 0, 0),
       (45079, 285, '94', 3, 140000000, 900, 24, 0, 0),
       (45080, 285, '95', 1, 134000000, 1110, 24, 0, 0),
       (45081, 285, '96', 2, 77000000, 1090, 24, 0, 0),
       (45082, 285, '97', 1, 128000000, 1710, 25, 0, 0),
       (45083, 285, '98', 3, 90000000, 1290, 25, 0, 0),
       (45084, 285, '99', 2, 150000000, 1830, 25, 0, 0),
       (45085, 285, '100', 3, 121000000, 1230, 25, 0, 0),
       (45086, 285, '101', 1, 112000000, 1540, 26, 0, 0),
       (45087, 285, '102', 1, 52000000, 1020, 26, 0, 0),
       (45088, 285, '103', 1, 61000000, 1860, 26, 0, 0),
       (45089, 285, '104', 3, 70000000, 1990, 26, 0, 0),
       (45090, 285, '105', 3, 88000000, 930, 27, 0, 0),
       (45091, 285, '106', 3, 105000000, 1740, 27, 0, 0),
       (45092, 285, '107', 2, 83000000, 1850, 27, 0, 0),
       (45093, 285, '108', 2, 63000000, 1160, 27, 0, 0),
       (45094, 285, '109', 3, 56000000, 1660, 28, 0, 0),
       (45095, 285, '110', 3, 140000000, 1740, 28, 0, 0),
       (45096, 285, '111', 1, 61000000, 1560, 28, 0, 0),
       (45097, 285, '112', 1, 53000000, 1020, 28, 0, 0),
       (45098, 285, '113', 1, 64000000, 910, 29, 0, 0),
       (45099, 285, '114', 2, 63000000, 950, 29, 0, 0),
       (45100, 285, '115', 3, 85000000, 1990, 29, 0, 0),
       (45101, 285, '116', 1, 42000000, 1410, 29, 0, 0);
insert into real_estate_building (id, address, complex_id, floor_count, dev_id)
values (286, 'г. Москва, ул. Московская, д. 15', 14, 28, 14);
insert into real_estate_object (id, building_id ,local_address, places, price, area, floor, type, estate_type)
values (45102, 286, '1', 2, 129000000, 1970, 1, 0, 0),
       (45103, 286, '2', 2, 101000000, 1940, 1, 0, 0),
       (45104, 286, '3', 1, 100000000, 2000, 1, 0, 0),
       (45105, 286, '4', 3, 73000000, 1370, 1, 0, 0),
       (45106, 286, '5', 3, 141000000, 1340, 2, 0, 0),
       (45107, 286, '6', 3, 74000000, 1120, 2, 0, 0),
       (45108, 286, '7', 3, 123000000, 1700, 2, 0, 0),
       (45109, 286, '8', 1, 124000000, 2000, 2, 0, 0),
       (45110, 286, '9', 2, 148000000, 1900, 3, 0, 0),
       (45111, 286, '10', 3, 101000000, 1420, 3, 0, 0),
       (45112, 286, '11', 1, 122000000, 1060, 3, 0, 0),
       (45113, 286, '12', 1, 120000000, 1180, 3, 0, 0),
       (45114, 286, '13', 3, 103000000, 1280, 4, 0, 0),
       (45115, 286, '14', 3, 92000000, 1200, 4, 0, 0),
       (45116, 286, '15', 1, 96000000, 1770, 4, 0, 0),
       (45117, 286, '16', 1, 65000000, 1210, 4, 0, 0),
       (45118, 286, '17', 3, 142000000, 1720, 5, 0, 0),
       (45119, 286, '18', 2, 107000000, 1320, 5, 0, 0),
       (45120, 286, '19', 3, 80000000, 1520, 5, 0, 0),
       (45121, 286, '20', 1, 75000000, 1850, 5, 0, 0),
       (45122, 286, '21', 2, 114000000, 1920, 6, 0, 0),
       (45123, 286, '22', 3, 110000000, 1320, 6, 0, 0),
       (45124, 286, '23', 3, 95000000, 1240, 6, 0, 0),
       (45125, 286, '24', 1, 60000000, 1820, 6, 0, 0),
       (45126, 286, '25', 1, 117000000, 1540, 7, 0, 0),
       (45127, 286, '26', 3, 54000000, 1520, 7, 0, 0),
       (45128, 286, '27', 3, 137000000, 1430, 7, 0, 0),
       (45129, 286, '28', 2, 75000000, 1220, 7, 0, 0),
       (45130, 286, '29', 2, 43000000, 1910, 8, 0, 0),
       (45131, 286, '30', 1, 93000000, 1540, 8, 0, 0),
       (45132, 286, '31', 2, 95000000, 1910, 8, 0, 0),
       (45133, 286, '32', 1, 89000000, 1070, 8, 0, 0),
       (45134, 286, '33', 1, 120000000, 1630, 9, 0, 0),
       (45135, 286, '34', 3, 87000000, 1980, 9, 0, 0),
       (45136, 286, '35', 1, 97000000, 1400, 9, 0, 0),
       (45137, 286, '36', 1, 42000000, 1090, 9, 0, 0),
       (45138, 286, '37', 3, 97000000, 1770, 10, 0, 0),
       (45139, 286, '38', 2, 120000000, 1300, 10, 0, 0),
       (45140, 286, '39', 2, 120000000, 1640, 10, 0, 0),
       (45141, 286, '40', 2, 111000000, 1970, 10, 0, 0),
       (45142, 286, '41', 3, 76000000, 1700, 11, 0, 0),
       (45143, 286, '42', 1, 73000000, 1880, 11, 0, 0),
       (45144, 286, '43', 3, 52000000, 1330, 11, 0, 0),
       (45145, 286, '44', 1, 101000000, 1800, 11, 0, 0),
       (45146, 286, '45', 3, 147000000, 1450, 12, 0, 0),
       (45147, 286, '46', 3, 47000000, 1290, 12, 0, 0),
       (45148, 286, '47', 3, 66000000, 1120, 12, 0, 0),
       (45149, 286, '48', 1, 49000000, 2000, 12, 0, 0),
       (45150, 286, '49', 2, 146000000, 920, 13, 0, 0),
       (45151, 286, '50', 2, 122000000, 950, 13, 0, 0),
       (45152, 286, '51', 1, 69000000, 1630, 13, 0, 0),
       (45153, 286, '52', 2, 149000000, 1860, 13, 0, 0),
       (45154, 286, '53', 3, 106000000, 1550, 14, 0, 0),
       (45155, 286, '54', 2, 103000000, 1830, 14, 0, 0),
       (45156, 286, '55', 2, 111000000, 1160, 14, 0, 0),
       (45157, 286, '56', 3, 74000000, 1020, 14, 0, 0),
       (45158, 286, '57', 3, 76000000, 1960, 15, 0, 0),
       (45159, 286, '58', 2, 126000000, 1940, 15, 0, 0),
       (45160, 286, '59', 2, 129000000, 1130, 15, 0, 0),
       (45161, 286, '60', 2, 111000000, 930, 15, 0, 0),
       (45162, 286, '61', 3, 136000000, 1320, 16, 0, 0),
       (45163, 286, '62', 1, 122000000, 910, 16, 0, 0),
       (45164, 286, '63', 2, 133000000, 1530, 16, 0, 0),
       (45165, 286, '64', 2, 106000000, 1360, 16, 0, 0),
       (45166, 286, '65', 3, 77000000, 1510, 17, 0, 0),
       (45167, 286, '66', 2, 65000000, 1260, 17, 0, 0),
       (45168, 286, '67', 2, 119000000, 1660, 17, 0, 0),
       (45169, 286, '68', 3, 107000000, 1060, 17, 0, 0),
       (45170, 286, '69', 1, 58000000, 1420, 18, 0, 0),
       (45171, 286, '70', 1, 42000000, 1730, 18, 0, 0),
       (45172, 286, '71', 1, 131000000, 1490, 18, 0, 0),
       (45173, 286, '72', 1, 67000000, 2000, 18, 0, 0),
       (45174, 286, '73', 2, 103000000, 1600, 19, 0, 0),
       (45175, 286, '74', 2, 145000000, 1750, 19, 0, 0),
       (45176, 286, '75', 2, 95000000, 1450, 19, 0, 0),
       (45177, 286, '76', 3, 119000000, 980, 19, 0, 0),
       (45178, 286, '77', 3, 142000000, 1730, 20, 0, 0),
       (45179, 286, '78', 2, 73000000, 1120, 20, 0, 0),
       (45180, 286, '79', 1, 58000000, 1860, 20, 0, 0),
       (45181, 286, '80', 2, 96000000, 940, 20, 0, 0),
       (45182, 286, '81', 1, 46000000, 1330, 21, 0, 0),
       (45183, 286, '82', 2, 80000000, 1940, 21, 0, 0),
       (45184, 286, '83', 3, 112000000, 1840, 21, 0, 0),
       (45185, 286, '84', 3, 101000000, 1960, 21, 0, 0),
       (45186, 286, '85', 1, 65000000, 970, 22, 0, 0),
       (45187, 286, '86', 1, 68000000, 1420, 22, 0, 0),
       (45188, 286, '87', 3, 61000000, 1480, 22, 0, 0),
       (45189, 286, '88', 3, 83000000, 1180, 22, 0, 0),
       (45190, 286, '89', 1, 94000000, 1410, 23, 0, 0),
       (45191, 286, '90', 2, 103000000, 1100, 23, 0, 0),
       (45192, 286, '91', 1, 146000000, 1600, 23, 0, 0),
       (45193, 286, '92', 3, 125000000, 1490, 23, 0, 0),
       (45194, 286, '93', 1, 144000000, 1100, 24, 0, 0),
       (45195, 286, '94', 2, 102000000, 1070, 24, 0, 0),
       (45196, 286, '95', 3, 92000000, 1900, 24, 0, 0),
       (45197, 286, '96', 3, 71000000, 1250, 24, 0, 0),
       (45198, 286, '97', 3, 45000000, 1490, 25, 0, 0),
       (45199, 286, '98', 3, 62000000, 1820, 25, 0, 0),
       (45200, 286, '99', 2, 63000000, 1980, 25, 0, 0),
       (45201, 286, '100', 3, 52000000, 1650, 25, 0, 0),
       (45202, 286, '101', 2, 74000000, 1160, 26, 0, 0),
       (45203, 286, '102', 3, 53000000, 1540, 26, 0, 0),
       (45204, 286, '103', 2, 120000000, 1040, 26, 0, 0),
       (45205, 286, '104', 3, 65000000, 1440, 26, 0, 0),
       (45206, 286, '105', 1, 48000000, 1230, 27, 0, 0),
       (45207, 286, '106', 3, 115000000, 1130, 27, 0, 0),
       (45208, 286, '107', 3, 101000000, 1660, 27, 0, 0),
       (45209, 286, '108', 2, 112000000, 1940, 27, 0, 0),
       (45210, 286, '109', 2, 93000000, 1530, 28, 0, 0),
       (45211, 286, '110', 2, 92000000, 1380, 28, 0, 0),
       (45212, 286, '111', 1, 65000000, 1270, 28, 0, 0),
       (45213, 286, '112', 2, 73000000, 1580, 28, 0, 0);
insert into real_estate_building (id, address, complex_id, floor_count, dev_id)
values (287, 'г. Москва, ул. Московская, д. 16', 14, 28, 14);
insert into real_estate_object (id, building_id ,local_address, places, price, area, floor, type, estate_type)
values (45214, 287, '1', 1, 141000000, 1370, 1, 0, 0),
       (45215, 287, '2', 2, 64000000, 1000, 1, 0, 0),
       (45216, 287, '3', 3, 149000000, 1840, 1, 0, 0),
       (45217, 287, '4', 1, 116000000, 1020, 1, 0, 0),
       (45218, 287, '5', 1, 121000000, 1710, 2, 0, 0),
       (45219, 287, '6', 3, 103000000, 920, 2, 0, 0),
       (45220, 287, '7', 2, 60000000, 1220, 2, 0, 0),
       (45221, 287, '8', 1, 103000000, 1680, 2, 0, 0),
       (45222, 287, '9', 1, 48000000, 1010, 3, 0, 0),
       (45223, 287, '10', 1, 142000000, 1130, 3, 0, 0),
       (45224, 287, '11', 2, 111000000, 1580, 3, 0, 0),
       (45225, 287, '12', 2, 90000000, 1460, 3, 0, 0),
       (45226, 287, '13', 2, 47000000, 950, 4, 0, 0),
       (45227, 287, '14', 2, 139000000, 1900, 4, 0, 0),
       (45228, 287, '15', 1, 125000000, 1010, 4, 0, 0),
       (45229, 287, '16', 2, 75000000, 1990, 4, 0, 0),
       (45230, 287, '17', 2, 75000000, 1280, 5, 0, 0),
       (45231, 287, '18', 3, 120000000, 1310, 5, 0, 0),
       (45232, 287, '19', 1, 94000000, 940, 5, 0, 0),
       (45233, 287, '20', 3, 134000000, 1340, 5, 0, 0),
       (45234, 287, '21', 1, 140000000, 1450, 6, 0, 0),
       (45235, 287, '22', 2, 126000000, 1000, 6, 0, 0),
       (45236, 287, '23', 1, 112000000, 1830, 6, 0, 0),
       (45237, 287, '24', 3, 79000000, 1000, 6, 0, 0),
       (45238, 287, '25', 2, 137000000, 980, 7, 0, 0),
       (45239, 287, '26', 3, 75000000, 920, 7, 0, 0),
       (45240, 287, '27', 1, 134000000, 1190, 7, 0, 0),
       (45241, 287, '28', 3, 69000000, 1110, 7, 0, 0),
       (45242, 287, '29', 2, 111000000, 1510, 8, 0, 0),
       (45243, 287, '30', 3, 148000000, 1490, 8, 0, 0),
       (45244, 287, '31', 3, 81000000, 1630, 8, 0, 0),
       (45245, 287, '32', 2, 102000000, 960, 8, 0, 0),
       (45246, 287, '33', 1, 116000000, 1310, 9, 0, 0),
       (45247, 287, '34', 1, 142000000, 1750, 9, 0, 0),
       (45248, 287, '35', 1, 124000000, 1960, 9, 0, 0),
       (45249, 287, '36', 1, 89000000, 1620, 9, 0, 0),
       (45250, 287, '37', 2, 116000000, 1930, 10, 0, 0),
       (45251, 287, '38', 1, 127000000, 1240, 10, 0, 0),
       (45252, 287, '39', 3, 150000000, 1230, 10, 0, 0),
       (45253, 287, '40', 2, 140000000, 1570, 10, 0, 0),
       (45254, 287, '41', 1, 59000000, 980, 11, 0, 0),
       (45255, 287, '42', 2, 60000000, 1300, 11, 0, 0),
       (45256, 287, '43', 3, 111000000, 1850, 11, 0, 0),
       (45257, 287, '44', 3, 104000000, 1560, 11, 0, 0),
       (45258, 287, '45', 3, 47000000, 1600, 12, 0, 0),
       (45259, 287, '46', 2, 40000000, 1300, 12, 0, 0),
       (45260, 287, '47', 2, 57000000, 1170, 12, 0, 0),
       (45261, 287, '48', 2, 88000000, 1520, 12, 0, 0),
       (45262, 287, '49', 2, 43000000, 1490, 13, 0, 0),
       (45263, 287, '50', 3, 84000000, 1980, 13, 0, 0),
       (45264, 287, '51', 2, 63000000, 990, 13, 0, 0),
       (45265, 287, '52', 3, 137000000, 900, 13, 0, 0),
       (45266, 287, '53', 2, 67000000, 1820, 14, 0, 0),
       (45267, 287, '54', 2, 98000000, 1400, 14, 0, 0),
       (45268, 287, '55', 3, 76000000, 1560, 14, 0, 0),
       (45269, 287, '56', 2, 44000000, 910, 14, 0, 0),
       (45270, 287, '57', 2, 74000000, 1530, 15, 0, 0),
       (45271, 287, '58', 1, 121000000, 1070, 15, 0, 0),
       (45272, 287, '59', 1, 145000000, 1480, 15, 0, 0),
       (45273, 287, '60', 1, 115000000, 950, 15, 0, 0),
       (45274, 287, '61', 1, 49000000, 1740, 16, 0, 0),
       (45275, 287, '62', 2, 138000000, 2000, 16, 0, 0),
       (45276, 287, '63', 3, 96000000, 1940, 16, 0, 0),
       (45277, 287, '64', 3, 150000000, 1570, 16, 0, 0),
       (45278, 287, '65', 2, 145000000, 1360, 17, 0, 0),
       (45279, 287, '66', 1, 91000000, 1880, 17, 0, 0),
       (45280, 287, '67', 3, 42000000, 960, 17, 0, 0),
       (45281, 287, '68', 1, 119000000, 920, 17, 0, 0),
       (45282, 287, '69', 1, 68000000, 1870, 18, 0, 0),
       (45283, 287, '70', 1, 46000000, 1980, 18, 0, 0),
       (45284, 287, '71', 3, 56000000, 1520, 18, 0, 0),
       (45285, 287, '72', 2, 75000000, 1390, 18, 0, 0),
       (45286, 287, '73', 1, 53000000, 1910, 19, 0, 0),
       (45287, 287, '74', 1, 93000000, 1240, 19, 0, 0),
       (45288, 287, '75', 1, 58000000, 1540, 19, 0, 0),
       (45289, 287, '76', 3, 140000000, 1420, 19, 0, 0),
       (45290, 287, '77', 3, 121000000, 1730, 20, 0, 0),
       (45291, 287, '78', 3, 122000000, 1440, 20, 0, 0),
       (45292, 287, '79', 2, 98000000, 1090, 20, 0, 0),
       (45293, 287, '80', 3, 41000000, 1920, 20, 0, 0),
       (45294, 287, '81', 1, 145000000, 990, 21, 0, 0),
       (45295, 287, '82', 3, 116000000, 1110, 21, 0, 0),
       (45296, 287, '83', 1, 59000000, 1530, 21, 0, 0),
       (45297, 287, '84', 1, 88000000, 1430, 21, 0, 0),
       (45298, 287, '85', 3, 113000000, 1550, 22, 0, 0),
       (45299, 287, '86', 3, 101000000, 1340, 22, 0, 0),
       (45300, 287, '87', 2, 134000000, 1290, 22, 0, 0),
       (45301, 287, '88', 1, 120000000, 1860, 22, 0, 0),
       (45302, 287, '89', 1, 86000000, 1330, 23, 0, 0),
       (45303, 287, '90', 2, 119000000, 1590, 23, 0, 0),
       (45304, 287, '91', 1, 86000000, 1730, 23, 0, 0),
       (45305, 287, '92', 2, 109000000, 1280, 23, 0, 0),
       (45306, 287, '93', 1, 100000000, 1460, 24, 0, 0),
       (45307, 287, '94', 2, 127000000, 1900, 24, 0, 0),
       (45308, 287, '95', 3, 92000000, 1020, 24, 0, 0),
       (45309, 287, '96', 2, 132000000, 1760, 24, 0, 0),
       (45310, 287, '97', 2, 139000000, 1580, 25, 0, 0),
       (45311, 287, '98', 1, 137000000, 1410, 25, 0, 0),
       (45312, 287, '99', 2, 149000000, 1340, 25, 0, 0),
       (45313, 287, '100', 1, 110000000, 1850, 25, 0, 0),
       (45314, 287, '101', 1, 119000000, 930, 26, 0, 0),
       (45315, 287, '102', 2, 53000000, 1840, 26, 0, 0),
       (45316, 287, '103', 2, 59000000, 1770, 26, 0, 0),
       (45317, 287, '104', 1, 126000000, 1750, 26, 0, 0),
       (45318, 287, '105', 1, 83000000, 1340, 27, 0, 0),
       (45319, 287, '106', 2, 141000000, 1020, 27, 0, 0),
       (45320, 287, '107', 3, 78000000, 1850, 27, 0, 0),
       (45321, 287, '108', 2, 115000000, 1110, 27, 0, 0),
       (45322, 287, '109', 2, 110000000, 930, 28, 0, 0),
       (45323, 287, '110', 2, 41000000, 1580, 28, 0, 0),
       (45324, 287, '111', 3, 84000000, 1240, 28, 0, 0),
       (45325, 287, '112', 2, 101000000, 1290, 28, 0, 0);
insert into real_estate_building (id, address, complex_id, floor_count, dev_id)
values (288, 'г. Москва, ул. Московская, д. 17', 14, 23, 14);
insert into real_estate_object (id, building_id ,local_address, places, price, area, floor, type, estate_type)
values (45326, 288, '1', 2, 112000000, 1390, 1, 0, 0),
       (45327, 288, '2', 1, 119000000, 1130, 1, 0, 0),
       (45328, 288, '3', 2, 105000000, 1060, 1, 0, 0),
       (45329, 288, '4', 1, 126000000, 1420, 1, 0, 0),
       (45330, 288, '5', 1, 64000000, 1080, 2, 0, 0),
       (45331, 288, '6', 3, 139000000, 1260, 2, 0, 0),
       (45332, 288, '7', 2, 107000000, 1850, 2, 0, 0),
       (45333, 288, '8', 1, 44000000, 1780, 2, 0, 0),
       (45334, 288, '9', 3, 146000000, 1850, 3, 0, 0),
       (45335, 288, '10', 1, 115000000, 1640, 3, 0, 0),
       (45336, 288, '11', 1, 91000000, 1760, 3, 0, 0),
       (45337, 288, '12', 3, 125000000, 1130, 3, 0, 0),
       (45338, 288, '13', 2, 59000000, 1960, 4, 0, 0),
       (45339, 288, '14', 2, 81000000, 1920, 4, 0, 0),
       (45340, 288, '15', 1, 130000000, 1350, 4, 0, 0),
       (45341, 288, '16', 3, 71000000, 1350, 4, 0, 0),
       (45342, 288, '17', 3, 104000000, 1320, 5, 0, 0),
       (45343, 288, '18', 2, 64000000, 1710, 5, 0, 0),
       (45344, 288, '19', 3, 94000000, 1140, 5, 0, 0),
       (45345, 288, '20', 3, 71000000, 1890, 5, 0, 0),
       (45346, 288, '21', 1, 108000000, 1630, 6, 0, 0),
       (45347, 288, '22', 2, 55000000, 1040, 6, 0, 0),
       (45348, 288, '23', 1, 73000000, 2000, 6, 0, 0),
       (45349, 288, '24', 2, 52000000, 990, 6, 0, 0),
       (45350, 288, '25', 1, 116000000, 1940, 7, 0, 0),
       (45351, 288, '26', 3, 120000000, 1100, 7, 0, 0),
       (45352, 288, '27', 1, 50000000, 1180, 7, 0, 0),
       (45353, 288, '28', 2, 103000000, 1300, 7, 0, 0),
       (45354, 288, '29', 2, 45000000, 1950, 8, 0, 0),
       (45355, 288, '30', 1, 41000000, 1340, 8, 0, 0),
       (45356, 288, '31', 2, 70000000, 950, 8, 0, 0),
       (45357, 288, '32', 1, 104000000, 1670, 8, 0, 0),
       (45358, 288, '33', 3, 86000000, 1350, 9, 0, 0),
       (45359, 288, '34', 3, 148000000, 1020, 9, 0, 0),
       (45360, 288, '35', 3, 105000000, 1730, 9, 0, 0),
       (45361, 288, '36', 3, 100000000, 1170, 9, 0, 0),
       (45362, 288, '37', 2, 72000000, 1510, 10, 0, 0),
       (45363, 288, '38', 1, 100000000, 1570, 10, 0, 0),
       (45364, 288, '39', 3, 126000000, 1840, 10, 0, 0),
       (45365, 288, '40', 1, 40000000, 1750, 10, 0, 0),
       (45366, 288, '41', 3, 91000000, 920, 11, 0, 0),
       (45367, 288, '42', 3, 116000000, 980, 11, 0, 0),
       (45368, 288, '43', 3, 63000000, 1030, 11, 0, 0),
       (45369, 288, '44', 1, 53000000, 1250, 11, 0, 0),
       (45370, 288, '45', 2, 80000000, 1090, 12, 0, 0),
       (45371, 288, '46', 3, 134000000, 1380, 12, 0, 0),
       (45372, 288, '47', 1, 85000000, 1530, 12, 0, 0),
       (45373, 288, '48', 2, 92000000, 1130, 12, 0, 0),
       (45374, 288, '49', 3, 93000000, 1610, 13, 0, 0),
       (45375, 288, '50', 3, 119000000, 1850, 13, 0, 0),
       (45376, 288, '51', 2, 92000000, 1610, 13, 0, 0),
       (45377, 288, '52', 3, 96000000, 1780, 13, 0, 0),
       (45378, 288, '53', 3, 127000000, 1690, 14, 0, 0),
       (45379, 288, '54', 2, 40000000, 970, 14, 0, 0),
       (45380, 288, '55', 3, 52000000, 1070, 14, 0, 0),
       (45381, 288, '56', 3, 41000000, 1010, 14, 0, 0),
       (45382, 288, '57', 2, 79000000, 1580, 15, 0, 0),
       (45383, 288, '58', 1, 102000000, 1500, 15, 0, 0),
       (45384, 288, '59', 3, 56000000, 1010, 15, 0, 0),
       (45385, 288, '60', 2, 99000000, 970, 15, 0, 0),
       (45386, 288, '61', 3, 126000000, 950, 16, 0, 0),
       (45387, 288, '62', 2, 76000000, 1960, 16, 0, 0),
       (45388, 288, '63', 2, 117000000, 1820, 16, 0, 0),
       (45389, 288, '64', 3, 81000000, 1150, 16, 0, 0),
       (45390, 288, '65', 3, 90000000, 1600, 17, 0, 0),
       (45391, 288, '66', 2, 90000000, 1530, 17, 0, 0),
       (45392, 288, '67', 3, 52000000, 1430, 17, 0, 0),
       (45393, 288, '68', 2, 71000000, 1670, 17, 0, 0),
       (45394, 288, '69', 3, 148000000, 1630, 18, 0, 0),
       (45395, 288, '70', 1, 62000000, 940, 18, 0, 0),
       (45396, 288, '71', 2, 109000000, 1810, 18, 0, 0),
       (45397, 288, '72', 3, 127000000, 1020, 18, 0, 0),
       (45398, 288, '73', 1, 77000000, 1530, 19, 0, 0),
       (45399, 288, '74', 1, 80000000, 1000, 19, 0, 0),
       (45400, 288, '75', 3, 107000000, 1590, 19, 0, 0),
       (45401, 288, '76', 3, 74000000, 1520, 19, 0, 0),
       (45402, 288, '77', 3, 127000000, 1410, 20, 0, 0),
       (45403, 288, '78', 2, 150000000, 1010, 20, 0, 0),
       (45404, 288, '79', 1, 133000000, 1910, 20, 0, 0),
       (45405, 288, '80', 3, 114000000, 1020, 20, 0, 0),
       (45406, 288, '81', 3, 46000000, 940, 21, 0, 0),
       (45407, 288, '82', 3, 50000000, 1830, 21, 0, 0),
       (45408, 288, '83', 3, 66000000, 1370, 21, 0, 0),
       (45409, 288, '84', 1, 127000000, 1100, 21, 0, 0),
       (45410, 288, '85', 3, 58000000, 1420, 22, 0, 0),
       (45411, 288, '86', 3, 47000000, 1250, 22, 0, 0),
       (45412, 288, '87', 1, 109000000, 1510, 22, 0, 0),
       (45413, 288, '88', 1, 62000000, 1740, 22, 0, 0),
       (45414, 288, '89', 1, 137000000, 1830, 23, 0, 0),
       (45415, 288, '90', 1, 128000000, 1960, 23, 0, 0),
       (45416, 288, '91', 1, 122000000, 1530, 23, 0, 0),
       (45417, 288, '92', 1, 78000000, 1070, 23, 0, 0);
insert into real_estate_building (id, address, complex_id, floor_count, dev_id)
values (289, 'г. Москва, ул. Московская, д. 18', 14, 25, 14);
insert into real_estate_object (id, building_id ,local_address, places, price, area, floor, type, estate_type)
values (45418, 289, '1', 2, 72000000, 1140, 1, 0, 0),
       (45419, 289, '2', 2, 120000000, 1680, 1, 0, 0),
       (45420, 289, '3', 3, 41000000, 1780, 1, 0, 0),
       (45421, 289, '4', 2, 110000000, 1760, 1, 0, 0),
       (45422, 289, '5', 1, 51000000, 1910, 2, 0, 0),
       (45423, 289, '6', 3, 123000000, 1960, 2, 0, 0),
       (45424, 289, '7', 2, 72000000, 1710, 2, 0, 0),
       (45425, 289, '8', 1, 124000000, 1380, 2, 0, 0),
       (45426, 289, '9', 1, 129000000, 1580, 3, 0, 0),
       (45427, 289, '10', 2, 65000000, 1740, 3, 0, 0),
       (45428, 289, '11', 1, 93000000, 1580, 3, 0, 0),
       (45429, 289, '12', 3, 117000000, 1200, 3, 0, 0),
       (45430, 289, '13', 3, 92000000, 1240, 4, 0, 0),
       (45431, 289, '14', 2, 80000000, 1050, 4, 0, 0),
       (45432, 289, '15', 2, 47000000, 1940, 4, 0, 0),
       (45433, 289, '16', 1, 97000000, 1720, 4, 0, 0),
       (45434, 289, '17', 3, 139000000, 1160, 5, 0, 0),
       (45435, 289, '18', 3, 53000000, 2000, 5, 0, 0),
       (45436, 289, '19', 2, 138000000, 1690, 5, 0, 0),
       (45437, 289, '20', 1, 43000000, 980, 5, 0, 0),
       (45438, 289, '21', 1, 145000000, 1160, 6, 0, 0),
       (45439, 289, '22', 3, 135000000, 1250, 6, 0, 0),
       (45440, 289, '23', 3, 70000000, 1590, 6, 0, 0),
       (45441, 289, '24', 2, 79000000, 1160, 6, 0, 0),
       (45442, 289, '25', 3, 70000000, 2000, 7, 0, 0),
       (45443, 289, '26', 2, 142000000, 1020, 7, 0, 0),
       (45444, 289, '27', 2, 76000000, 1320, 7, 0, 0),
       (45445, 289, '28', 1, 144000000, 1140, 7, 0, 0),
       (45446, 289, '29', 3, 99000000, 1030, 8, 0, 0),
       (45447, 289, '30', 2, 81000000, 1420, 8, 0, 0),
       (45448, 289, '31', 1, 126000000, 1930, 8, 0, 0),
       (45449, 289, '32', 3, 87000000, 1110, 8, 0, 0),
       (45450, 289, '33', 3, 60000000, 1730, 9, 0, 0),
       (45451, 289, '34', 3, 147000000, 1300, 9, 0, 0),
       (45452, 289, '35', 2, 85000000, 1680, 9, 0, 0),
       (45453, 289, '36', 1, 91000000, 920, 9, 0, 0),
       (45454, 289, '37', 2, 108000000, 1690, 10, 0, 0),
       (45455, 289, '38', 2, 117000000, 1770, 10, 0, 0),
       (45456, 289, '39', 3, 53000000, 1160, 10, 0, 0),
       (45457, 289, '40', 1, 49000000, 1040, 10, 0, 0),
       (45458, 289, '41', 1, 111000000, 1030, 11, 0, 0),
       (45459, 289, '42', 1, 101000000, 1690, 11, 0, 0),
       (45460, 289, '43', 2, 98000000, 1010, 11, 0, 0),
       (45461, 289, '44', 2, 99000000, 1230, 11, 0, 0),
       (45462, 289, '45', 2, 105000000, 1190, 12, 0, 0),
       (45463, 289, '46', 1, 140000000, 1910, 12, 0, 0),
       (45464, 289, '47', 3, 71000000, 1250, 12, 0, 0),
       (45465, 289, '48', 1, 149000000, 1300, 12, 0, 0),
       (45466, 289, '49', 3, 98000000, 1280, 13, 0, 0),
       (45467, 289, '50', 2, 84000000, 1290, 13, 0, 0),
       (45468, 289, '51', 2, 48000000, 1000, 13, 0, 0),
       (45469, 289, '52', 1, 141000000, 910, 13, 0, 0),
       (45470, 289, '53', 3, 122000000, 1470, 14, 0, 0),
       (45471, 289, '54', 3, 42000000, 1730, 14, 0, 0),
       (45472, 289, '55', 1, 102000000, 1480, 14, 0, 0),
       (45473, 289, '56', 2, 58000000, 1630, 14, 0, 0),
       (45474, 289, '57', 1, 68000000, 1470, 15, 0, 0),
       (45475, 289, '58', 1, 132000000, 1580, 15, 0, 0),
       (45476, 289, '59', 1, 116000000, 1400, 15, 0, 0),
       (45477, 289, '60', 3, 134000000, 1290, 15, 0, 0),
       (45478, 289, '61', 3, 109000000, 1670, 16, 0, 0),
       (45479, 289, '62', 1, 82000000, 1010, 16, 0, 0),
       (45480, 289, '63', 3, 132000000, 1290, 16, 0, 0),
       (45481, 289, '64', 3, 73000000, 1410, 16, 0, 0),
       (45482, 289, '65', 2, 101000000, 980, 17, 0, 0),
       (45483, 289, '66', 2, 52000000, 1430, 17, 0, 0),
       (45484, 289, '67', 3, 69000000, 1030, 17, 0, 0),
       (45485, 289, '68', 2, 96000000, 1640, 17, 0, 0),
       (45486, 289, '69', 3, 117000000, 1330, 18, 0, 0),
       (45487, 289, '70', 2, 104000000, 1140, 18, 0, 0),
       (45488, 289, '71', 3, 79000000, 1800, 18, 0, 0),
       (45489, 289, '72', 2, 41000000, 1860, 18, 0, 0),
       (45490, 289, '73', 3, 80000000, 1660, 19, 0, 0),
       (45491, 289, '74', 3, 126000000, 1850, 19, 0, 0),
       (45492, 289, '75', 3, 46000000, 970, 19, 0, 0),
       (45493, 289, '76', 2, 73000000, 1950, 19, 0, 0),
       (45494, 289, '77', 3, 125000000, 950, 20, 0, 0),
       (45495, 289, '78', 2, 134000000, 1650, 20, 0, 0),
       (45496, 289, '79', 2, 124000000, 990, 20, 0, 0),
       (45497, 289, '80', 2, 87000000, 1780, 20, 0, 0),
       (45498, 289, '81', 3, 55000000, 1700, 21, 0, 0),
       (45499, 289, '82', 2, 141000000, 1700, 21, 0, 0),
       (45500, 289, '83', 2, 119000000, 930, 21, 0, 0),
       (45501, 289, '84', 2, 115000000, 1490, 21, 0, 0),
       (45502, 289, '85', 2, 53000000, 930, 22, 0, 0),
       (45503, 289, '86', 3, 129000000, 1410, 22, 0, 0),
       (45504, 289, '87', 3, 41000000, 1580, 22, 0, 0),
       (45505, 289, '88', 2, 55000000, 1740, 22, 0, 0),
       (45506, 289, '89', 1, 139000000, 1560, 23, 0, 0),
       (45507, 289, '90', 2, 51000000, 1140, 23, 0, 0),
       (45508, 289, '91', 3, 74000000, 1590, 23, 0, 0),
       (45509, 289, '92', 3, 123000000, 930, 23, 0, 0),
       (45510, 289, '93', 1, 141000000, 1410, 24, 0, 0),
       (45511, 289, '94', 3, 64000000, 1570, 24, 0, 0),
       (45512, 289, '95', 2, 124000000, 1660, 24, 0, 0),
       (45513, 289, '96', 1, 138000000, 930, 24, 0, 0),
       (45514, 289, '97', 2, 121000000, 990, 25, 0, 0),
       (45515, 289, '98', 2, 43000000, 1350, 25, 0, 0),
       (45516, 289, '99', 1, 50000000, 1860, 25, 0, 0),
       (45517, 289, '100', 1, 90000000, 1480, 25, 0, 0);
insert into real_estate_building (id, address, complex_id, floor_count, dev_id)
values (290, 'г. Москва, ул. Московская, д. 19', 14, 24, 14);
insert into real_estate_object (id, building_id ,local_address, places, price, area, floor, type, estate_type)
values (45518, 290, '1', 3, 144000000, 1090, 1, 0, 0),
       (45519, 290, '2', 1, 97000000, 1080, 1, 0, 0),
       (45520, 290, '3', 1, 78000000, 1920, 1, 0, 0),
       (45521, 290, '4', 1, 91000000, 1800, 1, 0, 0),
       (45522, 290, '5', 3, 92000000, 1860, 2, 0, 0),
       (45523, 290, '6', 2, 58000000, 1940, 2, 0, 0),
       (45524, 290, '7', 1, 111000000, 1500, 2, 0, 0),
       (45525, 290, '8', 2, 48000000, 940, 2, 0, 0),
       (45526, 290, '9', 1, 127000000, 1240, 3, 0, 0),
       (45527, 290, '10', 1, 80000000, 1130, 3, 0, 0),
       (45528, 290, '11', 1, 57000000, 1460, 3, 0, 0),
       (45529, 290, '12', 3, 130000000, 980, 3, 0, 0),
       (45530, 290, '13', 2, 115000000, 1110, 4, 0, 0),
       (45531, 290, '14', 1, 89000000, 920, 4, 0, 0),
       (45532, 290, '15', 3, 119000000, 1440, 4, 0, 0),
       (45533, 290, '16', 3, 99000000, 1630, 4, 0, 0),
       (45534, 290, '17', 1, 84000000, 1250, 5, 0, 0),
       (45535, 290, '18', 3, 126000000, 1630, 5, 0, 0),
       (45536, 290, '19', 2, 143000000, 1420, 5, 0, 0),
       (45537, 290, '20', 1, 82000000, 1380, 5, 0, 0),
       (45538, 290, '21', 3, 79000000, 1110, 6, 0, 0),
       (45539, 290, '22', 1, 143000000, 1750, 6, 0, 0),
       (45540, 290, '23', 1, 118000000, 1670, 6, 0, 0),
       (45541, 290, '24', 2, 146000000, 1090, 6, 0, 0),
       (45542, 290, '25', 1, 88000000, 1120, 7, 0, 0),
       (45543, 290, '26', 3, 97000000, 1700, 7, 0, 0),
       (45544, 290, '27', 2, 137000000, 1760, 7, 0, 0),
       (45545, 290, '28', 3, 104000000, 1490, 7, 0, 0),
       (45546, 290, '29', 2, 50000000, 1490, 8, 0, 0),
       (45547, 290, '30', 1, 66000000, 960, 8, 0, 0),
       (45548, 290, '31', 3, 47000000, 980, 8, 0, 0),
       (45549, 290, '32', 3, 54000000, 1700, 8, 0, 0),
       (45550, 290, '33', 2, 63000000, 1800, 9, 0, 0),
       (45551, 290, '34', 2, 82000000, 1490, 9, 0, 0),
       (45552, 290, '35', 3, 108000000, 1760, 9, 0, 0),
       (45553, 290, '36', 2, 60000000, 1820, 9, 0, 0),
       (45554, 290, '37', 2, 130000000, 1050, 10, 0, 0),
       (45555, 290, '38', 3, 125000000, 1320, 10, 0, 0),
       (45556, 290, '39', 3, 94000000, 1600, 10, 0, 0),
       (45557, 290, '40', 1, 147000000, 1310, 10, 0, 0),
       (45558, 290, '41', 3, 43000000, 1620, 11, 0, 0),
       (45559, 290, '42', 1, 150000000, 1110, 11, 0, 0),
       (45560, 290, '43', 2, 67000000, 1730, 11, 0, 0),
       (45561, 290, '44', 3, 143000000, 1910, 11, 0, 0),
       (45562, 290, '45', 3, 72000000, 1650, 12, 0, 0),
       (45563, 290, '46', 2, 150000000, 910, 12, 0, 0),
       (45564, 290, '47', 3, 94000000, 1390, 12, 0, 0),
       (45565, 290, '48', 1, 92000000, 1900, 12, 0, 0),
       (45566, 290, '49', 3, 80000000, 1990, 13, 0, 0),
       (45567, 290, '50', 2, 72000000, 1420, 13, 0, 0),
       (45568, 290, '51', 1, 100000000, 1220, 13, 0, 0),
       (45569, 290, '52', 1, 120000000, 1640, 13, 0, 0),
       (45570, 290, '53', 2, 68000000, 1730, 14, 0, 0),
       (45571, 290, '54', 1, 98000000, 1520, 14, 0, 0),
       (45572, 290, '55', 2, 103000000, 1960, 14, 0, 0),
       (45573, 290, '56', 3, 98000000, 1670, 14, 0, 0),
       (45574, 290, '57', 2, 147000000, 1540, 15, 0, 0),
       (45575, 290, '58', 2, 86000000, 1020, 15, 0, 0),
       (45576, 290, '59', 3, 64000000, 1550, 15, 0, 0),
       (45577, 290, '60', 2, 148000000, 1430, 15, 0, 0),
       (45578, 290, '61', 3, 129000000, 1350, 16, 0, 0),
       (45579, 290, '62', 1, 42000000, 1640, 16, 0, 0),
       (45580, 290, '63', 1, 70000000, 1190, 16, 0, 0),
       (45581, 290, '64', 1, 94000000, 1620, 16, 0, 0),
       (45582, 290, '65', 1, 47000000, 1350, 17, 0, 0),
       (45583, 290, '66', 3, 97000000, 1220, 17, 0, 0),
       (45584, 290, '67', 2, 110000000, 1090, 17, 0, 0),
       (45585, 290, '68', 2, 132000000, 910, 17, 0, 0),
       (45586, 290, '69', 3, 66000000, 1970, 18, 0, 0),
       (45587, 290, '70', 2, 44000000, 1930, 18, 0, 0),
       (45588, 290, '71', 3, 108000000, 1250, 18, 0, 0),
       (45589, 290, '72', 3, 80000000, 1490, 18, 0, 0),
       (45590, 290, '73', 2, 125000000, 1230, 19, 0, 0),
       (45591, 290, '74', 3, 48000000, 1780, 19, 0, 0),
       (45592, 290, '75', 3, 50000000, 1940, 19, 0, 0),
       (45593, 290, '76', 3, 129000000, 1670, 19, 0, 0),
       (45594, 290, '77', 1, 119000000, 1000, 20, 0, 0),
       (45595, 290, '78', 3, 63000000, 910, 20, 0, 0),
       (45596, 290, '79', 3, 108000000, 1750, 20, 0, 0),
       (45597, 290, '80', 2, 141000000, 930, 20, 0, 0),
       (45598, 290, '81', 3, 71000000, 1370, 21, 0, 0),
       (45599, 290, '82', 2, 121000000, 1480, 21, 0, 0),
       (45600, 290, '83', 3, 76000000, 1650, 21, 0, 0),
       (45601, 290, '84', 1, 120000000, 1400, 21, 0, 0),
       (45602, 290, '85', 3, 135000000, 1030, 22, 0, 0),
       (45603, 290, '86', 1, 122000000, 1080, 22, 0, 0),
       (45604, 290, '87', 2, 138000000, 1760, 22, 0, 0),
       (45605, 290, '88', 2, 111000000, 1870, 22, 0, 0),
       (45606, 290, '89', 3, 59000000, 1170, 23, 0, 0),
       (45607, 290, '90', 3, 59000000, 1860, 23, 0, 0),
       (45608, 290, '91', 3, 49000000, 1700, 23, 0, 0),
       (45609, 290, '92', 2, 54000000, 1890, 23, 0, 0),
       (45610, 290, '93', 3, 68000000, 2000, 24, 0, 0),
       (45611, 290, '94', 3, 86000000, 1880, 24, 0, 0),
       (45612, 290, '95', 2, 60000000, 1850, 24, 0, 0),
       (45613, 290, '96', 2, 80000000, 1790, 24, 0, 0);
insert into real_estate_building (id, address, complex_id, floor_count, dev_id)
values (291, 'г. Москва, ул. Московская, д. 20', 14, 25, 14);
insert into real_estate_object (id, building_id ,local_address, places, price, area, floor, type, estate_type)
values (45614, 291, '1', 3, 76000000, 1670, 1, 0, 0),
       (45615, 291, '2', 2, 62000000, 1590, 1, 0, 0),
       (45616, 291, '3', 2, 124000000, 1620, 1, 0, 0),
       (45617, 291, '4', 2, 56000000, 2000, 1, 0, 0),
       (45618, 291, '5', 2, 134000000, 1380, 2, 0, 0),
       (45619, 291, '6', 3, 133000000, 1500, 2, 0, 0),
       (45620, 291, '7', 1, 75000000, 1790, 2, 0, 0),
       (45621, 291, '8', 2, 40000000, 1270, 2, 0, 0),
       (45622, 291, '9', 2, 55000000, 1030, 3, 0, 0),
       (45623, 291, '10', 1, 72000000, 1550, 3, 0, 0),
       (45624, 291, '11', 2, 44000000, 1620, 3, 0, 0),
       (45625, 291, '12', 2, 109000000, 1120, 3, 0, 0),
       (45626, 291, '13', 3, 55000000, 1840, 4, 0, 0),
       (45627, 291, '14', 1, 80000000, 1630, 4, 0, 0),
       (45628, 291, '15', 2, 91000000, 1810, 4, 0, 0),
       (45629, 291, '16', 1, 115000000, 1700, 4, 0, 0),
       (45630, 291, '17', 1, 111000000, 1420, 5, 0, 0),
       (45631, 291, '18', 3, 104000000, 1870, 5, 0, 0),
       (45632, 291, '19', 3, 109000000, 1950, 5, 0, 0),
       (45633, 291, '20', 3, 70000000, 1260, 5, 0, 0),
       (45634, 291, '21', 2, 123000000, 1470, 6, 0, 0),
       (45635, 291, '22', 1, 98000000, 1330, 6, 0, 0),
       (45636, 291, '23', 3, 81000000, 1400, 6, 0, 0),
       (45637, 291, '24', 2, 129000000, 1630, 6, 0, 0),
       (45638, 291, '25', 2, 65000000, 1870, 7, 0, 0),
       (45639, 291, '26', 3, 98000000, 1430, 7, 0, 0),
       (45640, 291, '27', 2, 93000000, 1910, 7, 0, 0),
       (45641, 291, '28', 2, 40000000, 1600, 7, 0, 0),
       (45642, 291, '29', 2, 78000000, 1830, 8, 0, 0),
       (45643, 291, '30', 3, 137000000, 1990, 8, 0, 0),
       (45644, 291, '31', 3, 71000000, 1990, 8, 0, 0),
       (45645, 291, '32', 1, 89000000, 1540, 8, 0, 0),
       (45646, 291, '33', 1, 113000000, 1520, 9, 0, 0),
       (45647, 291, '34', 2, 82000000, 1010, 9, 0, 0),
       (45648, 291, '35', 2, 109000000, 1080, 9, 0, 0),
       (45649, 291, '36', 1, 71000000, 1560, 9, 0, 0),
       (45650, 291, '37', 3, 137000000, 1890, 10, 0, 0),
       (45651, 291, '38', 1, 145000000, 1530, 10, 0, 0),
       (45652, 291, '39', 1, 76000000, 1730, 10, 0, 0),
       (45653, 291, '40', 1, 72000000, 1470, 10, 0, 0),
       (45654, 291, '41', 3, 66000000, 1360, 11, 0, 0),
       (45655, 291, '42', 2, 121000000, 1810, 11, 0, 0),
       (45656, 291, '43', 2, 68000000, 1830, 11, 0, 0),
       (45657, 291, '44', 2, 53000000, 1870, 11, 0, 0),
       (45658, 291, '45', 3, 143000000, 1540, 12, 0, 0),
       (45659, 291, '46', 1, 63000000, 1190, 12, 0, 0),
       (45660, 291, '47', 1, 74000000, 1370, 12, 0, 0),
       (45661, 291, '48', 1, 52000000, 1500, 12, 0, 0),
       (45662, 291, '49', 1, 63000000, 1490, 13, 0, 0),
       (45663, 291, '50', 2, 119000000, 1400, 13, 0, 0),
       (45664, 291, '51', 1, 97000000, 1750, 13, 0, 0),
       (45665, 291, '52', 1, 136000000, 920, 13, 0, 0),
       (45666, 291, '53', 1, 119000000, 1580, 14, 0, 0),
       (45667, 291, '54', 3, 121000000, 1640, 14, 0, 0),
       (45668, 291, '55', 3, 80000000, 1150, 14, 0, 0),
       (45669, 291, '56', 1, 120000000, 940, 14, 0, 0),
       (45670, 291, '57', 1, 132000000, 1560, 15, 0, 0),
       (45671, 291, '58', 2, 70000000, 1750, 15, 0, 0),
       (45672, 291, '59', 1, 58000000, 1180, 15, 0, 0),
       (45673, 291, '60', 3, 85000000, 1450, 15, 0, 0),
       (45674, 291, '61', 3, 112000000, 1510, 16, 0, 0),
       (45675, 291, '62', 1, 46000000, 1480, 16, 0, 0),
       (45676, 291, '63', 1, 111000000, 1930, 16, 0, 0),
       (45677, 291, '64', 3, 47000000, 1760, 16, 0, 0),
       (45678, 291, '65', 3, 77000000, 1340, 17, 0, 0),
       (45679, 291, '66', 3, 49000000, 1760, 17, 0, 0),
       (45680, 291, '67', 3, 148000000, 1890, 17, 0, 0),
       (45681, 291, '68', 1, 104000000, 1550, 17, 0, 0),
       (45682, 291, '69', 3, 92000000, 1730, 18, 0, 0),
       (45683, 291, '70', 1, 62000000, 1620, 18, 0, 0),
       (45684, 291, '71', 3, 140000000, 1290, 18, 0, 0),
       (45685, 291, '72', 1, 128000000, 1280, 18, 0, 0),
       (45686, 291, '73', 1, 113000000, 1560, 19, 0, 0),
       (45687, 291, '74', 2, 53000000, 1510, 19, 0, 0),
       (45688, 291, '75', 3, 99000000, 1990, 19, 0, 0),
       (45689, 291, '76', 1, 141000000, 1130, 19, 0, 0),
       (45690, 291, '77', 3, 62000000, 1930, 20, 0, 0),
       (45691, 291, '78', 1, 73000000, 1200, 20, 0, 0),
       (45692, 291, '79', 2, 109000000, 1370, 20, 0, 0),
       (45693, 291, '80', 3, 90000000, 1940, 20, 0, 0),
       (45694, 291, '81', 2, 85000000, 1080, 21, 0, 0),
       (45695, 291, '82', 2, 48000000, 1110, 21, 0, 0),
       (45696, 291, '83', 1, 105000000, 1130, 21, 0, 0),
       (45697, 291, '84', 3, 81000000, 1440, 21, 0, 0),
       (45698, 291, '85', 2, 108000000, 900, 22, 0, 0),
       (45699, 291, '86', 1, 92000000, 1780, 22, 0, 0),
       (45700, 291, '87', 2, 40000000, 1310, 22, 0, 0),
       (45701, 291, '88', 1, 43000000, 1240, 22, 0, 0),
       (45702, 291, '89', 2, 106000000, 1980, 23, 0, 0),
       (45703, 291, '90', 3, 65000000, 1700, 23, 0, 0),
       (45704, 291, '91', 3, 69000000, 1260, 23, 0, 0),
       (45705, 291, '92', 1, 70000000, 1490, 23, 0, 0),
       (45706, 291, '93', 1, 72000000, 1550, 24, 0, 0),
       (45707, 291, '94', 1, 125000000, 1020, 24, 0, 0),
       (45708, 291, '95', 1, 121000000, 1130, 24, 0, 0),
       (45709, 291, '96', 1, 138000000, 1540, 24, 0, 0),
       (45710, 291, '97', 2, 135000000, 1490, 25, 0, 0),
       (45711, 291, '98', 2, 88000000, 1160, 25, 0, 0),
       (45712, 291, '99', 2, 65000000, 1120, 25, 0, 0),
       (45713, 291, '100', 2, 93000000, 1590, 25, 0, 0);
insert into real_estate_building (id, address, complex_id, floor_count, dev_id)
values (292, 'г. Москва, ул. Московская, д. 21', 14, 22, 14);
insert into real_estate_object (id, building_id ,local_address, places, price, area, floor, type, estate_type)
values (45714, 292, '1', 1, 74000000, 1910, 1, 0, 0),
       (45715, 292, '2', 1, 127000000, 1020, 1, 0, 0),
       (45716, 292, '3', 3, 46000000, 1110, 1, 0, 0),
       (45717, 292, '4', 3, 121000000, 1050, 1, 0, 0),
       (45718, 292, '5', 2, 84000000, 1430, 2, 0, 0),
       (45719, 292, '6', 3, 100000000, 1720, 2, 0, 0),
       (45720, 292, '7', 2, 107000000, 1820, 2, 0, 0),
       (45721, 292, '8', 1, 100000000, 1960, 2, 0, 0),
       (45722, 292, '9', 3, 83000000, 1570, 3, 0, 0),
       (45723, 292, '10', 2, 99000000, 980, 3, 0, 0),
       (45724, 292, '11', 2, 128000000, 1220, 3, 0, 0),
       (45725, 292, '12', 1, 85000000, 1690, 3, 0, 0),
       (45726, 292, '13', 2, 132000000, 1880, 4, 0, 0),
       (45727, 292, '14', 1, 88000000, 1430, 4, 0, 0),
       (45728, 292, '15', 2, 123000000, 1950, 4, 0, 0),
       (45729, 292, '16', 2, 150000000, 1750, 4, 0, 0),
       (45730, 292, '17', 3, 49000000, 1440, 5, 0, 0),
       (45731, 292, '18', 2, 89000000, 1030, 5, 0, 0),
       (45732, 292, '19', 2, 127000000, 1220, 5, 0, 0),
       (45733, 292, '20', 2, 76000000, 1870, 5, 0, 0),
       (45734, 292, '21', 1, 82000000, 1310, 6, 0, 0),
       (45735, 292, '22', 1, 45000000, 1680, 6, 0, 0),
       (45736, 292, '23', 2, 99000000, 990, 6, 0, 0),
       (45737, 292, '24', 1, 78000000, 1160, 6, 0, 0),
       (45738, 292, '25', 3, 140000000, 1980, 7, 0, 0),
       (45739, 292, '26', 3, 83000000, 1460, 7, 0, 0),
       (45740, 292, '27', 1, 142000000, 1330, 7, 0, 0),
       (45741, 292, '28', 1, 142000000, 1270, 7, 0, 0),
       (45742, 292, '29', 3, 142000000, 1750, 8, 0, 0),
       (45743, 292, '30', 3, 95000000, 1880, 8, 0, 0),
       (45744, 292, '31', 1, 148000000, 1760, 8, 0, 0),
       (45745, 292, '32', 2, 116000000, 940, 8, 0, 0),
       (45746, 292, '33', 2, 48000000, 1610, 9, 0, 0),
       (45747, 292, '34', 3, 126000000, 1950, 9, 0, 0),
       (45748, 292, '35', 1, 95000000, 1590, 9, 0, 0),
       (45749, 292, '36', 2, 54000000, 1120, 9, 0, 0),
       (45750, 292, '37', 3, 55000000, 960, 10, 0, 0),
       (45751, 292, '38', 2, 113000000, 1700, 10, 0, 0),
       (45752, 292, '39', 3, 52000000, 1690, 10, 0, 0),
       (45753, 292, '40', 2, 130000000, 1200, 10, 0, 0),
       (45754, 292, '41', 2, 138000000, 1320, 11, 0, 0),
       (45755, 292, '42', 1, 112000000, 1770, 11, 0, 0),
       (45756, 292, '43', 1, 114000000, 1540, 11, 0, 0),
       (45757, 292, '44', 3, 46000000, 1600, 11, 0, 0),
       (45758, 292, '45', 1, 47000000, 1010, 12, 0, 0),
       (45759, 292, '46', 2, 98000000, 1420, 12, 0, 0),
       (45760, 292, '47', 1, 137000000, 1400, 12, 0, 0),
       (45761, 292, '48', 3, 73000000, 1190, 12, 0, 0),
       (45762, 292, '49', 1, 133000000, 1990, 13, 0, 0),
       (45763, 292, '50', 2, 143000000, 930, 13, 0, 0),
       (45764, 292, '51', 2, 51000000, 1830, 13, 0, 0),
       (45765, 292, '52', 3, 59000000, 1910, 13, 0, 0),
       (45766, 292, '53', 1, 139000000, 1670, 14, 0, 0),
       (45767, 292, '54', 2, 138000000, 1180, 14, 0, 0),
       (45768, 292, '55', 1, 57000000, 1270, 14, 0, 0),
       (45769, 292, '56', 3, 80000000, 1500, 14, 0, 0),
       (45770, 292, '57', 1, 125000000, 1430, 15, 0, 0),
       (45771, 292, '58', 3, 124000000, 1460, 15, 0, 0),
       (45772, 292, '59', 1, 116000000, 1480, 15, 0, 0),
       (45773, 292, '60', 1, 45000000, 1570, 15, 0, 0),
       (45774, 292, '61', 1, 60000000, 1000, 16, 0, 0),
       (45775, 292, '62', 2, 77000000, 1120, 16, 0, 0),
       (45776, 292, '63', 1, 113000000, 1020, 16, 0, 0),
       (45777, 292, '64', 2, 100000000, 1280, 16, 0, 0),
       (45778, 292, '65', 2, 72000000, 1430, 17, 0, 0),
       (45779, 292, '66', 2, 73000000, 1200, 17, 0, 0),
       (45780, 292, '67', 2, 128000000, 1300, 17, 0, 0),
       (45781, 292, '68', 3, 78000000, 1020, 17, 0, 0),
       (45782, 292, '69', 2, 49000000, 1660, 18, 0, 0),
       (45783, 292, '70', 3, 139000000, 1650, 18, 0, 0),
       (45784, 292, '71', 1, 59000000, 1990, 18, 0, 0),
       (45785, 292, '72', 2, 137000000, 1340, 18, 0, 0),
       (45786, 292, '73', 2, 123000000, 1660, 19, 0, 0),
       (45787, 292, '74', 3, 115000000, 1350, 19, 0, 0),
       (45788, 292, '75', 1, 94000000, 1000, 19, 0, 0),
       (45789, 292, '76', 2, 87000000, 1400, 19, 0, 0),
       (45790, 292, '77', 1, 66000000, 1410, 20, 0, 0),
       (45791, 292, '78', 3, 69000000, 970, 20, 0, 0),
       (45792, 292, '79', 3, 43000000, 1010, 20, 0, 0),
       (45793, 292, '80', 1, 122000000, 1350, 20, 0, 0),
       (45794, 292, '81', 2, 54000000, 1160, 21, 0, 0),
       (45795, 292, '82', 1, 62000000, 1720, 21, 0, 0),
       (45796, 292, '83', 3, 133000000, 1450, 21, 0, 0),
       (45797, 292, '84', 1, 55000000, 1910, 21, 0, 0),
       (45798, 292, '85', 2, 118000000, 1530, 22, 0, 0),
       (45799, 292, '86', 1, 42000000, 1560, 22, 0, 0),
       (45800, 292, '87', 3, 63000000, 1810, 22, 0, 0),
       (45801, 292, '88', 1, 49000000, 1440, 22, 0, 0);
insert into real_estate_building (id, address, complex_id, floor_count, dev_id)
values (293, 'г. Москва, ул. Московская, д. 22', 14, 29, 14);
insert into real_estate_object (id, building_id ,local_address, places, price, area, floor, type, estate_type)
values (45802, 293, '1', 2, 86000000, 1880, 1, 0, 0),
       (45803, 293, '2', 1, 145000000, 1870, 1, 0, 0),
       (45804, 293, '3', 1, 87000000, 1100, 1, 0, 0),
       (45805, 293, '4', 3, 149000000, 1090, 1, 0, 0),
       (45806, 293, '5', 2, 56000000, 1700, 2, 0, 0),
       (45807, 293, '6', 3, 122000000, 1650, 2, 0, 0),
       (45808, 293, '7', 2, 113000000, 1080, 2, 0, 0),
       (45809, 293, '8', 1, 64000000, 990, 2, 0, 0),
       (45810, 293, '9', 1, 119000000, 900, 3, 0, 0),
       (45811, 293, '10', 1, 129000000, 1180, 3, 0, 0),
       (45812, 293, '11', 2, 47000000, 1990, 3, 0, 0),
       (45813, 293, '12', 3, 125000000, 1730, 3, 0, 0),
       (45814, 293, '13', 3, 135000000, 1960, 4, 0, 0),
       (45815, 293, '14', 1, 82000000, 1510, 4, 0, 0),
       (45816, 293, '15', 1, 145000000, 1650, 4, 0, 0),
       (45817, 293, '16', 1, 78000000, 1500, 4, 0, 0),
       (45818, 293, '17', 2, 44000000, 1830, 5, 0, 0),
       (45819, 293, '18', 3, 83000000, 1180, 5, 0, 0),
       (45820, 293, '19', 1, 92000000, 1640, 5, 0, 0),
       (45821, 293, '20', 3, 115000000, 1000, 5, 0, 0),
       (45822, 293, '21', 3, 75000000, 1800, 6, 0, 0),
       (45823, 293, '22', 2, 111000000, 1330, 6, 0, 0),
       (45824, 293, '23', 2, 91000000, 1920, 6, 0, 0),
       (45825, 293, '24', 1, 81000000, 1950, 6, 0, 0),
       (45826, 293, '25', 1, 150000000, 1460, 7, 0, 0),
       (45827, 293, '26', 3, 72000000, 1650, 7, 0, 0),
       (45828, 293, '27', 2, 55000000, 1190, 7, 0, 0),
       (45829, 293, '28', 1, 89000000, 920, 7, 0, 0),
       (45830, 293, '29', 2, 88000000, 1200, 8, 0, 0),
       (45831, 293, '30', 1, 117000000, 1430, 8, 0, 0),
       (45832, 293, '31', 3, 45000000, 1440, 8, 0, 0),
       (45833, 293, '32', 1, 147000000, 1700, 8, 0, 0),
       (45834, 293, '33', 2, 113000000, 1770, 9, 0, 0),
       (45835, 293, '34', 3, 96000000, 900, 9, 0, 0),
       (45836, 293, '35', 3, 116000000, 1360, 9, 0, 0),
       (45837, 293, '36', 2, 125000000, 940, 9, 0, 0),
       (45838, 293, '37', 2, 79000000, 1580, 10, 0, 0),
       (45839, 293, '38', 3, 141000000, 1640, 10, 0, 0),
       (45840, 293, '39', 3, 107000000, 1520, 10, 0, 0),
       (45841, 293, '40', 3, 63000000, 1900, 10, 0, 0),
       (45842, 293, '41', 2, 142000000, 1910, 11, 0, 0),
       (45843, 293, '42', 1, 66000000, 1910, 11, 0, 0),
       (45844, 293, '43', 1, 49000000, 1810, 11, 0, 0),
       (45845, 293, '44', 3, 82000000, 1890, 11, 0, 0),
       (45846, 293, '45', 2, 52000000, 1520, 12, 0, 0),
       (45847, 293, '46', 1, 137000000, 1080, 12, 0, 0),
       (45848, 293, '47', 2, 64000000, 1660, 12, 0, 0),
       (45849, 293, '48', 1, 101000000, 1210, 12, 0, 0),
       (45850, 293, '49', 2, 125000000, 1120, 13, 0, 0),
       (45851, 293, '50', 3, 62000000, 1320, 13, 0, 0),
       (45852, 293, '51', 2, 87000000, 1310, 13, 0, 0),
       (45853, 293, '52', 1, 43000000, 1830, 13, 0, 0),
       (45854, 293, '53', 2, 126000000, 1220, 14, 0, 0),
       (45855, 293, '54', 2, 78000000, 1940, 14, 0, 0),
       (45856, 293, '55', 2, 101000000, 990, 14, 0, 0),
       (45857, 293, '56', 3, 50000000, 1690, 14, 0, 0),
       (45858, 293, '57', 1, 80000000, 1380, 15, 0, 0),
       (45859, 293, '58', 2, 121000000, 970, 15, 0, 0),
       (45860, 293, '59', 2, 85000000, 1490, 15, 0, 0),
       (45861, 293, '60', 3, 126000000, 1740, 15, 0, 0),
       (45862, 293, '61', 3, 109000000, 960, 16, 0, 0),
       (45863, 293, '62', 2, 129000000, 1020, 16, 0, 0),
       (45864, 293, '63', 3, 82000000, 1690, 16, 0, 0),
       (45865, 293, '64', 3, 130000000, 1230, 16, 0, 0),
       (45866, 293, '65', 3, 42000000, 960, 17, 0, 0),
       (45867, 293, '66', 2, 119000000, 1570, 17, 0, 0),
       (45868, 293, '67', 2, 104000000, 1460, 17, 0, 0),
       (45869, 293, '68', 3, 65000000, 2000, 17, 0, 0),
       (45870, 293, '69', 2, 104000000, 1370, 18, 0, 0),
       (45871, 293, '70', 2, 43000000, 1700, 18, 0, 0),
       (45872, 293, '71', 2, 55000000, 1560, 18, 0, 0),
       (45873, 293, '72', 3, 108000000, 1880, 18, 0, 0),
       (45874, 293, '73', 1, 126000000, 1540, 19, 0, 0),
       (45875, 293, '74', 1, 88000000, 1060, 19, 0, 0),
       (45876, 293, '75', 2, 147000000, 1680, 19, 0, 0),
       (45877, 293, '76', 3, 109000000, 1810, 19, 0, 0),
       (45878, 293, '77', 3, 88000000, 1630, 20, 0, 0),
       (45879, 293, '78', 1, 67000000, 1410, 20, 0, 0),
       (45880, 293, '79', 3, 115000000, 1770, 20, 0, 0),
       (45881, 293, '80', 2, 133000000, 1050, 20, 0, 0),
       (45882, 293, '81', 2, 40000000, 1390, 21, 0, 0),
       (45883, 293, '82', 1, 125000000, 1420, 21, 0, 0),
       (45884, 293, '83', 3, 125000000, 1640, 21, 0, 0),
       (45885, 293, '84', 1, 59000000, 1210, 21, 0, 0),
       (45886, 293, '85', 3, 110000000, 1280, 22, 0, 0),
       (45887, 293, '86', 1, 150000000, 1710, 22, 0, 0),
       (45888, 293, '87', 3, 60000000, 1830, 22, 0, 0),
       (45889, 293, '88', 1, 95000000, 970, 22, 0, 0),
       (45890, 293, '89', 3, 85000000, 1800, 23, 0, 0),
       (45891, 293, '90', 1, 75000000, 1090, 23, 0, 0),
       (45892, 293, '91', 1, 40000000, 1420, 23, 0, 0),
       (45893, 293, '92', 1, 112000000, 1480, 23, 0, 0),
       (45894, 293, '93', 2, 89000000, 1830, 24, 0, 0),
       (45895, 293, '94', 1, 121000000, 1940, 24, 0, 0),
       (45896, 293, '95', 1, 147000000, 1780, 24, 0, 0),
       (45897, 293, '96', 3, 60000000, 1190, 24, 0, 0),
       (45898, 293, '97', 2, 58000000, 1640, 25, 0, 0),
       (45899, 293, '98', 2, 120000000, 1240, 25, 0, 0),
       (45900, 293, '99', 3, 131000000, 1650, 25, 0, 0),
       (45901, 293, '100', 1, 146000000, 970, 25, 0, 0),
       (45902, 293, '101', 2, 112000000, 1480, 26, 0, 0),
       (45903, 293, '102', 1, 69000000, 1540, 26, 0, 0),
       (45904, 293, '103', 2, 95000000, 1380, 26, 0, 0),
       (45905, 293, '104', 1, 64000000, 1080, 26, 0, 0),
       (45906, 293, '105', 3, 72000000, 1760, 27, 0, 0),
       (45907, 293, '106', 3, 131000000, 1550, 27, 0, 0),
       (45908, 293, '107', 2, 89000000, 1590, 27, 0, 0),
       (45909, 293, '108', 2, 94000000, 1060, 27, 0, 0),
       (45910, 293, '109', 1, 50000000, 1300, 28, 0, 0),
       (45911, 293, '110', 3, 55000000, 1690, 28, 0, 0),
       (45912, 293, '111', 2, 64000000, 1910, 28, 0, 0),
       (45913, 293, '112', 2, 140000000, 1540, 28, 0, 0),
       (45914, 293, '113', 2, 122000000, 1160, 29, 0, 0),
       (45915, 293, '114', 3, 120000000, 1500, 29, 0, 0),
       (45916, 293, '115', 1, 135000000, 1000, 29, 0, 0),
       (45917, 293, '116', 1, 60000000, 1370, 29, 0, 0);
insert into real_estate_building (id, address, complex_id, floor_count, dev_id)
values (294, 'г. Москва, ул. Московская, д. 23', 14, 28, 14);
insert into real_estate_object (id, building_id ,local_address, places, price, area, floor, type, estate_type)
values (45918, 294, '1', 1, 83000000, 1070, 1, 0, 0),
       (45919, 294, '2', 1, 88000000, 1590, 1, 0, 0),
       (45920, 294, '3', 1, 82000000, 1750, 1, 0, 0),
       (45921, 294, '4', 2, 143000000, 1080, 1, 0, 0),
       (45922, 294, '5', 2, 119000000, 1920, 2, 0, 0),
       (45923, 294, '6', 2, 98000000, 1060, 2, 0, 0),
       (45924, 294, '7', 3, 56000000, 1860, 2, 0, 0),
       (45925, 294, '8', 2, 97000000, 1660, 2, 0, 0),
       (45926, 294, '9', 2, 135000000, 1560, 3, 0, 0),
       (45927, 294, '10', 2, 86000000, 1740, 3, 0, 0),
       (45928, 294, '11', 3, 93000000, 1250, 3, 0, 0),
       (45929, 294, '12', 2, 113000000, 1140, 3, 0, 0),
       (45930, 294, '13', 3, 137000000, 1980, 4, 0, 0),
       (45931, 294, '14', 3, 117000000, 1330, 4, 0, 0),
       (45932, 294, '15', 1, 74000000, 980, 4, 0, 0),
       (45933, 294, '16', 1, 87000000, 1450, 4, 0, 0),
       (45934, 294, '17', 2, 61000000, 1880, 5, 0, 0),
       (45935, 294, '18', 2, 82000000, 930, 5, 0, 0),
       (45936, 294, '19', 2, 110000000, 1960, 5, 0, 0),
       (45937, 294, '20', 1, 115000000, 1710, 5, 0, 0),
       (45938, 294, '21', 3, 81000000, 940, 6, 0, 0),
       (45939, 294, '22', 2, 84000000, 1180, 6, 0, 0),
       (45940, 294, '23', 1, 61000000, 1520, 6, 0, 0),
       (45941, 294, '24', 2, 147000000, 1660, 6, 0, 0),
       (45942, 294, '25', 3, 80000000, 1680, 7, 0, 0),
       (45943, 294, '26', 1, 65000000, 1150, 7, 0, 0),
       (45944, 294, '27', 1, 84000000, 1350, 7, 0, 0),
       (45945, 294, '28', 3, 88000000, 930, 7, 0, 0),
       (45946, 294, '29', 2, 81000000, 1940, 8, 0, 0),
       (45947, 294, '30', 1, 81000000, 1380, 8, 0, 0),
       (45948, 294, '31', 1, 146000000, 990, 8, 0, 0),
       (45949, 294, '32', 1, 100000000, 920, 8, 0, 0),
       (45950, 294, '33', 2, 117000000, 1490, 9, 0, 0),
       (45951, 294, '34', 3, 148000000, 1640, 9, 0, 0),
       (45952, 294, '35', 1, 115000000, 1600, 9, 0, 0),
       (45953, 294, '36', 1, 105000000, 920, 9, 0, 0),
       (45954, 294, '37', 1, 145000000, 910, 10, 0, 0),
       (45955, 294, '38', 1, 149000000, 1140, 10, 0, 0),
       (45956, 294, '39', 1, 70000000, 1420, 10, 0, 0),
       (45957, 294, '40', 1, 49000000, 1740, 10, 0, 0),
       (45958, 294, '41', 3, 96000000, 1420, 11, 0, 0),
       (45959, 294, '42', 1, 63000000, 1880, 11, 0, 0),
       (45960, 294, '43', 1, 84000000, 1200, 11, 0, 0),
       (45961, 294, '44', 3, 77000000, 1780, 11, 0, 0),
       (45962, 294, '45', 1, 145000000, 1090, 12, 0, 0),
       (45963, 294, '46', 1, 95000000, 1670, 12, 0, 0),
       (45964, 294, '47', 3, 100000000, 1540, 12, 0, 0),
       (45965, 294, '48', 1, 127000000, 910, 12, 0, 0),
       (45966, 294, '49', 2, 106000000, 1940, 13, 0, 0),
       (45967, 294, '50', 2, 146000000, 1700, 13, 0, 0),
       (45968, 294, '51', 1, 120000000, 1360, 13, 0, 0),
       (45969, 294, '52', 3, 94000000, 1110, 13, 0, 0),
       (45970, 294, '53', 3, 124000000, 1900, 14, 0, 0),
       (45971, 294, '54', 2, 118000000, 1530, 14, 0, 0),
       (45972, 294, '55', 3, 142000000, 1100, 14, 0, 0),
       (45973, 294, '56', 3, 88000000, 1860, 14, 0, 0),
       (45974, 294, '57', 3, 102000000, 1440, 15, 0, 0),
       (45975, 294, '58', 3, 111000000, 1480, 15, 0, 0),
       (45976, 294, '59', 1, 65000000, 1290, 15, 0, 0),
       (45977, 294, '60', 1, 142000000, 1110, 15, 0, 0),
       (45978, 294, '61', 3, 91000000, 1360, 16, 0, 0),
       (45979, 294, '62', 1, 90000000, 1190, 16, 0, 0),
       (45980, 294, '63', 2, 136000000, 1370, 16, 0, 0),
       (45981, 294, '64', 2, 117000000, 1710, 16, 0, 0),
       (45982, 294, '65', 3, 77000000, 910, 17, 0, 0),
       (45983, 294, '66', 3, 69000000, 1770, 17, 0, 0),
       (45984, 294, '67', 2, 118000000, 1860, 17, 0, 0),
       (45985, 294, '68', 2, 99000000, 1490, 17, 0, 0),
       (45986, 294, '69', 1, 90000000, 1500, 18, 0, 0),
       (45987, 294, '70', 3, 133000000, 1030, 18, 0, 0),
       (45988, 294, '71', 3, 67000000, 1910, 18, 0, 0),
       (45989, 294, '72', 1, 132000000, 1370, 18, 0, 0),
       (45990, 294, '73', 1, 64000000, 1510, 19, 0, 0),
       (45991, 294, '74', 1, 146000000, 1910, 19, 0, 0),
       (45992, 294, '75', 2, 90000000, 1490, 19, 0, 0),
       (45993, 294, '76', 1, 85000000, 1270, 19, 0, 0),
       (45994, 294, '77', 1, 60000000, 1470, 20, 0, 0),
       (45995, 294, '78', 2, 41000000, 1750, 20, 0, 0),
       (45996, 294, '79', 3, 46000000, 1970, 20, 0, 0),
       (45997, 294, '80', 1, 76000000, 2000, 20, 0, 0),
       (45998, 294, '81', 1, 56000000, 1250, 21, 0, 0),
       (45999, 294, '82', 2, 149000000, 1020, 21, 0, 0),
       (46000, 294, '83', 3, 40000000, 1530, 21, 0, 0),
       (46001, 294, '84', 2, 135000000, 1030, 21, 0, 0),
       (46002, 294, '85', 2, 96000000, 960, 22, 0, 0),
       (46003, 294, '86', 3, 94000000, 1280, 22, 0, 0),
       (46004, 294, '87', 2, 125000000, 1290, 22, 0, 0),
       (46005, 294, '88', 3, 74000000, 1480, 22, 0, 0),
       (46006, 294, '89', 3, 112000000, 1960, 23, 0, 0),
       (46007, 294, '90', 2, 130000000, 950, 23, 0, 0),
       (46008, 294, '91', 3, 78000000, 1070, 23, 0, 0),
       (46009, 294, '92', 1, 84000000, 1680, 23, 0, 0),
       (46010, 294, '93', 2, 118000000, 1440, 24, 0, 0),
       (46011, 294, '94', 1, 48000000, 1970, 24, 0, 0),
       (46012, 294, '95', 1, 114000000, 1930, 24, 0, 0),
       (46013, 294, '96', 2, 67000000, 1760, 24, 0, 0),
       (46014, 294, '97', 1, 52000000, 1410, 25, 0, 0),
       (46015, 294, '98', 1, 120000000, 1350, 25, 0, 0),
       (46016, 294, '99', 3, 42000000, 1570, 25, 0, 0),
       (46017, 294, '100', 1, 117000000, 1760, 25, 0, 0),
       (46018, 294, '101', 2, 115000000, 1830, 26, 0, 0),
       (46019, 294, '102', 1, 70000000, 1020, 26, 0, 0),
       (46020, 294, '103', 3, 103000000, 1640, 26, 0, 0),
       (46021, 294, '104', 3, 56000000, 1230, 26, 0, 0),
       (46022, 294, '105', 3, 114000000, 940, 27, 0, 0),
       (46023, 294, '106', 2, 75000000, 1590, 27, 0, 0),
       (46024, 294, '107', 1, 108000000, 1780, 27, 0, 0),
       (46025, 294, '108', 1, 87000000, 1370, 27, 0, 0),
       (46026, 294, '109', 1, 134000000, 1800, 28, 0, 0),
       (46027, 294, '110', 3, 108000000, 1660, 28, 0, 0),
       (46028, 294, '111', 3, 49000000, 1930, 28, 0, 0),
       (46029, 294, '112', 2, 65000000, 1910, 28, 0, 0);
insert into real_estate_building (id, address, complex_id, floor_count, dev_id)
values (295, 'г. Москва, ул. Московская, д. 24', 14, 25, 14);
insert into real_estate_object (id, building_id ,local_address, places, price, area, floor, type, estate_type)
values (46030, 295, '1', 3, 146000000, 1590, 1, 0, 0),
       (46031, 295, '2', 2, 47000000, 1810, 1, 0, 0),
       (46032, 295, '3', 1, 51000000, 1260, 1, 0, 0),
       (46033, 295, '4', 2, 91000000, 1450, 1, 0, 0),
       (46034, 295, '5', 1, 46000000, 1470, 2, 0, 0),
       (46035, 295, '6', 1, 144000000, 1830, 2, 0, 0),
       (46036, 295, '7', 3, 77000000, 1840, 2, 0, 0),
       (46037, 295, '8', 3, 138000000, 930, 2, 0, 0),
       (46038, 295, '9', 3, 120000000, 940, 3, 0, 0),
       (46039, 295, '10', 2, 105000000, 1760, 3, 0, 0),
       (46040, 295, '11', 3, 56000000, 1720, 3, 0, 0),
       (46041, 295, '12', 1, 78000000, 1290, 3, 0, 0),
       (46042, 295, '13', 2, 105000000, 1490, 4, 0, 0),
       (46043, 295, '14', 2, 52000000, 1830, 4, 0, 0),
       (46044, 295, '15', 2, 125000000, 1800, 4, 0, 0),
       (46045, 295, '16', 1, 79000000, 1530, 4, 0, 0),
       (46046, 295, '17', 1, 93000000, 1080, 5, 0, 0),
       (46047, 295, '18', 3, 58000000, 1740, 5, 0, 0),
       (46048, 295, '19', 3, 45000000, 1090, 5, 0, 0),
       (46049, 295, '20', 2, 123000000, 1420, 5, 0, 0),
       (46050, 295, '21', 3, 107000000, 1890, 6, 0, 0),
       (46051, 295, '22', 2, 87000000, 1880, 6, 0, 0),
       (46052, 295, '23', 2, 73000000, 1680, 6, 0, 0),
       (46053, 295, '24', 2, 93000000, 1300, 6, 0, 0),
       (46054, 295, '25', 3, 63000000, 1140, 7, 0, 0),
       (46055, 295, '26', 3, 78000000, 1110, 7, 0, 0),
       (46056, 295, '27', 3, 109000000, 1840, 7, 0, 0),
       (46057, 295, '28', 1, 84000000, 1540, 7, 0, 0),
       (46058, 295, '29', 1, 66000000, 1510, 8, 0, 0),
       (46059, 295, '30', 2, 48000000, 1970, 8, 0, 0),
       (46060, 295, '31', 2, 41000000, 1780, 8, 0, 0),
       (46061, 295, '32', 2, 48000000, 960, 8, 0, 0),
       (46062, 295, '33', 2, 148000000, 1260, 9, 0, 0),
       (46063, 295, '34', 3, 144000000, 1900, 9, 0, 0),
       (46064, 295, '35', 2, 116000000, 1950, 9, 0, 0),
       (46065, 295, '36', 1, 80000000, 1650, 9, 0, 0),
       (46066, 295, '37', 2, 143000000, 1120, 10, 0, 0),
       (46067, 295, '38', 3, 103000000, 1830, 10, 0, 0),
       (46068, 295, '39', 2, 64000000, 1490, 10, 0, 0),
       (46069, 295, '40', 3, 110000000, 1350, 10, 0, 0),
       (46070, 295, '41', 2, 110000000, 1900, 11, 0, 0),
       (46071, 295, '42', 2, 72000000, 1390, 11, 0, 0),
       (46072, 295, '43', 1, 67000000, 1600, 11, 0, 0),
       (46073, 295, '44', 1, 68000000, 1450, 11, 0, 0),
       (46074, 295, '45', 1, 81000000, 1830, 12, 0, 0),
       (46075, 295, '46', 1, 96000000, 1730, 12, 0, 0),
       (46076, 295, '47', 3, 149000000, 1030, 12, 0, 0),
       (46077, 295, '48', 1, 127000000, 1970, 12, 0, 0),
       (46078, 295, '49', 3, 40000000, 1150, 13, 0, 0),
       (46079, 295, '50', 1, 146000000, 1540, 13, 0, 0),
       (46080, 295, '51', 1, 135000000, 1830, 13, 0, 0),
       (46081, 295, '52', 1, 100000000, 1190, 13, 0, 0),
       (46082, 295, '53', 1, 67000000, 1080, 14, 0, 0),
       (46083, 295, '54', 3, 73000000, 1680, 14, 0, 0),
       (46084, 295, '55', 1, 140000000, 1580, 14, 0, 0),
       (46085, 295, '56', 3, 79000000, 900, 14, 0, 0),
       (46086, 295, '57', 3, 54000000, 980, 15, 0, 0),
       (46087, 295, '58', 3, 98000000, 1640, 15, 0, 0),
       (46088, 295, '59', 1, 47000000, 960, 15, 0, 0),
       (46089, 295, '60', 1, 124000000, 1710, 15, 0, 0),
       (46090, 295, '61', 3, 66000000, 1870, 16, 0, 0),
       (46091, 295, '62', 1, 51000000, 1530, 16, 0, 0),
       (46092, 295, '63', 2, 93000000, 1090, 16, 0, 0),
       (46093, 295, '64', 1, 124000000, 1910, 16, 0, 0),
       (46094, 295, '65', 2, 141000000, 1420, 17, 0, 0),
       (46095, 295, '66', 1, 60000000, 940, 17, 0, 0),
       (46096, 295, '67', 3, 99000000, 1740, 17, 0, 0),
       (46097, 295, '68', 2, 83000000, 1570, 17, 0, 0),
       (46098, 295, '69', 3, 147000000, 1010, 18, 0, 0),
       (46099, 295, '70', 3, 70000000, 1430, 18, 0, 0),
       (46100, 295, '71', 3, 120000000, 1130, 18, 0, 0),
       (46101, 295, '72', 1, 102000000, 1420, 18, 0, 0),
       (46102, 295, '73', 2, 41000000, 1790, 19, 0, 0),
       (46103, 295, '74', 3, 41000000, 1680, 19, 0, 0),
       (46104, 295, '75', 1, 112000000, 1470, 19, 0, 0),
       (46105, 295, '76', 3, 43000000, 1270, 19, 0, 0),
       (46106, 295, '77', 2, 107000000, 2000, 20, 0, 0),
       (46107, 295, '78', 3, 46000000, 1400, 20, 0, 0),
       (46108, 295, '79', 1, 61000000, 1200, 20, 0, 0),
       (46109, 295, '80', 2, 46000000, 1570, 20, 0, 0),
       (46110, 295, '81', 1, 130000000, 1620, 21, 0, 0),
       (46111, 295, '82', 3, 104000000, 1230, 21, 0, 0),
       (46112, 295, '83', 3, 109000000, 940, 21, 0, 0),
       (46113, 295, '84', 1, 128000000, 1890, 21, 0, 0),
       (46114, 295, '85', 1, 145000000, 1980, 22, 0, 0),
       (46115, 295, '86', 2, 147000000, 920, 22, 0, 0),
       (46116, 295, '87', 3, 149000000, 1260, 22, 0, 0),
       (46117, 295, '88', 1, 84000000, 960, 22, 0, 0),
       (46118, 295, '89', 2, 91000000, 1580, 23, 0, 0),
       (46119, 295, '90', 3, 148000000, 1460, 23, 0, 0),
       (46120, 295, '91', 3, 134000000, 1390, 23, 0, 0),
       (46121, 295, '92', 3, 48000000, 970, 23, 0, 0),
       (46122, 295, '93', 1, 40000000, 1020, 24, 0, 0),
       (46123, 295, '94', 3, 61000000, 1880, 24, 0, 0),
       (46124, 295, '95', 1, 59000000, 1930, 24, 0, 0),
       (46125, 295, '96', 3, 67000000, 1160, 24, 0, 0),
       (46126, 295, '97', 2, 104000000, 2000, 25, 0, 0),
       (46127, 295, '98', 2, 113000000, 1400, 25, 0, 0),
       (46128, 295, '99', 1, 105000000, 1960, 25, 0, 0),
       (46129, 295, '100', 2, 65000000, 1300, 25, 0, 0);
insert into real_estate_building (id, address, complex_id, floor_count, dev_id)
values (296, 'г. Москва, ул. Московская, д. 25', 14, 20, 14);
insert into real_estate_object (id, building_id ,local_address, places, price, area, floor, type, estate_type)
values (46130, 296, '1', 2, 87000000, 1310, 1, 0, 0),
       (46131, 296, '2', 2, 86000000, 1100, 1, 0, 0),
       (46132, 296, '3', 3, 125000000, 1950, 1, 0, 0),
       (46133, 296, '4', 1, 103000000, 1660, 1, 0, 0),
       (46134, 296, '5', 2, 51000000, 1690, 2, 0, 0),
       (46135, 296, '6', 2, 138000000, 1930, 2, 0, 0),
       (46136, 296, '7', 3, 133000000, 1930, 2, 0, 0),
       (46137, 296, '8', 1, 69000000, 1590, 2, 0, 0),
       (46138, 296, '9', 1, 89000000, 1740, 3, 0, 0),
       (46139, 296, '10', 2, 124000000, 1070, 3, 0, 0),
       (46140, 296, '11', 1, 70000000, 1280, 3, 0, 0),
       (46141, 296, '12', 2, 42000000, 1990, 3, 0, 0),
       (46142, 296, '13', 1, 117000000, 1220, 4, 0, 0),
       (46143, 296, '14', 2, 109000000, 1290, 4, 0, 0),
       (46144, 296, '15', 2, 150000000, 1750, 4, 0, 0),
       (46145, 296, '16', 1, 72000000, 1060, 4, 0, 0),
       (46146, 296, '17', 3, 76000000, 910, 5, 0, 0),
       (46147, 296, '18', 3, 134000000, 1040, 5, 0, 0),
       (46148, 296, '19', 3, 92000000, 1550, 5, 0, 0),
       (46149, 296, '20', 1, 84000000, 1870, 5, 0, 0),
       (46150, 296, '21', 1, 94000000, 1980, 6, 0, 0),
       (46151, 296, '22', 3, 97000000, 1490, 6, 0, 0),
       (46152, 296, '23', 1, 52000000, 1380, 6, 0, 0),
       (46153, 296, '24', 3, 121000000, 1440, 6, 0, 0),
       (46154, 296, '25', 2, 97000000, 1170, 7, 0, 0),
       (46155, 296, '26', 1, 146000000, 1830, 7, 0, 0),
       (46156, 296, '27', 1, 52000000, 1280, 7, 0, 0),
       (46157, 296, '28', 2, 85000000, 1050, 7, 0, 0),
       (46158, 296, '29', 2, 79000000, 1870, 8, 0, 0),
       (46159, 296, '30', 2, 96000000, 1300, 8, 0, 0),
       (46160, 296, '31', 1, 101000000, 1360, 8, 0, 0),
       (46161, 296, '32', 1, 44000000, 1650, 8, 0, 0),
       (46162, 296, '33', 2, 136000000, 1930, 9, 0, 0),
       (46163, 296, '34', 2, 148000000, 910, 9, 0, 0),
       (46164, 296, '35', 1, 119000000, 1140, 9, 0, 0),
       (46165, 296, '36', 2, 150000000, 1050, 9, 0, 0),
       (46166, 296, '37', 3, 51000000, 1490, 10, 0, 0),
       (46167, 296, '38', 2, 82000000, 1680, 10, 0, 0),
       (46168, 296, '39', 1, 129000000, 1590, 10, 0, 0),
       (46169, 296, '40', 2, 46000000, 1590, 10, 0, 0),
       (46170, 296, '41', 1, 141000000, 1840, 11, 0, 0),
       (46171, 296, '42', 2, 121000000, 1710, 11, 0, 0),
       (46172, 296, '43', 3, 47000000, 1500, 11, 0, 0),
       (46173, 296, '44', 2, 90000000, 1660, 11, 0, 0),
       (46174, 296, '45', 1, 82000000, 1390, 12, 0, 0),
       (46175, 296, '46', 2, 45000000, 1050, 12, 0, 0),
       (46176, 296, '47', 2, 89000000, 1280, 12, 0, 0),
       (46177, 296, '48', 2, 150000000, 1000, 12, 0, 0),
       (46178, 296, '49', 3, 40000000, 1810, 13, 0, 0),
       (46179, 296, '50', 3, 55000000, 1050, 13, 0, 0),
       (46180, 296, '51', 3, 44000000, 1780, 13, 0, 0),
       (46181, 296, '52', 2, 66000000, 950, 13, 0, 0),
       (46182, 296, '53', 1, 79000000, 1740, 14, 0, 0),
       (46183, 296, '54', 3, 48000000, 1580, 14, 0, 0),
       (46184, 296, '55', 3, 148000000, 1060, 14, 0, 0),
       (46185, 296, '56', 3, 56000000, 2000, 14, 0, 0),
       (46186, 296, '57', 3, 76000000, 1660, 15, 0, 0),
       (46187, 296, '58', 2, 52000000, 1670, 15, 0, 0),
       (46188, 296, '59', 3, 150000000, 1740, 15, 0, 0),
       (46189, 296, '60', 3, 118000000, 1420, 15, 0, 0),
       (46190, 296, '61', 3, 140000000, 1210, 16, 0, 0),
       (46191, 296, '62', 1, 141000000, 1950, 16, 0, 0),
       (46192, 296, '63', 1, 117000000, 1330, 16, 0, 0),
       (46193, 296, '64', 2, 84000000, 1020, 16, 0, 0),
       (46194, 296, '65', 2, 149000000, 1770, 17, 0, 0),
       (46195, 296, '66', 3, 137000000, 1000, 17, 0, 0),
       (46196, 296, '67', 3, 58000000, 940, 17, 0, 0),
       (46197, 296, '68', 3, 54000000, 1180, 17, 0, 0),
       (46198, 296, '69', 2, 80000000, 1330, 18, 0, 0),
       (46199, 296, '70', 1, 128000000, 930, 18, 0, 0),
       (46200, 296, '71', 3, 81000000, 1370, 18, 0, 0),
       (46201, 296, '72', 2, 117000000, 1420, 18, 0, 0),
       (46202, 296, '73', 1, 124000000, 1660, 19, 0, 0),
       (46203, 296, '74', 1, 134000000, 1160, 19, 0, 0),
       (46204, 296, '75', 1, 45000000, 1160, 19, 0, 0),
       (46205, 296, '76', 1, 129000000, 1050, 19, 0, 0),
       (46206, 296, '77', 1, 89000000, 1510, 20, 0, 0),
       (46207, 296, '78', 1, 98000000, 1290, 20, 0, 0),
       (46208, 296, '79', 3, 57000000, 1360, 20, 0, 0),
       (46209, 296, '80', 3, 104000000, 1120, 20, 0, 0);
insert into real_estate_building (id, address, complex_id, floor_count, dev_id)
values (297, 'г. Москва, ул. Московская, д. 26', 14, 21, 14);
insert into real_estate_object (id, building_id ,local_address, places, price, area, floor, type, estate_type)
values (46210, 297, '1', 3, 97000000, 1920, 1, 0, 0),
       (46211, 297, '2', 3, 65000000, 930, 1, 0, 0),
       (46212, 297, '3', 1, 75000000, 1550, 1, 0, 0),
       (46213, 297, '4', 2, 98000000, 1480, 1, 0, 0),
       (46214, 297, '5', 3, 144000000, 1890, 2, 0, 0),
       (46215, 297, '6', 2, 126000000, 1230, 2, 0, 0),
       (46216, 297, '7', 1, 96000000, 1510, 2, 0, 0),
       (46217, 297, '8', 1, 133000000, 1570, 2, 0, 0),
       (46218, 297, '9', 1, 53000000, 1090, 3, 0, 0),
       (46219, 297, '10', 2, 107000000, 1490, 3, 0, 0),
       (46220, 297, '11', 3, 70000000, 1610, 3, 0, 0),
       (46221, 297, '12', 3, 52000000, 1000, 3, 0, 0),
       (46222, 297, '13', 2, 68000000, 1020, 4, 0, 0),
       (46223, 297, '14', 2, 84000000, 1920, 4, 0, 0),
       (46224, 297, '15', 1, 105000000, 1790, 4, 0, 0),
       (46225, 297, '16', 1, 90000000, 1880, 4, 0, 0),
       (46226, 297, '17', 3, 134000000, 1970, 5, 0, 0),
       (46227, 297, '18', 2, 87000000, 1110, 5, 0, 0),
       (46228, 297, '19', 3, 75000000, 1520, 5, 0, 0),
       (46229, 297, '20', 1, 148000000, 1660, 5, 0, 0),
       (46230, 297, '21', 3, 99000000, 1410, 6, 0, 0),
       (46231, 297, '22', 2, 77000000, 1520, 6, 0, 0),
       (46232, 297, '23', 3, 116000000, 1530, 6, 0, 0),
       (46233, 297, '24', 1, 81000000, 1370, 6, 0, 0),
       (46234, 297, '25', 3, 72000000, 1490, 7, 0, 0),
       (46235, 297, '26', 2, 102000000, 1340, 7, 0, 0),
       (46236, 297, '27', 2, 96000000, 1470, 7, 0, 0),
       (46237, 297, '28', 3, 105000000, 1320, 7, 0, 0),
       (46238, 297, '29', 3, 92000000, 1770, 8, 0, 0),
       (46239, 297, '30', 1, 148000000, 1410, 8, 0, 0),
       (46240, 297, '31', 1, 59000000, 1050, 8, 0, 0),
       (46241, 297, '32', 1, 65000000, 1140, 8, 0, 0),
       (46242, 297, '33', 3, 59000000, 1180, 9, 0, 0),
       (46243, 297, '34', 1, 48000000, 1880, 9, 0, 0),
       (46244, 297, '35', 1, 82000000, 1240, 9, 0, 0),
       (46245, 297, '36', 1, 51000000, 1800, 9, 0, 0),
       (46246, 297, '37', 1, 148000000, 1620, 10, 0, 0),
       (46247, 297, '38', 3, 88000000, 1390, 10, 0, 0),
       (46248, 297, '39', 1, 44000000, 1400, 10, 0, 0),
       (46249, 297, '40', 2, 98000000, 900, 10, 0, 0),
       (46250, 297, '41', 1, 108000000, 1900, 11, 0, 0),
       (46251, 297, '42', 3, 91000000, 1670, 11, 0, 0),
       (46252, 297, '43', 1, 111000000, 1680, 11, 0, 0),
       (46253, 297, '44', 2, 141000000, 1090, 11, 0, 0),
       (46254, 297, '45', 1, 149000000, 910, 12, 0, 0),
       (46255, 297, '46', 1, 93000000, 1210, 12, 0, 0),
       (46256, 297, '47', 2, 129000000, 1780, 12, 0, 0),
       (46257, 297, '48', 3, 113000000, 1500, 12, 0, 0),
       (46258, 297, '49', 3, 41000000, 1290, 13, 0, 0),
       (46259, 297, '50', 3, 101000000, 1370, 13, 0, 0),
       (46260, 297, '51', 2, 105000000, 1150, 13, 0, 0),
       (46261, 297, '52', 1, 81000000, 1720, 13, 0, 0),
       (46262, 297, '53', 3, 83000000, 1380, 14, 0, 0),
       (46263, 297, '54', 2, 95000000, 900, 14, 0, 0),
       (46264, 297, '55', 3, 108000000, 1110, 14, 0, 0),
       (46265, 297, '56', 1, 62000000, 990, 14, 0, 0),
       (46266, 297, '57', 1, 94000000, 1980, 15, 0, 0),
       (46267, 297, '58', 2, 66000000, 1990, 15, 0, 0),
       (46268, 297, '59', 3, 132000000, 1010, 15, 0, 0),
       (46269, 297, '60', 2, 106000000, 1770, 15, 0, 0),
       (46270, 297, '61', 2, 95000000, 1290, 16, 0, 0),
       (46271, 297, '62', 3, 94000000, 1000, 16, 0, 0),
       (46272, 297, '63', 1, 137000000, 1350, 16, 0, 0),
       (46273, 297, '64', 1, 102000000, 1600, 16, 0, 0),
       (46274, 297, '65', 2, 51000000, 1950, 17, 0, 0),
       (46275, 297, '66', 3, 46000000, 1600, 17, 0, 0),
       (46276, 297, '67', 3, 108000000, 1080, 17, 0, 0),
       (46277, 297, '68', 1, 86000000, 1490, 17, 0, 0),
       (46278, 297, '69', 1, 116000000, 1700, 18, 0, 0),
       (46279, 297, '70', 1, 86000000, 1400, 18, 0, 0),
       (46280, 297, '71', 3, 104000000, 1850, 18, 0, 0),
       (46281, 297, '72', 3, 69000000, 1500, 18, 0, 0),
       (46282, 297, '73', 3, 125000000, 1650, 19, 0, 0),
       (46283, 297, '74', 1, 78000000, 1810, 19, 0, 0),
       (46284, 297, '75', 1, 146000000, 1960, 19, 0, 0),
       (46285, 297, '76', 2, 68000000, 1050, 19, 0, 0),
       (46286, 297, '77', 3, 80000000, 1450, 20, 0, 0),
       (46287, 297, '78', 1, 103000000, 1340, 20, 0, 0),
       (46288, 297, '79', 1, 127000000, 1110, 20, 0, 0),
       (46289, 297, '80', 3, 106000000, 950, 20, 0, 0),
       (46290, 297, '81', 3, 71000000, 1430, 21, 0, 0),
       (46291, 297, '82', 3, 115000000, 1980, 21, 0, 0),
       (46292, 297, '83', 1, 73000000, 1130, 21, 0, 0),
       (46293, 297, '84', 3, 96000000, 1350, 21, 0, 0);
insert into real_estate_building (id, address, complex_id, floor_count, dev_id)
values (298, 'г. Москва, ул. Московская, д. 27', 14, 21, 14);
insert into real_estate_object (id, building_id ,local_address, places, price, area, floor, type, estate_type)
values (46294, 298, '1', 2, 45000000, 1300, 1, 0, 0),
       (46295, 298, '2', 1, 104000000, 1790, 1, 0, 0),
       (46296, 298, '3', 3, 146000000, 1530, 1, 0, 0),
       (46297, 298, '4', 3, 97000000, 1690, 1, 0, 0),
       (46298, 298, '5', 2, 88000000, 1910, 2, 0, 0),
       (46299, 298, '6', 2, 54000000, 1390, 2, 0, 0),
       (46300, 298, '7', 2, 61000000, 1990, 2, 0, 0),
       (46301, 298, '8', 2, 76000000, 1100, 2, 0, 0),
       (46302, 298, '9', 1, 148000000, 1260, 3, 0, 0),
       (46303, 298, '10', 2, 111000000, 1330, 3, 0, 0),
       (46304, 298, '11', 2, 84000000, 1760, 3, 0, 0),
       (46305, 298, '12', 1, 93000000, 1800, 3, 0, 0),
       (46306, 298, '13', 2, 123000000, 1410, 4, 0, 0),
       (46307, 298, '14', 1, 136000000, 1860, 4, 0, 0),
       (46308, 298, '15', 1, 99000000, 1380, 4, 0, 0),
       (46309, 298, '16', 2, 71000000, 1350, 4, 0, 0),
       (46310, 298, '17', 1, 75000000, 1310, 5, 0, 0),
       (46311, 298, '18', 3, 70000000, 1750, 5, 0, 0),
       (46312, 298, '19', 1, 147000000, 1580, 5, 0, 0),
       (46313, 298, '20', 3, 60000000, 1210, 5, 0, 0),
       (46314, 298, '21', 2, 101000000, 1620, 6, 0, 0),
       (46315, 298, '22', 1, 94000000, 1600, 6, 0, 0),
       (46316, 298, '23', 1, 88000000, 1570, 6, 0, 0),
       (46317, 298, '24', 1, 132000000, 1150, 6, 0, 0),
       (46318, 298, '25', 2, 76000000, 1700, 7, 0, 0),
       (46319, 298, '26', 1, 100000000, 1100, 7, 0, 0),
       (46320, 298, '27', 2, 96000000, 1360, 7, 0, 0),
       (46321, 298, '28', 3, 147000000, 1700, 7, 0, 0),
       (46322, 298, '29', 1, 99000000, 1710, 8, 0, 0),
       (46323, 298, '30', 2, 126000000, 1570, 8, 0, 0),
       (46324, 298, '31', 2, 47000000, 1280, 8, 0, 0),
       (46325, 298, '32', 3, 116000000, 1920, 8, 0, 0),
       (46326, 298, '33', 1, 149000000, 1160, 9, 0, 0),
       (46327, 298, '34', 1, 127000000, 1400, 9, 0, 0),
       (46328, 298, '35', 1, 128000000, 1080, 9, 0, 0),
       (46329, 298, '36', 2, 48000000, 1050, 9, 0, 0),
       (46330, 298, '37', 2, 77000000, 950, 10, 0, 0),
       (46331, 298, '38', 2, 68000000, 1840, 10, 0, 0),
       (46332, 298, '39', 2, 104000000, 1100, 10, 0, 0),
       (46333, 298, '40', 3, 61000000, 1070, 10, 0, 0),
       (46334, 298, '41', 1, 75000000, 1140, 11, 0, 0),
       (46335, 298, '42', 3, 58000000, 1430, 11, 0, 0),
       (46336, 298, '43', 2, 107000000, 1970, 11, 0, 0),
       (46337, 298, '44', 2, 87000000, 1200, 11, 0, 0),
       (46338, 298, '45', 2, 54000000, 1680, 12, 0, 0),
       (46339, 298, '46', 2, 97000000, 900, 12, 0, 0),
       (46340, 298, '47', 2, 82000000, 1130, 12, 0, 0),
       (46341, 298, '48', 3, 81000000, 1830, 12, 0, 0),
       (46342, 298, '49', 3, 68000000, 1910, 13, 0, 0),
       (46343, 298, '50', 1, 75000000, 970, 13, 0, 0),
       (46344, 298, '51', 1, 66000000, 1170, 13, 0, 0),
       (46345, 298, '52', 3, 87000000, 950, 13, 0, 0),
       (46346, 298, '53', 1, 98000000, 1680, 14, 0, 0),
       (46347, 298, '54', 3, 93000000, 1140, 14, 0, 0),
       (46348, 298, '55', 2, 119000000, 1590, 14, 0, 0),
       (46349, 298, '56', 3, 147000000, 900, 14, 0, 0),
       (46350, 298, '57', 2, 47000000, 1220, 15, 0, 0),
       (46351, 298, '58', 1, 118000000, 1750, 15, 0, 0),
       (46352, 298, '59', 3, 148000000, 1840, 15, 0, 0),
       (46353, 298, '60', 2, 92000000, 1540, 15, 0, 0),
       (46354, 298, '61', 1, 92000000, 1140, 16, 0, 0),
       (46355, 298, '62', 1, 95000000, 1070, 16, 0, 0),
       (46356, 298, '63', 3, 45000000, 1000, 16, 0, 0),
       (46357, 298, '64', 3, 48000000, 1550, 16, 0, 0),
       (46358, 298, '65', 3, 104000000, 1270, 17, 0, 0),
       (46359, 298, '66', 2, 111000000, 1740, 17, 0, 0),
       (46360, 298, '67', 1, 70000000, 1310, 17, 0, 0),
       (46361, 298, '68', 1, 86000000, 980, 17, 0, 0),
       (46362, 298, '69', 2, 100000000, 1280, 18, 0, 0),
       (46363, 298, '70', 1, 135000000, 1910, 18, 0, 0),
       (46364, 298, '71', 1, 82000000, 950, 18, 0, 0),
       (46365, 298, '72', 3, 146000000, 1370, 18, 0, 0),
       (46366, 298, '73', 3, 101000000, 1680, 19, 0, 0),
       (46367, 298, '74', 1, 91000000, 1700, 19, 0, 0),
       (46368, 298, '75', 3, 109000000, 1310, 19, 0, 0),
       (46369, 298, '76', 3, 126000000, 1980, 19, 0, 0),
       (46370, 298, '77', 2, 50000000, 1280, 20, 0, 0),
       (46371, 298, '78', 2, 128000000, 1210, 20, 0, 0),
       (46372, 298, '79', 2, 144000000, 1390, 20, 0, 0),
       (46373, 298, '80', 2, 129000000, 1280, 20, 0, 0),
       (46374, 298, '81', 1, 81000000, 1190, 21, 0, 0),
       (46375, 298, '82', 3, 67000000, 1120, 21, 0, 0),
       (46376, 298, '83', 1, 124000000, 1540, 21, 0, 0),
       (46377, 298, '84', 2, 119000000, 1020, 21, 0, 0);
insert into real_estate_building (id, address, complex_id, floor_count, dev_id)
values (299, 'г. Москва, ул. Московская, д. 28', 14, 29, 14);
insert into real_estate_object (id, building_id ,local_address, places, price, area, floor, type, estate_type)
values (46378, 299, '1', 2, 131000000, 1980, 1, 0, 0),
       (46379, 299, '2', 1, 66000000, 1770, 1, 0, 0),
       (46380, 299, '3', 2, 132000000, 1730, 1, 0, 0),
       (46381, 299, '4', 3, 92000000, 1720, 1, 0, 0),
       (46382, 299, '5', 1, 105000000, 1520, 2, 0, 0),
       (46383, 299, '6', 2, 115000000, 1160, 2, 0, 0),
       (46384, 299, '7', 2, 150000000, 1740, 2, 0, 0),
       (46385, 299, '8', 3, 77000000, 1930, 2, 0, 0),
       (46386, 299, '9', 1, 111000000, 1100, 3, 0, 0),
       (46387, 299, '10', 3, 63000000, 1300, 3, 0, 0),
       (46388, 299, '11', 1, 52000000, 1150, 3, 0, 0),
       (46389, 299, '12', 3, 102000000, 1160, 3, 0, 0),
       (46390, 299, '13', 3, 83000000, 1830, 4, 0, 0),
       (46391, 299, '14', 1, 121000000, 1650, 4, 0, 0),
       (46392, 299, '15', 1, 141000000, 1140, 4, 0, 0),
       (46393, 299, '16', 3, 58000000, 1540, 4, 0, 0),
       (46394, 299, '17', 1, 83000000, 990, 5, 0, 0),
       (46395, 299, '18', 1, 76000000, 1880, 5, 0, 0),
       (46396, 299, '19', 2, 40000000, 1480, 5, 0, 0),
       (46397, 299, '20', 2, 74000000, 1500, 5, 0, 0),
       (46398, 299, '21', 2, 130000000, 1160, 6, 0, 0),
       (46399, 299, '22', 2, 113000000, 1730, 6, 0, 0),
       (46400, 299, '23', 1, 55000000, 1290, 6, 0, 0),
       (46401, 299, '24', 1, 47000000, 900, 6, 0, 0),
       (46402, 299, '25', 1, 130000000, 1300, 7, 0, 0),
       (46403, 299, '26', 1, 103000000, 960, 7, 0, 0),
       (46404, 299, '27', 1, 86000000, 1830, 7, 0, 0),
       (46405, 299, '28', 2, 131000000, 1060, 7, 0, 0),
       (46406, 299, '29', 3, 74000000, 1210, 8, 0, 0),
       (46407, 299, '30', 1, 75000000, 1460, 8, 0, 0),
       (46408, 299, '31', 3, 139000000, 960, 8, 0, 0),
       (46409, 299, '32', 3, 93000000, 1690, 8, 0, 0),
       (46410, 299, '33', 2, 117000000, 1610, 9, 0, 0),
       (46411, 299, '34', 1, 145000000, 2000, 9, 0, 0),
       (46412, 299, '35', 1, 53000000, 1230, 9, 0, 0),
       (46413, 299, '36', 2, 72000000, 1120, 9, 0, 0),
       (46414, 299, '37', 3, 98000000, 1300, 10, 0, 0),
       (46415, 299, '38', 3, 41000000, 1940, 10, 0, 0),
       (46416, 299, '39', 1, 98000000, 1150, 10, 0, 0),
       (46417, 299, '40', 3, 133000000, 1970, 10, 0, 0),
       (46418, 299, '41', 1, 88000000, 1230, 11, 0, 0),
       (46419, 299, '42', 3, 52000000, 1440, 11, 0, 0),
       (46420, 299, '43', 1, 108000000, 1530, 11, 0, 0),
       (46421, 299, '44', 2, 59000000, 1190, 11, 0, 0),
       (46422, 299, '45', 2, 117000000, 1750, 12, 0, 0),
       (46423, 299, '46', 2, 82000000, 1920, 12, 0, 0),
       (46424, 299, '47', 1, 56000000, 1410, 12, 0, 0),
       (46425, 299, '48', 3, 120000000, 1540, 12, 0, 0),
       (46426, 299, '49', 3, 42000000, 1170, 13, 0, 0),
       (46427, 299, '50', 1, 120000000, 1310, 13, 0, 0),
       (46428, 299, '51', 3, 120000000, 1470, 13, 0, 0),
       (46429, 299, '52', 2, 45000000, 1580, 13, 0, 0),
       (46430, 299, '53', 2, 92000000, 1180, 14, 0, 0),
       (46431, 299, '54', 2, 143000000, 1050, 14, 0, 0),
       (46432, 299, '55', 2, 41000000, 1880, 14, 0, 0),
       (46433, 299, '56', 1, 123000000, 1830, 14, 0, 0),
       (46434, 299, '57', 2, 103000000, 1830, 15, 0, 0),
       (46435, 299, '58', 1, 148000000, 1280, 15, 0, 0),
       (46436, 299, '59', 3, 119000000, 1990, 15, 0, 0),
       (46437, 299, '60', 1, 43000000, 1510, 15, 0, 0),
       (46438, 299, '61', 1, 113000000, 1680, 16, 0, 0),
       (46439, 299, '62', 1, 81000000, 1950, 16, 0, 0),
       (46440, 299, '63', 2, 65000000, 1970, 16, 0, 0),
       (46441, 299, '64', 1, 127000000, 1790, 16, 0, 0),
       (46442, 299, '65', 3, 72000000, 1680, 17, 0, 0),
       (46443, 299, '66', 1, 131000000, 1540, 17, 0, 0),
       (46444, 299, '67', 3, 43000000, 1860, 17, 0, 0),
       (46445, 299, '68', 2, 52000000, 1280, 17, 0, 0),
       (46446, 299, '69', 3, 73000000, 1460, 18, 0, 0),
       (46447, 299, '70', 1, 143000000, 1240, 18, 0, 0),
       (46448, 299, '71', 2, 101000000, 1300, 18, 0, 0),
       (46449, 299, '72', 3, 78000000, 1980, 18, 0, 0),
       (46450, 299, '73', 1, 122000000, 1400, 19, 0, 0),
       (46451, 299, '74', 2, 54000000, 1440, 19, 0, 0),
       (46452, 299, '75', 3, 73000000, 1970, 19, 0, 0),
       (46453, 299, '76', 1, 76000000, 1730, 19, 0, 0),
       (46454, 299, '77', 3, 96000000, 1250, 20, 0, 0),
       (46455, 299, '78', 2, 126000000, 1570, 20, 0, 0),
       (46456, 299, '79', 2, 88000000, 1140, 20, 0, 0),
       (46457, 299, '80', 3, 83000000, 1330, 20, 0, 0),
       (46458, 299, '81', 2, 80000000, 1880, 21, 0, 0),
       (46459, 299, '82', 3, 96000000, 1200, 21, 0, 0),
       (46460, 299, '83', 2, 53000000, 1860, 21, 0, 0),
       (46461, 299, '84', 2, 73000000, 1980, 21, 0, 0),
       (46462, 299, '85', 1, 90000000, 1130, 22, 0, 0),
       (46463, 299, '86', 3, 132000000, 1420, 22, 0, 0),
       (46464, 299, '87', 3, 127000000, 1810, 22, 0, 0),
       (46465, 299, '88', 1, 94000000, 1860, 22, 0, 0),
       (46466, 299, '89', 2, 120000000, 970, 23, 0, 0),
       (46467, 299, '90', 1, 51000000, 1280, 23, 0, 0),
       (46468, 299, '91', 3, 146000000, 970, 23, 0, 0),
       (46469, 299, '92', 1, 146000000, 1300, 23, 0, 0),
       (46470, 299, '93', 1, 98000000, 1990, 24, 0, 0),
       (46471, 299, '94', 2, 148000000, 1990, 24, 0, 0),
       (46472, 299, '95', 3, 121000000, 1100, 24, 0, 0),
       (46473, 299, '96', 2, 123000000, 1840, 24, 0, 0),
       (46474, 299, '97', 2, 41000000, 1040, 25, 0, 0),
       (46475, 299, '98', 1, 86000000, 1780, 25, 0, 0),
       (46476, 299, '99', 3, 128000000, 1160, 25, 0, 0),
       (46477, 299, '100', 2, 40000000, 1940, 25, 0, 0),
       (46478, 299, '101', 2, 43000000, 1840, 26, 0, 0),
       (46479, 299, '102', 1, 92000000, 1550, 26, 0, 0),
       (46480, 299, '103', 3, 53000000, 1070, 26, 0, 0),
       (46481, 299, '104', 3, 82000000, 1830, 26, 0, 0),
       (46482, 299, '105', 1, 100000000, 1130, 27, 0, 0),
       (46483, 299, '106', 2, 59000000, 1930, 27, 0, 0),
       (46484, 299, '107', 1, 40000000, 1610, 27, 0, 0),
       (46485, 299, '108', 3, 88000000, 1850, 27, 0, 0),
       (46486, 299, '109', 1, 128000000, 1350, 28, 0, 0),
       (46487, 299, '110', 2, 134000000, 1280, 28, 0, 0),
       (46488, 299, '111', 2, 65000000, 1750, 28, 0, 0),
       (46489, 299, '112', 3, 135000000, 1660, 28, 0, 0),
       (46490, 299, '113', 3, 150000000, 1820, 29, 0, 0),
       (46491, 299, '114', 2, 65000000, 1050, 29, 0, 0),
       (46492, 299, '115', 1, 98000000, 1430, 29, 0, 0),
       (46493, 299, '116', 1, 140000000, 1740, 29, 0, 0);
insert into real_estate_building (id, address, complex_id, floor_count, dev_id)
values (300, 'г. Москва, ул. Морская, д. 13', 15, 26, 15);
insert into real_estate_object (id, building_id ,local_address, places, price, area, floor, type, estate_type)
values (46494, 300, '1', 3, 113000000, 830, 1, 3, 1),
       (46495, 300, '2', 2, 78000000, 840, 1, 3, 1),
       (46496, 300, '3', 4, 104000000, 810, 1, 3, 1),
       (46497, 300, '4', 4, 111000000, 520, 1, 3, 1),
       (46498, 300, '5', 2, 121000000, 850, 2, 3, 1),
       (46499, 300, '6', 2, 133000000, 830, 2, 3, 1),
       (46500, 300, '7', 3, 81000000, 980, 2, 3, 1),
       (46501, 300, '8', 3, 100000000, 430, 2, 3, 1),
       (46502, 300, '9', 2, 125000000, 870, 3, 3, 1),
       (46503, 300, '10', 3, 103000000, 860, 3, 3, 1),
       (46504, 300, '11', 4, 140000000, 710, 3, 3, 1),
       (46505, 300, '12', 3, 140000000, 510, 3, 3, 1),
       (46506, 300, '13', 4, 52000000, 560, 4, 3, 1),
       (46507, 300, '14', 4, 130000000, 630, 4, 3, 1),
       (46508, 300, '15', 2, 84000000, 770, 4, 3, 1),
       (46509, 300, '16', 3, 48000000, 690, 4, 3, 1),
       (46510, 300, '17', 3, 53000000, 830, 5, 3, 1),
       (46511, 300, '18', 3, 49000000, 740, 5, 3, 1),
       (46512, 300, '19', 3, 47000000, 480, 5, 3, 1),
       (46513, 300, '20', 3, 110000000, 590, 5, 3, 1),
       (46514, 300, '21', 4, 138000000, 520, 6, 3, 1),
       (46515, 300, '22', 2, 96000000, 670, 6, 3, 1),
       (46516, 300, '23', 2, 99000000, 720, 6, 3, 1),
       (46517, 300, '24', 3, 101000000, 880, 6, 3, 1),
       (46518, 300, '25', 4, 112000000, 940, 7, 3, 1),
       (46519, 300, '26', 3, 131000000, 990, 7, 3, 1),
       (46520, 300, '27', 4, 82000000, 700, 7, 3, 1),
       (46521, 300, '28', 3, 114000000, 790, 7, 3, 1),
       (46522, 300, '29', 4, 109000000, 730, 8, 3, 1),
       (46523, 300, '30', 4, 133000000, 470, 8, 3, 1),
       (46524, 300, '31', 3, 128000000, 520, 8, 3, 1),
       (46525, 300, '32', 4, 81000000, 460, 8, 3, 1),
       (46526, 300, '33', 2, 104000000, 610, 9, 3, 1),
       (46527, 300, '34', 3, 51000000, 450, 9, 3, 1),
       (46528, 300, '35', 2, 118000000, 550, 9, 3, 1),
       (46529, 300, '36', 3, 99000000, 600, 9, 3, 1),
       (46530, 300, '37', 3, 64000000, 1000, 10, 3, 1),
       (46531, 300, '38', 3, 95000000, 500, 10, 3, 1),
       (46532, 300, '39', 3, 149000000, 550, 10, 3, 1),
       (46533, 300, '40', 3, 58000000, 850, 10, 3, 1),
       (46534, 300, '41', 2, 129000000, 630, 11, 3, 1),
       (46535, 300, '42', 4, 105000000, 910, 11, 3, 1),
       (46536, 300, '43', 3, 134000000, 440, 11, 3, 1),
       (46537, 300, '44', 2, 124000000, 770, 11, 3, 1),
       (46538, 300, '45', 2, 148000000, 870, 12, 3, 1),
       (46539, 300, '46', 4, 72000000, 820, 12, 3, 1),
       (46540, 300, '47', 4, 100000000, 950, 12, 3, 1),
       (46541, 300, '48', 3, 90000000, 650, 12, 3, 1),
       (46542, 300, '49', 4, 90000000, 440, 13, 3, 1),
       (46543, 300, '50', 3, 64000000, 730, 13, 3, 1),
       (46544, 300, '51', 2, 50000000, 800, 13, 3, 1),
       (46545, 300, '52', 4, 91000000, 870, 13, 3, 1),
       (46546, 300, '53', 3, 74000000, 630, 14, 3, 1),
       (46547, 300, '54', 4, 43000000, 640, 14, 3, 1),
       (46548, 300, '55', 4, 74000000, 640, 14, 3, 1),
       (46549, 300, '56', 4, 69000000, 480, 14, 3, 1),
       (46550, 300, '57', 4, 101000000, 900, 15, 3, 1),
       (46551, 300, '58', 2, 53000000, 570, 15, 3, 1),
       (46552, 300, '59', 4, 126000000, 430, 15, 3, 1),
       (46553, 300, '60', 3, 114000000, 420, 15, 3, 1),
       (46554, 300, '61', 3, 117000000, 520, 16, 3, 1),
       (46555, 300, '62', 4, 86000000, 1000, 16, 3, 1),
       (46556, 300, '63', 3, 149000000, 550, 16, 3, 1),
       (46557, 300, '64', 4, 52000000, 780, 16, 3, 1),
       (46558, 300, '65', 2, 142000000, 630, 17, 3, 1),
       (46559, 300, '66', 3, 142000000, 630, 17, 3, 1),
       (46560, 300, '67', 3, 113000000, 500, 17, 3, 1),
       (46561, 300, '68', 2, 139000000, 460, 17, 3, 1),
       (46562, 300, '69', 3, 52000000, 920, 18, 3, 1),
       (46563, 300, '70', 4, 138000000, 900, 18, 3, 1),
       (46564, 300, '71', 4, 46000000, 420, 18, 3, 1),
       (46565, 300, '72', 3, 121000000, 500, 18, 3, 1),
       (46566, 300, '73', 3, 108000000, 640, 19, 3, 1),
       (46567, 300, '74', 3, 137000000, 910, 19, 3, 1),
       (46568, 300, '75', 4, 117000000, 660, 19, 3, 1),
       (46569, 300, '76', 3, 77000000, 520, 19, 3, 1),
       (46570, 300, '77', 4, 83000000, 450, 20, 3, 1),
       (46571, 300, '78', 3, 107000000, 780, 20, 3, 1),
       (46572, 300, '79', 2, 71000000, 580, 20, 3, 1),
       (46573, 300, '80', 4, 140000000, 780, 20, 3, 1),
       (46574, 300, '81', 3, 97000000, 600, 21, 3, 1),
       (46575, 300, '82', 3, 91000000, 940, 21, 3, 1),
       (46576, 300, '83', 4, 40000000, 840, 21, 3, 1),
       (46577, 300, '84', 4, 62000000, 720, 21, 3, 1),
       (46578, 300, '85', 2, 139000000, 890, 22, 3, 1),
       (46579, 300, '86', 2, 135000000, 850, 22, 3, 1),
       (46580, 300, '87', 2, 72000000, 990, 22, 3, 1),
       (46581, 300, '88', 3, 110000000, 710, 22, 3, 1),
       (46582, 300, '89', 4, 115000000, 770, 23, 3, 1),
       (46583, 300, '90', 4, 141000000, 820, 23, 3, 1),
       (46584, 300, '91', 2, 43000000, 900, 23, 3, 1),
       (46585, 300, '92', 3, 74000000, 1000, 23, 3, 1),
       (46586, 300, '93', 4, 63000000, 790, 24, 3, 1),
       (46587, 300, '94', 3, 83000000, 760, 24, 3, 1),
       (46588, 300, '95', 2, 95000000, 630, 24, 3, 1),
       (46589, 300, '96', 4, 144000000, 760, 24, 3, 1),
       (46590, 300, '97', 4, 85000000, 470, 25, 3, 1),
       (46591, 300, '98', 3, 90000000, 890, 25, 3, 1),
       (46592, 300, '99', 3, 54000000, 670, 25, 3, 1),
       (46593, 300, '100', 4, 137000000, 920, 25, 3, 1),
       (46594, 300, '101', 4, 61000000, 920, 26, 3, 1),
       (46595, 300, '102', 4, 78000000, 500, 26, 3, 1),
       (46596, 300, '103', 4, 40000000, 870, 26, 3, 1),
       (46597, 300, '104', 3, 66000000, 540, 26, 3, 1);
insert into real_estate_building (id, address, complex_id, floor_count, dev_id)
values (301, 'г. Москва, ул. Морская, д. 14', 15, 29, 15);
insert into real_estate_object (id, building_id ,local_address, places, price, area, floor, type, estate_type)
values (46598, 301, '1', 3, 59000000, 680, 1, 3, 1),
       (46599, 301, '2', 4, 140000000, 890, 1, 3, 1),
       (46600, 301, '3', 2, 82000000, 890, 1, 3, 1),
       (46601, 301, '4', 4, 128000000, 750, 1, 3, 1),
       (46602, 301, '5', 4, 84000000, 480, 2, 3, 1),
       (46603, 301, '6', 4, 68000000, 830, 2, 3, 1),
       (46604, 301, '7', 4, 141000000, 680, 2, 3, 1),
       (46605, 301, '8', 3, 58000000, 460, 2, 3, 1),
       (46606, 301, '9', 2, 59000000, 510, 3, 3, 1),
       (46607, 301, '10', 4, 104000000, 950, 3, 3, 1),
       (46608, 301, '11', 4, 100000000, 480, 3, 3, 1),
       (46609, 301, '12', 2, 68000000, 800, 3, 3, 1),
       (46610, 301, '13', 3, 64000000, 520, 4, 3, 1),
       (46611, 301, '14', 4, 61000000, 400, 4, 3, 1),
       (46612, 301, '15', 3, 87000000, 970, 4, 3, 1),
       (46613, 301, '16', 2, 66000000, 970, 4, 3, 1),
       (46614, 301, '17', 2, 41000000, 960, 5, 3, 1),
       (46615, 301, '18', 4, 104000000, 510, 5, 3, 1),
       (46616, 301, '19', 3, 83000000, 510, 5, 3, 1),
       (46617, 301, '20', 4, 73000000, 630, 5, 3, 1),
       (46618, 301, '21', 4, 89000000, 840, 6, 3, 1),
       (46619, 301, '22', 3, 51000000, 710, 6, 3, 1),
       (46620, 301, '23', 4, 80000000, 480, 6, 3, 1),
       (46621, 301, '24', 3, 140000000, 690, 6, 3, 1),
       (46622, 301, '25', 4, 132000000, 730, 7, 3, 1),
       (46623, 301, '26', 2, 85000000, 550, 7, 3, 1),
       (46624, 301, '27', 2, 105000000, 640, 7, 3, 1),
       (46625, 301, '28', 3, 50000000, 980, 7, 3, 1),
       (46626, 301, '29', 4, 144000000, 630, 8, 3, 1),
       (46627, 301, '30', 3, 50000000, 870, 8, 3, 1),
       (46628, 301, '31', 3, 118000000, 570, 8, 3, 1),
       (46629, 301, '32', 4, 134000000, 580, 8, 3, 1),
       (46630, 301, '33', 3, 88000000, 580, 9, 3, 1),
       (46631, 301, '34', 3, 46000000, 620, 9, 3, 1),
       (46632, 301, '35', 2, 55000000, 730, 9, 3, 1),
       (46633, 301, '36', 4, 131000000, 990, 9, 3, 1),
       (46634, 301, '37', 3, 134000000, 440, 10, 3, 1),
       (46635, 301, '38', 2, 49000000, 820, 10, 3, 1),
       (46636, 301, '39', 3, 88000000, 850, 10, 3, 1),
       (46637, 301, '40', 3, 48000000, 960, 10, 3, 1),
       (46638, 301, '41', 4, 111000000, 460, 11, 3, 1),
       (46639, 301, '42', 2, 57000000, 960, 11, 3, 1),
       (46640, 301, '43', 2, 139000000, 820, 11, 3, 1),
       (46641, 301, '44', 3, 75000000, 940, 11, 3, 1),
       (46642, 301, '45', 4, 137000000, 410, 12, 3, 1),
       (46643, 301, '46', 4, 114000000, 960, 12, 3, 1),
       (46644, 301, '47', 3, 113000000, 570, 12, 3, 1),
       (46645, 301, '48', 2, 140000000, 990, 12, 3, 1),
       (46646, 301, '49', 3, 101000000, 900, 13, 3, 1),
       (46647, 301, '50', 2, 142000000, 760, 13, 3, 1),
       (46648, 301, '51', 3, 102000000, 460, 13, 3, 1),
       (46649, 301, '52', 4, 117000000, 960, 13, 3, 1),
       (46650, 301, '53', 4, 59000000, 440, 14, 3, 1),
       (46651, 301, '54', 4, 41000000, 560, 14, 3, 1),
       (46652, 301, '55', 4, 52000000, 800, 14, 3, 1),
       (46653, 301, '56', 2, 70000000, 770, 14, 3, 1),
       (46654, 301, '57', 2, 70000000, 470, 15, 3, 1),
       (46655, 301, '58', 4, 118000000, 910, 15, 3, 1),
       (46656, 301, '59', 3, 148000000, 820, 15, 3, 1),
       (46657, 301, '60', 3, 127000000, 670, 15, 3, 1),
       (46658, 301, '61', 3, 123000000, 530, 16, 3, 1),
       (46659, 301, '62', 4, 128000000, 560, 16, 3, 1),
       (46660, 301, '63', 3, 57000000, 470, 16, 3, 1),
       (46661, 301, '64', 4, 111000000, 1000, 16, 3, 1),
       (46662, 301, '65', 3, 50000000, 1000, 17, 3, 1),
       (46663, 301, '66', 4, 67000000, 480, 17, 3, 1),
       (46664, 301, '67', 2, 138000000, 660, 17, 3, 1),
       (46665, 301, '68', 2, 121000000, 900, 17, 3, 1),
       (46666, 301, '69', 2, 54000000, 900, 18, 3, 1),
       (46667, 301, '70', 4, 147000000, 690, 18, 3, 1),
       (46668, 301, '71', 3, 59000000, 440, 18, 3, 1),
       (46669, 301, '72', 3, 142000000, 460, 18, 3, 1),
       (46670, 301, '73', 3, 119000000, 880, 19, 3, 1),
       (46671, 301, '74', 4, 115000000, 870, 19, 3, 1),
       (46672, 301, '75', 2, 125000000, 710, 19, 3, 1),
       (46673, 301, '76', 3, 70000000, 920, 19, 3, 1),
       (46674, 301, '77', 4, 113000000, 740, 20, 3, 1),
       (46675, 301, '78', 4, 106000000, 830, 20, 3, 1),
       (46676, 301, '79', 2, 143000000, 510, 20, 3, 1),
       (46677, 301, '80', 4, 119000000, 510, 20, 3, 1),
       (46678, 301, '81', 3, 125000000, 890, 21, 3, 1),
       (46679, 301, '82', 4, 97000000, 880, 21, 3, 1),
       (46680, 301, '83', 4, 141000000, 490, 21, 3, 1),
       (46681, 301, '84', 2, 140000000, 550, 21, 3, 1),
       (46682, 301, '85', 4, 115000000, 690, 22, 3, 1),
       (46683, 301, '86', 2, 133000000, 890, 22, 3, 1),
       (46684, 301, '87', 2, 46000000, 810, 22, 3, 1),
       (46685, 301, '88', 4, 71000000, 600, 22, 3, 1),
       (46686, 301, '89', 3, 108000000, 790, 23, 3, 1),
       (46687, 301, '90', 2, 90000000, 530, 23, 3, 1),
       (46688, 301, '91', 3, 43000000, 730, 23, 3, 1),
       (46689, 301, '92', 3, 46000000, 810, 23, 3, 1),
       (46690, 301, '93', 2, 43000000, 460, 24, 3, 1),
       (46691, 301, '94', 2, 75000000, 790, 24, 3, 1),
       (46692, 301, '95', 4, 83000000, 1000, 24, 3, 1),
       (46693, 301, '96', 2, 65000000, 680, 24, 3, 1),
       (46694, 301, '97', 2, 46000000, 830, 25, 3, 1),
       (46695, 301, '98', 3, 101000000, 890, 25, 3, 1),
       (46696, 301, '99', 2, 74000000, 580, 25, 3, 1),
       (46697, 301, '100', 4, 104000000, 810, 25, 3, 1),
       (46698, 301, '101', 3, 94000000, 780, 26, 3, 1),
       (46699, 301, '102', 3, 47000000, 640, 26, 3, 1),
       (46700, 301, '103', 2, 70000000, 800, 26, 3, 1),
       (46701, 301, '104', 2, 99000000, 590, 26, 3, 1),
       (46702, 301, '105', 4, 90000000, 730, 27, 3, 1),
       (46703, 301, '106', 4, 87000000, 420, 27, 3, 1),
       (46704, 301, '107', 3, 65000000, 830, 27, 3, 1),
       (46705, 301, '108', 4, 71000000, 710, 27, 3, 1),
       (46706, 301, '109', 2, 74000000, 530, 28, 3, 1),
       (46707, 301, '110', 3, 116000000, 700, 28, 3, 1),
       (46708, 301, '111', 2, 120000000, 850, 28, 3, 1),
       (46709, 301, '112', 3, 48000000, 930, 28, 3, 1),
       (46710, 301, '113', 3, 100000000, 720, 29, 3, 1),
       (46711, 301, '114', 2, 104000000, 890, 29, 3, 1),
       (46712, 301, '115', 3, 106000000, 700, 29, 3, 1),
       (46713, 301, '116', 4, 45000000, 500, 29, 3, 1);
insert into real_estate_building (id, address, complex_id, floor_count, dev_id)
values (302, 'г. Москва, ул. Морская, д. 15', 15, 26, 15);
insert into real_estate_object (id, building_id ,local_address, places, price, area, floor, type, estate_type)
values (46714, 302, '1', 2, 133000000, 810, 1, 3, 1),
       (46715, 302, '2', 4, 91000000, 910, 1, 3, 1),
       (46716, 302, '3', 3, 101000000, 790, 1, 3, 1),
       (46717, 302, '4', 2, 98000000, 860, 1, 3, 1),
       (46718, 302, '5', 3, 85000000, 460, 2, 3, 1),
       (46719, 302, '6', 3, 97000000, 540, 2, 3, 1),
       (46720, 302, '7', 4, 70000000, 540, 2, 3, 1),
       (46721, 302, '8', 4, 72000000, 430, 2, 3, 1),
       (46722, 302, '9', 4, 42000000, 570, 3, 3, 1),
       (46723, 302, '10', 3, 72000000, 620, 3, 3, 1),
       (46724, 302, '11', 4, 143000000, 1000, 3, 3, 1),
       (46725, 302, '12', 2, 72000000, 710, 3, 3, 1),
       (46726, 302, '13', 4, 98000000, 510, 4, 3, 1),
       (46727, 302, '14', 2, 131000000, 540, 4, 3, 1),
       (46728, 302, '15', 4, 80000000, 850, 4, 3, 1),
       (46729, 302, '16', 3, 46000000, 740, 4, 3, 1),
       (46730, 302, '17', 3, 52000000, 670, 5, 3, 1),
       (46731, 302, '18', 2, 87000000, 630, 5, 3, 1),
       (46732, 302, '19', 2, 43000000, 470, 5, 3, 1),
       (46733, 302, '20', 2, 69000000, 550, 5, 3, 1),
       (46734, 302, '21', 3, 89000000, 990, 6, 3, 1),
       (46735, 302, '22', 2, 92000000, 400, 6, 3, 1),
       (46736, 302, '23', 2, 104000000, 540, 6, 3, 1),
       (46737, 302, '24', 4, 84000000, 420, 6, 3, 1),
       (46738, 302, '25', 2, 103000000, 430, 7, 3, 1),
       (46739, 302, '26', 3, 138000000, 810, 7, 3, 1),
       (46740, 302, '27', 2, 129000000, 470, 7, 3, 1),
       (46741, 302, '28', 4, 73000000, 980, 7, 3, 1),
       (46742, 302, '29', 2, 112000000, 450, 8, 3, 1),
       (46743, 302, '30', 4, 61000000, 770, 8, 3, 1),
       (46744, 302, '31', 2, 72000000, 800, 8, 3, 1),
       (46745, 302, '32', 4, 84000000, 870, 8, 3, 1),
       (46746, 302, '33', 3, 82000000, 790, 9, 3, 1),
       (46747, 302, '34', 2, 134000000, 890, 9, 3, 1),
       (46748, 302, '35', 2, 114000000, 650, 9, 3, 1),
       (46749, 302, '36', 3, 49000000, 980, 9, 3, 1),
       (46750, 302, '37', 2, 139000000, 770, 10, 3, 1),
       (46751, 302, '38', 4, 58000000, 520, 10, 3, 1),
       (46752, 302, '39', 2, 111000000, 850, 10, 3, 1),
       (46753, 302, '40', 2, 111000000, 500, 10, 3, 1),
       (46754, 302, '41', 3, 45000000, 950, 11, 3, 1),
       (46755, 302, '42', 4, 93000000, 890, 11, 3, 1),
       (46756, 302, '43', 3, 40000000, 950, 11, 3, 1),
       (46757, 302, '44', 4, 89000000, 880, 11, 3, 1),
       (46758, 302, '45', 3, 43000000, 650, 12, 3, 1),
       (46759, 302, '46', 2, 65000000, 720, 12, 3, 1),
       (46760, 302, '47', 3, 82000000, 510, 12, 3, 1),
       (46761, 302, '48', 2, 53000000, 430, 12, 3, 1),
       (46762, 302, '49', 2, 138000000, 420, 13, 3, 1),
       (46763, 302, '50', 3, 146000000, 400, 13, 3, 1),
       (46764, 302, '51', 2, 91000000, 960, 13, 3, 1),
       (46765, 302, '52', 3, 51000000, 450, 13, 3, 1),
       (46766, 302, '53', 4, 148000000, 610, 14, 3, 1),
       (46767, 302, '54', 2, 95000000, 460, 14, 3, 1),
       (46768, 302, '55', 4, 75000000, 620, 14, 3, 1),
       (46769, 302, '56', 3, 46000000, 510, 14, 3, 1),
       (46770, 302, '57', 4, 138000000, 810, 15, 3, 1),
       (46771, 302, '58', 3, 99000000, 650, 15, 3, 1),
       (46772, 302, '59', 4, 135000000, 780, 15, 3, 1),
       (46773, 302, '60', 3, 54000000, 720, 15, 3, 1),
       (46774, 302, '61', 2, 82000000, 810, 16, 3, 1),
       (46775, 302, '62', 4, 120000000, 730, 16, 3, 1),
       (46776, 302, '63', 3, 93000000, 780, 16, 3, 1),
       (46777, 302, '64', 2, 68000000, 830, 16, 3, 1),
       (46778, 302, '65', 3, 74000000, 450, 17, 3, 1),
       (46779, 302, '66', 3, 60000000, 640, 17, 3, 1),
       (46780, 302, '67', 4, 44000000, 680, 17, 3, 1),
       (46781, 302, '68', 3, 62000000, 460, 17, 3, 1),
       (46782, 302, '69', 2, 113000000, 400, 18, 3, 1),
       (46783, 302, '70', 4, 87000000, 420, 18, 3, 1),
       (46784, 302, '71', 4, 67000000, 880, 18, 3, 1),
       (46785, 302, '72', 2, 100000000, 810, 18, 3, 1),
       (46786, 302, '73', 3, 106000000, 830, 19, 3, 1),
       (46787, 302, '74', 2, 141000000, 790, 19, 3, 1),
       (46788, 302, '75', 2, 70000000, 760, 19, 3, 1),
       (46789, 302, '76', 4, 103000000, 610, 19, 3, 1),
       (46790, 302, '77', 4, 45000000, 460, 20, 3, 1),
       (46791, 302, '78', 4, 102000000, 600, 20, 3, 1),
       (46792, 302, '79', 3, 116000000, 710, 20, 3, 1),
       (46793, 302, '80', 4, 44000000, 840, 20, 3, 1),
       (46794, 302, '81', 2, 130000000, 990, 21, 3, 1),
       (46795, 302, '82', 4, 83000000, 640, 21, 3, 1),
       (46796, 302, '83', 3, 61000000, 560, 21, 3, 1),
       (46797, 302, '84', 4, 65000000, 610, 21, 3, 1),
       (46798, 302, '85', 4, 78000000, 560, 22, 3, 1),
       (46799, 302, '86', 3, 128000000, 480, 22, 3, 1),
       (46800, 302, '87', 3, 58000000, 730, 22, 3, 1),
       (46801, 302, '88', 3, 81000000, 900, 22, 3, 1),
       (46802, 302, '89', 2, 48000000, 910, 23, 3, 1),
       (46803, 302, '90', 4, 69000000, 860, 23, 3, 1),
       (46804, 302, '91', 4, 118000000, 690, 23, 3, 1),
       (46805, 302, '92', 2, 123000000, 750, 23, 3, 1),
       (46806, 302, '93', 4, 67000000, 900, 24, 3, 1),
       (46807, 302, '94', 4, 61000000, 680, 24, 3, 1),
       (46808, 302, '95', 2, 114000000, 700, 24, 3, 1),
       (46809, 302, '96', 3, 54000000, 660, 24, 3, 1),
       (46810, 302, '97', 4, 48000000, 940, 25, 3, 1),
       (46811, 302, '98', 2, 123000000, 480, 25, 3, 1),
       (46812, 302, '99', 2, 81000000, 510, 25, 3, 1),
       (46813, 302, '100', 2, 136000000, 500, 25, 3, 1),
       (46814, 302, '101', 4, 134000000, 1000, 26, 3, 1),
       (46815, 302, '102', 3, 134000000, 1000, 26, 3, 1),
       (46816, 302, '103', 2, 91000000, 980, 26, 3, 1),
       (46817, 302, '104', 4, 150000000, 550, 26, 3, 1);
insert into real_estate_building (id, address, complex_id, floor_count, dev_id)
values (303, 'г. Москва, ул. Морская, д. 16', 15, 28, 15);
insert into real_estate_object (id, building_id ,local_address, places, price, area, floor, type, estate_type)
values (46818, 303, '1', 4, 140000000, 610, 1, 3, 1),
       (46819, 303, '2', 4, 115000000, 580, 1, 3, 1),
       (46820, 303, '3', 2, 69000000, 920, 1, 3, 1),
       (46821, 303, '4', 4, 53000000, 610, 1, 3, 1),
       (46822, 303, '5', 2, 52000000, 620, 2, 3, 1),
       (46823, 303, '6', 2, 77000000, 790, 2, 3, 1),
       (46824, 303, '7', 2, 96000000, 900, 2, 3, 1),
       (46825, 303, '8', 3, 149000000, 630, 2, 3, 1),
       (46826, 303, '9', 2, 70000000, 430, 3, 3, 1),
       (46827, 303, '10', 4, 124000000, 470, 3, 3, 1),
       (46828, 303, '11', 3, 138000000, 590, 3, 3, 1),
       (46829, 303, '12', 2, 74000000, 600, 3, 3, 1),
       (46830, 303, '13', 2, 91000000, 840, 4, 3, 1),
       (46831, 303, '14', 3, 58000000, 400, 4, 3, 1),
       (46832, 303, '15', 4, 98000000, 420, 4, 3, 1),
       (46833, 303, '16', 4, 74000000, 440, 4, 3, 1),
       (46834, 303, '17', 2, 134000000, 970, 5, 3, 1),
       (46835, 303, '18', 2, 48000000, 670, 5, 3, 1),
       (46836, 303, '19', 4, 71000000, 650, 5, 3, 1),
       (46837, 303, '20', 3, 76000000, 950, 5, 3, 1),
       (46838, 303, '21', 4, 53000000, 560, 6, 3, 1),
       (46839, 303, '22', 4, 136000000, 590, 6, 3, 1),
       (46840, 303, '23', 2, 52000000, 530, 6, 3, 1),
       (46841, 303, '24', 2, 109000000, 840, 6, 3, 1),
       (46842, 303, '25', 4, 90000000, 580, 7, 3, 1),
       (46843, 303, '26', 2, 57000000, 880, 7, 3, 1),
       (46844, 303, '27', 3, 110000000, 800, 7, 3, 1),
       (46845, 303, '28', 4, 47000000, 560, 7, 3, 1),
       (46846, 303, '29', 2, 41000000, 500, 8, 3, 1),
       (46847, 303, '30', 2, 55000000, 780, 8, 3, 1),
       (46848, 303, '31', 4, 115000000, 790, 8, 3, 1),
       (46849, 303, '32', 2, 86000000, 570, 8, 3, 1),
       (46850, 303, '33', 2, 126000000, 480, 9, 3, 1),
       (46851, 303, '34', 2, 87000000, 770, 9, 3, 1),
       (46852, 303, '35', 2, 62000000, 880, 9, 3, 1),
       (46853, 303, '36', 3, 145000000, 630, 9, 3, 1),
       (46854, 303, '37', 3, 119000000, 740, 10, 3, 1),
       (46855, 303, '38', 4, 126000000, 660, 10, 3, 1),
       (46856, 303, '39', 3, 143000000, 560, 10, 3, 1),
       (46857, 303, '40', 3, 67000000, 740, 10, 3, 1),
       (46858, 303, '41', 2, 144000000, 430, 11, 3, 1),
       (46859, 303, '42', 3, 147000000, 550, 11, 3, 1),
       (46860, 303, '43', 3, 135000000, 630, 11, 3, 1),
       (46861, 303, '44', 2, 59000000, 500, 11, 3, 1),
       (46862, 303, '45', 2, 50000000, 970, 12, 3, 1),
       (46863, 303, '46', 4, 122000000, 820, 12, 3, 1),
       (46864, 303, '47', 4, 122000000, 960, 12, 3, 1),
       (46865, 303, '48', 2, 131000000, 470, 12, 3, 1),
       (46866, 303, '49', 2, 87000000, 620, 13, 3, 1),
       (46867, 303, '50', 4, 110000000, 660, 13, 3, 1),
       (46868, 303, '51', 4, 43000000, 500, 13, 3, 1),
       (46869, 303, '52', 4, 116000000, 430, 13, 3, 1),
       (46870, 303, '53', 3, 43000000, 480, 14, 3, 1),
       (46871, 303, '54', 4, 53000000, 950, 14, 3, 1),
       (46872, 303, '55', 3, 94000000, 670, 14, 3, 1),
       (46873, 303, '56', 3, 52000000, 730, 14, 3, 1),
       (46874, 303, '57', 2, 73000000, 410, 15, 3, 1),
       (46875, 303, '58', 4, 94000000, 1000, 15, 3, 1),
       (46876, 303, '59', 3, 83000000, 780, 15, 3, 1),
       (46877, 303, '60', 4, 58000000, 730, 15, 3, 1),
       (46878, 303, '61', 3, 120000000, 690, 16, 3, 1),
       (46879, 303, '62', 3, 50000000, 680, 16, 3, 1),
       (46880, 303, '63', 3, 91000000, 890, 16, 3, 1),
       (46881, 303, '64', 3, 43000000, 550, 16, 3, 1),
       (46882, 303, '65', 2, 140000000, 770, 17, 3, 1),
       (46883, 303, '66', 3, 73000000, 480, 17, 3, 1),
       (46884, 303, '67', 4, 150000000, 530, 17, 3, 1),
       (46885, 303, '68', 4, 44000000, 610, 17, 3, 1),
       (46886, 303, '69', 3, 79000000, 630, 18, 3, 1),
       (46887, 303, '70', 3, 81000000, 950, 18, 3, 1),
       (46888, 303, '71', 4, 81000000, 400, 18, 3, 1),
       (46889, 303, '72', 2, 110000000, 760, 18, 3, 1),
       (46890, 303, '73', 3, 123000000, 770, 19, 3, 1),
       (46891, 303, '74', 2, 112000000, 510, 19, 3, 1),
       (46892, 303, '75', 3, 149000000, 620, 19, 3, 1),
       (46893, 303, '76', 2, 70000000, 410, 19, 3, 1),
       (46894, 303, '77', 2, 118000000, 910, 20, 3, 1),
       (46895, 303, '78', 4, 119000000, 570, 20, 3, 1),
       (46896, 303, '79', 4, 125000000, 970, 20, 3, 1),
       (46897, 303, '80', 4, 53000000, 770, 20, 3, 1),
       (46898, 303, '81', 2, 102000000, 650, 21, 3, 1),
       (46899, 303, '82', 3, 145000000, 900, 21, 3, 1),
       (46900, 303, '83', 3, 134000000, 870, 21, 3, 1),
       (46901, 303, '84', 4, 50000000, 890, 21, 3, 1),
       (46902, 303, '85', 3, 144000000, 960, 22, 3, 1),
       (46903, 303, '86', 3, 66000000, 430, 22, 3, 1),
       (46904, 303, '87', 4, 91000000, 620, 22, 3, 1),
       (46905, 303, '88', 4, 44000000, 480, 22, 3, 1),
       (46906, 303, '89', 2, 83000000, 770, 23, 3, 1),
       (46907, 303, '90', 4, 47000000, 480, 23, 3, 1),
       (46908, 303, '91', 4, 60000000, 860, 23, 3, 1),
       (46909, 303, '92', 2, 87000000, 550, 23, 3, 1),
       (46910, 303, '93', 3, 143000000, 470, 24, 3, 1),
       (46911, 303, '94', 3, 123000000, 750, 24, 3, 1),
       (46912, 303, '95', 4, 59000000, 650, 24, 3, 1),
       (46913, 303, '96', 3, 145000000, 550, 24, 3, 1),
       (46914, 303, '97', 2, 89000000, 800, 25, 3, 1),
       (46915, 303, '98', 4, 60000000, 740, 25, 3, 1),
       (46916, 303, '99', 4, 87000000, 940, 25, 3, 1),
       (46917, 303, '100', 2, 113000000, 940, 25, 3, 1),
       (46918, 303, '101', 2, 51000000, 460, 26, 3, 1),
       (46919, 303, '102', 2, 130000000, 740, 26, 3, 1),
       (46920, 303, '103', 4, 130000000, 830, 26, 3, 1),
       (46921, 303, '104', 3, 45000000, 400, 26, 3, 1),
       (46922, 303, '105', 4, 142000000, 900, 27, 3, 1),
       (46923, 303, '106', 3, 51000000, 880, 27, 3, 1),
       (46924, 303, '107', 3, 83000000, 780, 27, 3, 1),
       (46925, 303, '108', 3, 84000000, 550, 27, 3, 1),
       (46926, 303, '109', 4, 96000000, 780, 28, 3, 1),
       (46927, 303, '110', 3, 132000000, 910, 28, 3, 1),
       (46928, 303, '111', 2, 106000000, 920, 28, 3, 1),
       (46929, 303, '112', 3, 45000000, 970, 28, 3, 1);
insert into real_estate_building (id, address, complex_id, floor_count, dev_id)
values (304, 'г. Москва, ул. Морская, д. 17', 15, 22, 15);
insert into real_estate_object (id, building_id ,local_address, places, price, area, floor, type, estate_type)
values (46930, 304, '1', 4, 121000000, 930, 1, 3, 1),
       (46931, 304, '2', 3, 118000000, 920, 1, 3, 1),
       (46932, 304, '3', 4, 66000000, 720, 1, 3, 1),
       (46933, 304, '4', 4, 130000000, 810, 1, 3, 1),
       (46934, 304, '5', 4, 70000000, 440, 2, 3, 1),
       (46935, 304, '6', 3, 55000000, 650, 2, 3, 1),
       (46936, 304, '7', 3, 56000000, 460, 2, 3, 1),
       (46937, 304, '8', 3, 99000000, 950, 2, 3, 1),
       (46938, 304, '9', 2, 125000000, 570, 3, 3, 1),
       (46939, 304, '10', 2, 63000000, 400, 3, 3, 1),
       (46940, 304, '11', 4, 45000000, 770, 3, 3, 1),
       (46941, 304, '12', 4, 67000000, 550, 3, 3, 1),
       (46942, 304, '13', 2, 91000000, 500, 4, 3, 1),
       (46943, 304, '14', 3, 45000000, 760, 4, 3, 1),
       (46944, 304, '15', 3, 74000000, 810, 4, 3, 1),
       (46945, 304, '16', 3, 97000000, 740, 4, 3, 1),
       (46946, 304, '17', 3, 132000000, 570, 5, 3, 1),
       (46947, 304, '18', 4, 55000000, 810, 5, 3, 1),
       (46948, 304, '19', 4, 54000000, 890, 5, 3, 1),
       (46949, 304, '20', 2, 136000000, 660, 5, 3, 1),
       (46950, 304, '21', 4, 134000000, 900, 6, 3, 1),
       (46951, 304, '22', 2, 117000000, 870, 6, 3, 1),
       (46952, 304, '23', 2, 124000000, 410, 6, 3, 1),
       (46953, 304, '24', 3, 82000000, 570, 6, 3, 1),
       (46954, 304, '25', 3, 105000000, 750, 7, 3, 1),
       (46955, 304, '26', 2, 62000000, 680, 7, 3, 1),
       (46956, 304, '27', 4, 104000000, 760, 7, 3, 1),
       (46957, 304, '28', 2, 126000000, 470, 7, 3, 1),
       (46958, 304, '29', 3, 85000000, 920, 8, 3, 1),
       (46959, 304, '30', 2, 111000000, 530, 8, 3, 1),
       (46960, 304, '31', 4, 125000000, 660, 8, 3, 1),
       (46961, 304, '32', 2, 74000000, 970, 8, 3, 1),
       (46962, 304, '33', 3, 100000000, 650, 9, 3, 1),
       (46963, 304, '34', 3, 81000000, 610, 9, 3, 1),
       (46964, 304, '35', 3, 126000000, 480, 9, 3, 1),
       (46965, 304, '36', 3, 121000000, 840, 9, 3, 1),
       (46966, 304, '37', 3, 133000000, 630, 10, 3, 1),
       (46967, 304, '38', 4, 110000000, 950, 10, 3, 1),
       (46968, 304, '39', 3, 60000000, 400, 10, 3, 1),
       (46969, 304, '40', 4, 67000000, 480, 10, 3, 1),
       (46970, 304, '41', 3, 115000000, 510, 11, 3, 1),
       (46971, 304, '42', 2, 75000000, 420, 11, 3, 1),
       (46972, 304, '43', 2, 135000000, 840, 11, 3, 1),
       (46973, 304, '44', 3, 53000000, 890, 11, 3, 1),
       (46974, 304, '45', 4, 116000000, 660, 12, 3, 1),
       (46975, 304, '46', 4, 107000000, 460, 12, 3, 1),
       (46976, 304, '47', 2, 51000000, 630, 12, 3, 1),
       (46977, 304, '48', 4, 87000000, 640, 12, 3, 1),
       (46978, 304, '49', 3, 64000000, 600, 13, 3, 1),
       (46979, 304, '50', 4, 74000000, 860, 13, 3, 1),
       (46980, 304, '51', 3, 128000000, 490, 13, 3, 1),
       (46981, 304, '52', 2, 93000000, 990, 13, 3, 1),
       (46982, 304, '53', 3, 96000000, 540, 14, 3, 1),
       (46983, 304, '54', 2, 43000000, 700, 14, 3, 1),
       (46984, 304, '55', 3, 142000000, 840, 14, 3, 1),
       (46985, 304, '56', 3, 145000000, 790, 14, 3, 1),
       (46986, 304, '57', 3, 46000000, 880, 15, 3, 1),
       (46987, 304, '58', 3, 128000000, 770, 15, 3, 1),
       (46988, 304, '59', 2, 149000000, 620, 15, 3, 1),
       (46989, 304, '60', 4, 68000000, 760, 15, 3, 1),
       (46990, 304, '61', 4, 132000000, 720, 16, 3, 1),
       (46991, 304, '62', 3, 65000000, 970, 16, 3, 1),
       (46992, 304, '63', 4, 71000000, 480, 16, 3, 1),
       (46993, 304, '64', 2, 67000000, 760, 16, 3, 1),
       (46994, 304, '65', 2, 49000000, 820, 17, 3, 1),
       (46995, 304, '66', 2, 119000000, 500, 17, 3, 1),
       (46996, 304, '67', 2, 85000000, 720, 17, 3, 1),
       (46997, 304, '68', 2, 71000000, 700, 17, 3, 1),
       (46998, 304, '69', 4, 53000000, 820, 18, 3, 1),
       (46999, 304, '70', 4, 107000000, 890, 18, 3, 1),
       (47000, 304, '71', 2, 105000000, 590, 18, 3, 1),
       (47001, 304, '72', 3, 94000000, 650, 18, 3, 1),
       (47002, 304, '73', 3, 136000000, 970, 19, 3, 1),
       (47003, 304, '74', 3, 100000000, 540, 19, 3, 1),
       (47004, 304, '75', 4, 64000000, 850, 19, 3, 1),
       (47005, 304, '76', 3, 50000000, 720, 19, 3, 1),
       (47006, 304, '77', 2, 134000000, 680, 20, 3, 1),
       (47007, 304, '78', 3, 138000000, 660, 20, 3, 1),
       (47008, 304, '79', 4, 124000000, 810, 20, 3, 1),
       (47009, 304, '80', 3, 114000000, 1000, 20, 3, 1),
       (47010, 304, '81', 3, 98000000, 740, 21, 3, 1),
       (47011, 304, '82', 4, 82000000, 730, 21, 3, 1),
       (47012, 304, '83', 4, 86000000, 660, 21, 3, 1),
       (47013, 304, '84', 3, 57000000, 430, 21, 3, 1),
       (47014, 304, '85', 4, 79000000, 580, 22, 3, 1),
       (47015, 304, '86', 3, 132000000, 630, 22, 3, 1),
       (47016, 304, '87', 3, 146000000, 720, 22, 3, 1),
       (47017, 304, '88', 4, 86000000, 590, 22, 3, 1);
insert into real_estate_building (id, address, complex_id, floor_count, dev_id)
values (305, 'г. Москва, ул. Морская, д. 18', 15, 27, 15);
insert into real_estate_object (id, building_id ,local_address, places, price, area, floor, type, estate_type)
values (47018, 305, '1', 2, 129000000, 400, 1, 3, 1),
       (47019, 305, '2', 4, 78000000, 460, 1, 3, 1),
       (47020, 305, '3', 2, 61000000, 520, 1, 3, 1),
       (47021, 305, '4', 3, 114000000, 950, 1, 3, 1),
       (47022, 305, '5', 4, 85000000, 510, 2, 3, 1),
       (47023, 305, '6', 2, 132000000, 770, 2, 3, 1),
       (47024, 305, '7', 2, 50000000, 550, 2, 3, 1),
       (47025, 305, '8', 3, 52000000, 530, 2, 3, 1),
       (47026, 305, '9', 4, 144000000, 630, 3, 3, 1),
       (47027, 305, '10', 3, 82000000, 410, 3, 3, 1),
       (47028, 305, '11', 4, 42000000, 470, 3, 3, 1),
       (47029, 305, '12', 4, 80000000, 530, 3, 3, 1),
       (47030, 305, '13', 2, 84000000, 950, 4, 3, 1),
       (47031, 305, '14', 4, 50000000, 780, 4, 3, 1),
       (47032, 305, '15', 3, 78000000, 520, 4, 3, 1),
       (47033, 305, '16', 2, 102000000, 750, 4, 3, 1),
       (47034, 305, '17', 2, 62000000, 960, 5, 3, 1),
       (47035, 305, '18', 3, 116000000, 810, 5, 3, 1),
       (47036, 305, '19', 4, 49000000, 940, 5, 3, 1),
       (47037, 305, '20', 4, 40000000, 710, 5, 3, 1),
       (47038, 305, '21', 4, 146000000, 940, 6, 3, 1),
       (47039, 305, '22', 4, 145000000, 710, 6, 3, 1),
       (47040, 305, '23', 3, 85000000, 870, 6, 3, 1),
       (47041, 305, '24', 4, 111000000, 450, 6, 3, 1),
       (47042, 305, '25', 3, 146000000, 720, 7, 3, 1),
       (47043, 305, '26', 4, 65000000, 670, 7, 3, 1),
       (47044, 305, '27', 3, 93000000, 520, 7, 3, 1),
       (47045, 305, '28', 2, 84000000, 460, 7, 3, 1),
       (47046, 305, '29', 3, 131000000, 520, 8, 3, 1),
       (47047, 305, '30', 2, 110000000, 770, 8, 3, 1),
       (47048, 305, '31', 4, 132000000, 810, 8, 3, 1),
       (47049, 305, '32', 2, 113000000, 970, 8, 3, 1),
       (47050, 305, '33', 4, 111000000, 910, 9, 3, 1),
       (47051, 305, '34', 2, 116000000, 720, 9, 3, 1),
       (47052, 305, '35', 4, 69000000, 910, 9, 3, 1),
       (47053, 305, '36', 4, 40000000, 870, 9, 3, 1),
       (47054, 305, '37', 4, 124000000, 670, 10, 3, 1),
       (47055, 305, '38', 2, 76000000, 880, 10, 3, 1),
       (47056, 305, '39', 4, 121000000, 630, 10, 3, 1),
       (47057, 305, '40', 2, 82000000, 460, 10, 3, 1),
       (47058, 305, '41', 3, 46000000, 580, 11, 3, 1),
       (47059, 305, '42', 4, 138000000, 460, 11, 3, 1),
       (47060, 305, '43', 2, 127000000, 580, 11, 3, 1),
       (47061, 305, '44', 3, 42000000, 620, 11, 3, 1),
       (47062, 305, '45', 4, 89000000, 970, 12, 3, 1),
       (47063, 305, '46', 3, 118000000, 860, 12, 3, 1),
       (47064, 305, '47', 2, 135000000, 760, 12, 3, 1),
       (47065, 305, '48', 2, 74000000, 700, 12, 3, 1),
       (47066, 305, '49', 4, 59000000, 880, 13, 3, 1),
       (47067, 305, '50', 3, 115000000, 990, 13, 3, 1),
       (47068, 305, '51', 3, 137000000, 970, 13, 3, 1),
       (47069, 305, '52', 2, 67000000, 550, 13, 3, 1),
       (47070, 305, '53', 4, 43000000, 630, 14, 3, 1),
       (47071, 305, '54', 4, 94000000, 490, 14, 3, 1),
       (47072, 305, '55', 2, 126000000, 610, 14, 3, 1),
       (47073, 305, '56', 4, 43000000, 540, 14, 3, 1),
       (47074, 305, '57', 3, 84000000, 780, 15, 3, 1),
       (47075, 305, '58', 4, 62000000, 980, 15, 3, 1),
       (47076, 305, '59', 2, 127000000, 860, 15, 3, 1),
       (47077, 305, '60', 4, 57000000, 900, 15, 3, 1),
       (47078, 305, '61', 4, 111000000, 600, 16, 3, 1),
       (47079, 305, '62', 2, 57000000, 460, 16, 3, 1),
       (47080, 305, '63', 3, 56000000, 440, 16, 3, 1),
       (47081, 305, '64', 2, 100000000, 520, 16, 3, 1),
       (47082, 305, '65', 3, 84000000, 950, 17, 3, 1),
       (47083, 305, '66', 2, 141000000, 890, 17, 3, 1),
       (47084, 305, '67', 4, 139000000, 950, 17, 3, 1),
       (47085, 305, '68', 2, 88000000, 540, 17, 3, 1),
       (47086, 305, '69', 4, 121000000, 930, 18, 3, 1),
       (47087, 305, '70', 2, 128000000, 840, 18, 3, 1),
       (47088, 305, '71', 2, 96000000, 530, 18, 3, 1),
       (47089, 305, '72', 2, 129000000, 790, 18, 3, 1),
       (47090, 305, '73', 4, 148000000, 510, 19, 3, 1),
       (47091, 305, '74', 3, 68000000, 640, 19, 3, 1),
       (47092, 305, '75', 4, 75000000, 490, 19, 3, 1),
       (47093, 305, '76', 2, 65000000, 910, 19, 3, 1),
       (47094, 305, '77', 2, 68000000, 870, 20, 3, 1),
       (47095, 305, '78', 4, 58000000, 860, 20, 3, 1),
       (47096, 305, '79', 4, 57000000, 510, 20, 3, 1),
       (47097, 305, '80', 4, 57000000, 450, 20, 3, 1),
       (47098, 305, '81', 3, 111000000, 410, 21, 3, 1),
       (47099, 305, '82', 2, 117000000, 800, 21, 3, 1),
       (47100, 305, '83', 2, 112000000, 420, 21, 3, 1),
       (47101, 305, '84', 4, 116000000, 920, 21, 3, 1),
       (47102, 305, '85', 2, 51000000, 880, 22, 3, 1),
       (47103, 305, '86', 2, 98000000, 420, 22, 3, 1),
       (47104, 305, '87', 2, 53000000, 590, 22, 3, 1),
       (47105, 305, '88', 4, 87000000, 610, 22, 3, 1),
       (47106, 305, '89', 2, 93000000, 480, 23, 3, 1),
       (47107, 305, '90', 2, 74000000, 560, 23, 3, 1),
       (47108, 305, '91', 2, 83000000, 740, 23, 3, 1),
       (47109, 305, '92', 3, 139000000, 780, 23, 3, 1),
       (47110, 305, '93', 3, 111000000, 510, 24, 3, 1),
       (47111, 305, '94', 2, 134000000, 720, 24, 3, 1),
       (47112, 305, '95', 4, 79000000, 950, 24, 3, 1),
       (47113, 305, '96', 2, 87000000, 930, 24, 3, 1),
       (47114, 305, '97', 4, 65000000, 690, 25, 3, 1),
       (47115, 305, '98', 4, 103000000, 410, 25, 3, 1),
       (47116, 305, '99', 3, 64000000, 990, 25, 3, 1),
       (47117, 305, '100', 4, 45000000, 550, 25, 3, 1),
       (47118, 305, '101', 3, 100000000, 430, 26, 3, 1),
       (47119, 305, '102', 3, 130000000, 550, 26, 3, 1),
       (47120, 305, '103', 3, 78000000, 770, 26, 3, 1),
       (47121, 305, '104', 2, 57000000, 630, 26, 3, 1),
       (47122, 305, '105', 4, 117000000, 590, 27, 3, 1),
       (47123, 305, '106', 4, 146000000, 790, 27, 3, 1),
       (47124, 305, '107', 4, 124000000, 650, 27, 3, 1),
       (47125, 305, '108', 4, 47000000, 810, 27, 3, 1);
insert into real_estate_building (id, address, complex_id, floor_count, dev_id)
values (306, 'г. Москва, ул. Морская, д. 19', 15, 27, 15);
insert into real_estate_object (id, building_id ,local_address, places, price, area, floor, type, estate_type)
values (47126, 306, '1', 2, 63000000, 610, 1, 3, 1),
       (47127, 306, '2', 3, 58000000, 600, 1, 3, 1),
       (47128, 306, '3', 3, 84000000, 810, 1, 3, 1),
       (47129, 306, '4', 4, 53000000, 690, 1, 3, 1),
       (47130, 306, '5', 4, 96000000, 940, 2, 3, 1),
       (47131, 306, '6', 4, 49000000, 980, 2, 3, 1),
       (47132, 306, '7', 4, 142000000, 700, 2, 3, 1),
       (47133, 306, '8', 3, 144000000, 740, 2, 3, 1),
       (47134, 306, '9', 3, 48000000, 890, 3, 3, 1),
       (47135, 306, '10', 4, 72000000, 880, 3, 3, 1),
       (47136, 306, '11', 4, 53000000, 490, 3, 3, 1),
       (47137, 306, '12', 3, 143000000, 650, 3, 3, 1),
       (47138, 306, '13', 2, 44000000, 690, 4, 3, 1),
       (47139, 306, '14', 2, 51000000, 870, 4, 3, 1),
       (47140, 306, '15', 4, 139000000, 710, 4, 3, 1),
       (47141, 306, '16', 2, 122000000, 660, 4, 3, 1),
       (47142, 306, '17', 3, 104000000, 540, 5, 3, 1),
       (47143, 306, '18', 3, 132000000, 680, 5, 3, 1),
       (47144, 306, '19', 2, 82000000, 660, 5, 3, 1),
       (47145, 306, '20', 2, 140000000, 940, 5, 3, 1),
       (47146, 306, '21', 2, 140000000, 670, 6, 3, 1),
       (47147, 306, '22', 2, 136000000, 610, 6, 3, 1),
       (47148, 306, '23', 4, 51000000, 520, 6, 3, 1),
       (47149, 306, '24', 3, 102000000, 650, 6, 3, 1),
       (47150, 306, '25', 2, 124000000, 840, 7, 3, 1),
       (47151, 306, '26', 3, 91000000, 890, 7, 3, 1),
       (47152, 306, '27', 3, 150000000, 810, 7, 3, 1),
       (47153, 306, '28', 3, 113000000, 950, 7, 3, 1),
       (47154, 306, '29', 4, 95000000, 930, 8, 3, 1),
       (47155, 306, '30', 2, 134000000, 570, 8, 3, 1),
       (47156, 306, '31', 3, 121000000, 640, 8, 3, 1),
       (47157, 306, '32', 2, 107000000, 810, 8, 3, 1),
       (47158, 306, '33', 4, 68000000, 690, 9, 3, 1),
       (47159, 306, '34', 3, 133000000, 530, 9, 3, 1),
       (47160, 306, '35', 2, 133000000, 620, 9, 3, 1),
       (47161, 306, '36', 4, 69000000, 790, 9, 3, 1),
       (47162, 306, '37', 2, 124000000, 700, 10, 3, 1),
       (47163, 306, '38', 2, 131000000, 760, 10, 3, 1),
       (47164, 306, '39', 3, 73000000, 670, 10, 3, 1),
       (47165, 306, '40', 2, 85000000, 920, 10, 3, 1),
       (47166, 306, '41', 3, 141000000, 510, 11, 3, 1),
       (47167, 306, '42', 3, 72000000, 630, 11, 3, 1),
       (47168, 306, '43', 3, 87000000, 580, 11, 3, 1),
       (47169, 306, '44', 2, 59000000, 610, 11, 3, 1),
       (47170, 306, '45', 2, 138000000, 680, 12, 3, 1),
       (47171, 306, '46', 2, 99000000, 870, 12, 3, 1),
       (47172, 306, '47', 4, 133000000, 820, 12, 3, 1),
       (47173, 306, '48', 2, 64000000, 800, 12, 3, 1),
       (47174, 306, '49', 4, 114000000, 890, 13, 3, 1),
       (47175, 306, '50', 3, 133000000, 990, 13, 3, 1),
       (47176, 306, '51', 2, 91000000, 670, 13, 3, 1),
       (47177, 306, '52', 2, 57000000, 660, 13, 3, 1),
       (47178, 306, '53', 3, 102000000, 950, 14, 3, 1),
       (47179, 306, '54', 4, 68000000, 950, 14, 3, 1),
       (47180, 306, '55', 4, 129000000, 680, 14, 3, 1),
       (47181, 306, '56', 2, 103000000, 980, 14, 3, 1),
       (47182, 306, '57', 4, 68000000, 900, 15, 3, 1),
       (47183, 306, '58', 2, 121000000, 650, 15, 3, 1),
       (47184, 306, '59', 4, 126000000, 520, 15, 3, 1),
       (47185, 306, '60', 4, 82000000, 580, 15, 3, 1),
       (47186, 306, '61', 2, 62000000, 990, 16, 3, 1),
       (47187, 306, '62', 3, 71000000, 430, 16, 3, 1),
       (47188, 306, '63', 3, 100000000, 620, 16, 3, 1),
       (47189, 306, '64', 4, 143000000, 560, 16, 3, 1),
       (47190, 306, '65', 2, 104000000, 860, 17, 3, 1),
       (47191, 306, '66', 4, 94000000, 600, 17, 3, 1),
       (47192, 306, '67', 2, 59000000, 650, 17, 3, 1),
       (47193, 306, '68', 4, 93000000, 500, 17, 3, 1),
       (47194, 306, '69', 3, 139000000, 480, 18, 3, 1),
       (47195, 306, '70', 4, 112000000, 800, 18, 3, 1),
       (47196, 306, '71', 3, 134000000, 460, 18, 3, 1),
       (47197, 306, '72', 4, 120000000, 850, 18, 3, 1),
       (47198, 306, '73', 3, 54000000, 600, 19, 3, 1),
       (47199, 306, '74', 4, 96000000, 710, 19, 3, 1),
       (47200, 306, '75', 2, 54000000, 540, 19, 3, 1),
       (47201, 306, '76', 3, 149000000, 660, 19, 3, 1),
       (47202, 306, '77', 3, 90000000, 760, 20, 3, 1),
       (47203, 306, '78', 3, 130000000, 680, 20, 3, 1),
       (47204, 306, '79', 2, 92000000, 600, 20, 3, 1),
       (47205, 306, '80', 3, 82000000, 750, 20, 3, 1),
       (47206, 306, '81', 2, 62000000, 880, 21, 3, 1),
       (47207, 306, '82', 2, 101000000, 440, 21, 3, 1),
       (47208, 306, '83', 2, 136000000, 930, 21, 3, 1),
       (47209, 306, '84', 2, 47000000, 630, 21, 3, 1),
       (47210, 306, '85', 2, 65000000, 460, 22, 3, 1),
       (47211, 306, '86', 4, 118000000, 530, 22, 3, 1),
       (47212, 306, '87', 2, 102000000, 990, 22, 3, 1),
       (47213, 306, '88', 4, 96000000, 750, 22, 3, 1),
       (47214, 306, '89', 2, 74000000, 690, 23, 3, 1),
       (47215, 306, '90', 3, 123000000, 840, 23, 3, 1),
       (47216, 306, '91', 4, 88000000, 490, 23, 3, 1),
       (47217, 306, '92', 3, 75000000, 900, 23, 3, 1),
       (47218, 306, '93', 2, 59000000, 930, 24, 3, 1),
       (47219, 306, '94', 2, 87000000, 680, 24, 3, 1),
       (47220, 306, '95', 2, 69000000, 570, 24, 3, 1),
       (47221, 306, '96', 2, 114000000, 940, 24, 3, 1),
       (47222, 306, '97', 2, 108000000, 580, 25, 3, 1),
       (47223, 306, '98', 2, 40000000, 520, 25, 3, 1),
       (47224, 306, '99', 3, 139000000, 620, 25, 3, 1),
       (47225, 306, '100', 3, 106000000, 400, 25, 3, 1),
       (47226, 306, '101', 2, 117000000, 450, 26, 3, 1),
       (47227, 306, '102', 2, 148000000, 470, 26, 3, 1),
       (47228, 306, '103', 3, 90000000, 680, 26, 3, 1),
       (47229, 306, '104', 2, 74000000, 600, 26, 3, 1),
       (47230, 306, '105', 3, 139000000, 630, 27, 3, 1),
       (47231, 306, '106', 2, 79000000, 940, 27, 3, 1),
       (47232, 306, '107', 4, 48000000, 990, 27, 3, 1),
       (47233, 306, '108', 2, 100000000, 900, 27, 3, 1);
insert into real_estate_building (id, address, complex_id, floor_count, dev_id)
values (307, 'г. Москва, ул. Морская, д. 20', 15, 20, 15);
insert into real_estate_object (id, building_id ,local_address, places, price, area, floor, type, estate_type)
values (47234, 307, '1', 2, 51000000, 560, 1, 3, 1),
       (47235, 307, '2', 2, 117000000, 460, 1, 3, 1),
       (47236, 307, '3', 4, 71000000, 690, 1, 3, 1),
       (47237, 307, '4', 2, 121000000, 610, 1, 3, 1),
       (47238, 307, '5', 2, 76000000, 460, 2, 3, 1),
       (47239, 307, '6', 4, 139000000, 890, 2, 3, 1),
       (47240, 307, '7', 4, 106000000, 450, 2, 3, 1),
       (47241, 307, '8', 2, 133000000, 420, 2, 3, 1),
       (47242, 307, '9', 2, 77000000, 470, 3, 3, 1),
       (47243, 307, '10', 2, 53000000, 500, 3, 3, 1),
       (47244, 307, '11', 3, 100000000, 700, 3, 3, 1),
       (47245, 307, '12', 4, 49000000, 530, 3, 3, 1),
       (47246, 307, '13', 2, 131000000, 910, 4, 3, 1),
       (47247, 307, '14', 2, 102000000, 880, 4, 3, 1),
       (47248, 307, '15', 2, 109000000, 520, 4, 3, 1),
       (47249, 307, '16', 2, 45000000, 630, 4, 3, 1),
       (47250, 307, '17', 3, 142000000, 920, 5, 3, 1),
       (47251, 307, '18', 3, 99000000, 810, 5, 3, 1),
       (47252, 307, '19', 4, 56000000, 680, 5, 3, 1),
       (47253, 307, '20', 2, 118000000, 480, 5, 3, 1),
       (47254, 307, '21', 2, 147000000, 750, 6, 3, 1),
       (47255, 307, '22', 3, 45000000, 720, 6, 3, 1),
       (47256, 307, '23', 2, 94000000, 960, 6, 3, 1),
       (47257, 307, '24', 2, 108000000, 500, 6, 3, 1),
       (47258, 307, '25', 4, 139000000, 970, 7, 3, 1),
       (47259, 307, '26', 4, 104000000, 420, 7, 3, 1),
       (47260, 307, '27', 4, 76000000, 790, 7, 3, 1),
       (47261, 307, '28', 3, 124000000, 720, 7, 3, 1),
       (47262, 307, '29', 2, 119000000, 530, 8, 3, 1),
       (47263, 307, '30', 3, 124000000, 710, 8, 3, 1),
       (47264, 307, '31', 4, 117000000, 820, 8, 3, 1),
       (47265, 307, '32', 3, 107000000, 690, 8, 3, 1),
       (47266, 307, '33', 4, 136000000, 540, 9, 3, 1),
       (47267, 307, '34', 3, 100000000, 970, 9, 3, 1),
       (47268, 307, '35', 2, 95000000, 860, 9, 3, 1),
       (47269, 307, '36', 2, 134000000, 520, 9, 3, 1),
       (47270, 307, '37', 4, 111000000, 1000, 10, 3, 1),
       (47271, 307, '38', 4, 114000000, 420, 10, 3, 1),
       (47272, 307, '39', 2, 104000000, 480, 10, 3, 1),
       (47273, 307, '40', 2, 50000000, 890, 10, 3, 1),
       (47274, 307, '41', 2, 63000000, 690, 11, 3, 1),
       (47275, 307, '42', 3, 103000000, 760, 11, 3, 1),
       (47276, 307, '43', 2, 136000000, 410, 11, 3, 1),
       (47277, 307, '44', 4, 140000000, 460, 11, 3, 1),
       (47278, 307, '45', 4, 143000000, 780, 12, 3, 1),
       (47279, 307, '46', 4, 145000000, 690, 12, 3, 1),
       (47280, 307, '47', 3, 98000000, 760, 12, 3, 1),
       (47281, 307, '48', 2, 148000000, 440, 12, 3, 1),
       (47282, 307, '49', 3, 120000000, 770, 13, 3, 1),
       (47283, 307, '50', 2, 75000000, 510, 13, 3, 1),
       (47284, 307, '51', 4, 44000000, 860, 13, 3, 1),
       (47285, 307, '52', 4, 137000000, 510, 13, 3, 1),
       (47286, 307, '53', 3, 80000000, 890, 14, 3, 1),
       (47287, 307, '54', 3, 111000000, 1000, 14, 3, 1),
       (47288, 307, '55', 4, 84000000, 430, 14, 3, 1),
       (47289, 307, '56', 3, 55000000, 910, 14, 3, 1),
       (47290, 307, '57', 2, 114000000, 790, 15, 3, 1),
       (47291, 307, '58', 3, 146000000, 540, 15, 3, 1),
       (47292, 307, '59', 4, 74000000, 570, 15, 3, 1),
       (47293, 307, '60', 4, 98000000, 950, 15, 3, 1),
       (47294, 307, '61', 3, 135000000, 750, 16, 3, 1),
       (47295, 307, '62', 2, 59000000, 960, 16, 3, 1),
       (47296, 307, '63', 3, 45000000, 460, 16, 3, 1),
       (47297, 307, '64', 4, 130000000, 880, 16, 3, 1),
       (47298, 307, '65', 2, 78000000, 660, 17, 3, 1),
       (47299, 307, '66', 2, 139000000, 490, 17, 3, 1),
       (47300, 307, '67', 2, 47000000, 460, 17, 3, 1),
       (47301, 307, '68', 3, 86000000, 660, 17, 3, 1),
       (47302, 307, '69', 4, 105000000, 990, 18, 3, 1),
       (47303, 307, '70', 4, 107000000, 550, 18, 3, 1),
       (47304, 307, '71', 4, 62000000, 990, 18, 3, 1),
       (47305, 307, '72', 2, 130000000, 490, 18, 3, 1),
       (47306, 307, '73', 4, 109000000, 640, 19, 3, 1),
       (47307, 307, '74', 4, 134000000, 800, 19, 3, 1),
       (47308, 307, '75', 4, 109000000, 510, 19, 3, 1),
       (47309, 307, '76', 2, 83000000, 560, 19, 3, 1),
       (47310, 307, '77', 3, 126000000, 810, 20, 3, 1),
       (47311, 307, '78', 2, 125000000, 400, 20, 3, 1),
       (47312, 307, '79', 2, 52000000, 980, 20, 3, 1),
       (47313, 307, '80', 4, 97000000, 420, 20, 3, 1);
insert into real_estate_building (id, address, complex_id, floor_count, dev_id)
values (308, 'г. Москва, ул. Морская, д. 21', 15, 29, 15);
insert into real_estate_object (id, building_id ,local_address, places, price, area, floor, type, estate_type)
values (47314, 308, '1', 2, 138000000, 700, 1, 3, 1),
       (47315, 308, '2', 3, 130000000, 890, 1, 3, 1),
       (47316, 308, '3', 3, 110000000, 930, 1, 3, 1),
       (47317, 308, '4', 3, 132000000, 630, 1, 3, 1),
       (47318, 308, '5', 4, 59000000, 460, 2, 3, 1),
       (47319, 308, '6', 3, 111000000, 700, 2, 3, 1),
       (47320, 308, '7', 3, 108000000, 660, 2, 3, 1),
       (47321, 308, '8', 4, 142000000, 940, 2, 3, 1),
       (47322, 308, '9', 2, 56000000, 450, 3, 3, 1),
       (47323, 308, '10', 2, 124000000, 790, 3, 3, 1),
       (47324, 308, '11', 4, 104000000, 720, 3, 3, 1),
       (47325, 308, '12', 4, 138000000, 790, 3, 3, 1),
       (47326, 308, '13', 4, 105000000, 550, 4, 3, 1),
       (47327, 308, '14', 2, 148000000, 820, 4, 3, 1),
       (47328, 308, '15', 4, 148000000, 840, 4, 3, 1),
       (47329, 308, '16', 3, 108000000, 450, 4, 3, 1),
       (47330, 308, '17', 4, 118000000, 410, 5, 3, 1),
       (47331, 308, '18', 3, 65000000, 570, 5, 3, 1),
       (47332, 308, '19', 2, 105000000, 870, 5, 3, 1),
       (47333, 308, '20', 3, 96000000, 700, 5, 3, 1),
       (47334, 308, '21', 2, 52000000, 700, 6, 3, 1),
       (47335, 308, '22', 2, 56000000, 420, 6, 3, 1),
       (47336, 308, '23', 4, 122000000, 620, 6, 3, 1),
       (47337, 308, '24', 3, 149000000, 860, 6, 3, 1),
       (47338, 308, '25', 2, 72000000, 450, 7, 3, 1),
       (47339, 308, '26', 2, 77000000, 670, 7, 3, 1),
       (47340, 308, '27', 3, 89000000, 930, 7, 3, 1),
       (47341, 308, '28', 3, 59000000, 610, 7, 3, 1),
       (47342, 308, '29', 4, 64000000, 1000, 8, 3, 1),
       (47343, 308, '30', 3, 80000000, 810, 8, 3, 1),
       (47344, 308, '31', 3, 54000000, 670, 8, 3, 1),
       (47345, 308, '32', 3, 121000000, 1000, 8, 3, 1),
       (47346, 308, '33', 3, 49000000, 560, 9, 3, 1),
       (47347, 308, '34', 4, 94000000, 520, 9, 3, 1),
       (47348, 308, '35', 2, 44000000, 660, 9, 3, 1),
       (47349, 308, '36', 2, 138000000, 490, 9, 3, 1),
       (47350, 308, '37', 2, 118000000, 840, 10, 3, 1),
       (47351, 308, '38', 4, 86000000, 640, 10, 3, 1),
       (47352, 308, '39', 2, 45000000, 510, 10, 3, 1),
       (47353, 308, '40', 3, 99000000, 810, 10, 3, 1),
       (47354, 308, '41', 3, 62000000, 820, 11, 3, 1),
       (47355, 308, '42', 3, 106000000, 750, 11, 3, 1),
       (47356, 308, '43', 4, 118000000, 680, 11, 3, 1),
       (47357, 308, '44', 3, 98000000, 710, 11, 3, 1),
       (47358, 308, '45', 2, 69000000, 530, 12, 3, 1),
       (47359, 308, '46', 2, 121000000, 990, 12, 3, 1),
       (47360, 308, '47', 4, 105000000, 960, 12, 3, 1),
       (47361, 308, '48', 2, 106000000, 500, 12, 3, 1),
       (47362, 308, '49', 3, 113000000, 470, 13, 3, 1),
       (47363, 308, '50', 4, 115000000, 830, 13, 3, 1),
       (47364, 308, '51', 2, 133000000, 450, 13, 3, 1),
       (47365, 308, '52', 3, 47000000, 850, 13, 3, 1),
       (47366, 308, '53', 3, 75000000, 880, 14, 3, 1),
       (47367, 308, '54', 3, 70000000, 880, 14, 3, 1),
       (47368, 308, '55', 2, 102000000, 980, 14, 3, 1),
       (47369, 308, '56', 4, 138000000, 990, 14, 3, 1),
       (47370, 308, '57', 3, 91000000, 690, 15, 3, 1),
       (47371, 308, '58', 3, 135000000, 470, 15, 3, 1),
       (47372, 308, '59', 3, 150000000, 690, 15, 3, 1),
       (47373, 308, '60', 3, 111000000, 780, 15, 3, 1),
       (47374, 308, '61', 4, 105000000, 720, 16, 3, 1),
       (47375, 308, '62', 2, 74000000, 810, 16, 3, 1),
       (47376, 308, '63', 4, 84000000, 540, 16, 3, 1),
       (47377, 308, '64', 4, 83000000, 990, 16, 3, 1),
       (47378, 308, '65', 4, 94000000, 900, 17, 3, 1),
       (47379, 308, '66', 4, 54000000, 840, 17, 3, 1),
       (47380, 308, '67', 2, 123000000, 620, 17, 3, 1),
       (47381, 308, '68', 4, 146000000, 860, 17, 3, 1),
       (47382, 308, '69', 3, 82000000, 980, 18, 3, 1),
       (47383, 308, '70', 3, 87000000, 830, 18, 3, 1),
       (47384, 308, '71', 4, 106000000, 850, 18, 3, 1),
       (47385, 308, '72', 3, 140000000, 980, 18, 3, 1),
       (47386, 308, '73', 2, 44000000, 600, 19, 3, 1),
       (47387, 308, '74', 4, 99000000, 440, 19, 3, 1),
       (47388, 308, '75', 4, 94000000, 640, 19, 3, 1),
       (47389, 308, '76', 4, 76000000, 860, 19, 3, 1),
       (47390, 308, '77', 2, 126000000, 620, 20, 3, 1),
       (47391, 308, '78', 3, 140000000, 490, 20, 3, 1),
       (47392, 308, '79', 4, 99000000, 710, 20, 3, 1),
       (47393, 308, '80', 4, 68000000, 420, 20, 3, 1),
       (47394, 308, '81', 2, 113000000, 790, 21, 3, 1),
       (47395, 308, '82', 4, 141000000, 560, 21, 3, 1),
       (47396, 308, '83', 2, 100000000, 400, 21, 3, 1),
       (47397, 308, '84', 3, 82000000, 850, 21, 3, 1),
       (47398, 308, '85', 4, 146000000, 670, 22, 3, 1),
       (47399, 308, '86', 3, 143000000, 820, 22, 3, 1),
       (47400, 308, '87', 3, 95000000, 900, 22, 3, 1),
       (47401, 308, '88', 2, 99000000, 600, 22, 3, 1),
       (47402, 308, '89', 2, 149000000, 490, 23, 3, 1),
       (47403, 308, '90', 2, 93000000, 900, 23, 3, 1),
       (47404, 308, '91', 4, 125000000, 450, 23, 3, 1),
       (47405, 308, '92', 3, 130000000, 460, 23, 3, 1),
       (47406, 308, '93', 2, 76000000, 780, 24, 3, 1),
       (47407, 308, '94', 2, 53000000, 460, 24, 3, 1),
       (47408, 308, '95', 3, 147000000, 640, 24, 3, 1),
       (47409, 308, '96', 4, 99000000, 680, 24, 3, 1),
       (47410, 308, '97', 4, 107000000, 950, 25, 3, 1),
       (47411, 308, '98', 2, 42000000, 710, 25, 3, 1),
       (47412, 308, '99', 2, 68000000, 930, 25, 3, 1),
       (47413, 308, '100', 4, 119000000, 740, 25, 3, 1),
       (47414, 308, '101', 3, 114000000, 840, 26, 3, 1),
       (47415, 308, '102', 3, 97000000, 740, 26, 3, 1),
       (47416, 308, '103', 4, 113000000, 500, 26, 3, 1),
       (47417, 308, '104', 4, 58000000, 460, 26, 3, 1),
       (47418, 308, '105', 3, 74000000, 870, 27, 3, 1),
       (47419, 308, '106', 2, 92000000, 850, 27, 3, 1),
       (47420, 308, '107', 2, 123000000, 440, 27, 3, 1),
       (47421, 308, '108', 4, 55000000, 800, 27, 3, 1),
       (47422, 308, '109', 4, 93000000, 700, 28, 3, 1),
       (47423, 308, '110', 2, 127000000, 630, 28, 3, 1),
       (47424, 308, '111', 3, 60000000, 560, 28, 3, 1),
       (47425, 308, '112', 4, 82000000, 460, 28, 3, 1),
       (47426, 308, '113', 4, 119000000, 790, 29, 3, 1),
       (47427, 308, '114', 3, 110000000, 1000, 29, 3, 1),
       (47428, 308, '115', 2, 131000000, 410, 29, 3, 1),
       (47429, 308, '116', 4, 82000000, 730, 29, 3, 1);
insert into real_estate_building (id, address, complex_id, floor_count, dev_id)
values (309, 'г. Москва, ул. Морская, д. 22', 15, 21, 15);
insert into real_estate_object (id, building_id ,local_address, places, price, area, floor, type, estate_type)
values (47430, 309, '1', 3, 104000000, 540, 1, 3, 1),
       (47431, 309, '2', 2, 62000000, 560, 1, 3, 1),
       (47432, 309, '3', 2, 139000000, 440, 1, 3, 1),
       (47433, 309, '4', 3, 74000000, 500, 1, 3, 1),
       (47434, 309, '5', 2, 129000000, 930, 2, 3, 1),
       (47435, 309, '6', 2, 104000000, 700, 2, 3, 1),
       (47436, 309, '7', 3, 88000000, 400, 2, 3, 1),
       (47437, 309, '8', 3, 118000000, 850, 2, 3, 1),
       (47438, 309, '9', 2, 48000000, 500, 3, 3, 1),
       (47439, 309, '10', 3, 46000000, 930, 3, 3, 1),
       (47440, 309, '11', 2, 43000000, 400, 3, 3, 1),
       (47441, 309, '12', 2, 129000000, 640, 3, 3, 1),
       (47442, 309, '13', 2, 57000000, 990, 4, 3, 1),
       (47443, 309, '14', 3, 119000000, 640, 4, 3, 1),
       (47444, 309, '15', 2, 42000000, 730, 4, 3, 1),
       (47445, 309, '16', 4, 148000000, 480, 4, 3, 1),
       (47446, 309, '17', 2, 87000000, 570, 5, 3, 1),
       (47447, 309, '18', 4, 100000000, 770, 5, 3, 1),
       (47448, 309, '19', 2, 80000000, 800, 5, 3, 1),
       (47449, 309, '20', 3, 143000000, 990, 5, 3, 1),
       (47450, 309, '21', 4, 72000000, 740, 6, 3, 1),
       (47451, 309, '22', 2, 137000000, 920, 6, 3, 1),
       (47452, 309, '23', 4, 100000000, 670, 6, 3, 1),
       (47453, 309, '24', 4, 97000000, 1000, 6, 3, 1),
       (47454, 309, '25', 2, 125000000, 680, 7, 3, 1),
       (47455, 309, '26', 3, 128000000, 950, 7, 3, 1),
       (47456, 309, '27', 4, 105000000, 800, 7, 3, 1),
       (47457, 309, '28', 4, 93000000, 500, 7, 3, 1),
       (47458, 309, '29', 2, 136000000, 890, 8, 3, 1),
       (47459, 309, '30', 2, 68000000, 520, 8, 3, 1),
       (47460, 309, '31', 3, 57000000, 680, 8, 3, 1),
       (47461, 309, '32', 3, 137000000, 840, 8, 3, 1),
       (47462, 309, '33', 3, 105000000, 930, 9, 3, 1),
       (47463, 309, '34', 4, 106000000, 910, 9, 3, 1),
       (47464, 309, '35', 2, 129000000, 800, 9, 3, 1),
       (47465, 309, '36', 3, 81000000, 910, 9, 3, 1),
       (47466, 309, '37', 2, 134000000, 420, 10, 3, 1),
       (47467, 309, '38', 4, 145000000, 710, 10, 3, 1),
       (47468, 309, '39', 4, 110000000, 400, 10, 3, 1),
       (47469, 309, '40', 4, 103000000, 830, 10, 3, 1),
       (47470, 309, '41', 2, 72000000, 540, 11, 3, 1),
       (47471, 309, '42', 3, 77000000, 580, 11, 3, 1),
       (47472, 309, '43', 3, 135000000, 790, 11, 3, 1),
       (47473, 309, '44', 3, 60000000, 610, 11, 3, 1),
       (47474, 309, '45', 2, 72000000, 880, 12, 3, 1),
       (47475, 309, '46', 4, 77000000, 530, 12, 3, 1),
       (47476, 309, '47', 4, 121000000, 520, 12, 3, 1),
       (47477, 309, '48', 2, 120000000, 440, 12, 3, 1),
       (47478, 309, '49', 2, 149000000, 750, 13, 3, 1),
       (47479, 309, '50', 3, 54000000, 770, 13, 3, 1),
       (47480, 309, '51', 4, 70000000, 890, 13, 3, 1),
       (47481, 309, '52', 2, 115000000, 850, 13, 3, 1),
       (47482, 309, '53', 4, 139000000, 540, 14, 3, 1),
       (47483, 309, '54', 3, 94000000, 420, 14, 3, 1),
       (47484, 309, '55', 2, 75000000, 700, 14, 3, 1),
       (47485, 309, '56', 4, 78000000, 430, 14, 3, 1),
       (47486, 309, '57', 4, 61000000, 850, 15, 3, 1),
       (47487, 309, '58', 3, 104000000, 670, 15, 3, 1),
       (47488, 309, '59', 4, 63000000, 930, 15, 3, 1),
       (47489, 309, '60', 4, 111000000, 660, 15, 3, 1),
       (47490, 309, '61', 4, 115000000, 920, 16, 3, 1),
       (47491, 309, '62', 2, 117000000, 940, 16, 3, 1),
       (47492, 309, '63', 3, 128000000, 760, 16, 3, 1),
       (47493, 309, '64', 4, 118000000, 640, 16, 3, 1),
       (47494, 309, '65', 4, 67000000, 670, 17, 3, 1),
       (47495, 309, '66', 4, 46000000, 800, 17, 3, 1),
       (47496, 309, '67', 3, 86000000, 740, 17, 3, 1),
       (47497, 309, '68', 3, 100000000, 450, 17, 3, 1),
       (47498, 309, '69', 4, 57000000, 950, 18, 3, 1),
       (47499, 309, '70', 2, 99000000, 750, 18, 3, 1),
       (47500, 309, '71', 4, 110000000, 520, 18, 3, 1),
       (47501, 309, '72', 3, 69000000, 660, 18, 3, 1),
       (47502, 309, '73', 4, 147000000, 980, 19, 3, 1),
       (47503, 309, '74', 4, 90000000, 410, 19, 3, 1),
       (47504, 309, '75', 2, 111000000, 840, 19, 3, 1),
       (47505, 309, '76', 4, 54000000, 700, 19, 3, 1),
       (47506, 309, '77', 3, 138000000, 620, 20, 3, 1),
       (47507, 309, '78', 3, 55000000, 550, 20, 3, 1),
       (47508, 309, '79', 2, 110000000, 970, 20, 3, 1),
       (47509, 309, '80', 2, 142000000, 650, 20, 3, 1),
       (47510, 309, '81', 3, 49000000, 570, 21, 3, 1),
       (47511, 309, '82', 4, 118000000, 480, 21, 3, 1),
       (47512, 309, '83', 3, 135000000, 420, 21, 3, 1),
       (47513, 309, '84', 4, 56000000, 410, 21, 3, 1);
insert into real_estate_building (id, address, complex_id, floor_count, dev_id)
values (310, 'г. Москва, ул. Морская, д. 23', 15, 21, 15);
insert into real_estate_object (id, building_id ,local_address, places, price, area, floor, type, estate_type)
values (47514, 310, '1', 2, 71000000, 810, 1, 3, 1),
       (47515, 310, '2', 4, 85000000, 750, 1, 3, 1),
       (47516, 310, '3', 2, 67000000, 780, 1, 3, 1),
       (47517, 310, '4', 3, 110000000, 890, 1, 3, 1),
       (47518, 310, '5', 4, 116000000, 540, 2, 3, 1),
       (47519, 310, '6', 2, 90000000, 560, 2, 3, 1),
       (47520, 310, '7', 4, 89000000, 940, 2, 3, 1),
       (47521, 310, '8', 4, 147000000, 1000, 2, 3, 1),
       (47522, 310, '9', 2, 84000000, 680, 3, 3, 1),
       (47523, 310, '10', 2, 76000000, 490, 3, 3, 1),
       (47524, 310, '11', 4, 87000000, 430, 3, 3, 1),
       (47525, 310, '12', 3, 46000000, 820, 3, 3, 1),
       (47526, 310, '13', 3, 93000000, 610, 4, 3, 1),
       (47527, 310, '14', 2, 41000000, 910, 4, 3, 1),
       (47528, 310, '15', 2, 82000000, 440, 4, 3, 1),
       (47529, 310, '16', 4, 129000000, 570, 4, 3, 1),
       (47530, 310, '17', 2, 125000000, 680, 5, 3, 1),
       (47531, 310, '18', 4, 46000000, 1000, 5, 3, 1),
       (47532, 310, '19', 2, 79000000, 930, 5, 3, 1),
       (47533, 310, '20', 3, 59000000, 910, 5, 3, 1),
       (47534, 310, '21', 3, 125000000, 940, 6, 3, 1),
       (47535, 310, '22', 2, 93000000, 860, 6, 3, 1),
       (47536, 310, '23', 2, 143000000, 670, 6, 3, 1),
       (47537, 310, '24', 4, 124000000, 730, 6, 3, 1),
       (47538, 310, '25', 4, 65000000, 450, 7, 3, 1),
       (47539, 310, '26', 3, 122000000, 570, 7, 3, 1),
       (47540, 310, '27', 4, 81000000, 660, 7, 3, 1),
       (47541, 310, '28', 4, 50000000, 760, 7, 3, 1),
       (47542, 310, '29', 2, 135000000, 860, 8, 3, 1),
       (47543, 310, '30', 3, 109000000, 850, 8, 3, 1),
       (47544, 310, '31', 4, 114000000, 510, 8, 3, 1),
       (47545, 310, '32', 2, 76000000, 690, 8, 3, 1),
       (47546, 310, '33', 2, 86000000, 730, 9, 3, 1),
       (47547, 310, '34', 4, 124000000, 790, 9, 3, 1),
       (47548, 310, '35', 3, 44000000, 490, 9, 3, 1),
       (47549, 310, '36', 4, 109000000, 520, 9, 3, 1),
       (47550, 310, '37', 4, 59000000, 910, 10, 3, 1),
       (47551, 310, '38', 2, 149000000, 920, 10, 3, 1),
       (47552, 310, '39', 2, 43000000, 410, 10, 3, 1),
       (47553, 310, '40', 3, 105000000, 900, 10, 3, 1),
       (47554, 310, '41', 4, 77000000, 770, 11, 3, 1),
       (47555, 310, '42', 4, 111000000, 620, 11, 3, 1),
       (47556, 310, '43', 4, 90000000, 910, 11, 3, 1),
       (47557, 310, '44', 2, 107000000, 740, 11, 3, 1),
       (47558, 310, '45', 4, 42000000, 530, 12, 3, 1),
       (47559, 310, '46', 4, 145000000, 600, 12, 3, 1),
       (47560, 310, '47', 2, 54000000, 440, 12, 3, 1),
       (47561, 310, '48', 3, 109000000, 440, 12, 3, 1),
       (47562, 310, '49', 4, 60000000, 610, 13, 3, 1),
       (47563, 310, '50', 3, 142000000, 690, 13, 3, 1),
       (47564, 310, '51', 3, 103000000, 690, 13, 3, 1),
       (47565, 310, '52', 3, 126000000, 920, 13, 3, 1),
       (47566, 310, '53', 4, 50000000, 480, 14, 3, 1),
       (47567, 310, '54', 2, 149000000, 520, 14, 3, 1),
       (47568, 310, '55', 3, 66000000, 930, 14, 3, 1),
       (47569, 310, '56', 3, 141000000, 480, 14, 3, 1),
       (47570, 310, '57', 4, 119000000, 680, 15, 3, 1),
       (47571, 310, '58', 3, 104000000, 580, 15, 3, 1),
       (47572, 310, '59', 4, 72000000, 900, 15, 3, 1),
       (47573, 310, '60', 3, 115000000, 560, 15, 3, 1),
       (47574, 310, '61', 3, 89000000, 930, 16, 3, 1),
       (47575, 310, '62', 4, 110000000, 740, 16, 3, 1),
       (47576, 310, '63', 4, 79000000, 640, 16, 3, 1),
       (47577, 310, '64', 3, 87000000, 510, 16, 3, 1),
       (47578, 310, '65', 2, 115000000, 610, 17, 3, 1),
       (47579, 310, '66', 2, 114000000, 920, 17, 3, 1),
       (47580, 310, '67', 3, 106000000, 920, 17, 3, 1),
       (47581, 310, '68', 4, 96000000, 590, 17, 3, 1),
       (47582, 310, '69', 2, 49000000, 690, 18, 3, 1),
       (47583, 310, '70', 4, 51000000, 420, 18, 3, 1),
       (47584, 310, '71', 4, 132000000, 470, 18, 3, 1),
       (47585, 310, '72', 2, 135000000, 580, 18, 3, 1),
       (47586, 310, '73', 4, 129000000, 530, 19, 3, 1),
       (47587, 310, '74', 3, 90000000, 400, 19, 3, 1),
       (47588, 310, '75', 4, 79000000, 900, 19, 3, 1),
       (47589, 310, '76', 4, 43000000, 480, 19, 3, 1),
       (47590, 310, '77', 3, 141000000, 760, 20, 3, 1),
       (47591, 310, '78', 4, 110000000, 480, 20, 3, 1),
       (47592, 310, '79', 4, 110000000, 650, 20, 3, 1),
       (47593, 310, '80', 2, 150000000, 820, 20, 3, 1),
       (47594, 310, '81', 4, 81000000, 830, 21, 3, 1),
       (47595, 310, '82', 3, 94000000, 740, 21, 3, 1),
       (47596, 310, '83', 3, 63000000, 470, 21, 3, 1),
       (47597, 310, '84', 3, 51000000, 690, 21, 3, 1);
insert into real_estate_building (id, address, complex_id, floor_count, dev_id)
values (311, 'г. Москва, ул. Морская, д. 24', 15, 26, 15);
insert into real_estate_object (id, building_id ,local_address, places, price, area, floor, type, estate_type)
values (47598, 311, '1', 2, 109000000, 520, 1, 3, 1),
       (47599, 311, '2', 3, 75000000, 680, 1, 3, 1),
       (47600, 311, '3', 3, 119000000, 850, 1, 3, 1),
       (47601, 311, '4', 4, 67000000, 410, 1, 3, 1),
       (47602, 311, '5', 4, 100000000, 620, 2, 3, 1),
       (47603, 311, '6', 2, 80000000, 840, 2, 3, 1),
       (47604, 311, '7', 3, 50000000, 500, 2, 3, 1),
       (47605, 311, '8', 2, 97000000, 610, 2, 3, 1),
       (47606, 311, '9', 2, 102000000, 770, 3, 3, 1),
       (47607, 311, '10', 2, 49000000, 600, 3, 3, 1),
       (47608, 311, '11', 3, 79000000, 810, 3, 3, 1),
       (47609, 311, '12', 4, 135000000, 690, 3, 3, 1),
       (47610, 311, '13', 4, 121000000, 910, 4, 3, 1),
       (47611, 311, '14', 2, 147000000, 780, 4, 3, 1),
       (47612, 311, '15', 2, 129000000, 570, 4, 3, 1),
       (47613, 311, '16', 2, 69000000, 910, 4, 3, 1),
       (47614, 311, '17', 2, 88000000, 940, 5, 3, 1),
       (47615, 311, '18', 2, 127000000, 990, 5, 3, 1),
       (47616, 311, '19', 2, 80000000, 910, 5, 3, 1),
       (47617, 311, '20', 3, 81000000, 740, 5, 3, 1),
       (47618, 311, '21', 2, 50000000, 860, 6, 3, 1),
       (47619, 311, '22', 4, 48000000, 910, 6, 3, 1),
       (47620, 311, '23', 2, 54000000, 990, 6, 3, 1),
       (47621, 311, '24', 2, 80000000, 650, 6, 3, 1),
       (47622, 311, '25', 3, 111000000, 790, 7, 3, 1),
       (47623, 311, '26', 4, 67000000, 490, 7, 3, 1),
       (47624, 311, '27', 2, 117000000, 520, 7, 3, 1),
       (47625, 311, '28', 4, 119000000, 940, 7, 3, 1),
       (47626, 311, '29', 2, 40000000, 990, 8, 3, 1),
       (47627, 311, '30', 2, 83000000, 560, 8, 3, 1),
       (47628, 311, '31', 4, 91000000, 750, 8, 3, 1),
       (47629, 311, '32', 4, 135000000, 830, 8, 3, 1),
       (47630, 311, '33', 2, 58000000, 890, 9, 3, 1),
       (47631, 311, '34', 3, 142000000, 570, 9, 3, 1),
       (47632, 311, '35', 2, 126000000, 650, 9, 3, 1),
       (47633, 311, '36', 4, 54000000, 680, 9, 3, 1),
       (47634, 311, '37', 3, 57000000, 610, 10, 3, 1),
       (47635, 311, '38', 3, 60000000, 630, 10, 3, 1),
       (47636, 311, '39', 2, 87000000, 960, 10, 3, 1),
       (47637, 311, '40', 4, 150000000, 630, 10, 3, 1),
       (47638, 311, '41', 4, 92000000, 680, 11, 3, 1),
       (47639, 311, '42', 4, 55000000, 490, 11, 3, 1),
       (47640, 311, '43', 4, 107000000, 440, 11, 3, 1),
       (47641, 311, '44', 4, 80000000, 800, 11, 3, 1),
       (47642, 311, '45', 4, 81000000, 510, 12, 3, 1),
       (47643, 311, '46', 4, 40000000, 500, 12, 3, 1),
       (47644, 311, '47', 3, 46000000, 750, 12, 3, 1),
       (47645, 311, '48', 2, 114000000, 720, 12, 3, 1),
       (47646, 311, '49', 3, 60000000, 900, 13, 3, 1),
       (47647, 311, '50', 3, 42000000, 470, 13, 3, 1),
       (47648, 311, '51', 4, 82000000, 470, 13, 3, 1),
       (47649, 311, '52', 2, 65000000, 670, 13, 3, 1),
       (47650, 311, '53', 3, 78000000, 870, 14, 3, 1),
       (47651, 311, '54', 2, 64000000, 510, 14, 3, 1),
       (47652, 311, '55', 3, 103000000, 700, 14, 3, 1),
       (47653, 311, '56', 3, 99000000, 600, 14, 3, 1),
       (47654, 311, '57', 2, 66000000, 890, 15, 3, 1),
       (47655, 311, '58', 2, 136000000, 660, 15, 3, 1),
       (47656, 311, '59', 4, 69000000, 930, 15, 3, 1),
       (47657, 311, '60', 2, 55000000, 790, 15, 3, 1),
       (47658, 311, '61', 3, 147000000, 800, 16, 3, 1),
       (47659, 311, '62', 4, 130000000, 940, 16, 3, 1),
       (47660, 311, '63', 3, 87000000, 930, 16, 3, 1),
       (47661, 311, '64', 4, 43000000, 840, 16, 3, 1),
       (47662, 311, '65', 3, 69000000, 850, 17, 3, 1),
       (47663, 311, '66', 4, 95000000, 750, 17, 3, 1),
       (47664, 311, '67', 2, 105000000, 870, 17, 3, 1),
       (47665, 311, '68', 4, 109000000, 530, 17, 3, 1),
       (47666, 311, '69', 2, 69000000, 570, 18, 3, 1),
       (47667, 311, '70', 3, 78000000, 760, 18, 3, 1),
       (47668, 311, '71', 4, 89000000, 850, 18, 3, 1),
       (47669, 311, '72', 4, 68000000, 540, 18, 3, 1),
       (47670, 311, '73', 2, 116000000, 840, 19, 3, 1),
       (47671, 311, '74', 3, 108000000, 700, 19, 3, 1),
       (47672, 311, '75', 2, 43000000, 470, 19, 3, 1),
       (47673, 311, '76', 3, 87000000, 750, 19, 3, 1),
       (47674, 311, '77', 4, 51000000, 510, 20, 3, 1),
       (47675, 311, '78', 2, 107000000, 670, 20, 3, 1),
       (47676, 311, '79', 2, 46000000, 510, 20, 3, 1),
       (47677, 311, '80', 2, 140000000, 940, 20, 3, 1),
       (47678, 311, '81', 2, 46000000, 890, 21, 3, 1),
       (47679, 311, '82', 3, 68000000, 620, 21, 3, 1),
       (47680, 311, '83', 2, 75000000, 790, 21, 3, 1),
       (47681, 311, '84', 3, 67000000, 600, 21, 3, 1),
       (47682, 311, '85', 3, 68000000, 820, 22, 3, 1),
       (47683, 311, '86', 3, 58000000, 940, 22, 3, 1),
       (47684, 311, '87', 3, 134000000, 940, 22, 3, 1),
       (47685, 311, '88', 3, 114000000, 410, 22, 3, 1),
       (47686, 311, '89', 3, 75000000, 920, 23, 3, 1),
       (47687, 311, '90', 2, 130000000, 960, 23, 3, 1),
       (47688, 311, '91', 3, 106000000, 520, 23, 3, 1),
       (47689, 311, '92', 2, 42000000, 590, 23, 3, 1),
       (47690, 311, '93', 3, 48000000, 800, 24, 3, 1),
       (47691, 311, '94', 3, 103000000, 960, 24, 3, 1),
       (47692, 311, '95', 4, 51000000, 890, 24, 3, 1),
       (47693, 311, '96', 4, 66000000, 490, 24, 3, 1),
       (47694, 311, '97', 4, 126000000, 580, 25, 3, 1),
       (47695, 311, '98', 3, 50000000, 980, 25, 3, 1),
       (47696, 311, '99', 2, 56000000, 520, 25, 3, 1),
       (47697, 311, '100', 4, 149000000, 570, 25, 3, 1),
       (47698, 311, '101', 4, 136000000, 460, 26, 3, 1),
       (47699, 311, '102', 4, 44000000, 610, 26, 3, 1),
       (47700, 311, '103', 2, 127000000, 810, 26, 3, 1),
       (47701, 311, '104', 2, 81000000, 890, 26, 3, 1);
insert into real_estate_building (id, address, complex_id, floor_count, dev_id)
values (312, 'г. Москва, ул. Морская, д. 25', 15, 20, 15);
insert into real_estate_object (id, building_id ,local_address, places, price, area, floor, type, estate_type)
values (47702, 312, '1', 4, 126000000, 670, 1, 3, 1),
       (47703, 312, '2', 4, 123000000, 610, 1, 3, 1),
       (47704, 312, '3', 3, 147000000, 590, 1, 3, 1),
       (47705, 312, '4', 4, 90000000, 610, 1, 3, 1),
       (47706, 312, '5', 2, 134000000, 770, 2, 3, 1),
       (47707, 312, '6', 3, 104000000, 960, 2, 3, 1),
       (47708, 312, '7', 3, 45000000, 580, 2, 3, 1),
       (47709, 312, '8', 4, 116000000, 460, 2, 3, 1),
       (47710, 312, '9', 4, 96000000, 400, 3, 3, 1),
       (47711, 312, '10', 4, 66000000, 490, 3, 3, 1),
       (47712, 312, '11', 3, 95000000, 840, 3, 3, 1),
       (47713, 312, '12', 4, 92000000, 500, 3, 3, 1),
       (47714, 312, '13', 3, 59000000, 800, 4, 3, 1),
       (47715, 312, '14', 3, 58000000, 760, 4, 3, 1),
       (47716, 312, '15', 3, 45000000, 640, 4, 3, 1),
       (47717, 312, '16', 2, 95000000, 900, 4, 3, 1),
       (47718, 312, '17', 2, 93000000, 710, 5, 3, 1),
       (47719, 312, '18', 3, 95000000, 440, 5, 3, 1),
       (47720, 312, '19', 2, 132000000, 560, 5, 3, 1),
       (47721, 312, '20', 2, 149000000, 630, 5, 3, 1),
       (47722, 312, '21', 3, 79000000, 520, 6, 3, 1),
       (47723, 312, '22', 2, 71000000, 950, 6, 3, 1),
       (47724, 312, '23', 3, 100000000, 800, 6, 3, 1),
       (47725, 312, '24', 4, 52000000, 790, 6, 3, 1),
       (47726, 312, '25', 3, 52000000, 660, 7, 3, 1),
       (47727, 312, '26', 2, 140000000, 680, 7, 3, 1),
       (47728, 312, '27', 2, 47000000, 730, 7, 3, 1),
       (47729, 312, '28', 4, 123000000, 790, 7, 3, 1),
       (47730, 312, '29', 4, 114000000, 700, 8, 3, 1),
       (47731, 312, '30', 4, 146000000, 830, 8, 3, 1),
       (47732, 312, '31', 2, 73000000, 830, 8, 3, 1),
       (47733, 312, '32', 3, 103000000, 740, 8, 3, 1),
       (47734, 312, '33', 2, 111000000, 820, 9, 3, 1),
       (47735, 312, '34', 2, 74000000, 800, 9, 3, 1),
       (47736, 312, '35', 4, 93000000, 960, 9, 3, 1),
       (47737, 312, '36', 4, 101000000, 870, 9, 3, 1),
       (47738, 312, '37', 2, 43000000, 860, 10, 3, 1),
       (47739, 312, '38', 3, 94000000, 850, 10, 3, 1),
       (47740, 312, '39', 2, 105000000, 760, 10, 3, 1),
       (47741, 312, '40', 4, 65000000, 740, 10, 3, 1),
       (47742, 312, '41', 4, 104000000, 1000, 11, 3, 1),
       (47743, 312, '42', 3, 61000000, 970, 11, 3, 1),
       (47744, 312, '43', 2, 103000000, 890, 11, 3, 1),
       (47745, 312, '44', 3, 112000000, 960, 11, 3, 1),
       (47746, 312, '45', 3, 44000000, 470, 12, 3, 1),
       (47747, 312, '46', 3, 59000000, 400, 12, 3, 1),
       (47748, 312, '47', 3, 147000000, 940, 12, 3, 1),
       (47749, 312, '48', 4, 77000000, 1000, 12, 3, 1),
       (47750, 312, '49', 4, 87000000, 940, 13, 3, 1),
       (47751, 312, '50', 4, 81000000, 520, 13, 3, 1),
       (47752, 312, '51', 2, 96000000, 920, 13, 3, 1),
       (47753, 312, '52', 2, 98000000, 800, 13, 3, 1),
       (47754, 312, '53', 4, 147000000, 510, 14, 3, 1),
       (47755, 312, '54', 2, 100000000, 750, 14, 3, 1),
       (47756, 312, '55', 4, 81000000, 710, 14, 3, 1),
       (47757, 312, '56', 2, 113000000, 470, 14, 3, 1),
       (47758, 312, '57', 4, 51000000, 740, 15, 3, 1),
       (47759, 312, '58', 2, 88000000, 620, 15, 3, 1),
       (47760, 312, '59', 4, 146000000, 680, 15, 3, 1),
       (47761, 312, '60', 4, 42000000, 880, 15, 3, 1),
       (47762, 312, '61', 4, 48000000, 410, 16, 3, 1),
       (47763, 312, '62', 3, 134000000, 600, 16, 3, 1),
       (47764, 312, '63', 3, 55000000, 850, 16, 3, 1),
       (47765, 312, '64', 4, 53000000, 480, 16, 3, 1),
       (47766, 312, '65', 2, 139000000, 590, 17, 3, 1),
       (47767, 312, '66', 4, 67000000, 890, 17, 3, 1),
       (47768, 312, '67', 3, 104000000, 930, 17, 3, 1),
       (47769, 312, '68', 4, 66000000, 600, 17, 3, 1),
       (47770, 312, '69', 3, 137000000, 850, 18, 3, 1),
       (47771, 312, '70', 2, 148000000, 620, 18, 3, 1),
       (47772, 312, '71', 4, 91000000, 910, 18, 3, 1),
       (47773, 312, '72', 4, 105000000, 820, 18, 3, 1),
       (47774, 312, '73', 4, 97000000, 890, 19, 3, 1),
       (47775, 312, '74', 3, 90000000, 640, 19, 3, 1),
       (47776, 312, '75', 2, 96000000, 920, 19, 3, 1),
       (47777, 312, '76', 4, 140000000, 470, 19, 3, 1),
       (47778, 312, '77', 4, 46000000, 750, 20, 3, 1),
       (47779, 312, '78', 2, 53000000, 800, 20, 3, 1),
       (47780, 312, '79', 4, 128000000, 750, 20, 3, 1),
       (47781, 312, '80', 3, 94000000, 970, 20, 3, 1);
insert into real_estate_building (id, address, complex_id, floor_count, dev_id)
values (313, 'г. Москва, ул. Морская, д. 26', 15, 26, 15);
insert into real_estate_object (id, building_id ,local_address, places, price, area, floor, type, estate_type)
values (47782, 313, '1', 2, 101000000, 860, 1, 3, 1),
       (47783, 313, '2', 4, 52000000, 420, 1, 3, 1),
       (47784, 313, '3', 4, 83000000, 780, 1, 3, 1),
       (47785, 313, '4', 4, 99000000, 670, 1, 3, 1),
       (47786, 313, '5', 2, 145000000, 440, 2, 3, 1),
       (47787, 313, '6', 3, 137000000, 520, 2, 3, 1),
       (47788, 313, '7', 4, 132000000, 660, 2, 3, 1),
       (47789, 313, '8', 2, 99000000, 720, 2, 3, 1),
       (47790, 313, '9', 3, 136000000, 570, 3, 3, 1),
       (47791, 313, '10', 3, 119000000, 780, 3, 3, 1),
       (47792, 313, '11', 4, 63000000, 930, 3, 3, 1),
       (47793, 313, '12', 4, 43000000, 1000, 3, 3, 1),
       (47794, 313, '13', 2, 82000000, 510, 4, 3, 1),
       (47795, 313, '14', 2, 79000000, 880, 4, 3, 1),
       (47796, 313, '15', 2, 66000000, 630, 4, 3, 1),
       (47797, 313, '16', 3, 46000000, 660, 4, 3, 1),
       (47798, 313, '17', 2, 100000000, 740, 5, 3, 1),
       (47799, 313, '18', 2, 125000000, 770, 5, 3, 1),
       (47800, 313, '19', 2, 93000000, 450, 5, 3, 1),
       (47801, 313, '20', 3, 69000000, 910, 5, 3, 1),
       (47802, 313, '21', 2, 114000000, 710, 6, 3, 1),
       (47803, 313, '22', 2, 92000000, 870, 6, 3, 1),
       (47804, 313, '23', 3, 121000000, 550, 6, 3, 1),
       (47805, 313, '24', 4, 98000000, 610, 6, 3, 1),
       (47806, 313, '25', 4, 106000000, 500, 7, 3, 1),
       (47807, 313, '26', 2, 130000000, 540, 7, 3, 1),
       (47808, 313, '27', 2, 115000000, 930, 7, 3, 1),
       (47809, 313, '28', 4, 82000000, 560, 7, 3, 1),
       (47810, 313, '29', 4, 87000000, 590, 8, 3, 1),
       (47811, 313, '30', 3, 69000000, 510, 8, 3, 1),
       (47812, 313, '31', 4, 71000000, 900, 8, 3, 1),
       (47813, 313, '32', 2, 107000000, 740, 8, 3, 1),
       (47814, 313, '33', 3, 148000000, 990, 9, 3, 1),
       (47815, 313, '34', 2, 141000000, 820, 9, 3, 1),
       (47816, 313, '35', 2, 88000000, 1000, 9, 3, 1),
       (47817, 313, '36', 4, 96000000, 590, 9, 3, 1),
       (47818, 313, '37', 4, 73000000, 710, 10, 3, 1),
       (47819, 313, '38', 2, 111000000, 890, 10, 3, 1),
       (47820, 313, '39', 3, 96000000, 570, 10, 3, 1),
       (47821, 313, '40', 2, 74000000, 960, 10, 3, 1),
       (47822, 313, '41', 4, 130000000, 610, 11, 3, 1),
       (47823, 313, '42', 4, 144000000, 620, 11, 3, 1),
       (47824, 313, '43', 2, 65000000, 720, 11, 3, 1),
       (47825, 313, '44', 2, 115000000, 470, 11, 3, 1),
       (47826, 313, '45', 2, 99000000, 710, 12, 3, 1),
       (47827, 313, '46', 2, 70000000, 560, 12, 3, 1),
       (47828, 313, '47', 3, 148000000, 450, 12, 3, 1),
       (47829, 313, '48', 3, 143000000, 470, 12, 3, 1),
       (47830, 313, '49', 3, 140000000, 590, 13, 3, 1),
       (47831, 313, '50', 4, 69000000, 700, 13, 3, 1),
       (47832, 313, '51', 4, 117000000, 470, 13, 3, 1),
       (47833, 313, '52', 3, 81000000, 680, 13, 3, 1),
       (47834, 313, '53', 4, 129000000, 400, 14, 3, 1),
       (47835, 313, '54', 2, 53000000, 950, 14, 3, 1),
       (47836, 313, '55', 4, 138000000, 450, 14, 3, 1),
       (47837, 313, '56', 2, 44000000, 770, 14, 3, 1),
       (47838, 313, '57', 4, 69000000, 630, 15, 3, 1),
       (47839, 313, '58', 2, 130000000, 670, 15, 3, 1),
       (47840, 313, '59', 2, 96000000, 980, 15, 3, 1),
       (47841, 313, '60', 3, 91000000, 470, 15, 3, 1),
       (47842, 313, '61', 4, 88000000, 1000, 16, 3, 1),
       (47843, 313, '62', 3, 47000000, 500, 16, 3, 1),
       (47844, 313, '63', 2, 99000000, 970, 16, 3, 1),
       (47845, 313, '64', 4, 53000000, 490, 16, 3, 1),
       (47846, 313, '65', 2, 122000000, 790, 17, 3, 1),
       (47847, 313, '66', 4, 66000000, 900, 17, 3, 1),
       (47848, 313, '67', 2, 94000000, 520, 17, 3, 1),
       (47849, 313, '68', 2, 113000000, 440, 17, 3, 1),
       (47850, 313, '69', 2, 96000000, 560, 18, 3, 1),
       (47851, 313, '70', 2, 142000000, 830, 18, 3, 1),
       (47852, 313, '71', 4, 147000000, 990, 18, 3, 1),
       (47853, 313, '72', 3, 67000000, 410, 18, 3, 1),
       (47854, 313, '73', 2, 55000000, 910, 19, 3, 1),
       (47855, 313, '74', 2, 84000000, 530, 19, 3, 1),
       (47856, 313, '75', 3, 134000000, 530, 19, 3, 1),
       (47857, 313, '76', 2, 115000000, 930, 19, 3, 1),
       (47858, 313, '77', 4, 132000000, 500, 20, 3, 1),
       (47859, 313, '78', 4, 86000000, 500, 20, 3, 1),
       (47860, 313, '79', 3, 54000000, 540, 20, 3, 1),
       (47861, 313, '80', 2, 40000000, 430, 20, 3, 1),
       (47862, 313, '81', 3, 132000000, 720, 21, 3, 1),
       (47863, 313, '82', 3, 62000000, 430, 21, 3, 1),
       (47864, 313, '83', 2, 77000000, 840, 21, 3, 1),
       (47865, 313, '84', 3, 48000000, 890, 21, 3, 1),
       (47866, 313, '85', 4, 119000000, 400, 22, 3, 1),
       (47867, 313, '86', 2, 114000000, 590, 22, 3, 1),
       (47868, 313, '87', 4, 40000000, 840, 22, 3, 1),
       (47869, 313, '88', 3, 40000000, 710, 22, 3, 1),
       (47870, 313, '89', 3, 106000000, 830, 23, 3, 1),
       (47871, 313, '90', 4, 74000000, 810, 23, 3, 1),
       (47872, 313, '91', 3, 53000000, 680, 23, 3, 1),
       (47873, 313, '92', 2, 100000000, 780, 23, 3, 1),
       (47874, 313, '93', 2, 147000000, 760, 24, 3, 1),
       (47875, 313, '94', 4, 140000000, 910, 24, 3, 1),
       (47876, 313, '95', 3, 124000000, 890, 24, 3, 1),
       (47877, 313, '96', 3, 125000000, 690, 24, 3, 1),
       (47878, 313, '97', 3, 90000000, 910, 25, 3, 1),
       (47879, 313, '98', 2, 119000000, 440, 25, 3, 1),
       (47880, 313, '99', 3, 59000000, 670, 25, 3, 1),
       (47881, 313, '100', 3, 93000000, 740, 25, 3, 1),
       (47882, 313, '101', 4, 150000000, 570, 26, 3, 1),
       (47883, 313, '102', 2, 68000000, 770, 26, 3, 1),
       (47884, 313, '103', 4, 150000000, 860, 26, 3, 1),
       (47885, 313, '104', 3, 136000000, 870, 26, 3, 1);
insert into real_estate_building (id, address, complex_id, floor_count, dev_id)
values (314, 'г. Москва, ул. Морская, д. 27', 15, 23, 15);
insert into real_estate_object (id, building_id ,local_address, places, price, area, floor, type, estate_type)
values (47886, 314, '1', 3, 78000000, 570, 1, 3, 1),
       (47887, 314, '2', 4, 141000000, 970, 1, 3, 1),
       (47888, 314, '3', 4, 118000000, 810, 1, 3, 1),
       (47889, 314, '4', 2, 40000000, 410, 1, 3, 1),
       (47890, 314, '5', 2, 135000000, 410, 2, 3, 1),
       (47891, 314, '6', 4, 64000000, 410, 2, 3, 1),
       (47892, 314, '7', 2, 56000000, 860, 2, 3, 1),
       (47893, 314, '8', 4, 124000000, 490, 2, 3, 1),
       (47894, 314, '9', 2, 75000000, 720, 3, 3, 1),
       (47895, 314, '10', 2, 71000000, 880, 3, 3, 1),
       (47896, 314, '11', 3, 98000000, 530, 3, 3, 1),
       (47897, 314, '12', 2, 73000000, 720, 3, 3, 1),
       (47898, 314, '13', 4, 103000000, 670, 4, 3, 1),
       (47899, 314, '14', 3, 57000000, 440, 4, 3, 1),
       (47900, 314, '15', 2, 109000000, 760, 4, 3, 1),
       (47901, 314, '16', 2, 129000000, 520, 4, 3, 1),
       (47902, 314, '17', 3, 86000000, 970, 5, 3, 1),
       (47903, 314, '18', 3, 49000000, 740, 5, 3, 1),
       (47904, 314, '19', 3, 71000000, 840, 5, 3, 1),
       (47905, 314, '20', 3, 70000000, 850, 5, 3, 1),
       (47906, 314, '21', 2, 47000000, 550, 6, 3, 1),
       (47907, 314, '22', 4, 98000000, 610, 6, 3, 1),
       (47908, 314, '23', 2, 101000000, 470, 6, 3, 1),
       (47909, 314, '24', 3, 69000000, 870, 6, 3, 1),
       (47910, 314, '25', 3, 124000000, 640, 7, 3, 1),
       (47911, 314, '26', 2, 67000000, 520, 7, 3, 1),
       (47912, 314, '27', 3, 74000000, 460, 7, 3, 1),
       (47913, 314, '28', 4, 85000000, 990, 7, 3, 1),
       (47914, 314, '29', 3, 74000000, 400, 8, 3, 1),
       (47915, 314, '30', 2, 136000000, 840, 8, 3, 1),
       (47916, 314, '31', 4, 137000000, 570, 8, 3, 1),
       (47917, 314, '32', 2, 139000000, 700, 8, 3, 1),
       (47918, 314, '33', 3, 149000000, 1000, 9, 3, 1),
       (47919, 314, '34', 3, 63000000, 870, 9, 3, 1),
       (47920, 314, '35', 3, 121000000, 820, 9, 3, 1),
       (47921, 314, '36', 2, 100000000, 750, 9, 3, 1),
       (47922, 314, '37', 3, 122000000, 470, 10, 3, 1),
       (47923, 314, '38', 4, 143000000, 670, 10, 3, 1),
       (47924, 314, '39', 4, 82000000, 650, 10, 3, 1),
       (47925, 314, '40', 2, 118000000, 820, 10, 3, 1),
       (47926, 314, '41', 4, 114000000, 640, 11, 3, 1),
       (47927, 314, '42', 2, 73000000, 930, 11, 3, 1),
       (47928, 314, '43', 4, 99000000, 750, 11, 3, 1),
       (47929, 314, '44', 3, 89000000, 470, 11, 3, 1),
       (47930, 314, '45', 3, 103000000, 490, 12, 3, 1),
       (47931, 314, '46', 3, 102000000, 420, 12, 3, 1),
       (47932, 314, '47', 2, 128000000, 600, 12, 3, 1),
       (47933, 314, '48', 2, 100000000, 900, 12, 3, 1),
       (47934, 314, '49', 4, 131000000, 710, 13, 3, 1),
       (47935, 314, '50', 3, 58000000, 900, 13, 3, 1),
       (47936, 314, '51', 4, 64000000, 620, 13, 3, 1),
       (47937, 314, '52', 3, 118000000, 660, 13, 3, 1),
       (47938, 314, '53', 4, 68000000, 520, 14, 3, 1),
       (47939, 314, '54', 2, 55000000, 910, 14, 3, 1),
       (47940, 314, '55', 2, 112000000, 700, 14, 3, 1),
       (47941, 314, '56', 2, 73000000, 470, 14, 3, 1),
       (47942, 314, '57', 4, 126000000, 810, 15, 3, 1),
       (47943, 314, '58', 4, 84000000, 440, 15, 3, 1),
       (47944, 314, '59', 3, 95000000, 490, 15, 3, 1),
       (47945, 314, '60', 3, 98000000, 710, 15, 3, 1),
       (47946, 314, '61', 3, 61000000, 910, 16, 3, 1),
       (47947, 314, '62', 2, 136000000, 440, 16, 3, 1),
       (47948, 314, '63', 3, 71000000, 630, 16, 3, 1),
       (47949, 314, '64', 4, 59000000, 990, 16, 3, 1),
       (47950, 314, '65', 3, 149000000, 540, 17, 3, 1),
       (47951, 314, '66', 4, 129000000, 700, 17, 3, 1),
       (47952, 314, '67', 2, 97000000, 790, 17, 3, 1),
       (47953, 314, '68', 4, 118000000, 400, 17, 3, 1),
       (47954, 314, '69', 2, 65000000, 540, 18, 3, 1),
       (47955, 314, '70', 3, 78000000, 460, 18, 3, 1),
       (47956, 314, '71', 3, 64000000, 700, 18, 3, 1),
       (47957, 314, '72', 4, 104000000, 630, 18, 3, 1),
       (47958, 314, '73', 3, 89000000, 680, 19, 3, 1),
       (47959, 314, '74', 3, 109000000, 820, 19, 3, 1),
       (47960, 314, '75', 3, 79000000, 810, 19, 3, 1),
       (47961, 314, '76', 4, 99000000, 740, 19, 3, 1),
       (47962, 314, '77', 3, 104000000, 890, 20, 3, 1),
       (47963, 314, '78', 3, 78000000, 920, 20, 3, 1),
       (47964, 314, '79', 3, 142000000, 880, 20, 3, 1),
       (47965, 314, '80', 2, 125000000, 730, 20, 3, 1),
       (47966, 314, '81', 2, 40000000, 660, 21, 3, 1),
       (47967, 314, '82', 4, 149000000, 880, 21, 3, 1),
       (47968, 314, '83', 4, 72000000, 660, 21, 3, 1),
       (47969, 314, '84', 4, 75000000, 960, 21, 3, 1),
       (47970, 314, '85', 2, 134000000, 990, 22, 3, 1),
       (47971, 314, '86', 4, 75000000, 590, 22, 3, 1),
       (47972, 314, '87', 2, 111000000, 850, 22, 3, 1),
       (47973, 314, '88', 2, 81000000, 500, 22, 3, 1),
       (47974, 314, '89', 2, 140000000, 720, 23, 3, 1),
       (47975, 314, '90', 2, 139000000, 430, 23, 3, 1),
       (47976, 314, '91', 4, 60000000, 680, 23, 3, 1),
       (47977, 314, '92', 2, 131000000, 480, 23, 3, 1);
insert into real_estate_building (id, address, complex_id, floor_count, dev_id)
values (315, 'г. Москва, ул. Морская, д. 28', 15, 30, 15);
insert into real_estate_object (id, building_id ,local_address, places, price, area, floor, type, estate_type)
values (47978, 315, '1', 3, 128000000, 450, 1, 3, 1),
       (47979, 315, '2', 2, 131000000, 710, 1, 3, 1),
       (47980, 315, '3', 3, 70000000, 790, 1, 3, 1),
       (47981, 315, '4', 4, 44000000, 710, 1, 3, 1),
       (47982, 315, '5', 4, 62000000, 870, 2, 3, 1),
       (47983, 315, '6', 4, 110000000, 620, 2, 3, 1),
       (47984, 315, '7', 3, 78000000, 1000, 2, 3, 1),
       (47985, 315, '8', 2, 112000000, 490, 2, 3, 1),
       (47986, 315, '9', 2, 118000000, 910, 3, 3, 1),
       (47987, 315, '10', 3, 50000000, 590, 3, 3, 1),
       (47988, 315, '11', 4, 119000000, 860, 3, 3, 1),
       (47989, 315, '12', 4, 145000000, 910, 3, 3, 1),
       (47990, 315, '13', 2, 66000000, 440, 4, 3, 1),
       (47991, 315, '14', 4, 80000000, 710, 4, 3, 1),
       (47992, 315, '15', 2, 83000000, 560, 4, 3, 1),
       (47993, 315, '16', 4, 106000000, 960, 4, 3, 1),
       (47994, 315, '17', 2, 42000000, 920, 5, 3, 1),
       (47995, 315, '18', 3, 53000000, 590, 5, 3, 1),
       (47996, 315, '19', 4, 135000000, 460, 5, 3, 1),
       (47997, 315, '20', 3, 75000000, 400, 5, 3, 1),
       (47998, 315, '21', 4, 41000000, 530, 6, 3, 1),
       (47999, 315, '22', 2, 127000000, 960, 6, 3, 1),
       (48000, 315, '23', 3, 129000000, 490, 6, 3, 1),
       (48001, 315, '24', 2, 141000000, 460, 6, 3, 1),
       (48002, 315, '25', 3, 146000000, 570, 7, 3, 1),
       (48003, 315, '26', 3, 123000000, 420, 7, 3, 1),
       (48004, 315, '27', 2, 99000000, 880, 7, 3, 1),
       (48005, 315, '28', 3, 147000000, 850, 7, 3, 1),
       (48006, 315, '29', 2, 99000000, 860, 8, 3, 1),
       (48007, 315, '30', 2, 148000000, 650, 8, 3, 1),
       (48008, 315, '31', 2, 120000000, 470, 8, 3, 1),
       (48009, 315, '32', 2, 100000000, 990, 8, 3, 1),
       (48010, 315, '33', 4, 114000000, 520, 9, 3, 1),
       (48011, 315, '34', 4, 86000000, 610, 9, 3, 1),
       (48012, 315, '35', 4, 144000000, 990, 9, 3, 1),
       (48013, 315, '36', 2, 80000000, 490, 9, 3, 1),
       (48014, 315, '37', 3, 118000000, 710, 10, 3, 1),
       (48015, 315, '38', 4, 87000000, 780, 10, 3, 1),
       (48016, 315, '39', 2, 53000000, 680, 10, 3, 1),
       (48017, 315, '40', 4, 52000000, 650, 10, 3, 1),
       (48018, 315, '41', 2, 118000000, 460, 11, 3, 1),
       (48019, 315, '42', 4, 82000000, 720, 11, 3, 1),
       (48020, 315, '43', 3, 46000000, 560, 11, 3, 1),
       (48021, 315, '44', 2, 104000000, 590, 11, 3, 1),
       (48022, 315, '45', 2, 118000000, 460, 12, 3, 1),
       (48023, 315, '46', 2, 79000000, 560, 12, 3, 1),
       (48024, 315, '47', 4, 70000000, 490, 12, 3, 1),
       (48025, 315, '48', 2, 142000000, 520, 12, 3, 1),
       (48026, 315, '49', 4, 86000000, 580, 13, 3, 1),
       (48027, 315, '50', 4, 103000000, 480, 13, 3, 1),
       (48028, 315, '51', 2, 76000000, 530, 13, 3, 1),
       (48029, 315, '52', 2, 135000000, 730, 13, 3, 1),
       (48030, 315, '53', 3, 110000000, 770, 14, 3, 1),
       (48031, 315, '54', 2, 54000000, 930, 14, 3, 1),
       (48032, 315, '55', 2, 109000000, 640, 14, 3, 1),
       (48033, 315, '56', 4, 40000000, 480, 14, 3, 1),
       (48034, 315, '57', 2, 134000000, 1000, 15, 3, 1),
       (48035, 315, '58', 3, 99000000, 580, 15, 3, 1),
       (48036, 315, '59', 2, 126000000, 550, 15, 3, 1),
       (48037, 315, '60', 4, 109000000, 480, 15, 3, 1),
       (48038, 315, '61', 4, 73000000, 450, 16, 3, 1),
       (48039, 315, '62', 3, 56000000, 930, 16, 3, 1),
       (48040, 315, '63', 4, 147000000, 670, 16, 3, 1),
       (48041, 315, '64', 2, 144000000, 600, 16, 3, 1),
       (48042, 315, '65', 2, 140000000, 680, 17, 3, 1),
       (48043, 315, '66', 4, 111000000, 560, 17, 3, 1),
       (48044, 315, '67', 2, 53000000, 690, 17, 3, 1),
       (48045, 315, '68', 2, 111000000, 970, 17, 3, 1),
       (48046, 315, '69', 3, 149000000, 810, 18, 3, 1),
       (48047, 315, '70', 4, 145000000, 400, 18, 3, 1),
       (48048, 315, '71', 3, 91000000, 660, 18, 3, 1),
       (48049, 315, '72', 4, 125000000, 780, 18, 3, 1),
       (48050, 315, '73', 3, 54000000, 790, 19, 3, 1),
       (48051, 315, '74', 3, 49000000, 480, 19, 3, 1),
       (48052, 315, '75', 2, 141000000, 930, 19, 3, 1),
       (48053, 315, '76', 4, 52000000, 830, 19, 3, 1),
       (48054, 315, '77', 4, 107000000, 790, 20, 3, 1),
       (48055, 315, '78', 2, 68000000, 530, 20, 3, 1),
       (48056, 315, '79', 3, 82000000, 990, 20, 3, 1),
       (48057, 315, '80', 2, 70000000, 650, 20, 3, 1),
       (48058, 315, '81', 3, 82000000, 790, 21, 3, 1),
       (48059, 315, '82', 2, 93000000, 750, 21, 3, 1),
       (48060, 315, '83', 2, 73000000, 950, 21, 3, 1),
       (48061, 315, '84', 4, 149000000, 940, 21, 3, 1),
       (48062, 315, '85', 2, 121000000, 760, 22, 3, 1),
       (48063, 315, '86', 2, 132000000, 610, 22, 3, 1),
       (48064, 315, '87', 3, 134000000, 870, 22, 3, 1),
       (48065, 315, '88', 3, 106000000, 930, 22, 3, 1),
       (48066, 315, '89', 3, 40000000, 450, 23, 3, 1),
       (48067, 315, '90', 3, 112000000, 640, 23, 3, 1),
       (48068, 315, '91', 3, 130000000, 500, 23, 3, 1),
       (48069, 315, '92', 4, 132000000, 930, 23, 3, 1),
       (48070, 315, '93', 2, 95000000, 400, 24, 3, 1),
       (48071, 315, '94', 4, 140000000, 730, 24, 3, 1),
       (48072, 315, '95', 3, 124000000, 590, 24, 3, 1),
       (48073, 315, '96', 3, 63000000, 500, 24, 3, 1),
       (48074, 315, '97', 4, 55000000, 550, 25, 3, 1),
       (48075, 315, '98', 2, 52000000, 420, 25, 3, 1),
       (48076, 315, '99', 2, 126000000, 470, 25, 3, 1),
       (48077, 315, '100', 2, 84000000, 510, 25, 3, 1),
       (48078, 315, '101', 4, 76000000, 460, 26, 3, 1),
       (48079, 315, '102', 2, 120000000, 800, 26, 3, 1),
       (48080, 315, '103', 2, 40000000, 520, 26, 3, 1),
       (48081, 315, '104', 3, 79000000, 830, 26, 3, 1),
       (48082, 315, '105', 2, 55000000, 860, 27, 3, 1),
       (48083, 315, '106', 2, 142000000, 500, 27, 3, 1),
       (48084, 315, '107', 4, 45000000, 530, 27, 3, 1),
       (48085, 315, '108', 3, 125000000, 990, 27, 3, 1),
       (48086, 315, '109', 2, 61000000, 980, 28, 3, 1),
       (48087, 315, '110', 4, 116000000, 500, 28, 3, 1),
       (48088, 315, '111', 2, 96000000, 940, 28, 3, 1),
       (48089, 315, '112', 3, 119000000, 950, 28, 3, 1),
       (48090, 315, '113', 2, 87000000, 420, 29, 3, 1),
       (48091, 315, '114', 4, 52000000, 990, 29, 3, 1),
       (48092, 315, '115', 4, 90000000, 590, 29, 3, 1),
       (48093, 315, '116', 2, 113000000, 440, 29, 3, 1),
       (48094, 315, '117', 2, 64000000, 850, 30, 3, 1),
       (48095, 315, '118', 3, 46000000, 930, 30, 3, 1),
       (48096, 315, '119', 4, 102000000, 690, 30, 3, 1),
       (48097, 315, '120', 4, 72000000, 860, 30, 3, 1);
insert into real_estate_building (id, address, complex_id, floor_count, dev_id)
values (316, 'г. Москва, ул. Морская, д. 29', 15, 27, 15);
insert into real_estate_object (id, building_id ,local_address, places, price, area, floor, type, estate_type)
values (48098, 316, '1', 2, 113000000, 660, 1, 3, 1),
       (48099, 316, '2', 3, 120000000, 900, 1, 3, 1),
       (48100, 316, '3', 3, 107000000, 570, 1, 3, 1),
       (48101, 316, '4', 4, 80000000, 930, 1, 3, 1),
       (48102, 316, '5', 4, 70000000, 750, 2, 3, 1),
       (48103, 316, '6', 3, 86000000, 820, 2, 3, 1),
       (48104, 316, '7', 3, 128000000, 580, 2, 3, 1),
       (48105, 316, '8', 3, 132000000, 540, 2, 3, 1),
       (48106, 316, '9', 4, 119000000, 860, 3, 3, 1),
       (48107, 316, '10', 4, 99000000, 980, 3, 3, 1),
       (48108, 316, '11', 3, 75000000, 950, 3, 3, 1),
       (48109, 316, '12', 3, 116000000, 520, 3, 3, 1),
       (48110, 316, '13', 2, 85000000, 400, 4, 3, 1),
       (48111, 316, '14', 2, 54000000, 940, 4, 3, 1),
       (48112, 316, '15', 3, 98000000, 490, 4, 3, 1),
       (48113, 316, '16', 2, 84000000, 660, 4, 3, 1),
       (48114, 316, '17', 4, 40000000, 980, 5, 3, 1),
       (48115, 316, '18', 3, 62000000, 700, 5, 3, 1),
       (48116, 316, '19', 4, 62000000, 740, 5, 3, 1),
       (48117, 316, '20', 4, 144000000, 1000, 5, 3, 1),
       (48118, 316, '21', 3, 150000000, 930, 6, 3, 1),
       (48119, 316, '22', 3, 136000000, 550, 6, 3, 1),
       (48120, 316, '23', 3, 147000000, 660, 6, 3, 1),
       (48121, 316, '24', 2, 140000000, 570, 6, 3, 1),
       (48122, 316, '25', 2, 120000000, 780, 7, 3, 1),
       (48123, 316, '26', 3, 77000000, 400, 7, 3, 1),
       (48124, 316, '27', 3, 56000000, 830, 7, 3, 1),
       (48125, 316, '28', 2, 146000000, 500, 7, 3, 1),
       (48126, 316, '29', 2, 52000000, 400, 8, 3, 1),
       (48127, 316, '30', 2, 105000000, 940, 8, 3, 1),
       (48128, 316, '31', 2, 89000000, 530, 8, 3, 1),
       (48129, 316, '32', 3, 104000000, 970, 8, 3, 1),
       (48130, 316, '33', 2, 90000000, 610, 9, 3, 1),
       (48131, 316, '34', 4, 104000000, 780, 9, 3, 1),
       (48132, 316, '35', 3, 44000000, 940, 9, 3, 1),
       (48133, 316, '36', 2, 48000000, 610, 9, 3, 1),
       (48134, 316, '37', 3, 80000000, 580, 10, 3, 1),
       (48135, 316, '38', 3, 45000000, 730, 10, 3, 1),
       (48136, 316, '39', 2, 69000000, 780, 10, 3, 1),
       (48137, 316, '40', 2, 143000000, 920, 10, 3, 1),
       (48138, 316, '41', 4, 42000000, 770, 11, 3, 1),
       (48139, 316, '42', 2, 79000000, 450, 11, 3, 1),
       (48140, 316, '43', 2, 143000000, 960, 11, 3, 1),
       (48141, 316, '44', 4, 119000000, 660, 11, 3, 1),
       (48142, 316, '45', 3, 45000000, 900, 12, 3, 1),
       (48143, 316, '46', 2, 128000000, 450, 12, 3, 1),
       (48144, 316, '47', 2, 120000000, 460, 12, 3, 1),
       (48145, 316, '48', 2, 145000000, 880, 12, 3, 1),
       (48146, 316, '49', 3, 53000000, 870, 13, 3, 1),
       (48147, 316, '50', 2, 81000000, 990, 13, 3, 1),
       (48148, 316, '51', 3, 136000000, 840, 13, 3, 1),
       (48149, 316, '52', 4, 43000000, 860, 13, 3, 1),
       (48150, 316, '53', 2, 49000000, 690, 14, 3, 1),
       (48151, 316, '54', 3, 83000000, 490, 14, 3, 1),
       (48152, 316, '55', 3, 87000000, 460, 14, 3, 1),
       (48153, 316, '56', 3, 57000000, 880, 14, 3, 1),
       (48154, 316, '57', 3, 124000000, 470, 15, 3, 1),
       (48155, 316, '58', 2, 83000000, 820, 15, 3, 1),
       (48156, 316, '59', 3, 99000000, 930, 15, 3, 1),
       (48157, 316, '60', 3, 97000000, 570, 15, 3, 1),
       (48158, 316, '61', 2, 61000000, 870, 16, 3, 1),
       (48159, 316, '62', 4, 87000000, 910, 16, 3, 1),
       (48160, 316, '63', 3, 128000000, 900, 16, 3, 1),
       (48161, 316, '64', 3, 56000000, 860, 16, 3, 1),
       (48162, 316, '65', 2, 82000000, 780, 17, 3, 1),
       (48163, 316, '66', 2, 120000000, 940, 17, 3, 1),
       (48164, 316, '67', 3, 105000000, 610, 17, 3, 1),
       (48165, 316, '68', 3, 86000000, 780, 17, 3, 1),
       (48166, 316, '69', 2, 68000000, 520, 18, 3, 1),
       (48167, 316, '70', 4, 147000000, 420, 18, 3, 1),
       (48168, 316, '71', 2, 131000000, 710, 18, 3, 1),
       (48169, 316, '72', 2, 90000000, 500, 18, 3, 1),
       (48170, 316, '73', 2, 40000000, 890, 19, 3, 1),
       (48171, 316, '74', 3, 74000000, 410, 19, 3, 1),
       (48172, 316, '75', 3, 97000000, 620, 19, 3, 1),
       (48173, 316, '76', 2, 87000000, 710, 19, 3, 1),
       (48174, 316, '77', 3, 97000000, 550, 20, 3, 1),
       (48175, 316, '78', 3, 74000000, 940, 20, 3, 1),
       (48176, 316, '79', 3, 137000000, 890, 20, 3, 1),
       (48177, 316, '80', 2, 129000000, 530, 20, 3, 1),
       (48178, 316, '81', 3, 146000000, 680, 21, 3, 1),
       (48179, 316, '82', 3, 79000000, 680, 21, 3, 1),
       (48180, 316, '83', 2, 73000000, 580, 21, 3, 1),
       (48181, 316, '84', 4, 143000000, 410, 21, 3, 1),
       (48182, 316, '85', 2, 45000000, 710, 22, 3, 1),
       (48183, 316, '86', 2, 51000000, 950, 22, 3, 1),
       (48184, 316, '87', 4, 79000000, 750, 22, 3, 1),
       (48185, 316, '88', 4, 61000000, 880, 22, 3, 1),
       (48186, 316, '89', 3, 82000000, 430, 23, 3, 1),
       (48187, 316, '90', 4, 115000000, 740, 23, 3, 1),
       (48188, 316, '91', 4, 115000000, 920, 23, 3, 1),
       (48189, 316, '92', 3, 68000000, 660, 23, 3, 1),
       (48190, 316, '93', 4, 94000000, 950, 24, 3, 1),
       (48191, 316, '94', 3, 80000000, 510, 24, 3, 1),
       (48192, 316, '95', 2, 88000000, 660, 24, 3, 1),
       (48193, 316, '96', 3, 77000000, 560, 24, 3, 1),
       (48194, 316, '97', 2, 138000000, 890, 25, 3, 1),
       (48195, 316, '98', 3, 92000000, 860, 25, 3, 1),
       (48196, 316, '99', 2, 44000000, 670, 25, 3, 1),
       (48197, 316, '100', 4, 91000000, 400, 25, 3, 1),
       (48198, 316, '101', 3, 147000000, 910, 26, 3, 1),
       (48199, 316, '102', 4, 58000000, 530, 26, 3, 1),
       (48200, 316, '103', 3, 139000000, 530, 26, 3, 1),
       (48201, 316, '104', 4, 52000000, 800, 26, 3, 1),
       (48202, 316, '105', 2, 80000000, 810, 27, 3, 1),
       (48203, 316, '106', 4, 110000000, 460, 27, 3, 1),
       (48204, 316, '107', 4, 125000000, 590, 27, 3, 1),
       (48205, 316, '108', 3, 62000000, 840, 27, 3, 1);
insert into real_estate_building (id, address, complex_id, floor_count, dev_id)
values (317, 'г. Москва, ул. Краснокаменская, д. 13', 16, 42, 16);
insert into real_estate_object (id, building_id ,local_address, places, price, area, floor, type, estate_type)
values (48206, 317, '1', 1, 11000000, 760, 1, 0, 0),
       (48207, 317, '2', 3, 6000000, 380, 1, 0, 0),
       (48208, 317, '3', 2, 7000000, 430, 1, 0, 0),
       (48209, 317, '4', 3, 4000000, 510, 1, 0, 0),
       (48210, 317, '5', 2, 12000000, 360, 1, 0, 0),
       (48211, 317, '6', 2, 3000000, 560, 1, 0, 0),
       (48212, 317, '7', 1, 11000000, 320, 2, 0, 0),
       (48213, 317, '8', 3, 10000000, 220, 2, 0, 0),
       (48214, 317, '9', 3, 11000000, 410, 2, 0, 0),
       (48215, 317, '10', 2, 4000000, 570, 2, 0, 0),
       (48216, 317, '11', 2, 3000000, 210, 2, 0, 0),
       (48217, 317, '12', 1, 12000000, 330, 2, 0, 0),
       (48218, 317, '13', 2, 14000000, 470, 3, 0, 0),
       (48219, 317, '14', 2, 6000000, 780, 3, 0, 0),
       (48220, 317, '15', 2, 8000000, 490, 3, 0, 0),
       (48221, 317, '16', 1, 9000000, 300, 3, 0, 0),
       (48222, 317, '17', 1, 7000000, 550, 3, 0, 0),
       (48223, 317, '18', 2, 12000000, 700, 3, 0, 0),
       (48224, 317, '19', 3, 7000000, 290, 4, 0, 0),
       (48225, 317, '20', 2, 3000000, 280, 4, 0, 0),
       (48226, 317, '21', 1, 8000000, 690, 4, 0, 0),
       (48227, 317, '22', 1, 7000000, 340, 4, 0, 0),
       (48228, 317, '23', 1, 8000000, 600, 4, 0, 0),
       (48229, 317, '24', 3, 3000000, 630, 4, 0, 0),
       (48230, 317, '25', 1, 10000000, 220, 5, 0, 0),
       (48231, 317, '26', 3, 3000000, 640, 5, 0, 0),
       (48232, 317, '27', 2, 4000000, 320, 5, 0, 0),
       (48233, 317, '28', 3, 10000000, 280, 5, 0, 0),
       (48234, 317, '29', 3, 5000000, 690, 5, 0, 0),
       (48235, 317, '30', 1, 3000000, 770, 5, 0, 0),
       (48236, 317, '31', 1, 7000000, 230, 6, 0, 0),
       (48237, 317, '32', 1, 8000000, 210, 6, 0, 0),
       (48238, 317, '33', 3, 3000000, 610, 6, 0, 0),
       (48239, 317, '34', 3, 12000000, 200, 6, 0, 0),
       (48240, 317, '35', 1, 11000000, 230, 6, 0, 0),
       (48241, 317, '36', 1, 8000000, 590, 6, 0, 0),
       (48242, 317, '37', 1, 11000000, 590, 7, 0, 0),
       (48243, 317, '38', 2, 9000000, 490, 7, 0, 0),
       (48244, 317, '39', 2, 9000000, 460, 7, 0, 0),
       (48245, 317, '40', 2, 5000000, 780, 7, 0, 0),
       (48246, 317, '41', 1, 9000000, 260, 7, 0, 0),
       (48247, 317, '42', 1, 14000000, 680, 7, 0, 0),
       (48248, 317, '43', 2, 11000000, 310, 8, 0, 0),
       (48249, 317, '44', 2, 8000000, 510, 8, 0, 0),
       (48250, 317, '45', 2, 5000000, 760, 8, 0, 0),
       (48251, 317, '46', 1, 12000000, 240, 8, 0, 0),
       (48252, 317, '47', 2, 13000000, 450, 8, 0, 0),
       (48253, 317, '48', 3, 4000000, 710, 8, 0, 0),
       (48254, 317, '49', 1, 12000000, 540, 9, 0, 0),
       (48255, 317, '50', 3, 11000000, 220, 9, 0, 0),
       (48256, 317, '51', 3, 12000000, 760, 9, 0, 0),
       (48257, 317, '52', 2, 13000000, 550, 9, 0, 0),
       (48258, 317, '53', 1, 15000000, 800, 9, 0, 0),
       (48259, 317, '54', 3, 6000000, 770, 9, 0, 0),
       (48260, 317, '55', 3, 6000000, 660, 10, 0, 0),
       (48261, 317, '56', 2, 6000000, 330, 10, 0, 0),
       (48262, 317, '57', 2, 14000000, 680, 10, 0, 0),
       (48263, 317, '58', 1, 3000000, 760, 10, 0, 0),
       (48264, 317, '59', 1, 13000000, 550, 10, 0, 0),
       (48265, 317, '60', 3, 13000000, 550, 10, 0, 0),
       (48266, 317, '61', 1, 9000000, 190, 11, 0, 0),
       (48267, 317, '62', 2, 11000000, 580, 11, 0, 0),
       (48268, 317, '63', 3, 14000000, 630, 11, 0, 0),
       (48269, 317, '64', 1, 11000000, 690, 11, 0, 0),
       (48270, 317, '65', 2, 5000000, 670, 11, 0, 0),
       (48271, 317, '66', 1, 10000000, 610, 11, 0, 0),
       (48272, 317, '67', 2, 11000000, 250, 12, 0, 0),
       (48273, 317, '68', 2, 11000000, 270, 12, 0, 0),
       (48274, 317, '69', 3, 15000000, 330, 12, 0, 0),
       (48275, 317, '70', 1, 15000000, 770, 12, 0, 0),
       (48276, 317, '71', 2, 12000000, 300, 12, 0, 0),
       (48277, 317, '72', 2, 12000000, 270, 12, 0, 0),
       (48278, 317, '73', 2, 4000000, 360, 13, 0, 0),
       (48279, 317, '74', 2, 12000000, 750, 13, 0, 0),
       (48280, 317, '75', 2, 6000000, 380, 13, 0, 0),
       (48281, 317, '76', 2, 7000000, 390, 13, 0, 0),
       (48282, 317, '77', 3, 7000000, 320, 13, 0, 0),
       (48283, 317, '78', 1, 14000000, 670, 13, 0, 0),
       (48284, 317, '79', 3, 14000000, 460, 14, 0, 0),
       (48285, 317, '80', 3, 13000000, 400, 14, 0, 0),
       (48286, 317, '81', 2, 5000000, 220, 14, 0, 0),
       (48287, 317, '82', 2, 14000000, 430, 14, 0, 0),
       (48288, 317, '83', 3, 8000000, 540, 14, 0, 0),
       (48289, 317, '84', 2, 15000000, 490, 14, 0, 0),
       (48290, 317, '85', 1, 6000000, 450, 15, 0, 0),
       (48291, 317, '86', 3, 15000000, 580, 15, 0, 0),
       (48292, 317, '87', 2, 6000000, 390, 15, 0, 0),
       (48293, 317, '88', 3, 10000000, 460, 15, 0, 0),
       (48294, 317, '89', 1, 10000000, 460, 15, 0, 0),
       (48295, 317, '90', 1, 15000000, 780, 15, 0, 0),
       (48296, 317, '91', 3, 11000000, 610, 16, 0, 0),
       (48297, 317, '92', 1, 14000000, 650, 16, 0, 0),
       (48298, 317, '93', 1, 15000000, 310, 16, 0, 0),
       (48299, 317, '94', 1, 5000000, 480, 16, 0, 0),
       (48300, 317, '95', 2, 10000000, 630, 16, 0, 0),
       (48301, 317, '96', 3, 9000000, 780, 16, 0, 0),
       (48302, 317, '97', 2, 5000000, 650, 17, 0, 0),
       (48303, 317, '98', 1, 5000000, 510, 17, 0, 0),
       (48304, 317, '99', 3, 12000000, 680, 17, 0, 0),
       (48305, 317, '100', 2, 5000000, 460, 17, 0, 0),
       (48306, 317, '101', 3, 8000000, 760, 17, 0, 0),
       (48307, 317, '102', 3, 6000000, 300, 17, 0, 0),
       (48308, 317, '103', 3, 11000000, 770, 18, 0, 0),
       (48309, 317, '104', 3, 15000000, 510, 18, 0, 0),
       (48310, 317, '105', 3, 12000000, 220, 18, 0, 0),
       (48311, 317, '106', 1, 14000000, 390, 18, 0, 0),
       (48312, 317, '107', 2, 15000000, 640, 18, 0, 0),
       (48313, 317, '108', 1, 9000000, 230, 18, 0, 0),
       (48314, 317, '109', 3, 7000000, 800, 19, 0, 0),
       (48315, 317, '110', 1, 9000000, 260, 19, 0, 0),
       (48316, 317, '111', 1, 14000000, 240, 19, 0, 0),
       (48317, 317, '112', 3, 12000000, 200, 19, 0, 0),
       (48318, 317, '113', 2, 12000000, 560, 19, 0, 0),
       (48319, 317, '114', 3, 10000000, 320, 19, 0, 0),
       (48320, 317, '115', 2, 11000000, 460, 20, 0, 0),
       (48321, 317, '116', 2, 7000000, 230, 20, 0, 0),
       (48322, 317, '117', 1, 3000000, 210, 20, 0, 0),
       (48323, 317, '118', 3, 4000000, 380, 20, 0, 0),
       (48324, 317, '119', 1, 8000000, 370, 20, 0, 0),
       (48325, 317, '120', 3, 12000000, 670, 20, 0, 0),
       (48326, 317, '121', 3, 11000000, 500, 21, 0, 0),
       (48327, 317, '122', 3, 10000000, 280, 21, 0, 0),
       (48328, 317, '123', 3, 4000000, 700, 21, 0, 0),
       (48329, 317, '124', 3, 11000000, 680, 21, 0, 0),
       (48330, 317, '125', 2, 14000000, 290, 21, 0, 0),
       (48331, 317, '126', 3, 10000000, 430, 21, 0, 0),
       (48332, 317, '127', 2, 7000000, 430, 22, 0, 0),
       (48333, 317, '128', 3, 15000000, 310, 22, 0, 0),
       (48334, 317, '129', 1, 11000000, 190, 22, 0, 0),
       (48335, 317, '130', 1, 14000000, 700, 22, 0, 0),
       (48336, 317, '131', 3, 15000000, 340, 22, 0, 0),
       (48337, 317, '132', 3, 7000000, 280, 22, 0, 0),
       (48338, 317, '133', 3, 15000000, 330, 23, 0, 0),
       (48339, 317, '134', 3, 11000000, 370, 23, 0, 0),
       (48340, 317, '135', 1, 12000000, 240, 23, 0, 0),
       (48341, 317, '136', 1, 9000000, 410, 23, 0, 0),
       (48342, 317, '137', 2, 11000000, 630, 23, 0, 0),
       (48343, 317, '138', 3, 11000000, 410, 23, 0, 0),
       (48344, 317, '139', 3, 14000000, 760, 24, 0, 0),
       (48345, 317, '140', 2, 4000000, 270, 24, 0, 0),
       (48346, 317, '141', 3, 11000000, 240, 24, 0, 0),
       (48347, 317, '142', 2, 7000000, 180, 24, 0, 0),
       (48348, 317, '143', 1, 9000000, 510, 24, 0, 0),
       (48349, 317, '144', 1, 15000000, 290, 24, 0, 0),
       (48350, 317, '145', 2, 4000000, 410, 25, 0, 0),
       (48351, 317, '146', 2, 3000000, 220, 25, 0, 0),
       (48352, 317, '147', 2, 14000000, 190, 25, 0, 0),
       (48353, 317, '148', 2, 6000000, 220, 25, 0, 0),
       (48354, 317, '149', 1, 8000000, 670, 25, 0, 0),
       (48355, 317, '150', 2, 15000000, 200, 25, 0, 0),
       (48356, 317, '151', 3, 9000000, 550, 26, 0, 0),
       (48357, 317, '152', 1, 8000000, 750, 26, 0, 0),
       (48358, 317, '153', 3, 8000000, 660, 26, 0, 0),
       (48359, 317, '154', 2, 13000000, 780, 26, 0, 0),
       (48360, 317, '155', 3, 5000000, 680, 26, 0, 0),
       (48361, 317, '156', 2, 12000000, 350, 26, 0, 0),
       (48362, 317, '157', 2, 3000000, 720, 27, 0, 0),
       (48363, 317, '158', 3, 11000000, 760, 27, 0, 0),
       (48364, 317, '159', 1, 8000000, 700, 27, 0, 0),
       (48365, 317, '160', 1, 6000000, 760, 27, 0, 0),
       (48366, 317, '161', 3, 5000000, 620, 27, 0, 0),
       (48367, 317, '162', 2, 7000000, 490, 27, 0, 0),
       (48368, 317, '163', 2, 4000000, 410, 28, 0, 0),
       (48369, 317, '164', 3, 3000000, 510, 28, 0, 0),
       (48370, 317, '165', 3, 12000000, 310, 28, 0, 0),
       (48371, 317, '166', 3, 14000000, 630, 28, 0, 0),
       (48372, 317, '167', 1, 6000000, 250, 28, 0, 0),
       (48373, 317, '168', 2, 14000000, 180, 28, 0, 0),
       (48374, 317, '169', 3, 8000000, 400, 29, 0, 0),
       (48375, 317, '170', 1, 15000000, 770, 29, 0, 0),
       (48376, 317, '171', 3, 5000000, 460, 29, 0, 0),
       (48377, 317, '172', 2, 10000000, 420, 29, 0, 0),
       (48378, 317, '173', 3, 11000000, 270, 29, 0, 0),
       (48379, 317, '174', 2, 8000000, 220, 29, 0, 0),
       (48380, 317, '175', 3, 14000000, 430, 30, 0, 0),
       (48381, 317, '176', 2, 6000000, 480, 30, 0, 0),
       (48382, 317, '177', 3, 12000000, 720, 30, 0, 0),
       (48383, 317, '178', 3, 3000000, 300, 30, 0, 0),
       (48384, 317, '179', 3, 10000000, 200, 30, 0, 0),
       (48385, 317, '180', 1, 8000000, 720, 30, 0, 0),
       (48386, 317, '181', 3, 15000000, 240, 31, 0, 0),
       (48387, 317, '182', 2, 12000000, 620, 31, 0, 0),
       (48388, 317, '183', 1, 4000000, 320, 31, 0, 0),
       (48389, 317, '184', 3, 5000000, 580, 31, 0, 0),
       (48390, 317, '185', 2, 14000000, 660, 31, 0, 0),
       (48391, 317, '186', 2, 6000000, 560, 31, 0, 0),
       (48392, 317, '187', 1, 5000000, 670, 32, 0, 0),
       (48393, 317, '188', 2, 13000000, 570, 32, 0, 0),
       (48394, 317, '189', 1, 3000000, 260, 32, 0, 0),
       (48395, 317, '190', 3, 4000000, 340, 32, 0, 0),
       (48396, 317, '191', 1, 7000000, 630, 32, 0, 0),
       (48397, 317, '192', 3, 13000000, 710, 32, 0, 0),
       (48398, 317, '193', 3, 4000000, 580, 33, 0, 0),
       (48399, 317, '194', 2, 15000000, 190, 33, 0, 0),
       (48400, 317, '195', 3, 9000000, 510, 33, 0, 0),
       (48401, 317, '196', 3, 11000000, 270, 33, 0, 0),
       (48402, 317, '197', 2, 14000000, 230, 33, 0, 0),
       (48403, 317, '198', 3, 10000000, 370, 33, 0, 0),
       (48404, 317, '199', 2, 13000000, 450, 34, 0, 0),
       (48405, 317, '200', 2, 8000000, 760, 34, 0, 0),
       (48406, 317, '201', 3, 10000000, 630, 34, 0, 0),
       (48407, 317, '202', 1, 15000000, 380, 34, 0, 0),
       (48408, 317, '203', 1, 13000000, 200, 34, 0, 0),
       (48409, 317, '204', 1, 11000000, 580, 34, 0, 0),
       (48410, 317, '205', 1, 8000000, 300, 35, 0, 0),
       (48411, 317, '206', 3, 15000000, 210, 35, 0, 0),
       (48412, 317, '207', 3, 15000000, 350, 35, 0, 0),
       (48413, 317, '208', 1, 15000000, 650, 35, 0, 0),
       (48414, 317, '209', 2, 4000000, 790, 35, 0, 0),
       (48415, 317, '210', 1, 7000000, 770, 35, 0, 0),
       (48416, 317, '211', 1, 8000000, 550, 36, 0, 0),
       (48417, 317, '212', 1, 5000000, 300, 36, 0, 0),
       (48418, 317, '213', 2, 11000000, 510, 36, 0, 0),
       (48419, 317, '214', 1, 6000000, 210, 36, 0, 0),
       (48420, 317, '215', 2, 13000000, 750, 36, 0, 0),
       (48421, 317, '216', 3, 10000000, 320, 36, 0, 0),
       (48422, 317, '217', 3, 13000000, 770, 37, 0, 0),
       (48423, 317, '218', 3, 8000000, 260, 37, 0, 0),
       (48424, 317, '219', 1, 13000000, 740, 37, 0, 0),
       (48425, 317, '220', 3, 13000000, 610, 37, 0, 0),
       (48426, 317, '221', 3, 8000000, 370, 37, 0, 0),
       (48427, 317, '222', 2, 7000000, 210, 37, 0, 0),
       (48428, 317, '223', 2, 3000000, 550, 38, 0, 0),
       (48429, 317, '224', 2, 10000000, 370, 38, 0, 0),
       (48430, 317, '225', 1, 13000000, 700, 38, 0, 0),
       (48431, 317, '226', 1, 4000000, 310, 38, 0, 0),
       (48432, 317, '227', 1, 14000000, 560, 38, 0, 0),
       (48433, 317, '228', 1, 7000000, 250, 38, 0, 0),
       (48434, 317, '229', 1, 14000000, 520, 39, 0, 0),
       (48435, 317, '230', 3, 11000000, 720, 39, 0, 0),
       (48436, 317, '231', 2, 12000000, 790, 39, 0, 0),
       (48437, 317, '232', 1, 6000000, 560, 39, 0, 0),
       (48438, 317, '233', 3, 13000000, 700, 39, 0, 0),
       (48439, 317, '234', 3, 11000000, 630, 39, 0, 0),
       (48440, 317, '235', 3, 3000000, 790, 40, 0, 0),
       (48441, 317, '236', 1, 11000000, 490, 40, 0, 0),
       (48442, 317, '237', 1, 13000000, 510, 40, 0, 0),
       (48443, 317, '238', 2, 12000000, 560, 40, 0, 0),
       (48444, 317, '239', 3, 14000000, 240, 40, 0, 0),
       (48445, 317, '240', 1, 14000000, 700, 40, 0, 0),
       (48446, 317, '241', 3, 5000000, 380, 41, 0, 0),
       (48447, 317, '242', 3, 8000000, 670, 41, 0, 0),
       (48448, 317, '243', 1, 9000000, 240, 41, 0, 0),
       (48449, 317, '244', 3, 15000000, 510, 41, 0, 0),
       (48450, 317, '245', 1, 9000000, 730, 41, 0, 0),
       (48451, 317, '246', 1, 7000000, 410, 41, 0, 0),
       (48452, 317, '247', 3, 11000000, 780, 42, 0, 0),
       (48453, 317, '248', 3, 9000000, 680, 42, 0, 0),
       (48454, 317, '249', 2, 11000000, 610, 42, 0, 0),
       (48455, 317, '250', 1, 11000000, 530, 42, 0, 0),
       (48456, 317, '251', 2, 6000000, 570, 42, 0, 0),
       (48457, 317, '252', 3, 15000000, 440, 42, 0, 0);
insert into real_estate_building (id, address, complex_id, floor_count, dev_id)
values (318, 'г. Москва, ул. Краснокаменская, д. 14', 16, 45, 16);
insert into real_estate_object (id, building_id ,local_address, places, price, area, floor, type, estate_type)
values (48458, 318, '1', 2, 6000000, 450, 1, 0, 0),
       (48459, 318, '2', 2, 13000000, 790, 1, 0, 0),
       (48460, 318, '3', 3, 5000000, 280, 1, 0, 0),
       (48461, 318, '4', 2, 3000000, 700, 1, 0, 0),
       (48462, 318, '5', 1, 11000000, 520, 1, 0, 0),
       (48463, 318, '6', 1, 15000000, 590, 1, 0, 0),
       (48464, 318, '7', 1, 3000000, 320, 2, 0, 0),
       (48465, 318, '8', 2, 8000000, 210, 2, 0, 0),
       (48466, 318, '9', 3, 9000000, 660, 2, 0, 0),
       (48467, 318, '10', 1, 14000000, 680, 2, 0, 0),
       (48468, 318, '11', 2, 10000000, 370, 2, 0, 0),
       (48469, 318, '12', 3, 3000000, 420, 2, 0, 0),
       (48470, 318, '13', 3, 8000000, 300, 3, 0, 0),
       (48471, 318, '14', 3, 11000000, 780, 3, 0, 0),
       (48472, 318, '15', 1, 4000000, 440, 3, 0, 0),
       (48473, 318, '16', 3, 3000000, 230, 3, 0, 0),
       (48474, 318, '17', 1, 10000000, 790, 3, 0, 0),
       (48475, 318, '18', 3, 11000000, 180, 3, 0, 0),
       (48476, 318, '19', 1, 9000000, 410, 4, 0, 0),
       (48477, 318, '20', 2, 9000000, 190, 4, 0, 0),
       (48478, 318, '21', 3, 9000000, 420, 4, 0, 0),
       (48479, 318, '22', 1, 15000000, 770, 4, 0, 0),
       (48480, 318, '23', 3, 14000000, 530, 4, 0, 0),
       (48481, 318, '24', 1, 9000000, 320, 4, 0, 0),
       (48482, 318, '25', 2, 7000000, 300, 5, 0, 0),
       (48483, 318, '26', 3, 3000000, 240, 5, 0, 0),
       (48484, 318, '27', 3, 4000000, 570, 5, 0, 0),
       (48485, 318, '28', 2, 15000000, 730, 5, 0, 0),
       (48486, 318, '29', 2, 6000000, 320, 5, 0, 0),
       (48487, 318, '30', 2, 11000000, 650, 5, 0, 0),
       (48488, 318, '31', 1, 4000000, 360, 6, 0, 0),
       (48489, 318, '32', 3, 13000000, 240, 6, 0, 0),
       (48490, 318, '33', 3, 7000000, 790, 6, 0, 0),
       (48491, 318, '34', 1, 12000000, 220, 6, 0, 0),
       (48492, 318, '35', 1, 14000000, 450, 6, 0, 0),
       (48493, 318, '36', 1, 10000000, 290, 6, 0, 0),
       (48494, 318, '37', 3, 9000000, 710, 7, 0, 0),
       (48495, 318, '38', 3, 9000000, 780, 7, 0, 0),
       (48496, 318, '39', 2, 12000000, 800, 7, 0, 0),
       (48497, 318, '40', 3, 14000000, 180, 7, 0, 0),
       (48498, 318, '41', 1, 7000000, 290, 7, 0, 0),
       (48499, 318, '42', 2, 12000000, 350, 7, 0, 0),
       (48500, 318, '43', 1, 5000000, 600, 8, 0, 0),
       (48501, 318, '44', 3, 6000000, 320, 8, 0, 0),
       (48502, 318, '45', 1, 8000000, 330, 8, 0, 0),
       (48503, 318, '46', 1, 5000000, 730, 8, 0, 0),
       (48504, 318, '47', 1, 6000000, 610, 8, 0, 0),
       (48505, 318, '48', 2, 14000000, 650, 8, 0, 0),
       (48506, 318, '49', 1, 9000000, 710, 9, 0, 0),
       (48507, 318, '50', 2, 7000000, 750, 9, 0, 0),
       (48508, 318, '51', 2, 3000000, 420, 9, 0, 0),
       (48509, 318, '52', 2, 8000000, 630, 9, 0, 0),
       (48510, 318, '53', 1, 15000000, 390, 9, 0, 0),
       (48511, 318, '54', 3, 7000000, 440, 9, 0, 0),
       (48512, 318, '55', 1, 5000000, 710, 10, 0, 0),
       (48513, 318, '56', 3, 13000000, 690, 10, 0, 0),
       (48514, 318, '57', 2, 5000000, 770, 10, 0, 0),
       (48515, 318, '58', 3, 6000000, 630, 10, 0, 0),
       (48516, 318, '59', 1, 8000000, 500, 10, 0, 0),
       (48517, 318, '60', 3, 15000000, 260, 10, 0, 0),
       (48518, 318, '61', 2, 6000000, 490, 11, 0, 0),
       (48519, 318, '62', 2, 4000000, 800, 11, 0, 0),
       (48520, 318, '63', 2, 14000000, 730, 11, 0, 0),
       (48521, 318, '64', 2, 10000000, 740, 11, 0, 0),
       (48522, 318, '65', 1, 13000000, 530, 11, 0, 0),
       (48523, 318, '66', 3, 4000000, 450, 11, 0, 0),
       (48524, 318, '67', 2, 7000000, 580, 12, 0, 0),
       (48525, 318, '68', 3, 8000000, 620, 12, 0, 0),
       (48526, 318, '69', 3, 5000000, 480, 12, 0, 0),
       (48527, 318, '70', 1, 15000000, 260, 12, 0, 0),
       (48528, 318, '71', 3, 6000000, 640, 12, 0, 0),
       (48529, 318, '72', 2, 10000000, 560, 12, 0, 0),
       (48530, 318, '73', 2, 14000000, 340, 13, 0, 0),
       (48531, 318, '74', 1, 5000000, 600, 13, 0, 0),
       (48532, 318, '75', 3, 13000000, 330, 13, 0, 0),
       (48533, 318, '76', 2, 4000000, 190, 13, 0, 0),
       (48534, 318, '77', 2, 13000000, 190, 13, 0, 0),
       (48535, 318, '78', 1, 5000000, 740, 13, 0, 0),
       (48536, 318, '79', 1, 7000000, 730, 14, 0, 0),
       (48537, 318, '80', 1, 10000000, 440, 14, 0, 0),
       (48538, 318, '81', 3, 8000000, 660, 14, 0, 0),
       (48539, 318, '82', 2, 11000000, 620, 14, 0, 0),
       (48540, 318, '83', 1, 6000000, 680, 14, 0, 0),
       (48541, 318, '84', 1, 9000000, 310, 14, 0, 0),
       (48542, 318, '85', 1, 11000000, 510, 15, 0, 0),
       (48543, 318, '86', 3, 11000000, 390, 15, 0, 0),
       (48544, 318, '87', 1, 7000000, 380, 15, 0, 0),
       (48545, 318, '88', 2, 8000000, 780, 15, 0, 0),
       (48546, 318, '89', 2, 4000000, 630, 15, 0, 0),
       (48547, 318, '90', 3, 14000000, 220, 15, 0, 0),
       (48548, 318, '91', 2, 13000000, 330, 16, 0, 0),
       (48549, 318, '92', 2, 14000000, 800, 16, 0, 0),
       (48550, 318, '93', 3, 15000000, 590, 16, 0, 0),
       (48551, 318, '94', 2, 4000000, 280, 16, 0, 0),
       (48552, 318, '95', 3, 3000000, 640, 16, 0, 0),
       (48553, 318, '96', 2, 8000000, 480, 16, 0, 0),
       (48554, 318, '97', 1, 13000000, 620, 17, 0, 0),
       (48555, 318, '98', 3, 4000000, 450, 17, 0, 0),
       (48556, 318, '99', 1, 3000000, 480, 17, 0, 0),
       (48557, 318, '100', 1, 5000000, 330, 17, 0, 0),
       (48558, 318, '101', 1, 8000000, 330, 17, 0, 0),
       (48559, 318, '102', 1, 5000000, 390, 17, 0, 0),
       (48560, 318, '103', 1, 10000000, 210, 18, 0, 0),
       (48561, 318, '104', 1, 8000000, 670, 18, 0, 0),
       (48562, 318, '105', 1, 5000000, 420, 18, 0, 0),
       (48563, 318, '106', 1, 14000000, 630, 18, 0, 0),
       (48564, 318, '107', 1, 10000000, 190, 18, 0, 0),
       (48565, 318, '108', 1, 12000000, 590, 18, 0, 0),
       (48566, 318, '109', 1, 13000000, 390, 19, 0, 0),
       (48567, 318, '110', 1, 4000000, 410, 19, 0, 0),
       (48568, 318, '111', 1, 12000000, 240, 19, 0, 0),
       (48569, 318, '112', 3, 3000000, 340, 19, 0, 0),
       (48570, 318, '113', 3, 8000000, 650, 19, 0, 0),
       (48571, 318, '114', 2, 4000000, 290, 19, 0, 0),
       (48572, 318, '115', 3, 8000000, 310, 20, 0, 0),
       (48573, 318, '116', 2, 14000000, 250, 20, 0, 0),
       (48574, 318, '117', 2, 12000000, 550, 20, 0, 0),
       (48575, 318, '118', 2, 10000000, 220, 20, 0, 0),
       (48576, 318, '119', 1, 11000000, 680, 20, 0, 0),
       (48577, 318, '120', 3, 12000000, 780, 20, 0, 0),
       (48578, 318, '121', 1, 4000000, 350, 21, 0, 0),
       (48579, 318, '122', 3, 10000000, 200, 21, 0, 0),
       (48580, 318, '123', 3, 4000000, 720, 21, 0, 0),
       (48581, 318, '124', 1, 15000000, 350, 21, 0, 0),
       (48582, 318, '125', 2, 3000000, 420, 21, 0, 0),
       (48583, 318, '126', 1, 6000000, 450, 21, 0, 0),
       (48584, 318, '127', 2, 15000000, 310, 22, 0, 0),
       (48585, 318, '128', 3, 10000000, 490, 22, 0, 0),
       (48586, 318, '129', 2, 11000000, 370, 22, 0, 0),
       (48587, 318, '130', 2, 8000000, 280, 22, 0, 0),
       (48588, 318, '131', 3, 11000000, 790, 22, 0, 0),
       (48589, 318, '132', 3, 15000000, 670, 22, 0, 0),
       (48590, 318, '133', 3, 5000000, 420, 23, 0, 0),
       (48591, 318, '134', 3, 7000000, 280, 23, 0, 0),
       (48592, 318, '135', 2, 3000000, 460, 23, 0, 0),
       (48593, 318, '136', 3, 13000000, 740, 23, 0, 0),
       (48594, 318, '137', 3, 9000000, 670, 23, 0, 0),
       (48595, 318, '138', 1, 7000000, 310, 23, 0, 0),
       (48596, 318, '139', 2, 6000000, 370, 24, 0, 0),
       (48597, 318, '140', 1, 12000000, 230, 24, 0, 0),
       (48598, 318, '141', 2, 6000000, 430, 24, 0, 0),
       (48599, 318, '142', 2, 3000000, 520, 24, 0, 0),
       (48600, 318, '143', 2, 11000000, 560, 24, 0, 0),
       (48601, 318, '144', 1, 6000000, 400, 24, 0, 0),
       (48602, 318, '145', 3, 4000000, 600, 25, 0, 0),
       (48603, 318, '146', 3, 10000000, 260, 25, 0, 0),
       (48604, 318, '147', 2, 12000000, 260, 25, 0, 0),
       (48605, 318, '148', 1, 7000000, 310, 25, 0, 0),
       (48606, 318, '149', 3, 13000000, 660, 25, 0, 0),
       (48607, 318, '150', 3, 12000000, 430, 25, 0, 0),
       (48608, 318, '151', 3, 11000000, 300, 26, 0, 0),
       (48609, 318, '152', 3, 14000000, 180, 26, 0, 0),
       (48610, 318, '153', 2, 9000000, 490, 26, 0, 0),
       (48611, 318, '154', 3, 4000000, 320, 26, 0, 0),
       (48612, 318, '155', 1, 4000000, 220, 26, 0, 0),
       (48613, 318, '156', 1, 13000000, 540, 26, 0, 0),
       (48614, 318, '157', 2, 14000000, 270, 27, 0, 0),
       (48615, 318, '158', 2, 4000000, 740, 27, 0, 0),
       (48616, 318, '159', 2, 13000000, 570, 27, 0, 0),
       (48617, 318, '160', 1, 13000000, 760, 27, 0, 0),
       (48618, 318, '161', 1, 5000000, 430, 27, 0, 0),
       (48619, 318, '162', 1, 4000000, 220, 27, 0, 0),
       (48620, 318, '163', 1, 4000000, 760, 28, 0, 0),
       (48621, 318, '164', 2, 14000000, 180, 28, 0, 0),
       (48622, 318, '165', 3, 7000000, 650, 28, 0, 0),
       (48623, 318, '166', 2, 15000000, 190, 28, 0, 0),
       (48624, 318, '167', 2, 12000000, 700, 28, 0, 0),
       (48625, 318, '168', 3, 7000000, 310, 28, 0, 0),
       (48626, 318, '169', 2, 12000000, 400, 29, 0, 0),
       (48627, 318, '170', 2, 13000000, 710, 29, 0, 0),
       (48628, 318, '171', 2, 11000000, 700, 29, 0, 0),
       (48629, 318, '172', 3, 7000000, 530, 29, 0, 0),
       (48630, 318, '173', 1, 4000000, 560, 29, 0, 0),
       (48631, 318, '174', 2, 9000000, 580, 29, 0, 0),
       (48632, 318, '175', 3, 8000000, 300, 30, 0, 0),
       (48633, 318, '176', 3, 3000000, 770, 30, 0, 0),
       (48634, 318, '177', 1, 12000000, 190, 30, 0, 0),
       (48635, 318, '178', 2, 12000000, 540, 30, 0, 0),
       (48636, 318, '179', 1, 7000000, 420, 30, 0, 0),
       (48637, 318, '180', 2, 15000000, 310, 30, 0, 0),
       (48638, 318, '181', 3, 9000000, 400, 31, 0, 0),
       (48639, 318, '182', 3, 13000000, 300, 31, 0, 0),
       (48640, 318, '183', 2, 8000000, 530, 31, 0, 0),
       (48641, 318, '184', 2, 4000000, 800, 31, 0, 0),
       (48642, 318, '185', 1, 7000000, 600, 31, 0, 0),
       (48643, 318, '186', 2, 6000000, 320, 31, 0, 0),
       (48644, 318, '187', 3, 14000000, 500, 32, 0, 0),
       (48645, 318, '188', 2, 9000000, 600, 32, 0, 0),
       (48646, 318, '189', 2, 11000000, 600, 32, 0, 0),
       (48647, 318, '190', 3, 9000000, 800, 32, 0, 0),
       (48648, 318, '191', 1, 7000000, 480, 32, 0, 0),
       (48649, 318, '192', 3, 9000000, 630, 32, 0, 0),
       (48650, 318, '193', 3, 11000000, 380, 33, 0, 0),
       (48651, 318, '194', 1, 9000000, 740, 33, 0, 0),
       (48652, 318, '195', 3, 8000000, 620, 33, 0, 0),
       (48653, 318, '196', 3, 3000000, 430, 33, 0, 0),
       (48654, 318, '197', 2, 8000000, 430, 33, 0, 0),
       (48655, 318, '198', 2, 12000000, 250, 33, 0, 0),
       (48656, 318, '199', 1, 4000000, 740, 34, 0, 0),
       (48657, 318, '200', 1, 13000000, 220, 34, 0, 0),
       (48658, 318, '201', 3, 9000000, 290, 34, 0, 0),
       (48659, 318, '202', 2, 8000000, 250, 34, 0, 0),
       (48660, 318, '203', 1, 3000000, 380, 34, 0, 0),
       (48661, 318, '204', 3, 15000000, 570, 34, 0, 0),
       (48662, 318, '205', 3, 5000000, 220, 35, 0, 0),
       (48663, 318, '206', 3, 8000000, 750, 35, 0, 0),
       (48664, 318, '207', 1, 13000000, 220, 35, 0, 0),
       (48665, 318, '208', 1, 14000000, 520, 35, 0, 0),
       (48666, 318, '209', 1, 11000000, 500, 35, 0, 0),
       (48667, 318, '210', 2, 5000000, 520, 35, 0, 0),
       (48668, 318, '211', 1, 10000000, 590, 36, 0, 0),
       (48669, 318, '212', 1, 6000000, 220, 36, 0, 0),
       (48670, 318, '213', 2, 11000000, 720, 36, 0, 0),
       (48671, 318, '214', 2, 11000000, 440, 36, 0, 0),
       (48672, 318, '215', 1, 4000000, 200, 36, 0, 0),
       (48673, 318, '216', 2, 5000000, 690, 36, 0, 0),
       (48674, 318, '217', 1, 13000000, 340, 37, 0, 0),
       (48675, 318, '218', 2, 9000000, 450, 37, 0, 0),
       (48676, 318, '219', 3, 8000000, 620, 37, 0, 0),
       (48677, 318, '220', 2, 13000000, 800, 37, 0, 0),
       (48678, 318, '221', 2, 7000000, 520, 37, 0, 0),
       (48679, 318, '222', 3, 5000000, 310, 37, 0, 0),
       (48680, 318, '223', 3, 14000000, 690, 38, 0, 0),
       (48681, 318, '224', 3, 3000000, 660, 38, 0, 0),
       (48682, 318, '225', 2, 9000000, 730, 38, 0, 0),
       (48683, 318, '226', 2, 7000000, 370, 38, 0, 0),
       (48684, 318, '227', 1, 10000000, 790, 38, 0, 0),
       (48685, 318, '228', 3, 12000000, 760, 38, 0, 0),
       (48686, 318, '229', 1, 15000000, 240, 39, 0, 0),
       (48687, 318, '230', 3, 4000000, 400, 39, 0, 0),
       (48688, 318, '231', 2, 6000000, 340, 39, 0, 0),
       (48689, 318, '232', 2, 15000000, 400, 39, 0, 0),
       (48690, 318, '233', 3, 6000000, 660, 39, 0, 0),
       (48691, 318, '234', 2, 5000000, 700, 39, 0, 0),
       (48692, 318, '235', 1, 5000000, 250, 40, 0, 0),
       (48693, 318, '236', 3, 13000000, 300, 40, 0, 0),
       (48694, 318, '237', 3, 5000000, 350, 40, 0, 0),
       (48695, 318, '238', 2, 7000000, 550, 40, 0, 0),
       (48696, 318, '239', 3, 6000000, 490, 40, 0, 0),
       (48697, 318, '240', 3, 4000000, 500, 40, 0, 0),
       (48698, 318, '241', 1, 12000000, 740, 41, 0, 0),
       (48699, 318, '242', 3, 8000000, 600, 41, 0, 0),
       (48700, 318, '243', 3, 4000000, 760, 41, 0, 0),
       (48701, 318, '244', 3, 10000000, 210, 41, 0, 0),
       (48702, 318, '245', 2, 14000000, 390, 41, 0, 0),
       (48703, 318, '246', 1, 8000000, 410, 41, 0, 0),
       (48704, 318, '247', 1, 7000000, 410, 42, 0, 0),
       (48705, 318, '248', 2, 14000000, 470, 42, 0, 0),
       (48706, 318, '249', 1, 9000000, 640, 42, 0, 0),
       (48707, 318, '250', 2, 5000000, 190, 42, 0, 0),
       (48708, 318, '251', 1, 4000000, 590, 42, 0, 0),
       (48709, 318, '252', 1, 7000000, 530, 42, 0, 0),
       (48710, 318, '253', 1, 8000000, 200, 43, 0, 0),
       (48711, 318, '254', 3, 6000000, 760, 43, 0, 0),
       (48712, 318, '255', 3, 5000000, 400, 43, 0, 0),
       (48713, 318, '256', 1, 9000000, 440, 43, 0, 0),
       (48714, 318, '257', 1, 7000000, 660, 43, 0, 0),
       (48715, 318, '258', 2, 10000000, 640, 43, 0, 0),
       (48716, 318, '259', 3, 6000000, 190, 44, 0, 0),
       (48717, 318, '260', 3, 5000000, 350, 44, 0, 0),
       (48718, 318, '261', 3, 10000000, 390, 44, 0, 0),
       (48719, 318, '262', 2, 3000000, 180, 44, 0, 0),
       (48720, 318, '263', 1, 8000000, 420, 44, 0, 0),
       (48721, 318, '264', 2, 13000000, 660, 44, 0, 0),
       (48722, 318, '265', 2, 13000000, 680, 45, 0, 0),
       (48723, 318, '266', 1, 15000000, 530, 45, 0, 0),
       (48724, 318, '267', 2, 13000000, 750, 45, 0, 0),
       (48725, 318, '268', 3, 3000000, 510, 45, 0, 0),
       (48726, 318, '269', 2, 13000000, 280, 45, 0, 0),
       (48727, 318, '270', 2, 4000000, 510, 45, 0, 0);
insert into real_estate_building (id, address, complex_id, floor_count, dev_id)
values (319, 'г. Москва, ул. Краснокаменская, д. 15', 16, 49, 16);
insert into real_estate_object (id, building_id ,local_address, places, price, area, floor, type, estate_type)
values (48728, 319, '1', 1, 13000000, 760, 1, 0, 0),
       (48729, 319, '2', 1, 8000000, 300, 1, 0, 0),
       (48730, 319, '3', 2, 15000000, 460, 1, 0, 0),
       (48731, 319, '4', 1, 14000000, 500, 1, 0, 0),
       (48732, 319, '5', 1, 4000000, 590, 1, 0, 0),
       (48733, 319, '6', 3, 10000000, 510, 1, 0, 0),
       (48734, 319, '7', 2, 7000000, 360, 2, 0, 0),
       (48735, 319, '8', 1, 7000000, 220, 2, 0, 0),
       (48736, 319, '9', 3, 5000000, 580, 2, 0, 0),
       (48737, 319, '10', 2, 10000000, 370, 2, 0, 0),
       (48738, 319, '11', 1, 4000000, 690, 2, 0, 0),
       (48739, 319, '12', 3, 4000000, 670, 2, 0, 0),
       (48740, 319, '13', 3, 11000000, 670, 3, 0, 0),
       (48741, 319, '14', 3, 9000000, 750, 3, 0, 0),
       (48742, 319, '15', 1, 11000000, 730, 3, 0, 0),
       (48743, 319, '16', 3, 6000000, 790, 3, 0, 0),
       (48744, 319, '17', 2, 10000000, 300, 3, 0, 0),
       (48745, 319, '18', 1, 10000000, 730, 3, 0, 0),
       (48746, 319, '19', 2, 13000000, 400, 4, 0, 0),
       (48747, 319, '20', 1, 9000000, 330, 4, 0, 0),
       (48748, 319, '21', 3, 3000000, 530, 4, 0, 0),
       (48749, 319, '22', 3, 10000000, 410, 4, 0, 0),
       (48750, 319, '23', 1, 7000000, 310, 4, 0, 0),
       (48751, 319, '24', 3, 13000000, 200, 4, 0, 0),
       (48752, 319, '25', 3, 3000000, 320, 5, 0, 0),
       (48753, 319, '26', 1, 4000000, 480, 5, 0, 0),
       (48754, 319, '27', 2, 10000000, 750, 5, 0, 0),
       (48755, 319, '28', 1, 14000000, 280, 5, 0, 0),
       (48756, 319, '29', 1, 14000000, 430, 5, 0, 0),
       (48757, 319, '30', 1, 3000000, 350, 5, 0, 0),
       (48758, 319, '31', 3, 6000000, 530, 6, 0, 0),
       (48759, 319, '32', 1, 4000000, 240, 6, 0, 0),
       (48760, 319, '33', 1, 14000000, 310, 6, 0, 0),
       (48761, 319, '34', 3, 7000000, 180, 6, 0, 0),
       (48762, 319, '35', 2, 10000000, 670, 6, 0, 0),
       (48763, 319, '36', 1, 13000000, 790, 6, 0, 0),
       (48764, 319, '37', 1, 10000000, 680, 7, 0, 0),
       (48765, 319, '38', 2, 4000000, 800, 7, 0, 0),
       (48766, 319, '39', 1, 9000000, 400, 7, 0, 0),
       (48767, 319, '40', 2, 9000000, 610, 7, 0, 0),
       (48768, 319, '41', 2, 9000000, 610, 7, 0, 0),
       (48769, 319, '42', 3, 11000000, 420, 7, 0, 0),
       (48770, 319, '43', 1, 15000000, 530, 8, 0, 0),
       (48771, 319, '44', 3, 14000000, 610, 8, 0, 0),
       (48772, 319, '45', 3, 9000000, 590, 8, 0, 0),
       (48773, 319, '46', 3, 14000000, 680, 8, 0, 0),
       (48774, 319, '47', 1, 11000000, 670, 8, 0, 0),
       (48775, 319, '48', 1, 9000000, 560, 8, 0, 0),
       (48776, 319, '49', 2, 15000000, 660, 9, 0, 0),
       (48777, 319, '50', 2, 11000000, 730, 9, 0, 0),
       (48778, 319, '51', 3, 3000000, 240, 9, 0, 0),
       (48779, 319, '52', 3, 3000000, 480, 9, 0, 0),
       (48780, 319, '53', 1, 12000000, 240, 9, 0, 0),
       (48781, 319, '54', 3, 3000000, 560, 9, 0, 0),
       (48782, 319, '55', 1, 6000000, 290, 10, 0, 0),
       (48783, 319, '56', 2, 6000000, 420, 10, 0, 0),
       (48784, 319, '57', 3, 8000000, 410, 10, 0, 0),
       (48785, 319, '58', 3, 9000000, 190, 10, 0, 0),
       (48786, 319, '59', 3, 15000000, 380, 10, 0, 0),
       (48787, 319, '60', 1, 8000000, 200, 10, 0, 0),
       (48788, 319, '61', 1, 11000000, 730, 11, 0, 0),
       (48789, 319, '62', 3, 10000000, 700, 11, 0, 0),
       (48790, 319, '63', 2, 12000000, 760, 11, 0, 0),
       (48791, 319, '64', 3, 13000000, 370, 11, 0, 0),
       (48792, 319, '65', 3, 6000000, 270, 11, 0, 0),
       (48793, 319, '66', 3, 3000000, 430, 11, 0, 0),
       (48794, 319, '67', 3, 7000000, 370, 12, 0, 0),
       (48795, 319, '68', 2, 13000000, 480, 12, 0, 0),
       (48796, 319, '69', 3, 7000000, 780, 12, 0, 0),
       (48797, 319, '70', 3, 12000000, 300, 12, 0, 0),
       (48798, 319, '71', 1, 8000000, 330, 12, 0, 0),
       (48799, 319, '72', 2, 5000000, 260, 12, 0, 0),
       (48800, 319, '73', 2, 15000000, 480, 13, 0, 0),
       (48801, 319, '74', 3, 10000000, 660, 13, 0, 0),
       (48802, 319, '75', 1, 5000000, 630, 13, 0, 0),
       (48803, 319, '76', 3, 9000000, 240, 13, 0, 0),
       (48804, 319, '77', 1, 14000000, 400, 13, 0, 0),
       (48805, 319, '78', 1, 14000000, 320, 13, 0, 0),
       (48806, 319, '79', 2, 7000000, 390, 14, 0, 0),
       (48807, 319, '80', 2, 15000000, 500, 14, 0, 0),
       (48808, 319, '81', 2, 12000000, 570, 14, 0, 0),
       (48809, 319, '82', 3, 6000000, 660, 14, 0, 0),
       (48810, 319, '83', 3, 5000000, 210, 14, 0, 0),
       (48811, 319, '84', 1, 4000000, 720, 14, 0, 0),
       (48812, 319, '85', 3, 3000000, 670, 15, 0, 0),
       (48813, 319, '86', 2, 10000000, 580, 15, 0, 0),
       (48814, 319, '87', 3, 13000000, 410, 15, 0, 0),
       (48815, 319, '88', 3, 8000000, 370, 15, 0, 0),
       (48816, 319, '89', 2, 11000000, 210, 15, 0, 0),
       (48817, 319, '90', 3, 8000000, 490, 15, 0, 0),
       (48818, 319, '91', 3, 8000000, 710, 16, 0, 0),
       (48819, 319, '92', 1, 5000000, 340, 16, 0, 0),
       (48820, 319, '93', 2, 12000000, 430, 16, 0, 0),
       (48821, 319, '94', 1, 15000000, 240, 16, 0, 0),
       (48822, 319, '95', 1, 8000000, 240, 16, 0, 0),
       (48823, 319, '96', 3, 10000000, 430, 16, 0, 0),
       (48824, 319, '97', 1, 14000000, 630, 17, 0, 0),
       (48825, 319, '98', 1, 7000000, 260, 17, 0, 0),
       (48826, 319, '99', 2, 9000000, 500, 17, 0, 0),
       (48827, 319, '100', 3, 4000000, 540, 17, 0, 0),
       (48828, 319, '101', 2, 4000000, 660, 17, 0, 0),
       (48829, 319, '102', 2, 11000000, 760, 17, 0, 0),
       (48830, 319, '103', 2, 9000000, 400, 18, 0, 0),
       (48831, 319, '104', 2, 4000000, 360, 18, 0, 0),
       (48832, 319, '105', 3, 15000000, 190, 18, 0, 0),
       (48833, 319, '106', 2, 11000000, 690, 18, 0, 0),
       (48834, 319, '107', 2, 3000000, 780, 18, 0, 0),
       (48835, 319, '108', 3, 8000000, 640, 18, 0, 0),
       (48836, 319, '109', 2, 11000000, 550, 19, 0, 0),
       (48837, 319, '110', 3, 6000000, 330, 19, 0, 0),
       (48838, 319, '111', 1, 3000000, 600, 19, 0, 0),
       (48839, 319, '112', 3, 10000000, 550, 19, 0, 0),
       (48840, 319, '113', 3, 9000000, 330, 19, 0, 0),
       (48841, 319, '114', 3, 6000000, 770, 19, 0, 0),
       (48842, 319, '115', 3, 6000000, 510, 20, 0, 0),
       (48843, 319, '116', 3, 10000000, 300, 20, 0, 0),
       (48844, 319, '117', 1, 7000000, 740, 20, 0, 0),
       (48845, 319, '118', 1, 15000000, 720, 20, 0, 0),
       (48846, 319, '119', 1, 9000000, 310, 20, 0, 0),
       (48847, 319, '120', 3, 5000000, 620, 20, 0, 0),
       (48848, 319, '121', 3, 10000000, 530, 21, 0, 0),
       (48849, 319, '122', 2, 11000000, 720, 21, 0, 0),
       (48850, 319, '123', 2, 15000000, 480, 21, 0, 0),
       (48851, 319, '124', 2, 5000000, 400, 21, 0, 0),
       (48852, 319, '125', 2, 11000000, 780, 21, 0, 0),
       (48853, 319, '126', 3, 5000000, 680, 21, 0, 0),
       (48854, 319, '127', 3, 12000000, 450, 22, 0, 0),
       (48855, 319, '128', 3, 8000000, 800, 22, 0, 0),
       (48856, 319, '129', 1, 15000000, 380, 22, 0, 0),
       (48857, 319, '130', 2, 3000000, 330, 22, 0, 0),
       (48858, 319, '131', 3, 10000000, 480, 22, 0, 0),
       (48859, 319, '132', 1, 8000000, 600, 22, 0, 0),
       (48860, 319, '133', 3, 6000000, 790, 23, 0, 0),
       (48861, 319, '134', 2, 13000000, 380, 23, 0, 0),
       (48862, 319, '135', 2, 4000000, 720, 23, 0, 0),
       (48863, 319, '136', 3, 4000000, 340, 23, 0, 0),
       (48864, 319, '137', 1, 9000000, 200, 23, 0, 0),
       (48865, 319, '138', 1, 9000000, 180, 23, 0, 0),
       (48866, 319, '139', 3, 5000000, 430, 24, 0, 0),
       (48867, 319, '140', 2, 15000000, 560, 24, 0, 0),
       (48868, 319, '141', 3, 3000000, 260, 24, 0, 0),
       (48869, 319, '142', 3, 10000000, 270, 24, 0, 0),
       (48870, 319, '143', 2, 11000000, 300, 24, 0, 0),
       (48871, 319, '144', 1, 4000000, 410, 24, 0, 0),
       (48872, 319, '145', 3, 15000000, 570, 25, 0, 0),
       (48873, 319, '146', 3, 7000000, 220, 25, 0, 0),
       (48874, 319, '147', 2, 8000000, 430, 25, 0, 0),
       (48875, 319, '148', 2, 9000000, 560, 25, 0, 0),
       (48876, 319, '149', 1, 12000000, 330, 25, 0, 0),
       (48877, 319, '150', 2, 8000000, 720, 25, 0, 0),
       (48878, 319, '151', 3, 9000000, 340, 26, 0, 0),
       (48879, 319, '152', 2, 9000000, 310, 26, 0, 0),
       (48880, 319, '153', 1, 12000000, 300, 26, 0, 0),
       (48881, 319, '154', 1, 6000000, 520, 26, 0, 0),
       (48882, 319, '155', 2, 6000000, 690, 26, 0, 0),
       (48883, 319, '156', 1, 11000000, 600, 26, 0, 0),
       (48884, 319, '157', 3, 3000000, 560, 27, 0, 0),
       (48885, 319, '158', 1, 13000000, 700, 27, 0, 0),
       (48886, 319, '159', 3, 6000000, 400, 27, 0, 0),
       (48887, 319, '160', 2, 8000000, 400, 27, 0, 0),
       (48888, 319, '161', 2, 8000000, 520, 27, 0, 0),
       (48889, 319, '162', 3, 11000000, 660, 27, 0, 0),
       (48890, 319, '163', 1, 12000000, 800, 28, 0, 0),
       (48891, 319, '164', 1, 4000000, 560, 28, 0, 0),
       (48892, 319, '165', 1, 11000000, 490, 28, 0, 0),
       (48893, 319, '166', 1, 3000000, 690, 28, 0, 0),
       (48894, 319, '167', 1, 3000000, 340, 28, 0, 0),
       (48895, 319, '168', 1, 7000000, 510, 28, 0, 0),
       (48896, 319, '169', 1, 5000000, 330, 29, 0, 0),
       (48897, 319, '170', 3, 11000000, 220, 29, 0, 0),
       (48898, 319, '171', 2, 9000000, 720, 29, 0, 0),
       (48899, 319, '172', 1, 6000000, 440, 29, 0, 0),
       (48900, 319, '173', 1, 3000000, 680, 29, 0, 0),
       (48901, 319, '174', 3, 14000000, 400, 29, 0, 0),
       (48902, 319, '175', 2, 10000000, 520, 30, 0, 0),
       (48903, 319, '176', 3, 5000000, 640, 30, 0, 0),
       (48904, 319, '177', 1, 10000000, 460, 30, 0, 0),
       (48905, 319, '178', 1, 8000000, 510, 30, 0, 0),
       (48906, 319, '179', 3, 3000000, 520, 30, 0, 0),
       (48907, 319, '180', 3, 10000000, 800, 30, 0, 0),
       (48908, 319, '181', 3, 15000000, 570, 31, 0, 0),
       (48909, 319, '182', 3, 9000000, 640, 31, 0, 0),
       (48910, 319, '183', 1, 10000000, 680, 31, 0, 0),
       (48911, 319, '184', 3, 7000000, 580, 31, 0, 0),
       (48912, 319, '185', 2, 7000000, 520, 31, 0, 0),
       (48913, 319, '186', 1, 7000000, 760, 31, 0, 0),
       (48914, 319, '187', 1, 4000000, 660, 32, 0, 0),
       (48915, 319, '188', 3, 10000000, 350, 32, 0, 0),
       (48916, 319, '189', 2, 7000000, 390, 32, 0, 0),
       (48917, 319, '190', 3, 9000000, 600, 32, 0, 0),
       (48918, 319, '191', 2, 7000000, 340, 32, 0, 0),
       (48919, 319, '192', 1, 13000000, 660, 32, 0, 0),
       (48920, 319, '193', 1, 5000000, 570, 33, 0, 0),
       (48921, 319, '194', 3, 9000000, 690, 33, 0, 0),
       (48922, 319, '195', 1, 3000000, 650, 33, 0, 0),
       (48923, 319, '196', 2, 4000000, 660, 33, 0, 0),
       (48924, 319, '197', 3, 13000000, 490, 33, 0, 0),
       (48925, 319, '198', 2, 3000000, 790, 33, 0, 0),
       (48926, 319, '199', 3, 11000000, 510, 34, 0, 0),
       (48927, 319, '200', 3, 7000000, 550, 34, 0, 0),
       (48928, 319, '201', 2, 10000000, 450, 34, 0, 0),
       (48929, 319, '202', 2, 13000000, 430, 34, 0, 0),
       (48930, 319, '203', 1, 14000000, 330, 34, 0, 0),
       (48931, 319, '204', 1, 7000000, 560, 34, 0, 0),
       (48932, 319, '205', 1, 4000000, 250, 35, 0, 0),
       (48933, 319, '206', 1, 4000000, 320, 35, 0, 0),
       (48934, 319, '207', 3, 9000000, 750, 35, 0, 0),
       (48935, 319, '208', 3, 4000000, 310, 35, 0, 0),
       (48936, 319, '209', 1, 8000000, 180, 35, 0, 0),
       (48937, 319, '210', 3, 12000000, 690, 35, 0, 0),
       (48938, 319, '211', 2, 10000000, 660, 36, 0, 0),
       (48939, 319, '212', 1, 10000000, 520, 36, 0, 0),
       (48940, 319, '213', 1, 10000000, 460, 36, 0, 0),
       (48941, 319, '214', 2, 9000000, 310, 36, 0, 0),
       (48942, 319, '215', 1, 6000000, 230, 36, 0, 0),
       (48943, 319, '216', 3, 10000000, 790, 36, 0, 0),
       (48944, 319, '217', 1, 15000000, 270, 37, 0, 0),
       (48945, 319, '218', 3, 5000000, 690, 37, 0, 0),
       (48946, 319, '219', 3, 7000000, 610, 37, 0, 0),
       (48947, 319, '220', 3, 3000000, 240, 37, 0, 0),
       (48948, 319, '221', 1, 3000000, 530, 37, 0, 0),
       (48949, 319, '222', 3, 5000000, 650, 37, 0, 0),
       (48950, 319, '223', 1, 8000000, 710, 38, 0, 0),
       (48951, 319, '224', 3, 15000000, 770, 38, 0, 0),
       (48952, 319, '225', 1, 12000000, 510, 38, 0, 0),
       (48953, 319, '226', 2, 3000000, 800, 38, 0, 0),
       (48954, 319, '227', 3, 11000000, 540, 38, 0, 0),
       (48955, 319, '228', 3, 9000000, 530, 38, 0, 0),
       (48956, 319, '229', 1, 14000000, 390, 39, 0, 0),
       (48957, 319, '230', 1, 5000000, 620, 39, 0, 0),
       (48958, 319, '231', 3, 11000000, 760, 39, 0, 0),
       (48959, 319, '232', 1, 10000000, 580, 39, 0, 0),
       (48960, 319, '233', 2, 9000000, 370, 39, 0, 0),
       (48961, 319, '234', 1, 10000000, 220, 39, 0, 0),
       (48962, 319, '235', 3, 6000000, 190, 40, 0, 0),
       (48963, 319, '236', 2, 8000000, 230, 40, 0, 0),
       (48964, 319, '237', 1, 15000000, 360, 40, 0, 0),
       (48965, 319, '238', 3, 4000000, 630, 40, 0, 0),
       (48966, 319, '239', 1, 8000000, 350, 40, 0, 0),
       (48967, 319, '240', 3, 5000000, 440, 40, 0, 0),
       (48968, 319, '241', 2, 9000000, 540, 41, 0, 0),
       (48969, 319, '242', 2, 6000000, 790, 41, 0, 0),
       (48970, 319, '243', 3, 5000000, 340, 41, 0, 0),
       (48971, 319, '244', 1, 12000000, 280, 41, 0, 0),
       (48972, 319, '245', 2, 5000000, 740, 41, 0, 0),
       (48973, 319, '246', 2, 11000000, 380, 41, 0, 0),
       (48974, 319, '247', 1, 10000000, 450, 42, 0, 0),
       (48975, 319, '248', 3, 14000000, 370, 42, 0, 0),
       (48976, 319, '249', 3, 4000000, 340, 42, 0, 0),
       (48977, 319, '250', 3, 10000000, 220, 42, 0, 0),
       (48978, 319, '251', 1, 7000000, 470, 42, 0, 0),
       (48979, 319, '252', 2, 8000000, 550, 42, 0, 0),
       (48980, 319, '253', 2, 4000000, 760, 43, 0, 0),
       (48981, 319, '254', 2, 11000000, 410, 43, 0, 0),
       (48982, 319, '255', 1, 5000000, 420, 43, 0, 0),
       (48983, 319, '256', 1, 5000000, 200, 43, 0, 0),
       (48984, 319, '257', 2, 13000000, 680, 43, 0, 0),
       (48985, 319, '258', 2, 3000000, 650, 43, 0, 0),
       (48986, 319, '259', 1, 11000000, 530, 44, 0, 0),
       (48987, 319, '260', 1, 12000000, 750, 44, 0, 0),
       (48988, 319, '261', 3, 15000000, 600, 44, 0, 0),
       (48989, 319, '262', 2, 9000000, 180, 44, 0, 0),
       (48990, 319, '263', 3, 9000000, 580, 44, 0, 0),
       (48991, 319, '264', 1, 9000000, 730, 44, 0, 0),
       (48992, 319, '265', 1, 13000000, 310, 45, 0, 0),
       (48993, 319, '266', 3, 4000000, 780, 45, 0, 0),
       (48994, 319, '267', 2, 9000000, 760, 45, 0, 0),
       (48995, 319, '268', 2, 5000000, 440, 45, 0, 0),
       (48996, 319, '269', 3, 3000000, 350, 45, 0, 0),
       (48997, 319, '270', 2, 7000000, 690, 45, 0, 0),
       (48998, 319, '271', 3, 9000000, 250, 46, 0, 0),
       (48999, 319, '272', 2, 11000000, 250, 46, 0, 0),
       (49000, 319, '273', 2, 13000000, 710, 46, 0, 0),
       (49001, 319, '274', 3, 15000000, 250, 46, 0, 0),
       (49002, 319, '275', 1, 15000000, 330, 46, 0, 0),
       (49003, 319, '276', 1, 3000000, 320, 46, 0, 0),
       (49004, 319, '277', 2, 9000000, 650, 47, 0, 0),
       (49005, 319, '278', 2, 4000000, 180, 47, 0, 0),
       (49006, 319, '279', 1, 10000000, 620, 47, 0, 0),
       (49007, 319, '280', 3, 8000000, 420, 47, 0, 0),
       (49008, 319, '281', 1, 15000000, 220, 47, 0, 0),
       (49009, 319, '282', 1, 4000000, 250, 47, 0, 0),
       (49010, 319, '283', 3, 5000000, 260, 48, 0, 0),
       (49011, 319, '284', 2, 5000000, 770, 48, 0, 0),
       (49012, 319, '285', 3, 4000000, 470, 48, 0, 0),
       (49013, 319, '286', 1, 6000000, 720, 48, 0, 0),
       (49014, 319, '287', 3, 15000000, 800, 48, 0, 0),
       (49015, 319, '288', 2, 14000000, 640, 48, 0, 0),
       (49016, 319, '289', 1, 10000000, 790, 49, 0, 0),
       (49017, 319, '290', 2, 9000000, 420, 49, 0, 0),
       (49018, 319, '291', 1, 5000000, 350, 49, 0, 0),
       (49019, 319, '292', 3, 7000000, 230, 49, 0, 0),
       (49020, 319, '293', 1, 7000000, 210, 49, 0, 0),
       (49021, 319, '294', 1, 13000000, 310, 49, 0, 0);
insert into real_estate_building (id, address, complex_id, floor_count, dev_id)
values (320, 'г. Москва, ул. Краснокаменская, д. 16', 16, 47, 16);
insert into real_estate_object (id, building_id ,local_address, places, price, area, floor, type, estate_type)
values (49022, 320, '1', 1, 7000000, 270, 1, 0, 0),
       (49023, 320, '2', 3, 10000000, 520, 1, 0, 0),
       (49024, 320, '3', 3, 9000000, 270, 1, 0, 0),
       (49025, 320, '4', 3, 7000000, 790, 1, 0, 0),
       (49026, 320, '5', 1, 11000000, 670, 1, 0, 0),
       (49027, 320, '6', 2, 10000000, 520, 1, 0, 0),
       (49028, 320, '7', 2, 15000000, 180, 2, 0, 0),
       (49029, 320, '8', 2, 7000000, 220, 2, 0, 0),
       (49030, 320, '9', 3, 7000000, 530, 2, 0, 0),
       (49031, 320, '10', 3, 8000000, 360, 2, 0, 0),
       (49032, 320, '11', 1, 3000000, 530, 2, 0, 0),
       (49033, 320, '12', 2, 13000000, 260, 2, 0, 0),
       (49034, 320, '13', 2, 5000000, 260, 3, 0, 0),
       (49035, 320, '14', 2, 9000000, 770, 3, 0, 0),
       (49036, 320, '15', 3, 3000000, 620, 3, 0, 0),
       (49037, 320, '16', 3, 15000000, 450, 3, 0, 0),
       (49038, 320, '17', 2, 14000000, 610, 3, 0, 0),
       (49039, 320, '18', 1, 10000000, 430, 3, 0, 0),
       (49040, 320, '19', 1, 14000000, 370, 4, 0, 0),
       (49041, 320, '20', 3, 9000000, 720, 4, 0, 0),
       (49042, 320, '21', 3, 14000000, 780, 4, 0, 0),
       (49043, 320, '22', 1, 4000000, 470, 4, 0, 0),
       (49044, 320, '23', 2, 10000000, 470, 4, 0, 0),
       (49045, 320, '24', 3, 6000000, 780, 4, 0, 0),
       (49046, 320, '25', 3, 7000000, 430, 5, 0, 0),
       (49047, 320, '26', 3, 3000000, 720, 5, 0, 0),
       (49048, 320, '27', 1, 7000000, 340, 5, 0, 0),
       (49049, 320, '28', 1, 12000000, 300, 5, 0, 0),
       (49050, 320, '29', 2, 4000000, 360, 5, 0, 0),
       (49051, 320, '30', 2, 12000000, 700, 5, 0, 0),
       (49052, 320, '31', 1, 3000000, 620, 6, 0, 0),
       (49053, 320, '32', 2, 12000000, 610, 6, 0, 0),
       (49054, 320, '33', 3, 4000000, 690, 6, 0, 0),
       (49055, 320, '34', 1, 15000000, 490, 6, 0, 0),
       (49056, 320, '35', 1, 7000000, 460, 6, 0, 0),
       (49057, 320, '36', 2, 3000000, 270, 6, 0, 0),
       (49058, 320, '37', 3, 4000000, 560, 7, 0, 0),
       (49059, 320, '38', 3, 7000000, 330, 7, 0, 0),
       (49060, 320, '39', 3, 10000000, 730, 7, 0, 0),
       (49061, 320, '40', 3, 10000000, 680, 7, 0, 0),
       (49062, 320, '41', 3, 3000000, 750, 7, 0, 0),
       (49063, 320, '42', 2, 5000000, 490, 7, 0, 0),
       (49064, 320, '43', 3, 10000000, 570, 8, 0, 0),
       (49065, 320, '44', 3, 8000000, 400, 8, 0, 0),
       (49066, 320, '45', 3, 7000000, 530, 8, 0, 0),
       (49067, 320, '46', 1, 5000000, 570, 8, 0, 0),
       (49068, 320, '47', 3, 11000000, 310, 8, 0, 0),
       (49069, 320, '48', 1, 11000000, 560, 8, 0, 0),
       (49070, 320, '49', 2, 11000000, 550, 9, 0, 0),
       (49071, 320, '50', 2, 15000000, 180, 9, 0, 0),
       (49072, 320, '51', 2, 3000000, 360, 9, 0, 0),
       (49073, 320, '52', 2, 8000000, 190, 9, 0, 0),
       (49074, 320, '53', 2, 7000000, 630, 9, 0, 0),
       (49075, 320, '54', 3, 15000000, 670, 9, 0, 0),
       (49076, 320, '55', 2, 8000000, 520, 10, 0, 0),
       (49077, 320, '56', 1, 3000000, 470, 10, 0, 0),
       (49078, 320, '57', 1, 4000000, 720, 10, 0, 0),
       (49079, 320, '58', 1, 3000000, 690, 10, 0, 0),
       (49080, 320, '59', 1, 5000000, 340, 10, 0, 0),
       (49081, 320, '60', 2, 5000000, 450, 10, 0, 0),
       (49082, 320, '61', 1, 9000000, 270, 11, 0, 0),
       (49083, 320, '62', 3, 3000000, 350, 11, 0, 0),
       (49084, 320, '63', 2, 12000000, 780, 11, 0, 0),
       (49085, 320, '64', 2, 13000000, 730, 11, 0, 0),
       (49086, 320, '65', 1, 11000000, 440, 11, 0, 0),
       (49087, 320, '66', 1, 15000000, 600, 11, 0, 0),
       (49088, 320, '67', 3, 8000000, 470, 12, 0, 0),
       (49089, 320, '68', 3, 8000000, 180, 12, 0, 0),
       (49090, 320, '69', 2, 15000000, 250, 12, 0, 0),
       (49091, 320, '70', 3, 10000000, 420, 12, 0, 0),
       (49092, 320, '71', 1, 13000000, 650, 12, 0, 0),
       (49093, 320, '72', 2, 12000000, 280, 12, 0, 0),
       (49094, 320, '73', 3, 9000000, 200, 13, 0, 0),
       (49095, 320, '74', 2, 11000000, 690, 13, 0, 0),
       (49096, 320, '75', 1, 10000000, 490, 13, 0, 0),
       (49097, 320, '76', 3, 5000000, 330, 13, 0, 0),
       (49098, 320, '77', 3, 12000000, 670, 13, 0, 0),
       (49099, 320, '78', 3, 11000000, 740, 13, 0, 0),
       (49100, 320, '79', 1, 7000000, 530, 14, 0, 0),
       (49101, 320, '80', 1, 11000000, 540, 14, 0, 0),
       (49102, 320, '81', 2, 15000000, 520, 14, 0, 0),
       (49103, 320, '82', 2, 10000000, 320, 14, 0, 0),
       (49104, 320, '83', 1, 14000000, 520, 14, 0, 0),
       (49105, 320, '84', 1, 6000000, 790, 14, 0, 0),
       (49106, 320, '85', 1, 14000000, 380, 15, 0, 0),
       (49107, 320, '86', 2, 15000000, 740, 15, 0, 0),
       (49108, 320, '87', 3, 11000000, 210, 15, 0, 0),
       (49109, 320, '88', 2, 12000000, 750, 15, 0, 0),
       (49110, 320, '89', 1, 12000000, 380, 15, 0, 0),
       (49111, 320, '90', 3, 6000000, 290, 15, 0, 0),
       (49112, 320, '91', 2, 11000000, 660, 16, 0, 0),
       (49113, 320, '92', 1, 6000000, 320, 16, 0, 0),
       (49114, 320, '93', 3, 4000000, 650, 16, 0, 0),
       (49115, 320, '94', 2, 10000000, 710, 16, 0, 0),
       (49116, 320, '95', 2, 11000000, 250, 16, 0, 0),
       (49117, 320, '96', 1, 3000000, 430, 16, 0, 0),
       (49118, 320, '97', 1, 5000000, 580, 17, 0, 0),
       (49119, 320, '98', 2, 5000000, 430, 17, 0, 0),
       (49120, 320, '99', 2, 13000000, 250, 17, 0, 0),
       (49121, 320, '100', 3, 14000000, 650, 17, 0, 0),
       (49122, 320, '101', 3, 11000000, 650, 17, 0, 0),
       (49123, 320, '102', 2, 7000000, 580, 17, 0, 0),
       (49124, 320, '103', 2, 11000000, 520, 18, 0, 0),
       (49125, 320, '104', 2, 6000000, 270, 18, 0, 0),
       (49126, 320, '105', 1, 11000000, 520, 18, 0, 0),
       (49127, 320, '106', 3, 13000000, 590, 18, 0, 0),
       (49128, 320, '107', 3, 13000000, 440, 18, 0, 0),
       (49129, 320, '108', 1, 15000000, 490, 18, 0, 0),
       (49130, 320, '109', 1, 7000000, 220, 19, 0, 0),
       (49131, 320, '110', 1, 3000000, 700, 19, 0, 0),
       (49132, 320, '111', 3, 12000000, 450, 19, 0, 0),
       (49133, 320, '112', 3, 6000000, 310, 19, 0, 0),
       (49134, 320, '113', 3, 14000000, 340, 19, 0, 0),
       (49135, 320, '114', 2, 10000000, 580, 19, 0, 0),
       (49136, 320, '115', 2, 10000000, 380, 20, 0, 0),
       (49137, 320, '116', 1, 12000000, 660, 20, 0, 0),
       (49138, 320, '117', 2, 5000000, 530, 20, 0, 0),
       (49139, 320, '118', 3, 10000000, 630, 20, 0, 0),
       (49140, 320, '119', 3, 3000000, 390, 20, 0, 0),
       (49141, 320, '120', 3, 3000000, 750, 20, 0, 0),
       (49142, 320, '121', 1, 15000000, 280, 21, 0, 0),
       (49143, 320, '122', 2, 14000000, 270, 21, 0, 0),
       (49144, 320, '123', 2, 3000000, 530, 21, 0, 0),
       (49145, 320, '124', 1, 13000000, 760, 21, 0, 0),
       (49146, 320, '125', 3, 6000000, 320, 21, 0, 0),
       (49147, 320, '126', 3, 13000000, 540, 21, 0, 0),
       (49148, 320, '127', 1, 6000000, 760, 22, 0, 0),
       (49149, 320, '128', 2, 9000000, 360, 22, 0, 0),
       (49150, 320, '129', 2, 13000000, 230, 22, 0, 0),
       (49151, 320, '130', 3, 11000000, 340, 22, 0, 0),
       (49152, 320, '131', 3, 7000000, 510, 22, 0, 0),
       (49153, 320, '132', 2, 5000000, 410, 22, 0, 0),
       (49154, 320, '133', 1, 8000000, 300, 23, 0, 0),
       (49155, 320, '134', 2, 13000000, 360, 23, 0, 0),
       (49156, 320, '135', 1, 4000000, 470, 23, 0, 0),
       (49157, 320, '136', 1, 9000000, 190, 23, 0, 0),
       (49158, 320, '137', 2, 10000000, 190, 23, 0, 0),
       (49159, 320, '138', 1, 15000000, 730, 23, 0, 0),
       (49160, 320, '139', 3, 3000000, 470, 24, 0, 0),
       (49161, 320, '140', 2, 14000000, 680, 24, 0, 0),
       (49162, 320, '141', 2, 13000000, 570, 24, 0, 0),
       (49163, 320, '142', 1, 15000000, 460, 24, 0, 0),
       (49164, 320, '143', 2, 14000000, 390, 24, 0, 0),
       (49165, 320, '144', 1, 3000000, 740, 24, 0, 0),
       (49166, 320, '145', 2, 6000000, 460, 25, 0, 0),
       (49167, 320, '146', 2, 15000000, 740, 25, 0, 0),
       (49168, 320, '147', 2, 14000000, 580, 25, 0, 0),
       (49169, 320, '148', 3, 15000000, 390, 25, 0, 0),
       (49170, 320, '149', 1, 11000000, 400, 25, 0, 0),
       (49171, 320, '150', 2, 8000000, 290, 25, 0, 0),
       (49172, 320, '151', 3, 4000000, 600, 26, 0, 0),
       (49173, 320, '152', 2, 3000000, 750, 26, 0, 0),
       (49174, 320, '153', 1, 13000000, 660, 26, 0, 0),
       (49175, 320, '154', 2, 13000000, 320, 26, 0, 0),
       (49176, 320, '155', 2, 15000000, 250, 26, 0, 0),
       (49177, 320, '156', 1, 11000000, 550, 26, 0, 0),
       (49178, 320, '157', 2, 7000000, 290, 27, 0, 0),
       (49179, 320, '158', 3, 15000000, 250, 27, 0, 0),
       (49180, 320, '159', 2, 3000000, 280, 27, 0, 0),
       (49181, 320, '160', 1, 10000000, 610, 27, 0, 0),
       (49182, 320, '161', 2, 10000000, 540, 27, 0, 0),
       (49183, 320, '162', 1, 5000000, 380, 27, 0, 0),
       (49184, 320, '163', 1, 13000000, 720, 28, 0, 0),
       (49185, 320, '164', 1, 9000000, 320, 28, 0, 0),
       (49186, 320, '165', 2, 10000000, 800, 28, 0, 0),
       (49187, 320, '166', 3, 10000000, 210, 28, 0, 0),
       (49188, 320, '167', 2, 15000000, 370, 28, 0, 0),
       (49189, 320, '168', 2, 15000000, 720, 28, 0, 0),
       (49190, 320, '169', 2, 4000000, 330, 29, 0, 0),
       (49191, 320, '170', 1, 6000000, 480, 29, 0, 0),
       (49192, 320, '171', 2, 15000000, 480, 29, 0, 0),
       (49193, 320, '172', 3, 10000000, 300, 29, 0, 0),
       (49194, 320, '173', 2, 8000000, 260, 29, 0, 0),
       (49195, 320, '174', 1, 9000000, 230, 29, 0, 0),
       (49196, 320, '175', 2, 15000000, 260, 30, 0, 0),
       (49197, 320, '176', 3, 10000000, 360, 30, 0, 0),
       (49198, 320, '177', 2, 3000000, 250, 30, 0, 0),
       (49199, 320, '178', 2, 11000000, 500, 30, 0, 0),
       (49200, 320, '179', 1, 15000000, 550, 30, 0, 0),
       (49201, 320, '180', 3, 5000000, 650, 30, 0, 0),
       (49202, 320, '181', 3, 4000000, 720, 31, 0, 0),
       (49203, 320, '182', 3, 15000000, 560, 31, 0, 0),
       (49204, 320, '183', 2, 7000000, 710, 31, 0, 0),
       (49205, 320, '184', 1, 15000000, 330, 31, 0, 0),
       (49206, 320, '185', 3, 3000000, 270, 31, 0, 0),
       (49207, 320, '186', 1, 11000000, 180, 31, 0, 0),
       (49208, 320, '187', 3, 3000000, 690, 32, 0, 0),
       (49209, 320, '188', 1, 11000000, 670, 32, 0, 0),
       (49210, 320, '189', 2, 3000000, 700, 32, 0, 0),
       (49211, 320, '190', 2, 13000000, 410, 32, 0, 0),
       (49212, 320, '191', 2, 5000000, 240, 32, 0, 0),
       (49213, 320, '192', 2, 15000000, 770, 32, 0, 0),
       (49214, 320, '193', 3, 14000000, 610, 33, 0, 0),
       (49215, 320, '194', 2, 7000000, 490, 33, 0, 0),
       (49216, 320, '195', 3, 13000000, 500, 33, 0, 0),
       (49217, 320, '196', 1, 12000000, 590, 33, 0, 0),
       (49218, 320, '197', 1, 3000000, 620, 33, 0, 0),
       (49219, 320, '198', 3, 6000000, 260, 33, 0, 0),
       (49220, 320, '199', 2, 8000000, 800, 34, 0, 0),
       (49221, 320, '200', 1, 8000000, 450, 34, 0, 0),
       (49222, 320, '201', 3, 8000000, 550, 34, 0, 0),
       (49223, 320, '202', 2, 11000000, 590, 34, 0, 0),
       (49224, 320, '203', 1, 8000000, 640, 34, 0, 0),
       (49225, 320, '204', 2, 4000000, 600, 34, 0, 0),
       (49226, 320, '205', 1, 11000000, 700, 35, 0, 0),
       (49227, 320, '206', 3, 10000000, 540, 35, 0, 0),
       (49228, 320, '207', 3, 6000000, 230, 35, 0, 0),
       (49229, 320, '208', 2, 6000000, 300, 35, 0, 0),
       (49230, 320, '209', 2, 5000000, 650, 35, 0, 0),
       (49231, 320, '210', 1, 9000000, 240, 35, 0, 0),
       (49232, 320, '211', 2, 6000000, 220, 36, 0, 0),
       (49233, 320, '212', 1, 4000000, 500, 36, 0, 0),
       (49234, 320, '213', 3, 11000000, 600, 36, 0, 0),
       (49235, 320, '214', 3, 7000000, 230, 36, 0, 0),
       (49236, 320, '215', 3, 8000000, 770, 36, 0, 0),
       (49237, 320, '216', 1, 3000000, 620, 36, 0, 0),
       (49238, 320, '217', 3, 5000000, 190, 37, 0, 0),
       (49239, 320, '218', 1, 11000000, 500, 37, 0, 0),
       (49240, 320, '219', 1, 12000000, 420, 37, 0, 0),
       (49241, 320, '220', 1, 7000000, 510, 37, 0, 0),
       (49242, 320, '221', 1, 12000000, 210, 37, 0, 0),
       (49243, 320, '222', 2, 8000000, 490, 37, 0, 0),
       (49244, 320, '223', 3, 7000000, 400, 38, 0, 0),
       (49245, 320, '224', 2, 14000000, 300, 38, 0, 0),
       (49246, 320, '225', 1, 14000000, 260, 38, 0, 0),
       (49247, 320, '226', 1, 8000000, 600, 38, 0, 0),
       (49248, 320, '227', 2, 5000000, 740, 38, 0, 0),
       (49249, 320, '228', 1, 8000000, 600, 38, 0, 0),
       (49250, 320, '229', 1, 7000000, 400, 39, 0, 0),
       (49251, 320, '230', 2, 6000000, 470, 39, 0, 0),
       (49252, 320, '231', 2, 10000000, 200, 39, 0, 0),
       (49253, 320, '232', 1, 15000000, 490, 39, 0, 0),
       (49254, 320, '233', 3, 3000000, 470, 39, 0, 0),
       (49255, 320, '234', 1, 5000000, 450, 39, 0, 0),
       (49256, 320, '235', 2, 4000000, 790, 40, 0, 0),
       (49257, 320, '236', 2, 9000000, 580, 40, 0, 0),
       (49258, 320, '237', 2, 10000000, 430, 40, 0, 0),
       (49259, 320, '238', 2, 13000000, 440, 40, 0, 0),
       (49260, 320, '239', 3, 15000000, 220, 40, 0, 0),
       (49261, 320, '240', 1, 7000000, 800, 40, 0, 0),
       (49262, 320, '241', 1, 7000000, 580, 41, 0, 0),
       (49263, 320, '242', 3, 15000000, 250, 41, 0, 0),
       (49264, 320, '243', 3, 3000000, 740, 41, 0, 0),
       (49265, 320, '244', 3, 8000000, 790, 41, 0, 0),
       (49266, 320, '245', 1, 4000000, 760, 41, 0, 0),
       (49267, 320, '246', 2, 5000000, 710, 41, 0, 0),
       (49268, 320, '247', 2, 9000000, 410, 42, 0, 0),
       (49269, 320, '248', 1, 15000000, 280, 42, 0, 0),
       (49270, 320, '249', 3, 9000000, 680, 42, 0, 0),
       (49271, 320, '250', 2, 12000000, 500, 42, 0, 0),
       (49272, 320, '251', 2, 7000000, 750, 42, 0, 0),
       (49273, 320, '252', 3, 8000000, 720, 42, 0, 0),
       (49274, 320, '253', 2, 7000000, 270, 43, 0, 0),
       (49275, 320, '254', 1, 12000000, 750, 43, 0, 0),
       (49276, 320, '255', 3, 3000000, 320, 43, 0, 0),
       (49277, 320, '256', 2, 8000000, 430, 43, 0, 0),
       (49278, 320, '257', 3, 8000000, 800, 43, 0, 0),
       (49279, 320, '258', 1, 8000000, 510, 43, 0, 0),
       (49280, 320, '259', 1, 14000000, 460, 44, 0, 0),
       (49281, 320, '260', 3, 10000000, 480, 44, 0, 0),
       (49282, 320, '261', 2, 3000000, 420, 44, 0, 0),
       (49283, 320, '262', 3, 4000000, 600, 44, 0, 0),
       (49284, 320, '263', 2, 5000000, 580, 44, 0, 0),
       (49285, 320, '264', 3, 4000000, 650, 44, 0, 0),
       (49286, 320, '265', 2, 7000000, 490, 45, 0, 0),
       (49287, 320, '266', 1, 15000000, 240, 45, 0, 0),
       (49288, 320, '267', 1, 6000000, 410, 45, 0, 0),
       (49289, 320, '268', 2, 13000000, 470, 45, 0, 0),
       (49290, 320, '269', 2, 7000000, 330, 45, 0, 0),
       (49291, 320, '270', 3, 7000000, 410, 45, 0, 0),
       (49292, 320, '271', 3, 3000000, 450, 46, 0, 0),
       (49293, 320, '272', 1, 12000000, 460, 46, 0, 0),
       (49294, 320, '273', 2, 7000000, 230, 46, 0, 0),
       (49295, 320, '274', 2, 15000000, 690, 46, 0, 0),
       (49296, 320, '275', 3, 8000000, 530, 46, 0, 0),
       (49297, 320, '276', 3, 15000000, 440, 46, 0, 0),
       (49298, 320, '277', 3, 3000000, 760, 47, 0, 0),
       (49299, 320, '278', 1, 3000000, 800, 47, 0, 0),
       (49300, 320, '279', 1, 6000000, 790, 47, 0, 0),
       (49301, 320, '280', 2, 15000000, 390, 47, 0, 0),
       (49302, 320, '281', 3, 4000000, 600, 47, 0, 0),
       (49303, 320, '282', 2, 5000000, 240, 47, 0, 0);
insert into real_estate_building (id, address, complex_id, floor_count, dev_id)
values (321, 'г. Москва, ул. Краснокаменская, д. 17', 16, 47, 16);
insert into real_estate_object (id, building_id ,local_address, places, price, area, floor, type, estate_type)
values (49304, 321, '1', 1, 12000000, 480, 1, 0, 0),
       (49305, 321, '2', 1, 9000000, 710, 1, 0, 0),
       (49306, 321, '3', 1, 13000000, 540, 1, 0, 0),
       (49307, 321, '4', 3, 15000000, 360, 1, 0, 0),
       (49308, 321, '5', 1, 15000000, 650, 1, 0, 0),
       (49309, 321, '6', 2, 7000000, 600, 1, 0, 0),
       (49310, 321, '7', 3, 4000000, 640, 2, 0, 0),
       (49311, 321, '8', 1, 6000000, 780, 2, 0, 0),
       (49312, 321, '9', 2, 10000000, 420, 2, 0, 0),
       (49313, 321, '10', 2, 13000000, 560, 2, 0, 0),
       (49314, 321, '11', 2, 10000000, 730, 2, 0, 0),
       (49315, 321, '12', 1, 13000000, 190, 2, 0, 0),
       (49316, 321, '13', 2, 8000000, 440, 3, 0, 0),
       (49317, 321, '14', 3, 6000000, 430, 3, 0, 0),
       (49318, 321, '15', 1, 3000000, 780, 3, 0, 0),
       (49319, 321, '16', 1, 11000000, 340, 3, 0, 0),
       (49320, 321, '17', 2, 11000000, 520, 3, 0, 0),
       (49321, 321, '18', 2, 3000000, 330, 3, 0, 0),
       (49322, 321, '19', 1, 4000000, 380, 4, 0, 0),
       (49323, 321, '20', 3, 9000000, 790, 4, 0, 0),
       (49324, 321, '21', 3, 4000000, 580, 4, 0, 0),
       (49325, 321, '22', 3, 14000000, 800, 4, 0, 0),
       (49326, 321, '23', 3, 10000000, 750, 4, 0, 0),
       (49327, 321, '24', 1, 3000000, 210, 4, 0, 0),
       (49328, 321, '25', 2, 6000000, 540, 5, 0, 0),
       (49329, 321, '26', 3, 10000000, 370, 5, 0, 0),
       (49330, 321, '27', 1, 9000000, 340, 5, 0, 0),
       (49331, 321, '28', 2, 8000000, 490, 5, 0, 0),
       (49332, 321, '29', 3, 8000000, 550, 5, 0, 0),
       (49333, 321, '30', 1, 12000000, 420, 5, 0, 0),
       (49334, 321, '31', 2, 3000000, 340, 6, 0, 0),
       (49335, 321, '32', 3, 7000000, 610, 6, 0, 0),
       (49336, 321, '33', 1, 3000000, 740, 6, 0, 0),
       (49337, 321, '34', 3, 14000000, 530, 6, 0, 0),
       (49338, 321, '35', 2, 11000000, 680, 6, 0, 0),
       (49339, 321, '36', 2, 9000000, 260, 6, 0, 0),
       (49340, 321, '37', 2, 13000000, 630, 7, 0, 0),
       (49341, 321, '38', 3, 13000000, 340, 7, 0, 0),
       (49342, 321, '39', 1, 3000000, 510, 7, 0, 0),
       (49343, 321, '40', 1, 3000000, 190, 7, 0, 0),
       (49344, 321, '41', 3, 7000000, 790, 7, 0, 0),
       (49345, 321, '42', 2, 15000000, 270, 7, 0, 0),
       (49346, 321, '43', 3, 3000000, 460, 8, 0, 0),
       (49347, 321, '44', 2, 14000000, 290, 8, 0, 0),
       (49348, 321, '45', 2, 4000000, 610, 8, 0, 0),
       (49349, 321, '46', 1, 10000000, 410, 8, 0, 0),
       (49350, 321, '47', 3, 10000000, 540, 8, 0, 0),
       (49351, 321, '48', 2, 13000000, 670, 8, 0, 0),
       (49352, 321, '49', 1, 8000000, 560, 9, 0, 0),
       (49353, 321, '50', 2, 13000000, 360, 9, 0, 0),
       (49354, 321, '51', 3, 6000000, 390, 9, 0, 0),
       (49355, 321, '52', 3, 9000000, 400, 9, 0, 0),
       (49356, 321, '53', 2, 10000000, 440, 9, 0, 0),
       (49357, 321, '54', 1, 6000000, 670, 9, 0, 0),
       (49358, 321, '55', 2, 4000000, 190, 10, 0, 0),
       (49359, 321, '56', 1, 11000000, 520, 10, 0, 0),
       (49360, 321, '57', 3, 7000000, 740, 10, 0, 0),
       (49361, 321, '58', 2, 13000000, 240, 10, 0, 0),
       (49362, 321, '59', 3, 8000000, 430, 10, 0, 0),
       (49363, 321, '60', 2, 5000000, 770, 10, 0, 0),
       (49364, 321, '61', 3, 12000000, 640, 11, 0, 0),
       (49365, 321, '62', 2, 10000000, 380, 11, 0, 0),
       (49366, 321, '63', 2, 9000000, 550, 11, 0, 0),
       (49367, 321, '64', 1, 9000000, 700, 11, 0, 0),
       (49368, 321, '65', 3, 13000000, 750, 11, 0, 0),
       (49369, 321, '66', 3, 4000000, 670, 11, 0, 0),
       (49370, 321, '67', 1, 11000000, 180, 12, 0, 0),
       (49371, 321, '68', 1, 9000000, 380, 12, 0, 0),
       (49372, 321, '69', 3, 10000000, 630, 12, 0, 0),
       (49373, 321, '70', 2, 13000000, 710, 12, 0, 0),
       (49374, 321, '71', 1, 9000000, 240, 12, 0, 0),
       (49375, 321, '72', 3, 15000000, 730, 12, 0, 0),
       (49376, 321, '73', 2, 7000000, 280, 13, 0, 0),
       (49377, 321, '74', 2, 9000000, 490, 13, 0, 0),
       (49378, 321, '75', 1, 14000000, 420, 13, 0, 0),
       (49379, 321, '76', 2, 12000000, 520, 13, 0, 0),
       (49380, 321, '77', 2, 14000000, 760, 13, 0, 0),
       (49381, 321, '78', 3, 13000000, 660, 13, 0, 0),
       (49382, 321, '79', 2, 15000000, 180, 14, 0, 0),
       (49383, 321, '80', 3, 5000000, 780, 14, 0, 0),
       (49384, 321, '81', 3, 4000000, 380, 14, 0, 0),
       (49385, 321, '82', 1, 12000000, 370, 14, 0, 0),
       (49386, 321, '83', 1, 13000000, 300, 14, 0, 0),
       (49387, 321, '84', 1, 6000000, 210, 14, 0, 0),
       (49388, 321, '85', 3, 11000000, 800, 15, 0, 0),
       (49389, 321, '86', 3, 4000000, 560, 15, 0, 0),
       (49390, 321, '87', 3, 4000000, 300, 15, 0, 0),
       (49391, 321, '88', 2, 14000000, 710, 15, 0, 0),
       (49392, 321, '89', 1, 12000000, 720, 15, 0, 0),
       (49393, 321, '90', 2, 3000000, 400, 15, 0, 0),
       (49394, 321, '91', 1, 11000000, 800, 16, 0, 0),
       (49395, 321, '92', 3, 8000000, 720, 16, 0, 0),
       (49396, 321, '93', 2, 11000000, 670, 16, 0, 0),
       (49397, 321, '94', 3, 11000000, 390, 16, 0, 0),
       (49398, 321, '95', 3, 9000000, 790, 16, 0, 0),
       (49399, 321, '96', 1, 11000000, 220, 16, 0, 0),
       (49400, 321, '97', 2, 13000000, 530, 17, 0, 0),
       (49401, 321, '98', 1, 5000000, 700, 17, 0, 0),
       (49402, 321, '99', 3, 14000000, 720, 17, 0, 0),
       (49403, 321, '100', 1, 15000000, 680, 17, 0, 0),
       (49404, 321, '101', 3, 11000000, 450, 17, 0, 0),
       (49405, 321, '102', 2, 14000000, 730, 17, 0, 0),
       (49406, 321, '103', 1, 9000000, 770, 18, 0, 0),
       (49407, 321, '104', 3, 6000000, 180, 18, 0, 0),
       (49408, 321, '105', 1, 13000000, 180, 18, 0, 0),
       (49409, 321, '106', 2, 3000000, 360, 18, 0, 0),
       (49410, 321, '107', 3, 12000000, 660, 18, 0, 0),
       (49411, 321, '108', 3, 15000000, 740, 18, 0, 0),
       (49412, 321, '109', 1, 8000000, 790, 19, 0, 0),
       (49413, 321, '110', 3, 5000000, 690, 19, 0, 0),
       (49414, 321, '111', 3, 9000000, 630, 19, 0, 0),
       (49415, 321, '112', 1, 9000000, 530, 19, 0, 0),
       (49416, 321, '113', 3, 4000000, 340, 19, 0, 0),
       (49417, 321, '114', 2, 7000000, 180, 19, 0, 0),
       (49418, 321, '115', 3, 12000000, 210, 20, 0, 0),
       (49419, 321, '116', 2, 8000000, 360, 20, 0, 0),
       (49420, 321, '117', 1, 14000000, 300, 20, 0, 0),
       (49421, 321, '118', 3, 11000000, 490, 20, 0, 0),
       (49422, 321, '119', 1, 13000000, 330, 20, 0, 0),
       (49423, 321, '120', 3, 7000000, 400, 20, 0, 0),
       (49424, 321, '121', 3, 5000000, 630, 21, 0, 0),
       (49425, 321, '122', 1, 5000000, 410, 21, 0, 0),
       (49426, 321, '123', 2, 14000000, 660, 21, 0, 0),
       (49427, 321, '124', 3, 4000000, 720, 21, 0, 0),
       (49428, 321, '125', 3, 12000000, 380, 21, 0, 0),
       (49429, 321, '126', 2, 9000000, 200, 21, 0, 0),
       (49430, 321, '127', 2, 14000000, 770, 22, 0, 0),
       (49431, 321, '128', 3, 14000000, 520, 22, 0, 0),
       (49432, 321, '129', 3, 15000000, 650, 22, 0, 0),
       (49433, 321, '130', 1, 14000000, 300, 22, 0, 0),
       (49434, 321, '131', 3, 9000000, 630, 22, 0, 0),
       (49435, 321, '132', 2, 11000000, 430, 22, 0, 0),
       (49436, 321, '133', 1, 11000000, 740, 23, 0, 0),
       (49437, 321, '134', 1, 11000000, 660, 23, 0, 0),
       (49438, 321, '135', 2, 14000000, 250, 23, 0, 0),
       (49439, 321, '136', 2, 15000000, 700, 23, 0, 0),
       (49440, 321, '137', 2, 6000000, 550, 23, 0, 0),
       (49441, 321, '138', 3, 13000000, 790, 23, 0, 0),
       (49442, 321, '139', 3, 9000000, 720, 24, 0, 0),
       (49443, 321, '140', 3, 7000000, 430, 24, 0, 0),
       (49444, 321, '141', 2, 14000000, 490, 24, 0, 0),
       (49445, 321, '142', 2, 3000000, 770, 24, 0, 0),
       (49446, 321, '143', 2, 7000000, 450, 24, 0, 0),
       (49447, 321, '144', 2, 12000000, 610, 24, 0, 0),
       (49448, 321, '145', 3, 14000000, 560, 25, 0, 0),
       (49449, 321, '146', 3, 11000000, 390, 25, 0, 0),
       (49450, 321, '147', 1, 6000000, 480, 25, 0, 0),
       (49451, 321, '148', 1, 15000000, 630, 25, 0, 0),
       (49452, 321, '149', 3, 9000000, 220, 25, 0, 0),
       (49453, 321, '150', 3, 4000000, 390, 25, 0, 0),
       (49454, 321, '151', 1, 13000000, 740, 26, 0, 0),
       (49455, 321, '152', 3, 8000000, 480, 26, 0, 0),
       (49456, 321, '153', 1, 7000000, 540, 26, 0, 0),
       (49457, 321, '154', 3, 15000000, 400, 26, 0, 0),
       (49458, 321, '155', 3, 14000000, 470, 26, 0, 0),
       (49459, 321, '156', 3, 13000000, 190, 26, 0, 0),
       (49460, 321, '157', 1, 11000000, 680, 27, 0, 0),
       (49461, 321, '158', 2, 3000000, 710, 27, 0, 0),
       (49462, 321, '159', 3, 3000000, 320, 27, 0, 0),
       (49463, 321, '160', 3, 9000000, 260, 27, 0, 0),
       (49464, 321, '161', 2, 14000000, 720, 27, 0, 0),
       (49465, 321, '162', 3, 3000000, 680, 27, 0, 0),
       (49466, 321, '163', 3, 13000000, 470, 28, 0, 0),
       (49467, 321, '164', 3, 14000000, 460, 28, 0, 0),
       (49468, 321, '165', 3, 6000000, 480, 28, 0, 0),
       (49469, 321, '166', 3, 7000000, 420, 28, 0, 0),
       (49470, 321, '167', 3, 8000000, 510, 28, 0, 0),
       (49471, 321, '168', 3, 11000000, 510, 28, 0, 0),
       (49472, 321, '169', 2, 12000000, 420, 29, 0, 0),
       (49473, 321, '170', 2, 4000000, 770, 29, 0, 0),
       (49474, 321, '171', 2, 6000000, 430, 29, 0, 0),
       (49475, 321, '172', 3, 7000000, 500, 29, 0, 0),
       (49476, 321, '173', 3, 7000000, 220, 29, 0, 0),
       (49477, 321, '174', 1, 6000000, 360, 29, 0, 0),
       (49478, 321, '175', 3, 8000000, 220, 30, 0, 0),
       (49479, 321, '176', 1, 4000000, 430, 30, 0, 0),
       (49480, 321, '177', 1, 12000000, 320, 30, 0, 0),
       (49481, 321, '178', 3, 9000000, 330, 30, 0, 0),
       (49482, 321, '179', 2, 3000000, 300, 30, 0, 0),
       (49483, 321, '180', 1, 13000000, 640, 30, 0, 0),
       (49484, 321, '181', 2, 15000000, 230, 31, 0, 0),
       (49485, 321, '182', 1, 3000000, 300, 31, 0, 0),
       (49486, 321, '183', 3, 6000000, 730, 31, 0, 0),
       (49487, 321, '184', 3, 15000000, 200, 31, 0, 0),
       (49488, 321, '185', 3, 13000000, 430, 31, 0, 0),
       (49489, 321, '186', 3, 5000000, 710, 31, 0, 0),
       (49490, 321, '187', 1, 11000000, 580, 32, 0, 0),
       (49491, 321, '188', 1, 15000000, 770, 32, 0, 0),
       (49492, 321, '189', 3, 11000000, 280, 32, 0, 0),
       (49493, 321, '190', 1, 6000000, 390, 32, 0, 0),
       (49494, 321, '191', 1, 6000000, 550, 32, 0, 0),
       (49495, 321, '192', 1, 5000000, 200, 32, 0, 0),
       (49496, 321, '193', 2, 14000000, 680, 33, 0, 0),
       (49497, 321, '194', 3, 7000000, 400, 33, 0, 0),
       (49498, 321, '195', 3, 4000000, 200, 33, 0, 0),
       (49499, 321, '196', 1, 6000000, 390, 33, 0, 0),
       (49500, 321, '197', 3, 7000000, 640, 33, 0, 0),
       (49501, 321, '198', 2, 12000000, 620, 33, 0, 0),
       (49502, 321, '199', 2, 4000000, 230, 34, 0, 0),
       (49503, 321, '200', 3, 3000000, 440, 34, 0, 0),
       (49504, 321, '201', 3, 4000000, 720, 34, 0, 0),
       (49505, 321, '202', 2, 4000000, 620, 34, 0, 0),
       (49506, 321, '203', 3, 7000000, 680, 34, 0, 0),
       (49507, 321, '204', 1, 12000000, 790, 34, 0, 0),
       (49508, 321, '205', 2, 13000000, 540, 35, 0, 0),
       (49509, 321, '206', 2, 14000000, 220, 35, 0, 0),
       (49510, 321, '207', 2, 12000000, 530, 35, 0, 0),
       (49511, 321, '208', 2, 14000000, 250, 35, 0, 0),
       (49512, 321, '209', 1, 14000000, 200, 35, 0, 0),
       (49513, 321, '210', 2, 9000000, 380, 35, 0, 0),
       (49514, 321, '211', 3, 3000000, 500, 36, 0, 0),
       (49515, 321, '212', 3, 5000000, 620, 36, 0, 0),
       (49516, 321, '213', 1, 14000000, 720, 36, 0, 0),
       (49517, 321, '214', 3, 4000000, 490, 36, 0, 0),
       (49518, 321, '215', 2, 6000000, 470, 36, 0, 0),
       (49519, 321, '216', 3, 11000000, 700, 36, 0, 0),
       (49520, 321, '217', 3, 8000000, 790, 37, 0, 0),
       (49521, 321, '218', 3, 4000000, 800, 37, 0, 0),
       (49522, 321, '219', 1, 14000000, 790, 37, 0, 0),
       (49523, 321, '220', 1, 10000000, 440, 37, 0, 0),
       (49524, 321, '221', 2, 3000000, 410, 37, 0, 0),
       (49525, 321, '222', 1, 13000000, 590, 37, 0, 0),
       (49526, 321, '223', 1, 3000000, 200, 38, 0, 0),
       (49527, 321, '224', 1, 14000000, 440, 38, 0, 0),
       (49528, 321, '225', 2, 9000000, 680, 38, 0, 0),
       (49529, 321, '226', 2, 13000000, 730, 38, 0, 0),
       (49530, 321, '227', 2, 10000000, 680, 38, 0, 0),
       (49531, 321, '228', 3, 14000000, 540, 38, 0, 0),
       (49532, 321, '229', 2, 15000000, 750, 39, 0, 0),
       (49533, 321, '230', 2, 11000000, 610, 39, 0, 0),
       (49534, 321, '231', 2, 5000000, 240, 39, 0, 0),
       (49535, 321, '232', 1, 5000000, 750, 39, 0, 0),
       (49536, 321, '233', 3, 13000000, 620, 39, 0, 0),
       (49537, 321, '234', 2, 13000000, 790, 39, 0, 0),
       (49538, 321, '235', 1, 5000000, 390, 40, 0, 0),
       (49539, 321, '236', 3, 4000000, 260, 40, 0, 0),
       (49540, 321, '237', 3, 3000000, 690, 40, 0, 0),
       (49541, 321, '238', 3, 14000000, 590, 40, 0, 0),
       (49542, 321, '239', 1, 15000000, 410, 40, 0, 0),
       (49543, 321, '240', 1, 6000000, 760, 40, 0, 0),
       (49544, 321, '241', 2, 6000000, 500, 41, 0, 0),
       (49545, 321, '242', 3, 4000000, 410, 41, 0, 0),
       (49546, 321, '243', 1, 14000000, 480, 41, 0, 0),
       (49547, 321, '244', 3, 10000000, 330, 41, 0, 0),
       (49548, 321, '245', 3, 12000000, 300, 41, 0, 0),
       (49549, 321, '246', 2, 6000000, 790, 41, 0, 0),
       (49550, 321, '247', 2, 11000000, 640, 42, 0, 0),
       (49551, 321, '248', 2, 11000000, 400, 42, 0, 0),
       (49552, 321, '249', 2, 3000000, 560, 42, 0, 0),
       (49553, 321, '250', 2, 6000000, 420, 42, 0, 0),
       (49554, 321, '251', 1, 4000000, 450, 42, 0, 0),
       (49555, 321, '252', 3, 15000000, 650, 42, 0, 0),
       (49556, 321, '253', 2, 13000000, 490, 43, 0, 0),
       (49557, 321, '254', 2, 5000000, 300, 43, 0, 0),
       (49558, 321, '255', 2, 9000000, 770, 43, 0, 0),
       (49559, 321, '256', 2, 5000000, 660, 43, 0, 0),
       (49560, 321, '257', 1, 9000000, 520, 43, 0, 0),
       (49561, 321, '258', 3, 14000000, 660, 43, 0, 0),
       (49562, 321, '259', 1, 4000000, 190, 44, 0, 0),
       (49563, 321, '260', 1, 15000000, 740, 44, 0, 0),
       (49564, 321, '261', 1, 4000000, 570, 44, 0, 0),
       (49565, 321, '262', 3, 11000000, 770, 44, 0, 0),
       (49566, 321, '263', 3, 9000000, 250, 44, 0, 0),
       (49567, 321, '264', 1, 3000000, 640, 44, 0, 0),
       (49568, 321, '265', 2, 13000000, 660, 45, 0, 0),
       (49569, 321, '266', 1, 7000000, 750, 45, 0, 0),
       (49570, 321, '267', 3, 9000000, 730, 45, 0, 0),
       (49571, 321, '268', 2, 4000000, 400, 45, 0, 0),
       (49572, 321, '269', 3, 8000000, 380, 45, 0, 0),
       (49573, 321, '270', 1, 13000000, 720, 45, 0, 0),
       (49574, 321, '271', 3, 14000000, 200, 46, 0, 0),
       (49575, 321, '272', 2, 5000000, 610, 46, 0, 0),
       (49576, 321, '273', 3, 15000000, 320, 46, 0, 0),
       (49577, 321, '274', 1, 7000000, 530, 46, 0, 0),
       (49578, 321, '275', 2, 15000000, 280, 46, 0, 0),
       (49579, 321, '276', 3, 12000000, 480, 46, 0, 0),
       (49580, 321, '277', 3, 3000000, 350, 47, 0, 0),
       (49581, 321, '278', 3, 11000000, 290, 47, 0, 0),
       (49582, 321, '279', 3, 5000000, 770, 47, 0, 0),
       (49583, 321, '280', 2, 13000000, 480, 47, 0, 0),
       (49584, 321, '281', 1, 13000000, 570, 47, 0, 0),
       (49585, 321, '282', 1, 3000000, 320, 47, 0, 0);
insert into real_estate_building (id, address, complex_id, floor_count, dev_id)
values (322, 'г. Москва, ул. Краснокаменская, д. 18', 16, 46, 16);
insert into real_estate_object (id, building_id ,local_address, places, price, area, floor, type, estate_type)
values (49586, 322, '1', 2, 12000000, 680, 1, 0, 0),
       (49587, 322, '2', 1, 13000000, 640, 1, 0, 0),
       (49588, 322, '3', 3, 6000000, 210, 1, 0, 0),
       (49589, 322, '4', 1, 6000000, 510, 1, 0, 0),
       (49590, 322, '5', 2, 15000000, 360, 1, 0, 0),
       (49591, 322, '6', 2, 5000000, 390, 1, 0, 0),
       (49592, 322, '7', 3, 11000000, 700, 2, 0, 0),
       (49593, 322, '8', 1, 12000000, 780, 2, 0, 0),
       (49594, 322, '9', 2, 12000000, 230, 2, 0, 0),
       (49595, 322, '10', 2, 8000000, 670, 2, 0, 0),
       (49596, 322, '11', 1, 11000000, 390, 2, 0, 0),
       (49597, 322, '12', 1, 3000000, 580, 2, 0, 0),
       (49598, 322, '13', 2, 8000000, 190, 3, 0, 0),
       (49599, 322, '14', 2, 13000000, 560, 3, 0, 0),
       (49600, 322, '15', 3, 13000000, 260, 3, 0, 0),
       (49601, 322, '16', 1, 13000000, 600, 3, 0, 0),
       (49602, 322, '17', 2, 14000000, 320, 3, 0, 0),
       (49603, 322, '18', 1, 9000000, 510, 3, 0, 0),
       (49604, 322, '19', 2, 8000000, 800, 4, 0, 0),
       (49605, 322, '20', 3, 15000000, 790, 4, 0, 0),
       (49606, 322, '21', 2, 9000000, 280, 4, 0, 0),
       (49607, 322, '22', 2, 14000000, 790, 4, 0, 0),
       (49608, 322, '23', 3, 7000000, 740, 4, 0, 0),
       (49609, 322, '24', 3, 11000000, 710, 4, 0, 0),
       (49610, 322, '25', 2, 12000000, 260, 5, 0, 0),
       (49611, 322, '26', 3, 4000000, 250, 5, 0, 0),
       (49612, 322, '27', 1, 14000000, 360, 5, 0, 0),
       (49613, 322, '28', 1, 3000000, 530, 5, 0, 0),
       (49614, 322, '29', 1, 10000000, 250, 5, 0, 0),
       (49615, 322, '30', 3, 7000000, 360, 5, 0, 0),
       (49616, 322, '31', 1, 3000000, 490, 6, 0, 0),
       (49617, 322, '32', 1, 7000000, 640, 6, 0, 0),
       (49618, 322, '33', 3, 3000000, 380, 6, 0, 0),
       (49619, 322, '34', 2, 11000000, 770, 6, 0, 0),
       (49620, 322, '35', 3, 13000000, 720, 6, 0, 0),
       (49621, 322, '36', 2, 7000000, 260, 6, 0, 0),
       (49622, 322, '37', 2, 15000000, 230, 7, 0, 0),
       (49623, 322, '38', 1, 8000000, 190, 7, 0, 0),
       (49624, 322, '39', 3, 13000000, 520, 7, 0, 0),
       (49625, 322, '40', 1, 3000000, 520, 7, 0, 0),
       (49626, 322, '41', 3, 15000000, 310, 7, 0, 0),
       (49627, 322, '42', 3, 15000000, 720, 7, 0, 0),
       (49628, 322, '43', 3, 11000000, 440, 8, 0, 0),
       (49629, 322, '44', 3, 9000000, 540, 8, 0, 0),
       (49630, 322, '45', 3, 12000000, 740, 8, 0, 0),
       (49631, 322, '46', 3, 7000000, 800, 8, 0, 0),
       (49632, 322, '47', 1, 12000000, 580, 8, 0, 0),
       (49633, 322, '48', 3, 4000000, 260, 8, 0, 0),
       (49634, 322, '49', 3, 6000000, 380, 9, 0, 0),
       (49635, 322, '50', 2, 3000000, 590, 9, 0, 0),
       (49636, 322, '51', 2, 4000000, 740, 9, 0, 0),
       (49637, 322, '52', 2, 8000000, 670, 9, 0, 0),
       (49638, 322, '53', 1, 7000000, 640, 9, 0, 0),
       (49639, 322, '54', 1, 12000000, 310, 9, 0, 0),
       (49640, 322, '55', 2, 5000000, 610, 10, 0, 0),
       (49641, 322, '56', 1, 5000000, 530, 10, 0, 0),
       (49642, 322, '57', 2, 12000000, 690, 10, 0, 0),
       (49643, 322, '58', 2, 14000000, 480, 10, 0, 0),
       (49644, 322, '59', 1, 8000000, 350, 10, 0, 0),
       (49645, 322, '60', 1, 9000000, 770, 10, 0, 0),
       (49646, 322, '61', 3, 13000000, 410, 11, 0, 0),
       (49647, 322, '62', 2, 8000000, 630, 11, 0, 0),
       (49648, 322, '63', 2, 13000000, 250, 11, 0, 0),
       (49649, 322, '64', 3, 11000000, 290, 11, 0, 0),
       (49650, 322, '65', 3, 12000000, 320, 11, 0, 0),
       (49651, 322, '66', 2, 5000000, 220, 11, 0, 0),
       (49652, 322, '67', 3, 10000000, 450, 12, 0, 0),
       (49653, 322, '68', 1, 13000000, 640, 12, 0, 0),
       (49654, 322, '69', 3, 10000000, 330, 12, 0, 0),
       (49655, 322, '70', 3, 13000000, 260, 12, 0, 0),
       (49656, 322, '71', 3, 15000000, 220, 12, 0, 0),
       (49657, 322, '72', 3, 12000000, 500, 12, 0, 0),
       (49658, 322, '73', 2, 6000000, 470, 13, 0, 0),
       (49659, 322, '74', 2, 5000000, 710, 13, 0, 0),
       (49660, 322, '75', 3, 12000000, 540, 13, 0, 0),
       (49661, 322, '76', 1, 8000000, 360, 13, 0, 0),
       (49662, 322, '77', 2, 9000000, 180, 13, 0, 0),
       (49663, 322, '78', 2, 6000000, 250, 13, 0, 0),
       (49664, 322, '79', 3, 8000000, 750, 14, 0, 0),
       (49665, 322, '80', 3, 15000000, 600, 14, 0, 0),
       (49666, 322, '81', 2, 8000000, 580, 14, 0, 0),
       (49667, 322, '82', 2, 15000000, 710, 14, 0, 0),
       (49668, 322, '83', 1, 11000000, 750, 14, 0, 0),
       (49669, 322, '84', 2, 6000000, 800, 14, 0, 0),
       (49670, 322, '85', 1, 6000000, 640, 15, 0, 0),
       (49671, 322, '86', 1, 9000000, 380, 15, 0, 0),
       (49672, 322, '87', 2, 5000000, 650, 15, 0, 0),
       (49673, 322, '88', 1, 9000000, 280, 15, 0, 0),
       (49674, 322, '89', 2, 3000000, 580, 15, 0, 0),
       (49675, 322, '90', 1, 3000000, 590, 15, 0, 0),
       (49676, 322, '91', 3, 3000000, 770, 16, 0, 0),
       (49677, 322, '92', 2, 15000000, 450, 16, 0, 0),
       (49678, 322, '93', 3, 13000000, 560, 16, 0, 0),
       (49679, 322, '94', 3, 6000000, 550, 16, 0, 0),
       (49680, 322, '95', 2, 7000000, 210, 16, 0, 0),
       (49681, 322, '96', 1, 9000000, 390, 16, 0, 0),
       (49682, 322, '97', 1, 11000000, 390, 17, 0, 0),
       (49683, 322, '98', 2, 12000000, 690, 17, 0, 0),
       (49684, 322, '99', 3, 13000000, 580, 17, 0, 0),
       (49685, 322, '100', 3, 9000000, 440, 17, 0, 0),
       (49686, 322, '101', 1, 4000000, 220, 17, 0, 0),
       (49687, 322, '102', 3, 4000000, 750, 17, 0, 0),
       (49688, 322, '103', 2, 10000000, 400, 18, 0, 0),
       (49689, 322, '104', 2, 15000000, 310, 18, 0, 0),
       (49690, 322, '105', 1, 10000000, 200, 18, 0, 0),
       (49691, 322, '106', 2, 10000000, 550, 18, 0, 0),
       (49692, 322, '107', 2, 11000000, 620, 18, 0, 0),
       (49693, 322, '108', 2, 10000000, 380, 18, 0, 0),
       (49694, 322, '109', 2, 15000000, 740, 19, 0, 0),
       (49695, 322, '110', 3, 13000000, 350, 19, 0, 0),
       (49696, 322, '111', 1, 15000000, 800, 19, 0, 0),
       (49697, 322, '112', 2, 15000000, 490, 19, 0, 0),
       (49698, 322, '113', 2, 5000000, 490, 19, 0, 0),
       (49699, 322, '114', 2, 9000000, 380, 19, 0, 0),
       (49700, 322, '115', 1, 6000000, 750, 20, 0, 0),
       (49701, 322, '116', 3, 4000000, 430, 20, 0, 0),
       (49702, 322, '117', 3, 13000000, 460, 20, 0, 0),
       (49703, 322, '118', 2, 4000000, 550, 20, 0, 0),
       (49704, 322, '119', 3, 12000000, 690, 20, 0, 0),
       (49705, 322, '120', 3, 15000000, 590, 20, 0, 0),
       (49706, 322, '121', 2, 13000000, 580, 21, 0, 0),
       (49707, 322, '122', 2, 12000000, 230, 21, 0, 0),
       (49708, 322, '123', 3, 14000000, 290, 21, 0, 0),
       (49709, 322, '124', 3, 8000000, 440, 21, 0, 0),
       (49710, 322, '125', 1, 13000000, 440, 21, 0, 0),
       (49711, 322, '126', 3, 11000000, 430, 21, 0, 0),
       (49712, 322, '127', 1, 3000000, 220, 22, 0, 0),
       (49713, 322, '128', 3, 5000000, 340, 22, 0, 0),
       (49714, 322, '129', 2, 3000000, 630, 22, 0, 0),
       (49715, 322, '130', 3, 10000000, 540, 22, 0, 0),
       (49716, 322, '131', 1, 14000000, 800, 22, 0, 0),
       (49717, 322, '132', 1, 7000000, 430, 22, 0, 0),
       (49718, 322, '133', 2, 7000000, 500, 23, 0, 0),
       (49719, 322, '134', 1, 9000000, 680, 23, 0, 0),
       (49720, 322, '135', 1, 14000000, 800, 23, 0, 0),
       (49721, 322, '136', 1, 10000000, 200, 23, 0, 0),
       (49722, 322, '137', 2, 7000000, 690, 23, 0, 0),
       (49723, 322, '138', 1, 15000000, 320, 23, 0, 0),
       (49724, 322, '139', 3, 9000000, 670, 24, 0, 0),
       (49725, 322, '140', 1, 7000000, 480, 24, 0, 0),
       (49726, 322, '141', 2, 7000000, 480, 24, 0, 0),
       (49727, 322, '142', 2, 12000000, 560, 24, 0, 0),
       (49728, 322, '143', 2, 13000000, 460, 24, 0, 0),
       (49729, 322, '144', 2, 10000000, 480, 24, 0, 0),
       (49730, 322, '145', 1, 9000000, 750, 25, 0, 0),
       (49731, 322, '146', 3, 6000000, 180, 25, 0, 0),
       (49732, 322, '147', 1, 11000000, 460, 25, 0, 0),
       (49733, 322, '148', 2, 6000000, 730, 25, 0, 0),
       (49734, 322, '149', 1, 15000000, 220, 25, 0, 0),
       (49735, 322, '150', 1, 5000000, 360, 25, 0, 0),
       (49736, 322, '151', 3, 14000000, 570, 26, 0, 0),
       (49737, 322, '152', 3, 8000000, 430, 26, 0, 0),
       (49738, 322, '153', 2, 14000000, 230, 26, 0, 0),
       (49739, 322, '154', 2, 8000000, 640, 26, 0, 0),
       (49740, 322, '155', 3, 14000000, 460, 26, 0, 0),
       (49741, 322, '156', 1, 12000000, 550, 26, 0, 0),
       (49742, 322, '157', 2, 7000000, 340, 27, 0, 0),
       (49743, 322, '158', 3, 3000000, 560, 27, 0, 0),
       (49744, 322, '159', 1, 7000000, 620, 27, 0, 0),
       (49745, 322, '160', 1, 9000000, 470, 27, 0, 0),
       (49746, 322, '161', 3, 11000000, 740, 27, 0, 0),
       (49747, 322, '162', 2, 13000000, 250, 27, 0, 0),
       (49748, 322, '163', 3, 14000000, 740, 28, 0, 0),
       (49749, 322, '164', 3, 4000000, 640, 28, 0, 0),
       (49750, 322, '165', 3, 11000000, 430, 28, 0, 0),
       (49751, 322, '166', 2, 7000000, 320, 28, 0, 0),
       (49752, 322, '167', 2, 7000000, 710, 28, 0, 0),
       (49753, 322, '168', 3, 13000000, 600, 28, 0, 0),
       (49754, 322, '169', 2, 9000000, 650, 29, 0, 0),
       (49755, 322, '170', 2, 7000000, 720, 29, 0, 0),
       (49756, 322, '171', 2, 15000000, 200, 29, 0, 0),
       (49757, 322, '172', 1, 9000000, 290, 29, 0, 0),
       (49758, 322, '173', 3, 14000000, 430, 29, 0, 0),
       (49759, 322, '174', 1, 3000000, 490, 29, 0, 0),
       (49760, 322, '175', 2, 6000000, 230, 30, 0, 0),
       (49761, 322, '176', 2, 15000000, 560, 30, 0, 0),
       (49762, 322, '177', 2, 3000000, 380, 30, 0, 0),
       (49763, 322, '178', 1, 10000000, 340, 30, 0, 0),
       (49764, 322, '179', 3, 14000000, 300, 30, 0, 0),
       (49765, 322, '180', 1, 12000000, 620, 30, 0, 0),
       (49766, 322, '181', 2, 8000000, 440, 31, 0, 0),
       (49767, 322, '182', 1, 3000000, 680, 31, 0, 0),
       (49768, 322, '183', 2, 14000000, 320, 31, 0, 0),
       (49769, 322, '184', 1, 6000000, 430, 31, 0, 0),
       (49770, 322, '185', 1, 6000000, 750, 31, 0, 0),
       (49771, 322, '186', 3, 12000000, 760, 31, 0, 0),
       (49772, 322, '187', 3, 5000000, 370, 32, 0, 0),
       (49773, 322, '188', 1, 11000000, 770, 32, 0, 0),
       (49774, 322, '189', 2, 13000000, 570, 32, 0, 0),
       (49775, 322, '190', 3, 14000000, 650, 32, 0, 0),
       (49776, 322, '191', 3, 9000000, 560, 32, 0, 0),
       (49777, 322, '192', 2, 6000000, 740, 32, 0, 0),
       (49778, 322, '193', 1, 10000000, 350, 33, 0, 0),
       (49779, 322, '194', 2, 10000000, 760, 33, 0, 0),
       (49780, 322, '195', 1, 14000000, 720, 33, 0, 0),
       (49781, 322, '196', 1, 12000000, 670, 33, 0, 0),
       (49782, 322, '197', 1, 15000000, 350, 33, 0, 0),
       (49783, 322, '198', 2, 11000000, 430, 33, 0, 0),
       (49784, 322, '199', 1, 9000000, 240, 34, 0, 0),
       (49785, 322, '200', 2, 9000000, 710, 34, 0, 0),
       (49786, 322, '201', 1, 7000000, 550, 34, 0, 0),
       (49787, 322, '202', 1, 15000000, 410, 34, 0, 0),
       (49788, 322, '203', 3, 13000000, 660, 34, 0, 0),
       (49789, 322, '204', 1, 8000000, 640, 34, 0, 0),
       (49790, 322, '205', 2, 7000000, 360, 35, 0, 0),
       (49791, 322, '206', 2, 5000000, 570, 35, 0, 0),
       (49792, 322, '207', 3, 15000000, 180, 35, 0, 0),
       (49793, 322, '208', 2, 10000000, 730, 35, 0, 0),
       (49794, 322, '209', 2, 11000000, 380, 35, 0, 0),
       (49795, 322, '210', 3, 12000000, 690, 35, 0, 0),
       (49796, 322, '211', 1, 5000000, 740, 36, 0, 0),
       (49797, 322, '212', 2, 5000000, 620, 36, 0, 0),
       (49798, 322, '213', 2, 4000000, 500, 36, 0, 0),
       (49799, 322, '214', 1, 3000000, 220, 36, 0, 0),
       (49800, 322, '215', 3, 9000000, 470, 36, 0, 0),
       (49801, 322, '216', 1, 14000000, 260, 36, 0, 0),
       (49802, 322, '217', 1, 4000000, 400, 37, 0, 0),
       (49803, 322, '218', 1, 5000000, 690, 37, 0, 0),
       (49804, 322, '219', 3, 6000000, 760, 37, 0, 0),
       (49805, 322, '220', 1, 7000000, 420, 37, 0, 0),
       (49806, 322, '221', 1, 9000000, 680, 37, 0, 0),
       (49807, 322, '222', 2, 13000000, 690, 37, 0, 0),
       (49808, 322, '223', 1, 13000000, 230, 38, 0, 0),
       (49809, 322, '224', 2, 3000000, 470, 38, 0, 0),
       (49810, 322, '225', 2, 12000000, 180, 38, 0, 0),
       (49811, 322, '226', 3, 5000000, 620, 38, 0, 0),
       (49812, 322, '227', 2, 12000000, 790, 38, 0, 0),
       (49813, 322, '228', 2, 9000000, 700, 38, 0, 0),
       (49814, 322, '229', 2, 7000000, 770, 39, 0, 0),
       (49815, 322, '230', 3, 10000000, 660, 39, 0, 0),
       (49816, 322, '231', 1, 13000000, 440, 39, 0, 0),
       (49817, 322, '232', 2, 4000000, 640, 39, 0, 0),
       (49818, 322, '233', 3, 9000000, 200, 39, 0, 0),
       (49819, 322, '234', 3, 5000000, 800, 39, 0, 0),
       (49820, 322, '235', 1, 4000000, 230, 40, 0, 0),
       (49821, 322, '236', 3, 7000000, 280, 40, 0, 0),
       (49822, 322, '237', 3, 11000000, 630, 40, 0, 0),
       (49823, 322, '238', 1, 13000000, 690, 40, 0, 0),
       (49824, 322, '239', 3, 11000000, 180, 40, 0, 0),
       (49825, 322, '240', 1, 10000000, 310, 40, 0, 0),
       (49826, 322, '241', 1, 13000000, 510, 41, 0, 0),
       (49827, 322, '242', 3, 7000000, 770, 41, 0, 0),
       (49828, 322, '243', 1, 11000000, 240, 41, 0, 0),
       (49829, 322, '244', 3, 6000000, 290, 41, 0, 0),
       (49830, 322, '245', 1, 9000000, 470, 41, 0, 0),
       (49831, 322, '246', 3, 6000000, 410, 41, 0, 0),
       (49832, 322, '247', 1, 14000000, 680, 42, 0, 0),
       (49833, 322, '248', 2, 11000000, 730, 42, 0, 0),
       (49834, 322, '249', 2, 13000000, 610, 42, 0, 0),
       (49835, 322, '250', 3, 10000000, 430, 42, 0, 0),
       (49836, 322, '251', 1, 6000000, 410, 42, 0, 0),
       (49837, 322, '252', 2, 9000000, 270, 42, 0, 0),
       (49838, 322, '253', 1, 8000000, 250, 43, 0, 0),
       (49839, 322, '254', 3, 14000000, 180, 43, 0, 0),
       (49840, 322, '255', 3, 5000000, 330, 43, 0, 0),
       (49841, 322, '256', 3, 6000000, 410, 43, 0, 0),
       (49842, 322, '257', 2, 15000000, 610, 43, 0, 0),
       (49843, 322, '258', 2, 11000000, 430, 43, 0, 0),
       (49844, 322, '259', 3, 15000000, 230, 44, 0, 0),
       (49845, 322, '260', 1, 4000000, 800, 44, 0, 0),
       (49846, 322, '261', 1, 10000000, 190, 44, 0, 0),
       (49847, 322, '262', 1, 9000000, 320, 44, 0, 0),
       (49848, 322, '263', 3, 7000000, 430, 44, 0, 0),
       (49849, 322, '264', 3, 12000000, 740, 44, 0, 0),
       (49850, 322, '265', 2, 7000000, 380, 45, 0, 0),
       (49851, 322, '266', 1, 3000000, 590, 45, 0, 0),
       (49852, 322, '267', 3, 12000000, 720, 45, 0, 0),
       (49853, 322, '268', 1, 7000000, 650, 45, 0, 0),
       (49854, 322, '269', 3, 8000000, 630, 45, 0, 0),
       (49855, 322, '270', 1, 11000000, 490, 45, 0, 0),
       (49856, 322, '271', 1, 4000000, 590, 46, 0, 0),
       (49857, 322, '272', 2, 9000000, 500, 46, 0, 0),
       (49858, 322, '273', 1, 11000000, 250, 46, 0, 0),
       (49859, 322, '274', 1, 4000000, 720, 46, 0, 0),
       (49860, 322, '275', 3, 10000000, 500, 46, 0, 0),
       (49861, 322, '276', 3, 15000000, 700, 46, 0, 0);
insert into real_estate_building (id, address, complex_id, floor_count, dev_id)
values (323, 'г. Москва, ул. Краснокаменская, д. 19', 16, 40, 16);
insert into real_estate_object (id, building_id ,local_address, places, price, area, floor, type, estate_type)
values (49862, 323, '1', 2, 15000000, 340, 1, 0, 0),
       (49863, 323, '2', 1, 12000000, 440, 1, 0, 0),
       (49864, 323, '3', 2, 13000000, 460, 1, 0, 0),
       (49865, 323, '4', 2, 6000000, 470, 1, 0, 0),
       (49866, 323, '5', 2, 9000000, 260, 1, 0, 0),
       (49867, 323, '6', 1, 11000000, 680, 1, 0, 0),
       (49868, 323, '7', 1, 8000000, 730, 2, 0, 0),
       (49869, 323, '8', 3, 12000000, 580, 2, 0, 0),
       (49870, 323, '9', 2, 11000000, 790, 2, 0, 0),
       (49871, 323, '10', 3, 9000000, 290, 2, 0, 0),
       (49872, 323, '11', 2, 4000000, 660, 2, 0, 0),
       (49873, 323, '12', 3, 14000000, 510, 2, 0, 0),
       (49874, 323, '13', 3, 3000000, 540, 3, 0, 0),
       (49875, 323, '14', 2, 12000000, 610, 3, 0, 0),
       (49876, 323, '15', 1, 15000000, 560, 3, 0, 0),
       (49877, 323, '16', 2, 15000000, 490, 3, 0, 0),
       (49878, 323, '17', 2, 6000000, 180, 3, 0, 0),
       (49879, 323, '18', 1, 13000000, 780, 3, 0, 0),
       (49880, 323, '19', 3, 4000000, 510, 4, 0, 0),
       (49881, 323, '20', 1, 9000000, 730, 4, 0, 0),
       (49882, 323, '21', 1, 5000000, 710, 4, 0, 0),
       (49883, 323, '22', 2, 11000000, 660, 4, 0, 0),
       (49884, 323, '23', 3, 11000000, 370, 4, 0, 0),
       (49885, 323, '24', 3, 9000000, 380, 4, 0, 0),
       (49886, 323, '25', 2, 12000000, 450, 5, 0, 0),
       (49887, 323, '26', 3, 10000000, 590, 5, 0, 0),
       (49888, 323, '27', 3, 11000000, 430, 5, 0, 0),
       (49889, 323, '28', 1, 12000000, 330, 5, 0, 0),
       (49890, 323, '29', 1, 6000000, 770, 5, 0, 0),
       (49891, 323, '30', 3, 15000000, 440, 5, 0, 0),
       (49892, 323, '31', 3, 9000000, 180, 6, 0, 0),
       (49893, 323, '32', 1, 4000000, 660, 6, 0, 0),
       (49894, 323, '33', 2, 8000000, 780, 6, 0, 0),
       (49895, 323, '34', 1, 12000000, 360, 6, 0, 0),
       (49896, 323, '35', 3, 4000000, 650, 6, 0, 0),
       (49897, 323, '36', 3, 14000000, 210, 6, 0, 0),
       (49898, 323, '37', 2, 10000000, 450, 7, 0, 0),
       (49899, 323, '38', 2, 13000000, 300, 7, 0, 0),
       (49900, 323, '39', 3, 9000000, 750, 7, 0, 0),
       (49901, 323, '40', 2, 11000000, 410, 7, 0, 0),
       (49902, 323, '41', 2, 14000000, 200, 7, 0, 0),
       (49903, 323, '42', 2, 8000000, 400, 7, 0, 0),
       (49904, 323, '43', 1, 12000000, 760, 8, 0, 0),
       (49905, 323, '44', 1, 12000000, 700, 8, 0, 0),
       (49906, 323, '45', 2, 12000000, 730, 8, 0, 0),
       (49907, 323, '46', 3, 13000000, 310, 8, 0, 0),
       (49908, 323, '47', 2, 5000000, 740, 8, 0, 0),
       (49909, 323, '48', 3, 14000000, 510, 8, 0, 0),
       (49910, 323, '49', 2, 15000000, 270, 9, 0, 0),
       (49911, 323, '50', 1, 4000000, 530, 9, 0, 0),
       (49912, 323, '51', 2, 7000000, 310, 9, 0, 0),
       (49913, 323, '52', 1, 14000000, 790, 9, 0, 0),
       (49914, 323, '53', 1, 8000000, 300, 9, 0, 0),
       (49915, 323, '54', 2, 8000000, 780, 9, 0, 0),
       (49916, 323, '55', 3, 7000000, 540, 10, 0, 0),
       (49917, 323, '56', 2, 14000000, 320, 10, 0, 0),
       (49918, 323, '57', 2, 11000000, 790, 10, 0, 0),
       (49919, 323, '58', 1, 5000000, 260, 10, 0, 0),
       (49920, 323, '59', 2, 14000000, 550, 10, 0, 0),
       (49921, 323, '60', 1, 10000000, 200, 10, 0, 0),
       (49922, 323, '61', 1, 12000000, 620, 11, 0, 0),
       (49923, 323, '62', 1, 6000000, 190, 11, 0, 0),
       (49924, 323, '63', 3, 6000000, 510, 11, 0, 0),
       (49925, 323, '64', 2, 14000000, 650, 11, 0, 0),
       (49926, 323, '65', 2, 12000000, 730, 11, 0, 0),
       (49927, 323, '66', 1, 9000000, 790, 11, 0, 0),
       (49928, 323, '67', 2, 8000000, 410, 12, 0, 0),
       (49929, 323, '68', 3, 7000000, 220, 12, 0, 0),
       (49930, 323, '69', 1, 15000000, 760, 12, 0, 0),
       (49931, 323, '70', 2, 7000000, 720, 12, 0, 0),
       (49932, 323, '71', 2, 15000000, 230, 12, 0, 0),
       (49933, 323, '72', 1, 3000000, 440, 12, 0, 0),
       (49934, 323, '73', 1, 15000000, 780, 13, 0, 0),
       (49935, 323, '74', 1, 3000000, 460, 13, 0, 0),
       (49936, 323, '75', 3, 13000000, 660, 13, 0, 0),
       (49937, 323, '76', 3, 5000000, 320, 13, 0, 0),
       (49938, 323, '77', 2, 8000000, 750, 13, 0, 0),
       (49939, 323, '78', 2, 15000000, 600, 13, 0, 0),
       (49940, 323, '79', 1, 14000000, 350, 14, 0, 0),
       (49941, 323, '80', 2, 4000000, 380, 14, 0, 0),
       (49942, 323, '81', 1, 12000000, 280, 14, 0, 0),
       (49943, 323, '82', 1, 15000000, 510, 14, 0, 0),
       (49944, 323, '83', 3, 11000000, 230, 14, 0, 0),
       (49945, 323, '84', 2, 6000000, 310, 14, 0, 0),
       (49946, 323, '85', 2, 15000000, 760, 15, 0, 0),
       (49947, 323, '86', 2, 6000000, 760, 15, 0, 0),
       (49948, 323, '87', 2, 13000000, 740, 15, 0, 0),
       (49949, 323, '88', 2, 14000000, 650, 15, 0, 0),
       (49950, 323, '89', 1, 10000000, 610, 15, 0, 0),
       (49951, 323, '90', 2, 8000000, 590, 15, 0, 0),
       (49952, 323, '91', 3, 10000000, 390, 16, 0, 0),
       (49953, 323, '92', 2, 5000000, 630, 16, 0, 0),
       (49954, 323, '93', 2, 12000000, 440, 16, 0, 0),
       (49955, 323, '94', 2, 5000000, 740, 16, 0, 0),
       (49956, 323, '95', 3, 13000000, 730, 16, 0, 0),
       (49957, 323, '96', 3, 8000000, 760, 16, 0, 0),
       (49958, 323, '97', 3, 13000000, 320, 17, 0, 0),
       (49959, 323, '98', 2, 12000000, 640, 17, 0, 0),
       (49960, 323, '99', 2, 10000000, 210, 17, 0, 0),
       (49961, 323, '100', 2, 11000000, 750, 17, 0, 0),
       (49962, 323, '101', 1, 7000000, 530, 17, 0, 0),
       (49963, 323, '102', 3, 14000000, 600, 17, 0, 0),
       (49964, 323, '103', 1, 15000000, 310, 18, 0, 0),
       (49965, 323, '104', 3, 13000000, 790, 18, 0, 0),
       (49966, 323, '105', 2, 6000000, 180, 18, 0, 0),
       (49967, 323, '106', 2, 3000000, 760, 18, 0, 0),
       (49968, 323, '107', 1, 4000000, 220, 18, 0, 0),
       (49969, 323, '108', 2, 8000000, 290, 18, 0, 0),
       (49970, 323, '109', 2, 9000000, 270, 19, 0, 0),
       (49971, 323, '110', 2, 13000000, 650, 19, 0, 0),
       (49972, 323, '111', 1, 15000000, 380, 19, 0, 0),
       (49973, 323, '112', 2, 11000000, 390, 19, 0, 0),
       (49974, 323, '113', 3, 9000000, 390, 19, 0, 0),
       (49975, 323, '114', 1, 12000000, 240, 19, 0, 0),
       (49976, 323, '115', 2, 14000000, 300, 20, 0, 0),
       (49977, 323, '116', 2, 11000000, 360, 20, 0, 0),
       (49978, 323, '117', 2, 5000000, 520, 20, 0, 0),
       (49979, 323, '118', 1, 7000000, 800, 20, 0, 0),
       (49980, 323, '119', 3, 8000000, 310, 20, 0, 0),
       (49981, 323, '120', 3, 5000000, 180, 20, 0, 0),
       (49982, 323, '121', 2, 12000000, 800, 21, 0, 0),
       (49983, 323, '122', 2, 14000000, 650, 21, 0, 0),
       (49984, 323, '123', 2, 10000000, 400, 21, 0, 0),
       (49985, 323, '124', 2, 7000000, 510, 21, 0, 0),
       (49986, 323, '125', 3, 15000000, 750, 21, 0, 0),
       (49987, 323, '126', 1, 12000000, 270, 21, 0, 0),
       (49988, 323, '127', 2, 13000000, 250, 22, 0, 0),
       (49989, 323, '128', 1, 6000000, 600, 22, 0, 0),
       (49990, 323, '129', 2, 10000000, 430, 22, 0, 0),
       (49991, 323, '130', 3, 10000000, 280, 22, 0, 0),
       (49992, 323, '131', 3, 5000000, 760, 22, 0, 0),
       (49993, 323, '132', 3, 4000000, 660, 22, 0, 0),
       (49994, 323, '133', 2, 14000000, 370, 23, 0, 0),
       (49995, 323, '134', 3, 13000000, 610, 23, 0, 0),
       (49996, 323, '135', 3, 3000000, 460, 23, 0, 0),
       (49997, 323, '136', 3, 7000000, 450, 23, 0, 0),
       (49998, 323, '137', 3, 10000000, 520, 23, 0, 0),
       (49999, 323, '138', 1, 13000000, 400, 23, 0, 0),
       (50000, 323, '139', 2, 10000000, 420, 24, 0, 0),
       (50001, 323, '140', 1, 5000000, 440, 24, 0, 0),
       (50002, 323, '141', 3, 15000000, 800, 24, 0, 0),
       (50003, 323, '142', 1, 8000000, 240, 24, 0, 0),
       (50004, 323, '143', 1, 4000000, 460, 24, 0, 0),
       (50005, 323, '144', 1, 13000000, 620, 24, 0, 0),
       (50006, 323, '145', 2, 11000000, 340, 25, 0, 0),
       (50007, 323, '146', 3, 7000000, 710, 25, 0, 0),
       (50008, 323, '147', 3, 5000000, 320, 25, 0, 0),
       (50009, 323, '148', 2, 8000000, 710, 25, 0, 0),
       (50010, 323, '149', 3, 10000000, 420, 25, 0, 0),
       (50011, 323, '150', 1, 5000000, 480, 25, 0, 0),
       (50012, 323, '151', 3, 4000000, 680, 26, 0, 0),
       (50013, 323, '152', 3, 11000000, 240, 26, 0, 0),
       (50014, 323, '153', 2, 13000000, 450, 26, 0, 0),
       (50015, 323, '154', 2, 13000000, 410, 26, 0, 0),
       (50016, 323, '155', 2, 10000000, 180, 26, 0, 0),
       (50017, 323, '156', 1, 7000000, 520, 26, 0, 0),
       (50018, 323, '157', 2, 11000000, 620, 27, 0, 0),
       (50019, 323, '158', 1, 9000000, 380, 27, 0, 0),
       (50020, 323, '159', 3, 6000000, 540, 27, 0, 0),
       (50021, 323, '160', 2, 3000000, 490, 27, 0, 0),
       (50022, 323, '161', 2, 15000000, 420, 27, 0, 0),
       (50023, 323, '162', 3, 6000000, 710, 27, 0, 0),
       (50024, 323, '163', 3, 6000000, 280, 28, 0, 0),
       (50025, 323, '164', 1, 4000000, 240, 28, 0, 0),
       (50026, 323, '165', 3, 4000000, 590, 28, 0, 0),
       (50027, 323, '166', 1, 6000000, 510, 28, 0, 0),
       (50028, 323, '167', 2, 5000000, 450, 28, 0, 0),
       (50029, 323, '168', 3, 15000000, 400, 28, 0, 0),
       (50030, 323, '169', 3, 9000000, 270, 29, 0, 0),
       (50031, 323, '170', 3, 3000000, 560, 29, 0, 0),
       (50032, 323, '171', 3, 5000000, 540, 29, 0, 0),
       (50033, 323, '172', 3, 5000000, 750, 29, 0, 0),
       (50034, 323, '173', 1, 8000000, 220, 29, 0, 0),
       (50035, 323, '174', 1, 9000000, 600, 29, 0, 0),
       (50036, 323, '175', 1, 10000000, 750, 30, 0, 0),
       (50037, 323, '176', 2, 5000000, 400, 30, 0, 0),
       (50038, 323, '177', 3, 14000000, 430, 30, 0, 0),
       (50039, 323, '178', 2, 15000000, 790, 30, 0, 0),
       (50040, 323, '179', 3, 6000000, 740, 30, 0, 0),
       (50041, 323, '180', 3, 3000000, 560, 30, 0, 0),
       (50042, 323, '181', 2, 9000000, 340, 31, 0, 0),
       (50043, 323, '182', 2, 13000000, 740, 31, 0, 0),
       (50044, 323, '183', 1, 14000000, 520, 31, 0, 0),
       (50045, 323, '184', 1, 13000000, 190, 31, 0, 0),
       (50046, 323, '185', 2, 3000000, 690, 31, 0, 0),
       (50047, 323, '186', 1, 5000000, 660, 31, 0, 0),
       (50048, 323, '187', 3, 7000000, 770, 32, 0, 0),
       (50049, 323, '188', 3, 11000000, 700, 32, 0, 0),
       (50050, 323, '189', 2, 11000000, 270, 32, 0, 0),
       (50051, 323, '190', 2, 7000000, 330, 32, 0, 0),
       (50052, 323, '191', 2, 7000000, 640, 32, 0, 0),
       (50053, 323, '192', 2, 12000000, 680, 32, 0, 0),
       (50054, 323, '193', 2, 7000000, 760, 33, 0, 0),
       (50055, 323, '194', 1, 3000000, 580, 33, 0, 0),
       (50056, 323, '195', 1, 9000000, 690, 33, 0, 0),
       (50057, 323, '196', 3, 7000000, 220, 33, 0, 0),
       (50058, 323, '197', 3, 13000000, 290, 33, 0, 0),
       (50059, 323, '198', 3, 12000000, 530, 33, 0, 0),
       (50060, 323, '199', 2, 5000000, 200, 34, 0, 0),
       (50061, 323, '200', 3, 7000000, 430, 34, 0, 0),
       (50062, 323, '201', 3, 8000000, 560, 34, 0, 0),
       (50063, 323, '202', 3, 10000000, 790, 34, 0, 0),
       (50064, 323, '203', 1, 5000000, 590, 34, 0, 0),
       (50065, 323, '204', 1, 7000000, 330, 34, 0, 0),
       (50066, 323, '205', 1, 12000000, 650, 35, 0, 0),
       (50067, 323, '206', 2, 12000000, 690, 35, 0, 0),
       (50068, 323, '207', 2, 6000000, 180, 35, 0, 0),
       (50069, 323, '208', 2, 15000000, 620, 35, 0, 0),
       (50070, 323, '209', 2, 14000000, 540, 35, 0, 0),
       (50071, 323, '210', 2, 3000000, 710, 35, 0, 0),
       (50072, 323, '211', 1, 14000000, 670, 36, 0, 0),
       (50073, 323, '212', 2, 6000000, 710, 36, 0, 0),
       (50074, 323, '213', 1, 13000000, 540, 36, 0, 0),
       (50075, 323, '214', 1, 15000000, 440, 36, 0, 0),
       (50076, 323, '215', 3, 11000000, 320, 36, 0, 0),
       (50077, 323, '216', 2, 3000000, 530, 36, 0, 0),
       (50078, 323, '217', 2, 12000000, 380, 37, 0, 0),
       (50079, 323, '218', 3, 11000000, 410, 37, 0, 0),
       (50080, 323, '219', 3, 7000000, 610, 37, 0, 0),
       (50081, 323, '220', 1, 13000000, 190, 37, 0, 0),
       (50082, 323, '221', 2, 14000000, 470, 37, 0, 0),
       (50083, 323, '222', 3, 9000000, 300, 37, 0, 0),
       (50084, 323, '223', 1, 15000000, 750, 38, 0, 0),
       (50085, 323, '224', 3, 5000000, 450, 38, 0, 0),
       (50086, 323, '225', 1, 6000000, 780, 38, 0, 0),
       (50087, 323, '226', 2, 9000000, 780, 38, 0, 0),
       (50088, 323, '227', 2, 5000000, 450, 38, 0, 0),
       (50089, 323, '228', 2, 15000000, 230, 38, 0, 0),
       (50090, 323, '229', 3, 11000000, 420, 39, 0, 0),
       (50091, 323, '230', 2, 9000000, 310, 39, 0, 0),
       (50092, 323, '231', 3, 14000000, 570, 39, 0, 0),
       (50093, 323, '232', 2, 15000000, 800, 39, 0, 0),
       (50094, 323, '233', 3, 10000000, 440, 39, 0, 0),
       (50095, 323, '234', 1, 7000000, 440, 39, 0, 0),
       (50096, 323, '235', 2, 4000000, 360, 40, 0, 0),
       (50097, 323, '236', 3, 11000000, 520, 40, 0, 0),
       (50098, 323, '237', 2, 9000000, 720, 40, 0, 0),
       (50099, 323, '238', 1, 3000000, 330, 40, 0, 0),
       (50100, 323, '239', 3, 7000000, 180, 40, 0, 0),
       (50101, 323, '240', 1, 11000000, 680, 40, 0, 0);
insert into real_estate_building (id, address, complex_id, floor_count, dev_id)
values (324, 'г. Москва, ул. Краснокаменская, д. 20', 16, 41, 16);
insert into real_estate_object (id, building_id ,local_address, places, price, area, floor, type, estate_type)
values (50102, 324, '1', 2, 14000000, 800, 1, 0, 0),
       (50103, 324, '2', 1, 12000000, 210, 1, 0, 0),
       (50104, 324, '3', 1, 8000000, 200, 1, 0, 0),
       (50105, 324, '4', 2, 15000000, 410, 1, 0, 0),
       (50106, 324, '5', 1, 7000000, 340, 1, 0, 0),
       (50107, 324, '6', 1, 15000000, 510, 1, 0, 0),
       (50108, 324, '7', 3, 15000000, 690, 2, 0, 0),
       (50109, 324, '8', 3, 13000000, 480, 2, 0, 0),
       (50110, 324, '9', 2, 10000000, 520, 2, 0, 0),
       (50111, 324, '10', 3, 6000000, 610, 2, 0, 0),
       (50112, 324, '11', 2, 3000000, 460, 2, 0, 0),
       (50113, 324, '12', 1, 11000000, 220, 2, 0, 0),
       (50114, 324, '13', 3, 6000000, 370, 3, 0, 0),
       (50115, 324, '14', 1, 11000000, 780, 3, 0, 0),
       (50116, 324, '15', 3, 10000000, 370, 3, 0, 0),
       (50117, 324, '16', 2, 11000000, 570, 3, 0, 0),
       (50118, 324, '17', 1, 5000000, 420, 3, 0, 0),
       (50119, 324, '18', 2, 11000000, 530, 3, 0, 0),
       (50120, 324, '19', 1, 6000000, 500, 4, 0, 0),
       (50121, 324, '20', 3, 3000000, 340, 4, 0, 0),
       (50122, 324, '21', 1, 10000000, 500, 4, 0, 0),
       (50123, 324, '22', 3, 3000000, 750, 4, 0, 0),
       (50124, 324, '23', 1, 10000000, 340, 4, 0, 0),
       (50125, 324, '24', 2, 5000000, 480, 4, 0, 0),
       (50126, 324, '25', 3, 3000000, 530, 5, 0, 0),
       (50127, 324, '26', 3, 3000000, 770, 5, 0, 0),
       (50128, 324, '27', 3, 12000000, 380, 5, 0, 0),
       (50129, 324, '28', 1, 15000000, 580, 5, 0, 0),
       (50130, 324, '29', 1, 13000000, 250, 5, 0, 0),
       (50131, 324, '30', 3, 3000000, 350, 5, 0, 0),
       (50132, 324, '31', 2, 4000000, 470, 6, 0, 0),
       (50133, 324, '32', 2, 15000000, 470, 6, 0, 0),
       (50134, 324, '33', 1, 14000000, 370, 6, 0, 0),
       (50135, 324, '34', 1, 8000000, 740, 6, 0, 0),
       (50136, 324, '35', 1, 7000000, 580, 6, 0, 0),
       (50137, 324, '36', 1, 4000000, 230, 6, 0, 0),
       (50138, 324, '37', 1, 4000000, 790, 7, 0, 0),
       (50139, 324, '38', 2, 8000000, 310, 7, 0, 0),
       (50140, 324, '39', 3, 15000000, 540, 7, 0, 0),
       (50141, 324, '40', 3, 14000000, 480, 7, 0, 0),
       (50142, 324, '41', 1, 11000000, 660, 7, 0, 0),
       (50143, 324, '42', 1, 15000000, 390, 7, 0, 0),
       (50144, 324, '43', 2, 5000000, 500, 8, 0, 0),
       (50145, 324, '44', 1, 12000000, 510, 8, 0, 0),
       (50146, 324, '45', 1, 11000000, 190, 8, 0, 0),
       (50147, 324, '46', 1, 13000000, 430, 8, 0, 0),
       (50148, 324, '47', 1, 4000000, 310, 8, 0, 0),
       (50149, 324, '48', 3, 3000000, 630, 8, 0, 0),
       (50150, 324, '49', 2, 13000000, 640, 9, 0, 0),
       (50151, 324, '50', 1, 8000000, 260, 9, 0, 0),
       (50152, 324, '51', 2, 3000000, 240, 9, 0, 0),
       (50153, 324, '52', 2, 5000000, 350, 9, 0, 0),
       (50154, 324, '53', 3, 13000000, 240, 9, 0, 0),
       (50155, 324, '54', 2, 5000000, 610, 9, 0, 0),
       (50156, 324, '55', 3, 3000000, 680, 10, 0, 0),
       (50157, 324, '56', 2, 9000000, 310, 10, 0, 0),
       (50158, 324, '57', 3, 10000000, 740, 10, 0, 0),
       (50159, 324, '58', 1, 13000000, 740, 10, 0, 0),
       (50160, 324, '59', 3, 14000000, 520, 10, 0, 0),
       (50161, 324, '60', 1, 8000000, 610, 10, 0, 0),
       (50162, 324, '61', 3, 7000000, 790, 11, 0, 0),
       (50163, 324, '62', 3, 9000000, 480, 11, 0, 0),
       (50164, 324, '63', 1, 6000000, 720, 11, 0, 0),
       (50165, 324, '64', 3, 13000000, 240, 11, 0, 0),
       (50166, 324, '65', 2, 13000000, 640, 11, 0, 0),
       (50167, 324, '66', 2, 6000000, 350, 11, 0, 0),
       (50168, 324, '67', 3, 4000000, 330, 12, 0, 0),
       (50169, 324, '68', 1, 6000000, 300, 12, 0, 0),
       (50170, 324, '69', 1, 10000000, 470, 12, 0, 0),
       (50171, 324, '70', 2, 9000000, 490, 12, 0, 0),
       (50172, 324, '71', 3, 4000000, 350, 12, 0, 0),
       (50173, 324, '72', 2, 3000000, 720, 12, 0, 0),
       (50174, 324, '73', 3, 5000000, 710, 13, 0, 0),
       (50175, 324, '74', 1, 9000000, 350, 13, 0, 0),
       (50176, 324, '75', 2, 4000000, 700, 13, 0, 0),
       (50177, 324, '76', 3, 13000000, 770, 13, 0, 0),
       (50178, 324, '77', 3, 10000000, 560, 13, 0, 0),
       (50179, 324, '78', 3, 6000000, 680, 13, 0, 0),
       (50180, 324, '79', 2, 14000000, 190, 14, 0, 0),
       (50181, 324, '80', 1, 9000000, 710, 14, 0, 0),
       (50182, 324, '81', 1, 14000000, 490, 14, 0, 0),
       (50183, 324, '82', 3, 12000000, 530, 14, 0, 0),
       (50184, 324, '83', 3, 9000000, 390, 14, 0, 0),
       (50185, 324, '84', 1, 6000000, 290, 14, 0, 0),
       (50186, 324, '85', 1, 9000000, 770, 15, 0, 0),
       (50187, 324, '86', 2, 8000000, 690, 15, 0, 0),
       (50188, 324, '87', 3, 10000000, 600, 15, 0, 0),
       (50189, 324, '88', 1, 6000000, 540, 15, 0, 0),
       (50190, 324, '89', 1, 8000000, 470, 15, 0, 0),
       (50191, 324, '90', 3, 11000000, 340, 15, 0, 0),
       (50192, 324, '91', 3, 14000000, 610, 16, 0, 0),
       (50193, 324, '92', 3, 9000000, 570, 16, 0, 0),
       (50194, 324, '93', 2, 13000000, 390, 16, 0, 0),
       (50195, 324, '94', 2, 12000000, 570, 16, 0, 0),
       (50196, 324, '95', 2, 8000000, 320, 16, 0, 0),
       (50197, 324, '96', 3, 5000000, 740, 16, 0, 0),
       (50198, 324, '97', 1, 7000000, 550, 17, 0, 0),
       (50199, 324, '98', 3, 6000000, 270, 17, 0, 0),
       (50200, 324, '99', 3, 5000000, 230, 17, 0, 0),
       (50201, 324, '100', 1, 7000000, 730, 17, 0, 0),
       (50202, 324, '101', 1, 11000000, 770, 17, 0, 0),
       (50203, 324, '102', 3, 15000000, 350, 17, 0, 0),
       (50204, 324, '103', 3, 6000000, 690, 18, 0, 0),
       (50205, 324, '104', 3, 5000000, 670, 18, 0, 0),
       (50206, 324, '105', 2, 13000000, 300, 18, 0, 0),
       (50207, 324, '106', 3, 4000000, 660, 18, 0, 0),
       (50208, 324, '107', 3, 4000000, 630, 18, 0, 0),
       (50209, 324, '108', 2, 4000000, 650, 18, 0, 0),
       (50210, 324, '109', 1, 10000000, 700, 19, 0, 0),
       (50211, 324, '110', 2, 14000000, 780, 19, 0, 0),
       (50212, 324, '111', 2, 3000000, 180, 19, 0, 0),
       (50213, 324, '112', 3, 10000000, 480, 19, 0, 0),
       (50214, 324, '113', 2, 12000000, 460, 19, 0, 0),
       (50215, 324, '114', 3, 11000000, 680, 19, 0, 0),
       (50216, 324, '115', 3, 5000000, 310, 20, 0, 0),
       (50217, 324, '116', 2, 13000000, 570, 20, 0, 0),
       (50218, 324, '117', 1, 15000000, 220, 20, 0, 0),
       (50219, 324, '118', 2, 15000000, 660, 20, 0, 0),
       (50220, 324, '119', 2, 10000000, 380, 20, 0, 0),
       (50221, 324, '120', 2, 8000000, 730, 20, 0, 0),
       (50222, 324, '121', 3, 14000000, 330, 21, 0, 0),
       (50223, 324, '122', 2, 5000000, 590, 21, 0, 0),
       (50224, 324, '123', 3, 8000000, 520, 21, 0, 0),
       (50225, 324, '124', 1, 11000000, 380, 21, 0, 0),
       (50226, 324, '125', 3, 11000000, 190, 21, 0, 0),
       (50227, 324, '126', 3, 11000000, 650, 21, 0, 0),
       (50228, 324, '127', 2, 13000000, 480, 22, 0, 0),
       (50229, 324, '128', 3, 10000000, 700, 22, 0, 0),
       (50230, 324, '129', 3, 10000000, 540, 22, 0, 0),
       (50231, 324, '130', 2, 14000000, 210, 22, 0, 0),
       (50232, 324, '131', 2, 8000000, 600, 22, 0, 0),
       (50233, 324, '132', 3, 10000000, 570, 22, 0, 0),
       (50234, 324, '133', 3, 14000000, 180, 23, 0, 0),
       (50235, 324, '134', 1, 7000000, 370, 23, 0, 0),
       (50236, 324, '135', 3, 14000000, 640, 23, 0, 0),
       (50237, 324, '136', 2, 6000000, 730, 23, 0, 0),
       (50238, 324, '137', 3, 14000000, 290, 23, 0, 0),
       (50239, 324, '138', 2, 11000000, 400, 23, 0, 0),
       (50240, 324, '139', 2, 15000000, 230, 24, 0, 0),
       (50241, 324, '140', 1, 10000000, 450, 24, 0, 0),
       (50242, 324, '141', 2, 8000000, 770, 24, 0, 0),
       (50243, 324, '142', 3, 7000000, 480, 24, 0, 0),
       (50244, 324, '143', 2, 13000000, 180, 24, 0, 0),
       (50245, 324, '144', 1, 7000000, 760, 24, 0, 0),
       (50246, 324, '145', 2, 12000000, 520, 25, 0, 0),
       (50247, 324, '146', 1, 14000000, 220, 25, 0, 0),
       (50248, 324, '147', 1, 10000000, 570, 25, 0, 0),
       (50249, 324, '148', 1, 13000000, 180, 25, 0, 0),
       (50250, 324, '149', 3, 7000000, 600, 25, 0, 0),
       (50251, 324, '150', 2, 15000000, 590, 25, 0, 0),
       (50252, 324, '151', 2, 13000000, 530, 26, 0, 0),
       (50253, 324, '152', 3, 10000000, 220, 26, 0, 0),
       (50254, 324, '153', 3, 15000000, 440, 26, 0, 0),
       (50255, 324, '154', 2, 15000000, 390, 26, 0, 0),
       (50256, 324, '155', 2, 15000000, 520, 26, 0, 0),
       (50257, 324, '156', 1, 8000000, 240, 26, 0, 0),
       (50258, 324, '157', 1, 10000000, 710, 27, 0, 0),
       (50259, 324, '158', 3, 13000000, 480, 27, 0, 0),
       (50260, 324, '159', 2, 11000000, 770, 27, 0, 0),
       (50261, 324, '160', 2, 9000000, 620, 27, 0, 0),
       (50262, 324, '161', 2, 12000000, 730, 27, 0, 0),
       (50263, 324, '162', 1, 3000000, 260, 27, 0, 0),
       (50264, 324, '163', 3, 15000000, 770, 28, 0, 0),
       (50265, 324, '164', 1, 6000000, 290, 28, 0, 0),
       (50266, 324, '165', 2, 10000000, 700, 28, 0, 0),
       (50267, 324, '166', 3, 12000000, 700, 28, 0, 0),
       (50268, 324, '167', 1, 6000000, 670, 28, 0, 0),
       (50269, 324, '168', 2, 6000000, 750, 28, 0, 0),
       (50270, 324, '169', 3, 3000000, 650, 29, 0, 0),
       (50271, 324, '170', 1, 11000000, 690, 29, 0, 0),
       (50272, 324, '171', 1, 11000000, 260, 29, 0, 0),
       (50273, 324, '172', 2, 11000000, 600, 29, 0, 0),
       (50274, 324, '173', 1, 9000000, 270, 29, 0, 0),
       (50275, 324, '174', 1, 10000000, 610, 29, 0, 0),
       (50276, 324, '175', 2, 6000000, 280, 30, 0, 0),
       (50277, 324, '176', 3, 13000000, 490, 30, 0, 0),
       (50278, 324, '177', 1, 11000000, 200, 30, 0, 0),
       (50279, 324, '178', 2, 9000000, 250, 30, 0, 0),
       (50280, 324, '179', 3, 13000000, 540, 30, 0, 0),
       (50281, 324, '180', 1, 11000000, 270, 30, 0, 0),
       (50282, 324, '181', 1, 10000000, 590, 31, 0, 0),
       (50283, 324, '182', 3, 13000000, 230, 31, 0, 0),
       (50284, 324, '183', 2, 14000000, 310, 31, 0, 0),
       (50285, 324, '184', 3, 3000000, 470, 31, 0, 0),
       (50286, 324, '185', 3, 3000000, 320, 31, 0, 0),
       (50287, 324, '186', 2, 12000000, 510, 31, 0, 0),
       (50288, 324, '187', 2, 13000000, 520, 32, 0, 0),
       (50289, 324, '188', 3, 11000000, 630, 32, 0, 0),
       (50290, 324, '189', 1, 8000000, 530, 32, 0, 0),
       (50291, 324, '190', 2, 14000000, 250, 32, 0, 0),
       (50292, 324, '191', 3, 7000000, 770, 32, 0, 0),
       (50293, 324, '192', 3, 12000000, 690, 32, 0, 0),
       (50294, 324, '193', 1, 12000000, 470, 33, 0, 0),
       (50295, 324, '194', 1, 9000000, 200, 33, 0, 0),
       (50296, 324, '195', 2, 10000000, 720, 33, 0, 0),
       (50297, 324, '196', 3, 13000000, 300, 33, 0, 0),
       (50298, 324, '197', 2, 13000000, 260, 33, 0, 0),
       (50299, 324, '198', 2, 11000000, 560, 33, 0, 0),
       (50300, 324, '199', 3, 7000000, 370, 34, 0, 0),
       (50301, 324, '200', 3, 3000000, 290, 34, 0, 0),
       (50302, 324, '201', 1, 3000000, 540, 34, 0, 0),
       (50303, 324, '202', 3, 3000000, 530, 34, 0, 0),
       (50304, 324, '203', 2, 5000000, 480, 34, 0, 0),
       (50305, 324, '204', 3, 7000000, 710, 34, 0, 0),
       (50306, 324, '205', 3, 10000000, 800, 35, 0, 0),
       (50307, 324, '206', 1, 7000000, 460, 35, 0, 0),
       (50308, 324, '207', 3, 10000000, 540, 35, 0, 0),
       (50309, 324, '208', 3, 3000000, 420, 35, 0, 0),
       (50310, 324, '209', 3, 9000000, 510, 35, 0, 0),
       (50311, 324, '210', 3, 7000000, 260, 35, 0, 0),
       (50312, 324, '211', 2, 7000000, 250, 36, 0, 0),
       (50313, 324, '212', 1, 7000000, 240, 36, 0, 0),
       (50314, 324, '213', 2, 11000000, 420, 36, 0, 0),
       (50315, 324, '214', 1, 15000000, 710, 36, 0, 0),
       (50316, 324, '215', 3, 11000000, 210, 36, 0, 0),
       (50317, 324, '216', 3, 6000000, 350, 36, 0, 0),
       (50318, 324, '217', 3, 6000000, 680, 37, 0, 0),
       (50319, 324, '218', 1, 13000000, 520, 37, 0, 0),
       (50320, 324, '219', 1, 7000000, 760, 37, 0, 0),
       (50321, 324, '220', 1, 7000000, 450, 37, 0, 0),
       (50322, 324, '221', 3, 6000000, 340, 37, 0, 0),
       (50323, 324, '222', 1, 3000000, 350, 37, 0, 0),
       (50324, 324, '223', 3, 7000000, 520, 38, 0, 0),
       (50325, 324, '224', 3, 3000000, 490, 38, 0, 0),
       (50326, 324, '225', 2, 10000000, 300, 38, 0, 0),
       (50327, 324, '226', 1, 10000000, 650, 38, 0, 0),
       (50328, 324, '227', 2, 13000000, 440, 38, 0, 0),
       (50329, 324, '228', 1, 3000000, 750, 38, 0, 0),
       (50330, 324, '229', 2, 6000000, 720, 39, 0, 0),
       (50331, 324, '230', 2, 11000000, 700, 39, 0, 0),
       (50332, 324, '231', 1, 5000000, 440, 39, 0, 0),
       (50333, 324, '232', 2, 3000000, 180, 39, 0, 0),
       (50334, 324, '233', 3, 4000000, 240, 39, 0, 0),
       (50335, 324, '234', 1, 4000000, 730, 39, 0, 0),
       (50336, 324, '235', 3, 3000000, 530, 40, 0, 0),
       (50337, 324, '236', 3, 9000000, 760, 40, 0, 0),
       (50338, 324, '237', 1, 7000000, 500, 40, 0, 0),
       (50339, 324, '238', 2, 12000000, 770, 40, 0, 0),
       (50340, 324, '239', 1, 8000000, 730, 40, 0, 0),
       (50341, 324, '240', 2, 12000000, 650, 40, 0, 0),
       (50342, 324, '241', 3, 8000000, 570, 41, 0, 0),
       (50343, 324, '242', 1, 6000000, 280, 41, 0, 0),
       (50344, 324, '243', 1, 13000000, 730, 41, 0, 0),
       (50345, 324, '244', 2, 10000000, 450, 41, 0, 0),
       (50346, 324, '245', 3, 3000000, 610, 41, 0, 0),
       (50347, 324, '246', 1, 8000000, 360, 41, 0, 0);
insert into real_estate_building (id, address, complex_id, floor_count, dev_id)
values (325, 'г. Москва, ул. Краснокаменская, д. 21', 16, 48, 16);
insert into real_estate_object (id, building_id ,local_address, places, price, area, floor, type, estate_type)
values (50348, 325, '1', 3, 7000000, 380, 1, 0, 0),
       (50349, 325, '2', 1, 13000000, 530, 1, 0, 0),
       (50350, 325, '3', 2, 10000000, 320, 1, 0, 0),
       (50351, 325, '4', 1, 11000000, 550, 1, 0, 0),
       (50352, 325, '5', 2, 5000000, 430, 1, 0, 0),
       (50353, 325, '6', 3, 10000000, 430, 1, 0, 0),
       (50354, 325, '7', 2, 6000000, 540, 2, 0, 0),
       (50355, 325, '8', 2, 4000000, 740, 2, 0, 0),
       (50356, 325, '9', 3, 5000000, 620, 2, 0, 0),
       (50357, 325, '10', 2, 3000000, 350, 2, 0, 0),
       (50358, 325, '11', 2, 14000000, 760, 2, 0, 0),
       (50359, 325, '12', 3, 15000000, 630, 2, 0, 0),
       (50360, 325, '13', 2, 4000000, 670, 3, 0, 0),
       (50361, 325, '14', 2, 8000000, 340, 3, 0, 0),
       (50362, 325, '15', 1, 13000000, 800, 3, 0, 0),
       (50363, 325, '16', 3, 4000000, 300, 3, 0, 0),
       (50364, 325, '17', 3, 12000000, 200, 3, 0, 0),
       (50365, 325, '18', 2, 9000000, 200, 3, 0, 0),
       (50366, 325, '19', 1, 15000000, 770, 4, 0, 0),
       (50367, 325, '20', 2, 15000000, 230, 4, 0, 0),
       (50368, 325, '21', 2, 10000000, 760, 4, 0, 0),
       (50369, 325, '22', 3, 8000000, 620, 4, 0, 0),
       (50370, 325, '23', 1, 6000000, 380, 4, 0, 0),
       (50371, 325, '24', 3, 5000000, 200, 4, 0, 0),
       (50372, 325, '25', 1, 10000000, 580, 5, 0, 0),
       (50373, 325, '26', 2, 8000000, 480, 5, 0, 0),
       (50374, 325, '27', 2, 14000000, 670, 5, 0, 0),
       (50375, 325, '28', 2, 13000000, 560, 5, 0, 0),
       (50376, 325, '29', 1, 5000000, 800, 5, 0, 0),
       (50377, 325, '30', 3, 11000000, 200, 5, 0, 0),
       (50378, 325, '31', 3, 9000000, 480, 6, 0, 0),
       (50379, 325, '32', 1, 4000000, 710, 6, 0, 0),
       (50380, 325, '33', 1, 11000000, 790, 6, 0, 0),
       (50381, 325, '34', 1, 13000000, 420, 6, 0, 0),
       (50382, 325, '35', 1, 11000000, 290, 6, 0, 0),
       (50383, 325, '36', 2, 4000000, 800, 6, 0, 0),
       (50384, 325, '37', 2, 13000000, 360, 7, 0, 0),
       (50385, 325, '38', 1, 9000000, 740, 7, 0, 0),
       (50386, 325, '39', 1, 13000000, 750, 7, 0, 0),
       (50387, 325, '40', 2, 4000000, 520, 7, 0, 0),
       (50388, 325, '41', 1, 13000000, 710, 7, 0, 0),
       (50389, 325, '42', 1, 7000000, 550, 7, 0, 0),
       (50390, 325, '43', 2, 14000000, 270, 8, 0, 0),
       (50391, 325, '44', 1, 4000000, 650, 8, 0, 0),
       (50392, 325, '45', 1, 14000000, 670, 8, 0, 0),
       (50393, 325, '46', 2, 14000000, 750, 8, 0, 0),
       (50394, 325, '47', 3, 13000000, 200, 8, 0, 0),
       (50395, 325, '48', 3, 6000000, 700, 8, 0, 0),
       (50396, 325, '49', 3, 10000000, 450, 9, 0, 0),
       (50397, 325, '50', 1, 4000000, 760, 9, 0, 0),
       (50398, 325, '51', 2, 12000000, 340, 9, 0, 0),
       (50399, 325, '52', 1, 7000000, 340, 9, 0, 0),
       (50400, 325, '53', 2, 5000000, 260, 9, 0, 0),
       (50401, 325, '54', 3, 4000000, 410, 9, 0, 0),
       (50402, 325, '55', 3, 5000000, 780, 10, 0, 0),
       (50403, 325, '56', 2, 7000000, 630, 10, 0, 0),
       (50404, 325, '57', 1, 11000000, 340, 10, 0, 0),
       (50405, 325, '58', 1, 4000000, 670, 10, 0, 0),
       (50406, 325, '59', 1, 5000000, 600, 10, 0, 0),
       (50407, 325, '60', 2, 15000000, 740, 10, 0, 0),
       (50408, 325, '61', 2, 6000000, 440, 11, 0, 0),
       (50409, 325, '62', 1, 5000000, 210, 11, 0, 0),
       (50410, 325, '63', 2, 11000000, 760, 11, 0, 0),
       (50411, 325, '64', 1, 11000000, 740, 11, 0, 0),
       (50412, 325, '65', 3, 12000000, 390, 11, 0, 0),
       (50413, 325, '66', 1, 5000000, 740, 11, 0, 0),
       (50414, 325, '67', 2, 6000000, 490, 12, 0, 0),
       (50415, 325, '68', 3, 13000000, 560, 12, 0, 0),
       (50416, 325, '69', 1, 6000000, 330, 12, 0, 0),
       (50417, 325, '70', 3, 9000000, 310, 12, 0, 0),
       (50418, 325, '71', 3, 12000000, 340, 12, 0, 0),
       (50419, 325, '72', 1, 8000000, 390, 12, 0, 0),
       (50420, 325, '73', 1, 8000000, 750, 13, 0, 0),
       (50421, 325, '74', 2, 4000000, 240, 13, 0, 0),
       (50422, 325, '75', 2, 5000000, 780, 13, 0, 0),
       (50423, 325, '76', 1, 3000000, 420, 13, 0, 0),
       (50424, 325, '77', 2, 6000000, 580, 13, 0, 0),
       (50425, 325, '78', 2, 6000000, 790, 13, 0, 0),
       (50426, 325, '79', 3, 12000000, 520, 14, 0, 0),
       (50427, 325, '80', 3, 6000000, 600, 14, 0, 0),
       (50428, 325, '81', 3, 11000000, 340, 14, 0, 0),
       (50429, 325, '82', 3, 6000000, 700, 14, 0, 0),
       (50430, 325, '83', 2, 4000000, 530, 14, 0, 0),
       (50431, 325, '84', 3, 14000000, 240, 14, 0, 0),
       (50432, 325, '85', 1, 15000000, 210, 15, 0, 0),
       (50433, 325, '86', 3, 7000000, 230, 15, 0, 0),
       (50434, 325, '87', 3, 14000000, 460, 15, 0, 0),
       (50435, 325, '88', 3, 7000000, 340, 15, 0, 0),
       (50436, 325, '89', 2, 7000000, 550, 15, 0, 0),
       (50437, 325, '90', 2, 5000000, 330, 15, 0, 0),
       (50438, 325, '91', 2, 4000000, 560, 16, 0, 0),
       (50439, 325, '92', 3, 13000000, 270, 16, 0, 0),
       (50440, 325, '93', 3, 13000000, 520, 16, 0, 0),
       (50441, 325, '94', 1, 7000000, 800, 16, 0, 0),
       (50442, 325, '95', 1, 6000000, 350, 16, 0, 0),
       (50443, 325, '96', 3, 5000000, 790, 16, 0, 0),
       (50444, 325, '97', 1, 4000000, 700, 17, 0, 0),
       (50445, 325, '98', 2, 3000000, 540, 17, 0, 0),
       (50446, 325, '99', 3, 9000000, 320, 17, 0, 0),
       (50447, 325, '100', 2, 13000000, 280, 17, 0, 0),
       (50448, 325, '101', 1, 3000000, 790, 17, 0, 0),
       (50449, 325, '102', 2, 9000000, 190, 17, 0, 0),
       (50450, 325, '103', 2, 14000000, 260, 18, 0, 0),
       (50451, 325, '104', 3, 15000000, 260, 18, 0, 0),
       (50452, 325, '105', 3, 13000000, 710, 18, 0, 0),
       (50453, 325, '106', 2, 11000000, 460, 18, 0, 0),
       (50454, 325, '107', 3, 6000000, 280, 18, 0, 0),
       (50455, 325, '108', 1, 10000000, 220, 18, 0, 0),
       (50456, 325, '109', 1, 9000000, 220, 19, 0, 0),
       (50457, 325, '110', 3, 4000000, 610, 19, 0, 0),
       (50458, 325, '111', 3, 12000000, 370, 19, 0, 0),
       (50459, 325, '112', 3, 11000000, 400, 19, 0, 0),
       (50460, 325, '113', 3, 3000000, 650, 19, 0, 0),
       (50461, 325, '114', 3, 4000000, 680, 19, 0, 0),
       (50462, 325, '115', 1, 8000000, 250, 20, 0, 0),
       (50463, 325, '116', 3, 14000000, 720, 20, 0, 0),
       (50464, 325, '117', 2, 6000000, 630, 20, 0, 0),
       (50465, 325, '118', 3, 3000000, 570, 20, 0, 0),
       (50466, 325, '119', 3, 13000000, 660, 20, 0, 0),
       (50467, 325, '120', 1, 10000000, 300, 20, 0, 0),
       (50468, 325, '121', 3, 11000000, 700, 21, 0, 0),
       (50469, 325, '122', 3, 12000000, 330, 21, 0, 0),
       (50470, 325, '123', 3, 11000000, 390, 21, 0, 0),
       (50471, 325, '124', 3, 14000000, 650, 21, 0, 0),
       (50472, 325, '125', 2, 11000000, 290, 21, 0, 0),
       (50473, 325, '126', 2, 8000000, 220, 21, 0, 0),
       (50474, 325, '127', 2, 11000000, 690, 22, 0, 0),
       (50475, 325, '128', 2, 7000000, 750, 22, 0, 0),
       (50476, 325, '129', 1, 4000000, 720, 22, 0, 0),
       (50477, 325, '130', 2, 5000000, 650, 22, 0, 0),
       (50478, 325, '131', 2, 12000000, 610, 22, 0, 0),
       (50479, 325, '132', 1, 14000000, 610, 22, 0, 0),
       (50480, 325, '133', 3, 3000000, 210, 23, 0, 0),
       (50481, 325, '134', 3, 7000000, 620, 23, 0, 0),
       (50482, 325, '135', 1, 10000000, 770, 23, 0, 0),
       (50483, 325, '136', 1, 13000000, 190, 23, 0, 0),
       (50484, 325, '137', 2, 6000000, 680, 23, 0, 0),
       (50485, 325, '138', 1, 4000000, 500, 23, 0, 0),
       (50486, 325, '139', 2, 12000000, 280, 24, 0, 0),
       (50487, 325, '140', 2, 8000000, 770, 24, 0, 0),
       (50488, 325, '141', 1, 3000000, 410, 24, 0, 0),
       (50489, 325, '142', 3, 15000000, 620, 24, 0, 0),
       (50490, 325, '143', 2, 10000000, 250, 24, 0, 0),
       (50491, 325, '144', 1, 7000000, 580, 24, 0, 0),
       (50492, 325, '145', 2, 12000000, 750, 25, 0, 0),
       (50493, 325, '146', 1, 3000000, 430, 25, 0, 0),
       (50494, 325, '147', 1, 8000000, 200, 25, 0, 0),
       (50495, 325, '148', 3, 14000000, 280, 25, 0, 0),
       (50496, 325, '149', 1, 10000000, 780, 25, 0, 0),
       (50497, 325, '150', 2, 12000000, 310, 25, 0, 0),
       (50498, 325, '151', 3, 5000000, 680, 26, 0, 0),
       (50499, 325, '152', 3, 5000000, 600, 26, 0, 0),
       (50500, 325, '153', 3, 7000000, 690, 26, 0, 0),
       (50501, 325, '154', 3, 12000000, 670, 26, 0, 0),
       (50502, 325, '155', 2, 4000000, 700, 26, 0, 0),
       (50503, 325, '156', 3, 14000000, 620, 26, 0, 0),
       (50504, 325, '157', 3, 9000000, 300, 27, 0, 0),
       (50505, 325, '158', 3, 6000000, 660, 27, 0, 0),
       (50506, 325, '159', 3, 6000000, 190, 27, 0, 0),
       (50507, 325, '160', 1, 9000000, 640, 27, 0, 0),
       (50508, 325, '161', 3, 12000000, 630, 27, 0, 0),
       (50509, 325, '162', 2, 11000000, 360, 27, 0, 0),
       (50510, 325, '163', 2, 9000000, 240, 28, 0, 0),
       (50511, 325, '164', 1, 14000000, 520, 28, 0, 0),
       (50512, 325, '165', 2, 15000000, 500, 28, 0, 0),
       (50513, 325, '166', 3, 5000000, 650, 28, 0, 0),
       (50514, 325, '167', 1, 12000000, 270, 28, 0, 0),
       (50515, 325, '168', 3, 7000000, 390, 28, 0, 0),
       (50516, 325, '169', 2, 3000000, 530, 29, 0, 0),
       (50517, 325, '170', 2, 6000000, 650, 29, 0, 0),
       (50518, 325, '171', 1, 15000000, 700, 29, 0, 0),
       (50519, 325, '172', 3, 6000000, 470, 29, 0, 0),
       (50520, 325, '173', 2, 8000000, 390, 29, 0, 0),
       (50521, 325, '174', 2, 11000000, 210, 29, 0, 0),
       (50522, 325, '175', 1, 14000000, 650, 30, 0, 0),
       (50523, 325, '176', 2, 10000000, 780, 30, 0, 0),
       (50524, 325, '177', 2, 6000000, 700, 30, 0, 0),
       (50525, 325, '178', 2, 5000000, 400, 30, 0, 0),
       (50526, 325, '179', 2, 8000000, 270, 30, 0, 0),
       (50527, 325, '180', 3, 12000000, 470, 30, 0, 0),
       (50528, 325, '181', 1, 12000000, 370, 31, 0, 0),
       (50529, 325, '182', 2, 11000000, 500, 31, 0, 0),
       (50530, 325, '183', 3, 9000000, 370, 31, 0, 0),
       (50531, 325, '184', 1, 3000000, 270, 31, 0, 0),
       (50532, 325, '185', 3, 11000000, 340, 31, 0, 0),
       (50533, 325, '186', 1, 7000000, 500, 31, 0, 0),
       (50534, 325, '187', 3, 3000000, 470, 32, 0, 0),
       (50535, 325, '188', 3, 7000000, 680, 32, 0, 0),
       (50536, 325, '189', 2, 3000000, 650, 32, 0, 0),
       (50537, 325, '190', 3, 12000000, 560, 32, 0, 0),
       (50538, 325, '191', 3, 14000000, 800, 32, 0, 0),
       (50539, 325, '192', 2, 14000000, 740, 32, 0, 0),
       (50540, 325, '193', 1, 8000000, 270, 33, 0, 0),
       (50541, 325, '194', 1, 7000000, 390, 33, 0, 0),
       (50542, 325, '195', 2, 12000000, 250, 33, 0, 0),
       (50543, 325, '196', 3, 6000000, 440, 33, 0, 0),
       (50544, 325, '197', 1, 15000000, 380, 33, 0, 0),
       (50545, 325, '198', 1, 9000000, 710, 33, 0, 0),
       (50546, 325, '199', 2, 12000000, 370, 34, 0, 0),
       (50547, 325, '200', 2, 15000000, 730, 34, 0, 0),
       (50548, 325, '201', 2, 3000000, 320, 34, 0, 0),
       (50549, 325, '202', 2, 13000000, 520, 34, 0, 0),
       (50550, 325, '203', 2, 4000000, 310, 34, 0, 0),
       (50551, 325, '204', 2, 7000000, 320, 34, 0, 0),
       (50552, 325, '205', 2, 11000000, 410, 35, 0, 0),
       (50553, 325, '206', 2, 4000000, 710, 35, 0, 0),
       (50554, 325, '207', 3, 11000000, 410, 35, 0, 0),
       (50555, 325, '208', 2, 9000000, 500, 35, 0, 0),
       (50556, 325, '209', 3, 11000000, 490, 35, 0, 0),
       (50557, 325, '210', 3, 11000000, 240, 35, 0, 0),
       (50558, 325, '211', 2, 15000000, 340, 36, 0, 0),
       (50559, 325, '212', 1, 11000000, 370, 36, 0, 0),
       (50560, 325, '213', 1, 6000000, 620, 36, 0, 0),
       (50561, 325, '214', 3, 15000000, 490, 36, 0, 0),
       (50562, 325, '215', 1, 10000000, 590, 36, 0, 0),
       (50563, 325, '216', 2, 14000000, 710, 36, 0, 0),
       (50564, 325, '217', 2, 7000000, 190, 37, 0, 0),
       (50565, 325, '218', 3, 15000000, 420, 37, 0, 0),
       (50566, 325, '219', 1, 15000000, 620, 37, 0, 0),
       (50567, 325, '220', 2, 9000000, 780, 37, 0, 0),
       (50568, 325, '221', 3, 7000000, 300, 37, 0, 0),
       (50569, 325, '222', 2, 15000000, 290, 37, 0, 0),
       (50570, 325, '223', 1, 8000000, 680, 38, 0, 0),
       (50571, 325, '224', 1, 4000000, 400, 38, 0, 0),
       (50572, 325, '225', 3, 14000000, 290, 38, 0, 0),
       (50573, 325, '226', 1, 10000000, 200, 38, 0, 0),
       (50574, 325, '227', 2, 7000000, 660, 38, 0, 0),
       (50575, 325, '228', 2, 6000000, 330, 38, 0, 0),
       (50576, 325, '229', 1, 7000000, 720, 39, 0, 0),
       (50577, 325, '230', 1, 11000000, 790, 39, 0, 0),
       (50578, 325, '231', 1, 13000000, 410, 39, 0, 0),
       (50579, 325, '232', 2, 5000000, 230, 39, 0, 0),
       (50580, 325, '233', 1, 4000000, 190, 39, 0, 0),
       (50581, 325, '234', 3, 9000000, 480, 39, 0, 0),
       (50582, 325, '235', 3, 11000000, 580, 40, 0, 0),
       (50583, 325, '236', 3, 11000000, 650, 40, 0, 0),
       (50584, 325, '237', 2, 13000000, 320, 40, 0, 0),
       (50585, 325, '238', 1, 15000000, 290, 40, 0, 0),
       (50586, 325, '239', 1, 4000000, 780, 40, 0, 0),
       (50587, 325, '240', 2, 11000000, 200, 40, 0, 0),
       (50588, 325, '241', 2, 4000000, 360, 41, 0, 0),
       (50589, 325, '242', 2, 5000000, 300, 41, 0, 0),
       (50590, 325, '243', 1, 15000000, 730, 41, 0, 0),
       (50591, 325, '244', 1, 5000000, 220, 41, 0, 0),
       (50592, 325, '245', 1, 5000000, 380, 41, 0, 0),
       (50593, 325, '246', 1, 11000000, 580, 41, 0, 0),
       (50594, 325, '247', 3, 9000000, 450, 42, 0, 0),
       (50595, 325, '248', 1, 3000000, 380, 42, 0, 0),
       (50596, 325, '249', 1, 5000000, 750, 42, 0, 0),
       (50597, 325, '250', 1, 10000000, 420, 42, 0, 0),
       (50598, 325, '251', 2, 5000000, 340, 42, 0, 0),
       (50599, 325, '252', 3, 9000000, 350, 42, 0, 0),
       (50600, 325, '253', 2, 10000000, 540, 43, 0, 0),
       (50601, 325, '254', 1, 15000000, 800, 43, 0, 0),
       (50602, 325, '255', 2, 15000000, 790, 43, 0, 0),
       (50603, 325, '256', 2, 5000000, 360, 43, 0, 0),
       (50604, 325, '257', 3, 5000000, 430, 43, 0, 0),
       (50605, 325, '258', 1, 3000000, 410, 43, 0, 0),
       (50606, 325, '259', 2, 9000000, 680, 44, 0, 0),
       (50607, 325, '260', 2, 6000000, 550, 44, 0, 0),
       (50608, 325, '261', 1, 13000000, 650, 44, 0, 0),
       (50609, 325, '262', 3, 14000000, 760, 44, 0, 0),
       (50610, 325, '263', 1, 10000000, 190, 44, 0, 0),
       (50611, 325, '264', 1, 4000000, 230, 44, 0, 0),
       (50612, 325, '265', 3, 11000000, 630, 45, 0, 0),
       (50613, 325, '266', 2, 7000000, 670, 45, 0, 0),
       (50614, 325, '267', 2, 6000000, 290, 45, 0, 0),
       (50615, 325, '268', 3, 7000000, 710, 45, 0, 0),
       (50616, 325, '269', 2, 5000000, 780, 45, 0, 0),
       (50617, 325, '270', 1, 6000000, 520, 45, 0, 0),
       (50618, 325, '271', 2, 7000000, 750, 46, 0, 0),
       (50619, 325, '272', 3, 8000000, 770, 46, 0, 0),
       (50620, 325, '273', 1, 6000000, 670, 46, 0, 0),
       (50621, 325, '274', 3, 12000000, 660, 46, 0, 0),
       (50622, 325, '275', 1, 14000000, 300, 46, 0, 0),
       (50623, 325, '276', 1, 8000000, 270, 46, 0, 0),
       (50624, 325, '277', 2, 5000000, 480, 47, 0, 0),
       (50625, 325, '278', 3, 6000000, 690, 47, 0, 0),
       (50626, 325, '279', 1, 8000000, 620, 47, 0, 0),
       (50627, 325, '280', 3, 12000000, 300, 47, 0, 0),
       (50628, 325, '281', 2, 11000000, 200, 47, 0, 0),
       (50629, 325, '282', 1, 4000000, 470, 47, 0, 0),
       (50630, 325, '283', 3, 13000000, 690, 48, 0, 0),
       (50631, 325, '284', 2, 3000000, 720, 48, 0, 0),
       (50632, 325, '285', 2, 10000000, 180, 48, 0, 0),
       (50633, 325, '286', 3, 5000000, 430, 48, 0, 0),
       (50634, 325, '287', 1, 11000000, 720, 48, 0, 0),
       (50635, 325, '288', 3, 4000000, 190, 48, 0, 0);
insert into real_estate_building (id, address, complex_id, floor_count, dev_id)
values (326, 'г. Москва, ул. Краснокаменская, д. 22', 16, 43, 16);
insert into real_estate_object (id, building_id ,local_address, places, price, area, floor, type, estate_type)
values (50636, 326, '1', 2, 10000000, 660, 1, 0, 0),
       (50637, 326, '2', 2, 10000000, 440, 1, 0, 0),
       (50638, 326, '3', 1, 8000000, 630, 1, 0, 0),
       (50639, 326, '4', 3, 14000000, 760, 1, 0, 0),
       (50640, 326, '5', 2, 7000000, 500, 1, 0, 0),
       (50641, 326, '6', 1, 13000000, 530, 1, 0, 0),
       (50642, 326, '7', 1, 8000000, 590, 2, 0, 0),
       (50643, 326, '8', 3, 3000000, 650, 2, 0, 0),
       (50644, 326, '9', 2, 14000000, 680, 2, 0, 0),
       (50645, 326, '10', 3, 7000000, 520, 2, 0, 0),
       (50646, 326, '11', 2, 5000000, 210, 2, 0, 0),
       (50647, 326, '12', 1, 5000000, 520, 2, 0, 0),
       (50648, 326, '13', 3, 6000000, 670, 3, 0, 0),
       (50649, 326, '14', 2, 12000000, 760, 3, 0, 0),
       (50650, 326, '15', 3, 5000000, 370, 3, 0, 0),
       (50651, 326, '16', 1, 14000000, 270, 3, 0, 0),
       (50652, 326, '17', 2, 7000000, 730, 3, 0, 0),
       (50653, 326, '18', 2, 9000000, 620, 3, 0, 0),
       (50654, 326, '19', 2, 10000000, 440, 4, 0, 0),
       (50655, 326, '20', 2, 15000000, 800, 4, 0, 0),
       (50656, 326, '21', 1, 7000000, 320, 4, 0, 0),
       (50657, 326, '22', 2, 10000000, 390, 4, 0, 0),
       (50658, 326, '23', 2, 8000000, 560, 4, 0, 0),
       (50659, 326, '24', 1, 15000000, 680, 4, 0, 0),
       (50660, 326, '25', 2, 5000000, 610, 5, 0, 0),
       (50661, 326, '26', 3, 14000000, 690, 5, 0, 0),
       (50662, 326, '27', 3, 9000000, 250, 5, 0, 0),
       (50663, 326, '28', 2, 3000000, 570, 5, 0, 0),
       (50664, 326, '29', 1, 14000000, 680, 5, 0, 0),
       (50665, 326, '30', 1, 11000000, 740, 5, 0, 0),
       (50666, 326, '31', 2, 5000000, 340, 6, 0, 0),
       (50667, 326, '32', 3, 15000000, 420, 6, 0, 0),
       (50668, 326, '33', 1, 15000000, 540, 6, 0, 0),
       (50669, 326, '34', 3, 11000000, 400, 6, 0, 0),
       (50670, 326, '35', 2, 15000000, 190, 6, 0, 0),
       (50671, 326, '36', 1, 9000000, 740, 6, 0, 0),
       (50672, 326, '37', 2, 8000000, 690, 7, 0, 0),
       (50673, 326, '38', 1, 3000000, 510, 7, 0, 0),
       (50674, 326, '39', 2, 4000000, 760, 7, 0, 0),
       (50675, 326, '40', 3, 15000000, 550, 7, 0, 0),
       (50676, 326, '41', 3, 3000000, 460, 7, 0, 0),
       (50677, 326, '42', 3, 14000000, 610, 7, 0, 0),
       (50678, 326, '43', 1, 7000000, 750, 8, 0, 0),
       (50679, 326, '44', 1, 6000000, 340, 8, 0, 0),
       (50680, 326, '45', 3, 14000000, 570, 8, 0, 0),
       (50681, 326, '46', 3, 15000000, 180, 8, 0, 0),
       (50682, 326, '47', 1, 13000000, 790, 8, 0, 0),
       (50683, 326, '48', 1, 5000000, 680, 8, 0, 0),
       (50684, 326, '49', 1, 11000000, 580, 9, 0, 0),
       (50685, 326, '50', 1, 7000000, 270, 9, 0, 0),
       (50686, 326, '51', 3, 6000000, 360, 9, 0, 0),
       (50687, 326, '52', 3, 13000000, 400, 9, 0, 0),
       (50688, 326, '53', 1, 11000000, 740, 9, 0, 0),
       (50689, 326, '54', 3, 11000000, 320, 9, 0, 0),
       (50690, 326, '55', 2, 10000000, 460, 10, 0, 0),
       (50691, 326, '56', 1, 15000000, 190, 10, 0, 0),
       (50692, 326, '57', 3, 8000000, 650, 10, 0, 0),
       (50693, 326, '58', 3, 9000000, 530, 10, 0, 0),
       (50694, 326, '59', 3, 6000000, 570, 10, 0, 0),
       (50695, 326, '60', 3, 7000000, 740, 10, 0, 0),
       (50696, 326, '61', 3, 4000000, 740, 11, 0, 0),
       (50697, 326, '62', 2, 10000000, 590, 11, 0, 0),
       (50698, 326, '63', 1, 7000000, 760, 11, 0, 0),
       (50699, 326, '64', 2, 4000000, 760, 11, 0, 0),
       (50700, 326, '65', 1, 14000000, 340, 11, 0, 0),
       (50701, 326, '66', 2, 3000000, 790, 11, 0, 0),
       (50702, 326, '67', 2, 6000000, 390, 12, 0, 0),
       (50703, 326, '68', 1, 10000000, 530, 12, 0, 0),
       (50704, 326, '69', 1, 13000000, 640, 12, 0, 0),
       (50705, 326, '70', 2, 3000000, 740, 12, 0, 0),
       (50706, 326, '71', 1, 15000000, 790, 12, 0, 0),
       (50707, 326, '72', 1, 10000000, 430, 12, 0, 0),
       (50708, 326, '73', 1, 11000000, 540, 13, 0, 0),
       (50709, 326, '74', 3, 7000000, 430, 13, 0, 0),
       (50710, 326, '75', 2, 7000000, 380, 13, 0, 0),
       (50711, 326, '76', 1, 11000000, 580, 13, 0, 0),
       (50712, 326, '77', 3, 10000000, 630, 13, 0, 0),
       (50713, 326, '78', 1, 9000000, 360, 13, 0, 0),
       (50714, 326, '79', 3, 4000000, 700, 14, 0, 0),
       (50715, 326, '80', 1, 14000000, 690, 14, 0, 0),
       (50716, 326, '81', 1, 12000000, 470, 14, 0, 0),
       (50717, 326, '82', 2, 15000000, 500, 14, 0, 0),
       (50718, 326, '83', 3, 5000000, 450, 14, 0, 0),
       (50719, 326, '84', 1, 5000000, 240, 14, 0, 0),
       (50720, 326, '85', 2, 6000000, 770, 15, 0, 0),
       (50721, 326, '86', 1, 5000000, 250, 15, 0, 0),
       (50722, 326, '87', 2, 9000000, 270, 15, 0, 0),
       (50723, 326, '88', 1, 4000000, 400, 15, 0, 0),
       (50724, 326, '89', 2, 6000000, 530, 15, 0, 0),
       (50725, 326, '90', 2, 14000000, 780, 15, 0, 0),
       (50726, 326, '91', 2, 9000000, 700, 16, 0, 0),
       (50727, 326, '92', 3, 13000000, 370, 16, 0, 0),
       (50728, 326, '93', 3, 7000000, 680, 16, 0, 0),
       (50729, 326, '94', 1, 5000000, 770, 16, 0, 0),
       (50730, 326, '95', 2, 5000000, 410, 16, 0, 0),
       (50731, 326, '96', 3, 8000000, 260, 16, 0, 0),
       (50732, 326, '97', 1, 12000000, 600, 17, 0, 0),
       (50733, 326, '98', 3, 8000000, 760, 17, 0, 0),
       (50734, 326, '99', 1, 11000000, 710, 17, 0, 0),
       (50735, 326, '100', 2, 7000000, 560, 17, 0, 0),
       (50736, 326, '101', 3, 4000000, 700, 17, 0, 0),
       (50737, 326, '102', 1, 7000000, 210, 17, 0, 0),
       (50738, 326, '103', 2, 14000000, 700, 18, 0, 0),
       (50739, 326, '104', 1, 5000000, 520, 18, 0, 0),
       (50740, 326, '105', 3, 7000000, 220, 18, 0, 0),
       (50741, 326, '106', 2, 7000000, 320, 18, 0, 0),
       (50742, 326, '107', 1, 5000000, 450, 18, 0, 0),
       (50743, 326, '108', 3, 3000000, 700, 18, 0, 0),
       (50744, 326, '109', 2, 12000000, 470, 19, 0, 0),
       (50745, 326, '110', 3, 8000000, 250, 19, 0, 0),
       (50746, 326, '111', 3, 15000000, 780, 19, 0, 0),
       (50747, 326, '112', 3, 3000000, 300, 19, 0, 0),
       (50748, 326, '113', 3, 3000000, 450, 19, 0, 0),
       (50749, 326, '114', 2, 10000000, 630, 19, 0, 0),
       (50750, 326, '115', 1, 13000000, 240, 20, 0, 0),
       (50751, 326, '116', 2, 11000000, 730, 20, 0, 0),
       (50752, 326, '117', 3, 6000000, 650, 20, 0, 0),
       (50753, 326, '118', 3, 12000000, 530, 20, 0, 0),
       (50754, 326, '119', 2, 3000000, 380, 20, 0, 0),
       (50755, 326, '120', 2, 7000000, 640, 20, 0, 0),
       (50756, 326, '121', 3, 14000000, 520, 21, 0, 0),
       (50757, 326, '122', 2, 6000000, 250, 21, 0, 0),
       (50758, 326, '123', 1, 7000000, 560, 21, 0, 0),
       (50759, 326, '124', 2, 4000000, 490, 21, 0, 0),
       (50760, 326, '125', 2, 14000000, 190, 21, 0, 0),
       (50761, 326, '126', 3, 5000000, 700, 21, 0, 0),
       (50762, 326, '127', 3, 14000000, 790, 22, 0, 0),
       (50763, 326, '128', 3, 3000000, 550, 22, 0, 0),
       (50764, 326, '129', 2, 15000000, 230, 22, 0, 0),
       (50765, 326, '130', 3, 9000000, 580, 22, 0, 0),
       (50766, 326, '131', 3, 13000000, 480, 22, 0, 0),
       (50767, 326, '132', 2, 5000000, 780, 22, 0, 0),
       (50768, 326, '133', 3, 15000000, 650, 23, 0, 0),
       (50769, 326, '134', 1, 10000000, 250, 23, 0, 0),
       (50770, 326, '135', 1, 8000000, 600, 23, 0, 0),
       (50771, 326, '136', 2, 10000000, 340, 23, 0, 0),
       (50772, 326, '137', 2, 5000000, 300, 23, 0, 0),
       (50773, 326, '138', 3, 9000000, 430, 23, 0, 0),
       (50774, 326, '139', 2, 15000000, 620, 24, 0, 0),
       (50775, 326, '140', 1, 15000000, 720, 24, 0, 0),
       (50776, 326, '141', 2, 9000000, 440, 24, 0, 0),
       (50777, 326, '142', 2, 8000000, 340, 24, 0, 0),
       (50778, 326, '143', 1, 8000000, 260, 24, 0, 0),
       (50779, 326, '144', 3, 5000000, 400, 24, 0, 0),
       (50780, 326, '145', 2, 7000000, 450, 25, 0, 0),
       (50781, 326, '146', 1, 6000000, 470, 25, 0, 0),
       (50782, 326, '147', 3, 8000000, 660, 25, 0, 0),
       (50783, 326, '148', 3, 10000000, 450, 25, 0, 0),
       (50784, 326, '149', 2, 4000000, 750, 25, 0, 0),
       (50785, 326, '150', 1, 5000000, 520, 25, 0, 0),
       (50786, 326, '151', 3, 13000000, 260, 26, 0, 0),
       (50787, 326, '152', 1, 8000000, 770, 26, 0, 0),
       (50788, 326, '153', 2, 4000000, 620, 26, 0, 0),
       (50789, 326, '154', 2, 4000000, 660, 26, 0, 0),
       (50790, 326, '155', 2, 13000000, 420, 26, 0, 0),
       (50791, 326, '156', 1, 11000000, 430, 26, 0, 0),
       (50792, 326, '157', 1, 3000000, 450, 27, 0, 0),
       (50793, 326, '158', 2, 7000000, 440, 27, 0, 0),
       (50794, 326, '159', 2, 11000000, 300, 27, 0, 0),
       (50795, 326, '160', 1, 6000000, 750, 27, 0, 0),
       (50796, 326, '161', 1, 4000000, 560, 27, 0, 0),
       (50797, 326, '162', 3, 9000000, 710, 27, 0, 0),
       (50798, 326, '163', 3, 5000000, 440, 28, 0, 0),
       (50799, 326, '164', 1, 8000000, 410, 28, 0, 0),
       (50800, 326, '165', 3, 9000000, 460, 28, 0, 0),
       (50801, 326, '166', 1, 7000000, 350, 28, 0, 0),
       (50802, 326, '167', 2, 15000000, 700, 28, 0, 0),
       (50803, 326, '168', 1, 14000000, 630, 28, 0, 0),
       (50804, 326, '169', 2, 13000000, 210, 29, 0, 0),
       (50805, 326, '170', 2, 9000000, 590, 29, 0, 0),
       (50806, 326, '171', 2, 15000000, 260, 29, 0, 0),
       (50807, 326, '172', 2, 9000000, 470, 29, 0, 0),
       (50808, 326, '173', 1, 7000000, 450, 29, 0, 0),
       (50809, 326, '174', 1, 6000000, 660, 29, 0, 0),
       (50810, 326, '175', 1, 3000000, 550, 30, 0, 0),
       (50811, 326, '176', 1, 15000000, 180, 30, 0, 0),
       (50812, 326, '177', 2, 5000000, 610, 30, 0, 0),
       (50813, 326, '178', 3, 11000000, 340, 30, 0, 0),
       (50814, 326, '179', 2, 6000000, 250, 30, 0, 0),
       (50815, 326, '180', 2, 3000000, 390, 30, 0, 0),
       (50816, 326, '181', 1, 4000000, 240, 31, 0, 0),
       (50817, 326, '182', 1, 6000000, 400, 31, 0, 0),
       (50818, 326, '183', 1, 12000000, 710, 31, 0, 0),
       (50819, 326, '184', 2, 15000000, 400, 31, 0, 0),
       (50820, 326, '185', 1, 6000000, 560, 31, 0, 0),
       (50821, 326, '186', 2, 4000000, 650, 31, 0, 0),
       (50822, 326, '187', 1, 4000000, 280, 32, 0, 0),
       (50823, 326, '188', 3, 10000000, 700, 32, 0, 0),
       (50824, 326, '189', 3, 11000000, 730, 32, 0, 0),
       (50825, 326, '190', 1, 8000000, 340, 32, 0, 0),
       (50826, 326, '191', 1, 14000000, 390, 32, 0, 0),
       (50827, 326, '192', 1, 4000000, 400, 32, 0, 0),
       (50828, 326, '193', 2, 11000000, 660, 33, 0, 0),
       (50829, 326, '194', 3, 7000000, 700, 33, 0, 0),
       (50830, 326, '195', 2, 9000000, 360, 33, 0, 0),
       (50831, 326, '196', 1, 11000000, 490, 33, 0, 0),
       (50832, 326, '197', 2, 5000000, 380, 33, 0, 0),
       (50833, 326, '198', 1, 9000000, 180, 33, 0, 0),
       (50834, 326, '199', 2, 13000000, 410, 34, 0, 0),
       (50835, 326, '200', 2, 4000000, 340, 34, 0, 0),
       (50836, 326, '201', 3, 15000000, 730, 34, 0, 0),
       (50837, 326, '202', 2, 3000000, 530, 34, 0, 0),
       (50838, 326, '203', 1, 4000000, 200, 34, 0, 0),
       (50839, 326, '204', 3, 6000000, 640, 34, 0, 0),
       (50840, 326, '205', 2, 5000000, 230, 35, 0, 0),
       (50841, 326, '206', 3, 6000000, 710, 35, 0, 0),
       (50842, 326, '207', 1, 9000000, 500, 35, 0, 0),
       (50843, 326, '208', 1, 4000000, 670, 35, 0, 0),
       (50844, 326, '209', 3, 5000000, 430, 35, 0, 0),
       (50845, 326, '210', 3, 14000000, 560, 35, 0, 0),
       (50846, 326, '211', 3, 3000000, 380, 36, 0, 0),
       (50847, 326, '212', 2, 5000000, 740, 36, 0, 0),
       (50848, 326, '213', 2, 13000000, 420, 36, 0, 0),
       (50849, 326, '214', 2, 7000000, 570, 36, 0, 0),
       (50850, 326, '215', 1, 10000000, 280, 36, 0, 0),
       (50851, 326, '216', 3, 7000000, 780, 36, 0, 0),
       (50852, 326, '217', 1, 9000000, 390, 37, 0, 0),
       (50853, 326, '218', 3, 8000000, 690, 37, 0, 0),
       (50854, 326, '219', 1, 7000000, 210, 37, 0, 0),
       (50855, 326, '220', 2, 3000000, 720, 37, 0, 0),
       (50856, 326, '221', 2, 8000000, 640, 37, 0, 0),
       (50857, 326, '222', 3, 4000000, 560, 37, 0, 0),
       (50858, 326, '223', 3, 14000000, 650, 38, 0, 0),
       (50859, 326, '224', 2, 9000000, 440, 38, 0, 0),
       (50860, 326, '225', 3, 12000000, 620, 38, 0, 0),
       (50861, 326, '226', 2, 11000000, 550, 38, 0, 0),
       (50862, 326, '227', 3, 14000000, 620, 38, 0, 0),
       (50863, 326, '228', 1, 9000000, 360, 38, 0, 0),
       (50864, 326, '229', 2, 14000000, 610, 39, 0, 0),
       (50865, 326, '230', 3, 7000000, 470, 39, 0, 0),
       (50866, 326, '231', 3, 15000000, 570, 39, 0, 0),
       (50867, 326, '232', 1, 5000000, 740, 39, 0, 0),
       (50868, 326, '233', 2, 14000000, 360, 39, 0, 0),
       (50869, 326, '234', 3, 14000000, 640, 39, 0, 0),
       (50870, 326, '235', 3, 9000000, 710, 40, 0, 0),
       (50871, 326, '236', 3, 13000000, 590, 40, 0, 0),
       (50872, 326, '237', 2, 3000000, 230, 40, 0, 0),
       (50873, 326, '238', 2, 9000000, 580, 40, 0, 0),
       (50874, 326, '239', 3, 15000000, 260, 40, 0, 0),
       (50875, 326, '240', 3, 4000000, 530, 40, 0, 0),
       (50876, 326, '241', 1, 4000000, 260, 41, 0, 0),
       (50877, 326, '242', 3, 8000000, 570, 41, 0, 0),
       (50878, 326, '243', 1, 13000000, 290, 41, 0, 0),
       (50879, 326, '244', 1, 11000000, 420, 41, 0, 0),
       (50880, 326, '245', 1, 3000000, 440, 41, 0, 0),
       (50881, 326, '246', 2, 14000000, 190, 41, 0, 0),
       (50882, 326, '247', 3, 14000000, 210, 42, 0, 0),
       (50883, 326, '248', 3, 14000000, 210, 42, 0, 0),
       (50884, 326, '249', 1, 9000000, 500, 42, 0, 0),
       (50885, 326, '250', 2, 8000000, 230, 42, 0, 0),
       (50886, 326, '251', 1, 10000000, 410, 42, 0, 0),
       (50887, 326, '252', 2, 5000000, 390, 42, 0, 0),
       (50888, 326, '253', 1, 10000000, 670, 43, 0, 0),
       (50889, 326, '254', 3, 7000000, 760, 43, 0, 0),
       (50890, 326, '255', 2, 8000000, 530, 43, 0, 0),
       (50891, 326, '256', 2, 8000000, 380, 43, 0, 0),
       (50892, 326, '257', 3, 6000000, 380, 43, 0, 0),
       (50893, 326, '258', 3, 15000000, 210, 43, 0, 0);
insert into real_estate_building (id, address, complex_id, floor_count, dev_id)
values (327, 'г. Москва, ул. Краснокаменская, д. 23', 16, 46, 16);
insert into real_estate_object (id, building_id ,local_address, places, price, area, floor, type, estate_type)
values (50894, 327, '1', 3, 9000000, 690, 1, 0, 0),
       (50895, 327, '2', 3, 12000000, 230, 1, 0, 0),
       (50896, 327, '3', 3, 6000000, 500, 1, 0, 0),
       (50897, 327, '4', 1, 8000000, 770, 1, 0, 0),
       (50898, 327, '5', 1, 3000000, 760, 1, 0, 0),
       (50899, 327, '6', 2, 10000000, 650, 1, 0, 0),
       (50900, 327, '7', 1, 13000000, 520, 2, 0, 0),
       (50901, 327, '8', 1, 11000000, 220, 2, 0, 0),
       (50902, 327, '9', 3, 14000000, 200, 2, 0, 0),
       (50903, 327, '10', 1, 7000000, 790, 2, 0, 0),
       (50904, 327, '11', 3, 5000000, 280, 2, 0, 0),
       (50905, 327, '12', 2, 14000000, 710, 2, 0, 0),
       (50906, 327, '13', 3, 8000000, 780, 3, 0, 0),
       (50907, 327, '14', 1, 10000000, 430, 3, 0, 0),
       (50908, 327, '15', 2, 4000000, 770, 3, 0, 0),
       (50909, 327, '16', 1, 3000000, 790, 3, 0, 0),
       (50910, 327, '17', 3, 9000000, 560, 3, 0, 0),
       (50911, 327, '18', 2, 10000000, 280, 3, 0, 0),
       (50912, 327, '19', 3, 13000000, 410, 4, 0, 0),
       (50913, 327, '20', 3, 5000000, 240, 4, 0, 0),
       (50914, 327, '21', 2, 8000000, 760, 4, 0, 0),
       (50915, 327, '22', 1, 6000000, 710, 4, 0, 0),
       (50916, 327, '23', 3, 4000000, 420, 4, 0, 0),
       (50917, 327, '24', 1, 3000000, 250, 4, 0, 0),
       (50918, 327, '25', 3, 8000000, 420, 5, 0, 0),
       (50919, 327, '26', 1, 5000000, 590, 5, 0, 0),
       (50920, 327, '27', 1, 13000000, 520, 5, 0, 0),
       (50921, 327, '28', 1, 12000000, 660, 5, 0, 0),
       (50922, 327, '29', 1, 5000000, 650, 5, 0, 0),
       (50923, 327, '30', 2, 5000000, 230, 5, 0, 0),
       (50924, 327, '31', 1, 13000000, 300, 6, 0, 0),
       (50925, 327, '32', 3, 10000000, 360, 6, 0, 0),
       (50926, 327, '33', 3, 10000000, 340, 6, 0, 0),
       (50927, 327, '34', 2, 13000000, 440, 6, 0, 0),
       (50928, 327, '35', 1, 7000000, 590, 6, 0, 0),
       (50929, 327, '36', 2, 8000000, 630, 6, 0, 0),
       (50930, 327, '37', 2, 8000000, 700, 7, 0, 0),
       (50931, 327, '38', 1, 6000000, 700, 7, 0, 0),
       (50932, 327, '39', 1, 7000000, 690, 7, 0, 0),
       (50933, 327, '40', 2, 11000000, 720, 7, 0, 0),
       (50934, 327, '41', 2, 7000000, 350, 7, 0, 0),
       (50935, 327, '42', 1, 7000000, 350, 7, 0, 0),
       (50936, 327, '43', 3, 7000000, 330, 8, 0, 0),
       (50937, 327, '44', 1, 15000000, 600, 8, 0, 0),
       (50938, 327, '45', 2, 5000000, 630, 8, 0, 0),
       (50939, 327, '46', 1, 8000000, 420, 8, 0, 0),
       (50940, 327, '47', 1, 12000000, 560, 8, 0, 0),
       (50941, 327, '48', 3, 9000000, 410, 8, 0, 0),
       (50942, 327, '49', 3, 8000000, 220, 9, 0, 0),
       (50943, 327, '50', 1, 6000000, 690, 9, 0, 0),
       (50944, 327, '51', 3, 10000000, 440, 9, 0, 0),
       (50945, 327, '52', 1, 6000000, 240, 9, 0, 0),
       (50946, 327, '53', 3, 13000000, 660, 9, 0, 0),
       (50947, 327, '54', 1, 10000000, 570, 9, 0, 0),
       (50948, 327, '55', 3, 8000000, 450, 10, 0, 0),
       (50949, 327, '56', 3, 11000000, 360, 10, 0, 0),
       (50950, 327, '57', 2, 8000000, 280, 10, 0, 0),
       (50951, 327, '58', 1, 10000000, 770, 10, 0, 0),
       (50952, 327, '59', 3, 3000000, 470, 10, 0, 0),
       (50953, 327, '60', 3, 7000000, 580, 10, 0, 0),
       (50954, 327, '61', 1, 3000000, 680, 11, 0, 0),
       (50955, 327, '62', 2, 5000000, 520, 11, 0, 0),
       (50956, 327, '63', 1, 12000000, 640, 11, 0, 0),
       (50957, 327, '64', 1, 14000000, 580, 11, 0, 0),
       (50958, 327, '65', 2, 4000000, 780, 11, 0, 0),
       (50959, 327, '66', 1, 13000000, 300, 11, 0, 0),
       (50960, 327, '67', 2, 14000000, 470, 12, 0, 0),
       (50961, 327, '68', 2, 14000000, 340, 12, 0, 0),
       (50962, 327, '69', 2, 9000000, 420, 12, 0, 0),
       (50963, 327, '70', 2, 3000000, 250, 12, 0, 0),
       (50964, 327, '71', 3, 11000000, 220, 12, 0, 0),
       (50965, 327, '72', 3, 9000000, 760, 12, 0, 0),
       (50966, 327, '73', 3, 5000000, 560, 13, 0, 0),
       (50967, 327, '74', 3, 13000000, 400, 13, 0, 0),
       (50968, 327, '75', 3, 7000000, 320, 13, 0, 0),
       (50969, 327, '76', 2, 5000000, 690, 13, 0, 0),
       (50970, 327, '77', 1, 3000000, 360, 13, 0, 0),
       (50971, 327, '78', 2, 11000000, 730, 13, 0, 0),
       (50972, 327, '79', 3, 4000000, 660, 14, 0, 0),
       (50973, 327, '80', 3, 14000000, 640, 14, 0, 0),
       (50974, 327, '81', 1, 4000000, 640, 14, 0, 0),
       (50975, 327, '82', 2, 11000000, 340, 14, 0, 0),
       (50976, 327, '83', 1, 14000000, 540, 14, 0, 0),
       (50977, 327, '84', 2, 11000000, 660, 14, 0, 0),
       (50978, 327, '85', 2, 3000000, 600, 15, 0, 0),
       (50979, 327, '86', 2, 8000000, 240, 15, 0, 0),
       (50980, 327, '87', 1, 15000000, 440, 15, 0, 0),
       (50981, 327, '88', 3, 12000000, 460, 15, 0, 0),
       (50982, 327, '89', 1, 13000000, 720, 15, 0, 0),
       (50983, 327, '90', 3, 4000000, 360, 15, 0, 0),
       (50984, 327, '91', 2, 10000000, 760, 16, 0, 0),
       (50985, 327, '92', 1, 7000000, 730, 16, 0, 0),
       (50986, 327, '93', 2, 15000000, 470, 16, 0, 0),
       (50987, 327, '94', 3, 13000000, 710, 16, 0, 0),
       (50988, 327, '95', 1, 15000000, 520, 16, 0, 0),
       (50989, 327, '96', 1, 7000000, 460, 16, 0, 0),
       (50990, 327, '97', 1, 13000000, 180, 17, 0, 0),
       (50991, 327, '98', 3, 15000000, 400, 17, 0, 0),
       (50992, 327, '99', 1, 14000000, 620, 17, 0, 0),
       (50993, 327, '100', 2, 8000000, 510, 17, 0, 0),
       (50994, 327, '101', 2, 10000000, 240, 17, 0, 0),
       (50995, 327, '102', 1, 7000000, 440, 17, 0, 0),
       (50996, 327, '103', 3, 10000000, 680, 18, 0, 0),
       (50997, 327, '104', 2, 4000000, 330, 18, 0, 0),
       (50998, 327, '105', 2, 9000000, 360, 18, 0, 0),
       (50999, 327, '106', 2, 9000000, 280, 18, 0, 0),
       (51000, 327, '107', 2, 15000000, 370, 18, 0, 0),
       (51001, 327, '108', 2, 4000000, 610, 18, 0, 0),
       (51002, 327, '109', 1, 7000000, 350, 19, 0, 0),
       (51003, 327, '110', 2, 11000000, 350, 19, 0, 0),
       (51004, 327, '111', 3, 14000000, 530, 19, 0, 0),
       (51005, 327, '112', 3, 6000000, 710, 19, 0, 0),
       (51006, 327, '113', 1, 12000000, 240, 19, 0, 0),
       (51007, 327, '114', 2, 3000000, 770, 19, 0, 0),
       (51008, 327, '115', 2, 10000000, 530, 20, 0, 0),
       (51009, 327, '116', 1, 15000000, 360, 20, 0, 0),
       (51010, 327, '117', 3, 7000000, 510, 20, 0, 0),
       (51011, 327, '118', 3, 9000000, 610, 20, 0, 0),
       (51012, 327, '119', 2, 4000000, 490, 20, 0, 0),
       (51013, 327, '120', 3, 10000000, 400, 20, 0, 0),
       (51014, 327, '121', 3, 14000000, 760, 21, 0, 0),
       (51015, 327, '122', 1, 3000000, 400, 21, 0, 0),
       (51016, 327, '123', 1, 8000000, 500, 21, 0, 0),
       (51017, 327, '124', 2, 10000000, 730, 21, 0, 0),
       (51018, 327, '125', 1, 15000000, 780, 21, 0, 0),
       (51019, 327, '126', 3, 14000000, 400, 21, 0, 0),
       (51020, 327, '127', 3, 12000000, 450, 22, 0, 0),
       (51021, 327, '128', 3, 13000000, 320, 22, 0, 0),
       (51022, 327, '129', 3, 7000000, 280, 22, 0, 0),
       (51023, 327, '130', 3, 10000000, 270, 22, 0, 0),
       (51024, 327, '131', 3, 14000000, 660, 22, 0, 0),
       (51025, 327, '132', 3, 3000000, 520, 22, 0, 0),
       (51026, 327, '133', 3, 13000000, 260, 23, 0, 0),
       (51027, 327, '134', 3, 4000000, 600, 23, 0, 0),
       (51028, 327, '135', 1, 10000000, 430, 23, 0, 0),
       (51029, 327, '136', 1, 9000000, 240, 23, 0, 0),
       (51030, 327, '137', 3, 5000000, 390, 23, 0, 0),
       (51031, 327, '138', 1, 6000000, 560, 23, 0, 0),
       (51032, 327, '139', 2, 7000000, 590, 24, 0, 0),
       (51033, 327, '140', 3, 4000000, 470, 24, 0, 0),
       (51034, 327, '141', 2, 13000000, 600, 24, 0, 0),
       (51035, 327, '142', 2, 13000000, 520, 24, 0, 0),
       (51036, 327, '143', 1, 7000000, 260, 24, 0, 0),
       (51037, 327, '144', 1, 9000000, 480, 24, 0, 0),
       (51038, 327, '145', 1, 7000000, 540, 25, 0, 0),
       (51039, 327, '146', 2, 15000000, 370, 25, 0, 0),
       (51040, 327, '147', 2, 15000000, 410, 25, 0, 0),
       (51041, 327, '148', 2, 14000000, 590, 25, 0, 0),
       (51042, 327, '149', 2, 14000000, 540, 25, 0, 0),
       (51043, 327, '150', 3, 10000000, 770, 25, 0, 0),
       (51044, 327, '151', 2, 12000000, 250, 26, 0, 0),
       (51045, 327, '152', 3, 10000000, 740, 26, 0, 0),
       (51046, 327, '153', 2, 7000000, 640, 26, 0, 0),
       (51047, 327, '154', 2, 7000000, 580, 26, 0, 0),
       (51048, 327, '155', 2, 4000000, 480, 26, 0, 0),
       (51049, 327, '156', 1, 3000000, 450, 26, 0, 0),
       (51050, 327, '157', 2, 7000000, 740, 27, 0, 0),
       (51051, 327, '158', 2, 11000000, 450, 27, 0, 0),
       (51052, 327, '159', 2, 5000000, 710, 27, 0, 0),
       (51053, 327, '160', 2, 14000000, 570, 27, 0, 0),
       (51054, 327, '161', 3, 11000000, 380, 27, 0, 0),
       (51055, 327, '162', 2, 13000000, 560, 27, 0, 0),
       (51056, 327, '163', 2, 13000000, 250, 28, 0, 0),
       (51057, 327, '164', 1, 10000000, 470, 28, 0, 0),
       (51058, 327, '165', 2, 15000000, 650, 28, 0, 0),
       (51059, 327, '166', 1, 13000000, 360, 28, 0, 0),
       (51060, 327, '167', 1, 12000000, 480, 28, 0, 0),
       (51061, 327, '168', 2, 14000000, 730, 28, 0, 0),
       (51062, 327, '169', 1, 12000000, 290, 29, 0, 0),
       (51063, 327, '170', 1, 7000000, 630, 29, 0, 0),
       (51064, 327, '171', 3, 9000000, 630, 29, 0, 0),
       (51065, 327, '172', 1, 7000000, 790, 29, 0, 0),
       (51066, 327, '173', 1, 10000000, 710, 29, 0, 0),
       (51067, 327, '174', 3, 10000000, 600, 29, 0, 0),
       (51068, 327, '175', 2, 14000000, 480, 30, 0, 0),
       (51069, 327, '176', 1, 4000000, 190, 30, 0, 0),
       (51070, 327, '177', 3, 3000000, 560, 30, 0, 0),
       (51071, 327, '178', 3, 8000000, 260, 30, 0, 0),
       (51072, 327, '179', 1, 13000000, 670, 30, 0, 0),
       (51073, 327, '180', 1, 7000000, 420, 30, 0, 0),
       (51074, 327, '181', 3, 13000000, 780, 31, 0, 0),
       (51075, 327, '182', 2, 10000000, 780, 31, 0, 0),
       (51076, 327, '183', 1, 12000000, 580, 31, 0, 0),
       (51077, 327, '184', 3, 10000000, 190, 31, 0, 0),
       (51078, 327, '185', 2, 4000000, 490, 31, 0, 0),
       (51079, 327, '186', 2, 10000000, 470, 31, 0, 0),
       (51080, 327, '187', 2, 12000000, 350, 32, 0, 0),
       (51081, 327, '188', 1, 12000000, 320, 32, 0, 0),
       (51082, 327, '189', 3, 4000000, 750, 32, 0, 0),
       (51083, 327, '190', 2, 6000000, 410, 32, 0, 0),
       (51084, 327, '191', 2, 11000000, 630, 32, 0, 0),
       (51085, 327, '192', 2, 4000000, 430, 32, 0, 0),
       (51086, 327, '193', 2, 4000000, 550, 33, 0, 0),
       (51087, 327, '194', 1, 6000000, 210, 33, 0, 0),
       (51088, 327, '195', 3, 8000000, 450, 33, 0, 0),
       (51089, 327, '196', 1, 11000000, 590, 33, 0, 0),
       (51090, 327, '197', 2, 12000000, 750, 33, 0, 0),
       (51091, 327, '198', 3, 9000000, 340, 33, 0, 0),
       (51092, 327, '199', 3, 13000000, 620, 34, 0, 0),
       (51093, 327, '200', 2, 6000000, 460, 34, 0, 0),
       (51094, 327, '201', 2, 14000000, 460, 34, 0, 0),
       (51095, 327, '202', 2, 4000000, 430, 34, 0, 0),
       (51096, 327, '203', 3, 10000000, 340, 34, 0, 0),
       (51097, 327, '204', 3, 12000000, 560, 34, 0, 0),
       (51098, 327, '205', 3, 6000000, 360, 35, 0, 0),
       (51099, 327, '206', 1, 12000000, 760, 35, 0, 0),
       (51100, 327, '207', 2, 11000000, 360, 35, 0, 0),
       (51101, 327, '208', 1, 12000000, 420, 35, 0, 0),
       (51102, 327, '209', 3, 11000000, 310, 35, 0, 0),
       (51103, 327, '210', 2, 8000000, 680, 35, 0, 0),
       (51104, 327, '211', 3, 6000000, 260, 36, 0, 0),
       (51105, 327, '212', 3, 13000000, 580, 36, 0, 0),
       (51106, 327, '213', 3, 10000000, 450, 36, 0, 0),
       (51107, 327, '214', 3, 15000000, 530, 36, 0, 0),
       (51108, 327, '215', 3, 14000000, 450, 36, 0, 0),
       (51109, 327, '216', 1, 5000000, 210, 36, 0, 0),
       (51110, 327, '217', 1, 13000000, 290, 37, 0, 0),
       (51111, 327, '218', 3, 6000000, 260, 37, 0, 0),
       (51112, 327, '219', 1, 4000000, 670, 37, 0, 0),
       (51113, 327, '220', 1, 9000000, 430, 37, 0, 0),
       (51114, 327, '221', 3, 9000000, 460, 37, 0, 0),
       (51115, 327, '222', 1, 3000000, 210, 37, 0, 0),
       (51116, 327, '223', 2, 4000000, 630, 38, 0, 0),
       (51117, 327, '224', 2, 4000000, 530, 38, 0, 0),
       (51118, 327, '225', 1, 3000000, 610, 38, 0, 0),
       (51119, 327, '226', 1, 13000000, 650, 38, 0, 0),
       (51120, 327, '227', 1, 12000000, 470, 38, 0, 0),
       (51121, 327, '228', 2, 5000000, 760, 38, 0, 0),
       (51122, 327, '229', 3, 6000000, 750, 39, 0, 0),
       (51123, 327, '230', 2, 13000000, 690, 39, 0, 0),
       (51124, 327, '231', 1, 7000000, 520, 39, 0, 0),
       (51125, 327, '232', 1, 6000000, 280, 39, 0, 0),
       (51126, 327, '233', 3, 12000000, 290, 39, 0, 0),
       (51127, 327, '234', 3, 11000000, 790, 39, 0, 0),
       (51128, 327, '235', 3, 15000000, 690, 40, 0, 0),
       (51129, 327, '236', 3, 5000000, 570, 40, 0, 0),
       (51130, 327, '237', 2, 11000000, 580, 40, 0, 0),
       (51131, 327, '238', 2, 11000000, 200, 40, 0, 0),
       (51132, 327, '239', 3, 14000000, 490, 40, 0, 0),
       (51133, 327, '240', 3, 11000000, 340, 40, 0, 0),
       (51134, 327, '241', 1, 13000000, 620, 41, 0, 0),
       (51135, 327, '242', 1, 10000000, 530, 41, 0, 0),
       (51136, 327, '243', 2, 10000000, 280, 41, 0, 0),
       (51137, 327, '244', 2, 9000000, 430, 41, 0, 0),
       (51138, 327, '245', 1, 11000000, 720, 41, 0, 0),
       (51139, 327, '246', 2, 13000000, 390, 41, 0, 0),
       (51140, 327, '247', 2, 3000000, 660, 42, 0, 0),
       (51141, 327, '248', 2, 4000000, 790, 42, 0, 0),
       (51142, 327, '249', 2, 12000000, 380, 42, 0, 0),
       (51143, 327, '250', 3, 9000000, 660, 42, 0, 0),
       (51144, 327, '251', 2, 11000000, 180, 42, 0, 0),
       (51145, 327, '252', 3, 14000000, 240, 42, 0, 0),
       (51146, 327, '253', 1, 9000000, 340, 43, 0, 0),
       (51147, 327, '254', 3, 6000000, 600, 43, 0, 0),
       (51148, 327, '255', 1, 5000000, 320, 43, 0, 0),
       (51149, 327, '256', 1, 8000000, 180, 43, 0, 0),
       (51150, 327, '257', 2, 11000000, 420, 43, 0, 0),
       (51151, 327, '258', 3, 6000000, 750, 43, 0, 0),
       (51152, 327, '259', 1, 4000000, 280, 44, 0, 0),
       (51153, 327, '260', 1, 6000000, 370, 44, 0, 0),
       (51154, 327, '261', 2, 10000000, 400, 44, 0, 0),
       (51155, 327, '262', 2, 10000000, 720, 44, 0, 0),
       (51156, 327, '263', 1, 4000000, 210, 44, 0, 0),
       (51157, 327, '264', 3, 5000000, 430, 44, 0, 0),
       (51158, 327, '265', 2, 5000000, 390, 45, 0, 0),
       (51159, 327, '266', 2, 12000000, 320, 45, 0, 0),
       (51160, 327, '267', 1, 12000000, 510, 45, 0, 0),
       (51161, 327, '268', 1, 13000000, 600, 45, 0, 0),
       (51162, 327, '269', 2, 4000000, 420, 45, 0, 0),
       (51163, 327, '270', 2, 12000000, 550, 45, 0, 0),
       (51164, 327, '271', 2, 12000000, 440, 46, 0, 0),
       (51165, 327, '272', 1, 10000000, 600, 46, 0, 0),
       (51166, 327, '273', 2, 11000000, 280, 46, 0, 0),
       (51167, 327, '274', 3, 4000000, 510, 46, 0, 0),
       (51168, 327, '275', 3, 4000000, 440, 46, 0, 0),
       (51169, 327, '276', 1, 15000000, 460, 46, 0, 0);
insert into real_estate_building (id, address, complex_id, floor_count, dev_id)
values (328, 'г. Москва, ул. Краснокаменская, д. 24', 16, 43, 16);
insert into real_estate_object (id, building_id ,local_address, places, price, area, floor, type, estate_type)
values (51170, 328, '1', 2, 10000000, 590, 1, 0, 0),
       (51171, 328, '2', 3, 4000000, 570, 1, 0, 0),
       (51172, 328, '3', 2, 4000000, 660, 1, 0, 0),
       (51173, 328, '4', 2, 3000000, 460, 1, 0, 0),
       (51174, 328, '5', 2, 13000000, 210, 1, 0, 0),
       (51175, 328, '6', 1, 13000000, 250, 1, 0, 0),
       (51176, 328, '7', 1, 10000000, 700, 2, 0, 0),
       (51177, 328, '8', 2, 6000000, 540, 2, 0, 0),
       (51178, 328, '9', 2, 14000000, 260, 2, 0, 0),
       (51179, 328, '10', 2, 8000000, 710, 2, 0, 0),
       (51180, 328, '11', 2, 10000000, 640, 2, 0, 0),
       (51181, 328, '12', 3, 7000000, 590, 2, 0, 0),
       (51182, 328, '13', 1, 8000000, 560, 3, 0, 0),
       (51183, 328, '14', 1, 10000000, 800, 3, 0, 0),
       (51184, 328, '15', 2, 13000000, 370, 3, 0, 0),
       (51185, 328, '16', 2, 14000000, 390, 3, 0, 0),
       (51186, 328, '17', 3, 6000000, 330, 3, 0, 0),
       (51187, 328, '18', 2, 5000000, 750, 3, 0, 0),
       (51188, 328, '19', 1, 13000000, 800, 4, 0, 0),
       (51189, 328, '20', 1, 10000000, 400, 4, 0, 0),
       (51190, 328, '21', 3, 8000000, 760, 4, 0, 0),
       (51191, 328, '22', 3, 6000000, 380, 4, 0, 0),
       (51192, 328, '23', 2, 7000000, 380, 4, 0, 0),
       (51193, 328, '24', 3, 9000000, 750, 4, 0, 0),
       (51194, 328, '25', 1, 11000000, 760, 5, 0, 0),
       (51195, 328, '26', 3, 11000000, 600, 5, 0, 0),
       (51196, 328, '27', 1, 11000000, 180, 5, 0, 0),
       (51197, 328, '28', 1, 10000000, 530, 5, 0, 0),
       (51198, 328, '29', 2, 10000000, 760, 5, 0, 0),
       (51199, 328, '30', 1, 12000000, 420, 5, 0, 0),
       (51200, 328, '31', 2, 14000000, 290, 6, 0, 0),
       (51201, 328, '32', 2, 13000000, 570, 6, 0, 0),
       (51202, 328, '33', 2, 13000000, 620, 6, 0, 0),
       (51203, 328, '34', 1, 4000000, 210, 6, 0, 0),
       (51204, 328, '35', 2, 3000000, 720, 6, 0, 0),
       (51205, 328, '36', 2, 12000000, 390, 6, 0, 0),
       (51206, 328, '37', 1, 6000000, 250, 7, 0, 0),
       (51207, 328, '38', 2, 11000000, 520, 7, 0, 0),
       (51208, 328, '39', 2, 8000000, 690, 7, 0, 0),
       (51209, 328, '40', 2, 3000000, 440, 7, 0, 0),
       (51210, 328, '41', 2, 15000000, 660, 7, 0, 0),
       (51211, 328, '42', 3, 15000000, 620, 7, 0, 0),
       (51212, 328, '43', 1, 9000000, 300, 8, 0, 0),
       (51213, 328, '44', 1, 5000000, 400, 8, 0, 0),
       (51214, 328, '45', 3, 12000000, 470, 8, 0, 0),
       (51215, 328, '46', 3, 3000000, 180, 8, 0, 0),
       (51216, 328, '47', 2, 13000000, 370, 8, 0, 0),
       (51217, 328, '48', 3, 8000000, 320, 8, 0, 0),
       (51218, 328, '49', 3, 14000000, 370, 9, 0, 0),
       (51219, 328, '50', 1, 6000000, 460, 9, 0, 0),
       (51220, 328, '51', 1, 11000000, 220, 9, 0, 0),
       (51221, 328, '52', 3, 4000000, 690, 9, 0, 0),
       (51222, 328, '53', 3, 8000000, 550, 9, 0, 0),
       (51223, 328, '54', 2, 12000000, 310, 9, 0, 0),
       (51224, 328, '55', 3, 3000000, 310, 10, 0, 0),
       (51225, 328, '56', 2, 13000000, 590, 10, 0, 0),
       (51226, 328, '57', 2, 14000000, 500, 10, 0, 0),
       (51227, 328, '58', 1, 14000000, 750, 10, 0, 0),
       (51228, 328, '59', 1, 9000000, 450, 10, 0, 0),
       (51229, 328, '60', 1, 11000000, 240, 10, 0, 0),
       (51230, 328, '61', 1, 12000000, 500, 11, 0, 0),
       (51231, 328, '62', 1, 9000000, 410, 11, 0, 0),
       (51232, 328, '63', 2, 4000000, 270, 11, 0, 0),
       (51233, 328, '64', 1, 11000000, 580, 11, 0, 0),
       (51234, 328, '65', 3, 11000000, 800, 11, 0, 0),
       (51235, 328, '66', 1, 3000000, 410, 11, 0, 0),
       (51236, 328, '67', 3, 3000000, 570, 12, 0, 0),
       (51237, 328, '68', 1, 9000000, 350, 12, 0, 0),
       (51238, 328, '69', 3, 11000000, 760, 12, 0, 0),
       (51239, 328, '70', 3, 13000000, 490, 12, 0, 0),
       (51240, 328, '71', 1, 12000000, 550, 12, 0, 0),
       (51241, 328, '72', 1, 9000000, 480, 12, 0, 0),
       (51242, 328, '73', 2, 8000000, 780, 13, 0, 0),
       (51243, 328, '74', 2, 7000000, 770, 13, 0, 0),
       (51244, 328, '75', 1, 8000000, 490, 13, 0, 0),
       (51245, 328, '76', 1, 7000000, 760, 13, 0, 0),
       (51246, 328, '77', 1, 5000000, 580, 13, 0, 0),
       (51247, 328, '78', 2, 7000000, 680, 13, 0, 0),
       (51248, 328, '79', 3, 9000000, 650, 14, 0, 0),
       (51249, 328, '80', 1, 11000000, 300, 14, 0, 0),
       (51250, 328, '81', 2, 7000000, 520, 14, 0, 0),
       (51251, 328, '82', 3, 10000000, 300, 14, 0, 0),
       (51252, 328, '83', 3, 15000000, 220, 14, 0, 0),
       (51253, 328, '84', 3, 10000000, 660, 14, 0, 0),
       (51254, 328, '85', 1, 9000000, 430, 15, 0, 0),
       (51255, 328, '86', 2, 4000000, 280, 15, 0, 0),
       (51256, 328, '87', 1, 13000000, 520, 15, 0, 0),
       (51257, 328, '88', 1, 4000000, 360, 15, 0, 0),
       (51258, 328, '89', 2, 7000000, 520, 15, 0, 0),
       (51259, 328, '90', 1, 4000000, 600, 15, 0, 0),
       (51260, 328, '91', 1, 8000000, 350, 16, 0, 0),
       (51261, 328, '92', 1, 10000000, 180, 16, 0, 0),
       (51262, 328, '93', 1, 7000000, 670, 16, 0, 0),
       (51263, 328, '94', 3, 3000000, 490, 16, 0, 0),
       (51264, 328, '95', 1, 8000000, 380, 16, 0, 0),
       (51265, 328, '96', 3, 10000000, 680, 16, 0, 0),
       (51266, 328, '97', 2, 7000000, 690, 17, 0, 0),
       (51267, 328, '98', 2, 3000000, 670, 17, 0, 0),
       (51268, 328, '99', 3, 13000000, 610, 17, 0, 0),
       (51269, 328, '100', 3, 9000000, 260, 17, 0, 0),
       (51270, 328, '101', 3, 4000000, 340, 17, 0, 0),
       (51271, 328, '102', 3, 7000000, 190, 17, 0, 0),
       (51272, 328, '103', 1, 8000000, 730, 18, 0, 0),
       (51273, 328, '104', 3, 6000000, 400, 18, 0, 0),
       (51274, 328, '105', 1, 14000000, 530, 18, 0, 0),
       (51275, 328, '106', 3, 5000000, 680, 18, 0, 0),
       (51276, 328, '107', 1, 8000000, 350, 18, 0, 0),
       (51277, 328, '108', 3, 13000000, 180, 18, 0, 0),
       (51278, 328, '109', 2, 14000000, 220, 19, 0, 0),
       (51279, 328, '110', 2, 6000000, 350, 19, 0, 0),
       (51280, 328, '111', 3, 15000000, 650, 19, 0, 0),
       (51281, 328, '112', 1, 8000000, 580, 19, 0, 0),
       (51282, 328, '113', 3, 9000000, 230, 19, 0, 0),
       (51283, 328, '114', 3, 6000000, 720, 19, 0, 0),
       (51284, 328, '115', 2, 12000000, 730, 20, 0, 0),
       (51285, 328, '116', 2, 7000000, 240, 20, 0, 0),
       (51286, 328, '117', 3, 9000000, 470, 20, 0, 0),
       (51287, 328, '118', 1, 7000000, 740, 20, 0, 0),
       (51288, 328, '119', 2, 12000000, 270, 20, 0, 0),
       (51289, 328, '120', 1, 9000000, 700, 20, 0, 0),
       (51290, 328, '121', 2, 4000000, 580, 21, 0, 0),
       (51291, 328, '122', 1, 11000000, 760, 21, 0, 0),
       (51292, 328, '123', 2, 14000000, 490, 21, 0, 0),
       (51293, 328, '124', 2, 12000000, 650, 21, 0, 0),
       (51294, 328, '125', 3, 4000000, 650, 21, 0, 0),
       (51295, 328, '126', 1, 4000000, 460, 21, 0, 0),
       (51296, 328, '127', 2, 9000000, 730, 22, 0, 0),
       (51297, 328, '128', 1, 15000000, 710, 22, 0, 0),
       (51298, 328, '129', 2, 5000000, 350, 22, 0, 0),
       (51299, 328, '130', 2, 4000000, 510, 22, 0, 0),
       (51300, 328, '131', 2, 8000000, 460, 22, 0, 0),
       (51301, 328, '132', 3, 11000000, 620, 22, 0, 0),
       (51302, 328, '133', 2, 9000000, 780, 23, 0, 0),
       (51303, 328, '134', 2, 9000000, 260, 23, 0, 0),
       (51304, 328, '135', 1, 7000000, 540, 23, 0, 0),
       (51305, 328, '136', 3, 13000000, 770, 23, 0, 0),
       (51306, 328, '137', 3, 14000000, 700, 23, 0, 0),
       (51307, 328, '138', 3, 14000000, 540, 23, 0, 0),
       (51308, 328, '139', 1, 12000000, 800, 24, 0, 0),
       (51309, 328, '140', 1, 4000000, 770, 24, 0, 0),
       (51310, 328, '141', 3, 13000000, 630, 24, 0, 0),
       (51311, 328, '142', 1, 11000000, 560, 24, 0, 0),
       (51312, 328, '143', 1, 8000000, 290, 24, 0, 0),
       (51313, 328, '144', 2, 5000000, 720, 24, 0, 0),
       (51314, 328, '145', 1, 6000000, 790, 25, 0, 0),
       (51315, 328, '146', 1, 5000000, 510, 25, 0, 0),
       (51316, 328, '147', 1, 15000000, 470, 25, 0, 0),
       (51317, 328, '148', 1, 12000000, 300, 25, 0, 0),
       (51318, 328, '149', 3, 14000000, 600, 25, 0, 0),
       (51319, 328, '150', 3, 3000000, 670, 25, 0, 0),
       (51320, 328, '151', 3, 9000000, 450, 26, 0, 0),
       (51321, 328, '152', 1, 13000000, 360, 26, 0, 0),
       (51322, 328, '153', 3, 15000000, 470, 26, 0, 0),
       (51323, 328, '154', 1, 11000000, 210, 26, 0, 0),
       (51324, 328, '155', 1, 14000000, 480, 26, 0, 0),
       (51325, 328, '156', 3, 10000000, 640, 26, 0, 0),
       (51326, 328, '157', 2, 4000000, 320, 27, 0, 0),
       (51327, 328, '158', 3, 14000000, 380, 27, 0, 0),
       (51328, 328, '159', 1, 10000000, 500, 27, 0, 0),
       (51329, 328, '160', 3, 15000000, 280, 27, 0, 0),
       (51330, 328, '161', 1, 12000000, 280, 27, 0, 0),
       (51331, 328, '162', 3, 8000000, 640, 27, 0, 0),
       (51332, 328, '163', 3, 4000000, 470, 28, 0, 0),
       (51333, 328, '164', 1, 13000000, 280, 28, 0, 0),
       (51334, 328, '165', 3, 3000000, 420, 28, 0, 0),
       (51335, 328, '166', 2, 11000000, 430, 28, 0, 0),
       (51336, 328, '167', 1, 10000000, 460, 28, 0, 0),
       (51337, 328, '168', 2, 9000000, 690, 28, 0, 0),
       (51338, 328, '169', 2, 13000000, 460, 29, 0, 0),
       (51339, 328, '170', 3, 9000000, 520, 29, 0, 0),
       (51340, 328, '171', 3, 9000000, 740, 29, 0, 0),
       (51341, 328, '172', 2, 7000000, 500, 29, 0, 0),
       (51342, 328, '173', 2, 8000000, 490, 29, 0, 0),
       (51343, 328, '174', 1, 13000000, 440, 29, 0, 0),
       (51344, 328, '175', 2, 7000000, 630, 30, 0, 0),
       (51345, 328, '176', 1, 3000000, 440, 30, 0, 0),
       (51346, 328, '177', 2, 15000000, 520, 30, 0, 0),
       (51347, 328, '178', 2, 6000000, 260, 30, 0, 0),
       (51348, 328, '179', 3, 14000000, 760, 30, 0, 0),
       (51349, 328, '180', 1, 15000000, 320, 30, 0, 0),
       (51350, 328, '181', 2, 15000000, 700, 31, 0, 0),
       (51351, 328, '182', 2, 14000000, 350, 31, 0, 0),
       (51352, 328, '183', 3, 4000000, 680, 31, 0, 0),
       (51353, 328, '184', 2, 7000000, 690, 31, 0, 0),
       (51354, 328, '185', 2, 5000000, 420, 31, 0, 0),
       (51355, 328, '186', 1, 10000000, 320, 31, 0, 0),
       (51356, 328, '187', 1, 6000000, 240, 32, 0, 0),
       (51357, 328, '188', 3, 5000000, 500, 32, 0, 0),
       (51358, 328, '189', 2, 6000000, 470, 32, 0, 0),
       (51359, 328, '190', 3, 12000000, 680, 32, 0, 0),
       (51360, 328, '191', 1, 9000000, 400, 32, 0, 0),
       (51361, 328, '192', 1, 6000000, 340, 32, 0, 0),
       (51362, 328, '193', 2, 13000000, 720, 33, 0, 0),
       (51363, 328, '194', 1, 11000000, 680, 33, 0, 0),
       (51364, 328, '195', 2, 3000000, 450, 33, 0, 0),
       (51365, 328, '196', 3, 5000000, 360, 33, 0, 0),
       (51366, 328, '197', 2, 8000000, 200, 33, 0, 0),
       (51367, 328, '198', 1, 11000000, 800, 33, 0, 0),
       (51368, 328, '199', 1, 3000000, 460, 34, 0, 0),
       (51369, 328, '200', 2, 9000000, 490, 34, 0, 0),
       (51370, 328, '201', 2, 14000000, 460, 34, 0, 0),
       (51371, 328, '202', 3, 15000000, 740, 34, 0, 0),
       (51372, 328, '203', 3, 14000000, 180, 34, 0, 0),
       (51373, 328, '204', 3, 6000000, 480, 34, 0, 0),
       (51374, 328, '205', 3, 3000000, 740, 35, 0, 0),
       (51375, 328, '206', 1, 15000000, 720, 35, 0, 0),
       (51376, 328, '207', 2, 7000000, 570, 35, 0, 0),
       (51377, 328, '208', 3, 8000000, 420, 35, 0, 0),
       (51378, 328, '209', 1, 3000000, 750, 35, 0, 0),
       (51379, 328, '210', 1, 5000000, 730, 35, 0, 0),
       (51380, 328, '211', 1, 9000000, 610, 36, 0, 0),
       (51381, 328, '212', 2, 4000000, 320, 36, 0, 0),
       (51382, 328, '213', 3, 9000000, 730, 36, 0, 0),
       (51383, 328, '214', 3, 15000000, 720, 36, 0, 0),
       (51384, 328, '215', 3, 7000000, 520, 36, 0, 0),
       (51385, 328, '216', 2, 9000000, 790, 36, 0, 0),
       (51386, 328, '217', 1, 15000000, 280, 37, 0, 0),
       (51387, 328, '218', 2, 4000000, 580, 37, 0, 0),
       (51388, 328, '219', 2, 4000000, 260, 37, 0, 0),
       (51389, 328, '220', 1, 5000000, 380, 37, 0, 0),
       (51390, 328, '221', 1, 5000000, 310, 37, 0, 0),
       (51391, 328, '222', 2, 7000000, 330, 37, 0, 0),
       (51392, 328, '223', 3, 12000000, 290, 38, 0, 0),
       (51393, 328, '224', 2, 7000000, 500, 38, 0, 0),
       (51394, 328, '225', 2, 7000000, 210, 38, 0, 0),
       (51395, 328, '226', 3, 5000000, 510, 38, 0, 0),
       (51396, 328, '227', 3, 15000000, 750, 38, 0, 0),
       (51397, 328, '228', 2, 5000000, 400, 38, 0, 0),
       (51398, 328, '229', 3, 11000000, 340, 39, 0, 0),
       (51399, 328, '230', 1, 11000000, 520, 39, 0, 0),
       (51400, 328, '231', 2, 15000000, 510, 39, 0, 0),
       (51401, 328, '232', 1, 10000000, 620, 39, 0, 0),
       (51402, 328, '233', 1, 15000000, 580, 39, 0, 0),
       (51403, 328, '234', 3, 5000000, 720, 39, 0, 0),
       (51404, 328, '235', 3, 6000000, 760, 40, 0, 0),
       (51405, 328, '236', 3, 5000000, 180, 40, 0, 0),
       (51406, 328, '237', 3, 13000000, 380, 40, 0, 0),
       (51407, 328, '238', 3, 13000000, 510, 40, 0, 0),
       (51408, 328, '239', 2, 3000000, 660, 40, 0, 0),
       (51409, 328, '240', 3, 15000000, 350, 40, 0, 0),
       (51410, 328, '241', 2, 12000000, 530, 41, 0, 0),
       (51411, 328, '242', 1, 12000000, 280, 41, 0, 0),
       (51412, 328, '243', 1, 7000000, 590, 41, 0, 0),
       (51413, 328, '244', 1, 9000000, 750, 41, 0, 0),
       (51414, 328, '245', 2, 11000000, 470, 41, 0, 0),
       (51415, 328, '246', 3, 15000000, 250, 41, 0, 0),
       (51416, 328, '247', 3, 5000000, 370, 42, 0, 0),
       (51417, 328, '248', 2, 6000000, 620, 42, 0, 0),
       (51418, 328, '249', 2, 12000000, 780, 42, 0, 0),
       (51419, 328, '250', 1, 15000000, 180, 42, 0, 0),
       (51420, 328, '251', 3, 7000000, 440, 42, 0, 0),
       (51421, 328, '252', 2, 9000000, 370, 42, 0, 0),
       (51422, 328, '253', 2, 9000000, 300, 43, 0, 0),
       (51423, 328, '254', 2, 8000000, 180, 43, 0, 0),
       (51424, 328, '255', 1, 15000000, 760, 43, 0, 0),
       (51425, 328, '256', 2, 5000000, 330, 43, 0, 0),
       (51426, 328, '257', 2, 11000000, 740, 43, 0, 0),
       (51427, 328, '258', 1, 5000000, 340, 43, 0, 0);
insert into real_estate_building (id, address, complex_id, floor_count, dev_id)
values (329, 'г. Москва, ул. Краснокаменская, д. 25', 16, 43, 16);
insert into real_estate_object (id, building_id ,local_address, places, price, area, floor, type, estate_type)
values (51428, 329, '1', 3, 15000000, 730, 1, 0, 0),
       (51429, 329, '2', 1, 3000000, 660, 1, 0, 0),
       (51430, 329, '3', 2, 10000000, 290, 1, 0, 0),
       (51431, 329, '4', 1, 11000000, 680, 1, 0, 0),
       (51432, 329, '5', 1, 15000000, 690, 1, 0, 0),
       (51433, 329, '6', 2, 6000000, 650, 1, 0, 0),
       (51434, 329, '7', 1, 15000000, 560, 2, 0, 0),
       (51435, 329, '8', 2, 9000000, 460, 2, 0, 0),
       (51436, 329, '9', 3, 15000000, 730, 2, 0, 0),
       (51437, 329, '10', 2, 11000000, 400, 2, 0, 0),
       (51438, 329, '11', 2, 3000000, 660, 2, 0, 0),
       (51439, 329, '12', 1, 13000000, 320, 2, 0, 0),
       (51440, 329, '13', 1, 4000000, 470, 3, 0, 0),
       (51441, 329, '14', 3, 14000000, 270, 3, 0, 0),
       (51442, 329, '15', 1, 4000000, 330, 3, 0, 0),
       (51443, 329, '16', 3, 15000000, 270, 3, 0, 0),
       (51444, 329, '17', 2, 4000000, 470, 3, 0, 0),
       (51445, 329, '18', 2, 3000000, 770, 3, 0, 0),
       (51446, 329, '19', 3, 13000000, 760, 4, 0, 0),
       (51447, 329, '20', 1, 5000000, 460, 4, 0, 0),
       (51448, 329, '21', 1, 5000000, 680, 4, 0, 0),
       (51449, 329, '22', 2, 13000000, 320, 4, 0, 0),
       (51450, 329, '23', 2, 12000000, 200, 4, 0, 0),
       (51451, 329, '24', 3, 15000000, 400, 4, 0, 0),
       (51452, 329, '25', 3, 9000000, 350, 5, 0, 0),
       (51453, 329, '26', 3, 3000000, 320, 5, 0, 0),
       (51454, 329, '27', 2, 4000000, 680, 5, 0, 0),
       (51455, 329, '28', 2, 6000000, 680, 5, 0, 0),
       (51456, 329, '29', 2, 13000000, 690, 5, 0, 0),
       (51457, 329, '30', 3, 13000000, 500, 5, 0, 0),
       (51458, 329, '31', 3, 9000000, 590, 6, 0, 0),
       (51459, 329, '32', 2, 10000000, 660, 6, 0, 0),
       (51460, 329, '33', 2, 9000000, 380, 6, 0, 0),
       (51461, 329, '34', 2, 14000000, 620, 6, 0, 0),
       (51462, 329, '35', 3, 6000000, 300, 6, 0, 0),
       (51463, 329, '36', 2, 5000000, 490, 6, 0, 0),
       (51464, 329, '37', 3, 13000000, 440, 7, 0, 0),
       (51465, 329, '38', 1, 4000000, 210, 7, 0, 0),
       (51466, 329, '39', 3, 15000000, 430, 7, 0, 0),
       (51467, 329, '40', 1, 9000000, 770, 7, 0, 0),
       (51468, 329, '41', 2, 4000000, 520, 7, 0, 0),
       (51469, 329, '42', 3, 11000000, 570, 7, 0, 0),
       (51470, 329, '43', 2, 3000000, 210, 8, 0, 0),
       (51471, 329, '44', 2, 5000000, 560, 8, 0, 0),
       (51472, 329, '45', 2, 12000000, 420, 8, 0, 0),
       (51473, 329, '46', 3, 7000000, 280, 8, 0, 0),
       (51474, 329, '47', 1, 5000000, 350, 8, 0, 0),
       (51475, 329, '48', 2, 13000000, 590, 8, 0, 0),
       (51476, 329, '49', 3, 5000000, 620, 9, 0, 0),
       (51477, 329, '50', 3, 9000000, 460, 9, 0, 0),
       (51478, 329, '51', 1, 3000000, 670, 9, 0, 0),
       (51479, 329, '52', 3, 5000000, 240, 9, 0, 0),
       (51480, 329, '53', 2, 8000000, 300, 9, 0, 0),
       (51481, 329, '54', 3, 3000000, 360, 9, 0, 0),
       (51482, 329, '55', 1, 14000000, 610, 10, 0, 0),
       (51483, 329, '56', 2, 4000000, 380, 10, 0, 0),
       (51484, 329, '57', 3, 11000000, 750, 10, 0, 0),
       (51485, 329, '58', 1, 13000000, 650, 10, 0, 0),
       (51486, 329, '59', 1, 15000000, 260, 10, 0, 0),
       (51487, 329, '60', 3, 13000000, 300, 10, 0, 0),
       (51488, 329, '61', 1, 5000000, 660, 11, 0, 0),
       (51489, 329, '62', 3, 9000000, 770, 11, 0, 0),
       (51490, 329, '63', 3, 7000000, 410, 11, 0, 0),
       (51491, 329, '64', 1, 5000000, 370, 11, 0, 0),
       (51492, 329, '65', 1, 8000000, 740, 11, 0, 0),
       (51493, 329, '66', 2, 4000000, 740, 11, 0, 0),
       (51494, 329, '67', 2, 12000000, 670, 12, 0, 0),
       (51495, 329, '68', 1, 14000000, 490, 12, 0, 0),
       (51496, 329, '69', 1, 4000000, 220, 12, 0, 0),
       (51497, 329, '70', 2, 8000000, 730, 12, 0, 0),
       (51498, 329, '71', 2, 11000000, 520, 12, 0, 0),
       (51499, 329, '72', 2, 10000000, 290, 12, 0, 0),
       (51500, 329, '73', 3, 3000000, 530, 13, 0, 0),
       (51501, 329, '74', 1, 15000000, 390, 13, 0, 0),
       (51502, 329, '75', 3, 13000000, 660, 13, 0, 0),
       (51503, 329, '76', 3, 14000000, 400, 13, 0, 0),
       (51504, 329, '77', 2, 6000000, 740, 13, 0, 0),
       (51505, 329, '78', 2, 9000000, 540, 13, 0, 0),
       (51506, 329, '79', 2, 15000000, 250, 14, 0, 0),
       (51507, 329, '80', 3, 13000000, 500, 14, 0, 0),
       (51508, 329, '81', 2, 12000000, 780, 14, 0, 0),
       (51509, 329, '82', 1, 4000000, 540, 14, 0, 0),
       (51510, 329, '83', 2, 5000000, 250, 14, 0, 0),
       (51511, 329, '84', 3, 8000000, 510, 14, 0, 0),
       (51512, 329, '85', 3, 14000000, 230, 15, 0, 0),
       (51513, 329, '86', 2, 9000000, 660, 15, 0, 0),
       (51514, 329, '87', 2, 6000000, 560, 15, 0, 0),
       (51515, 329, '88', 1, 15000000, 250, 15, 0, 0),
       (51516, 329, '89', 1, 5000000, 760, 15, 0, 0),
       (51517, 329, '90', 1, 6000000, 740, 15, 0, 0),
       (51518, 329, '91', 1, 4000000, 800, 16, 0, 0),
       (51519, 329, '92', 1, 11000000, 720, 16, 0, 0),
       (51520, 329, '93', 2, 13000000, 390, 16, 0, 0),
       (51521, 329, '94', 2, 7000000, 610, 16, 0, 0),
       (51522, 329, '95', 1, 3000000, 360, 16, 0, 0),
       (51523, 329, '96', 2, 7000000, 670, 16, 0, 0),
       (51524, 329, '97', 1, 10000000, 190, 17, 0, 0),
       (51525, 329, '98', 2, 10000000, 670, 17, 0, 0),
       (51526, 329, '99', 3, 9000000, 620, 17, 0, 0),
       (51527, 329, '100', 3, 13000000, 420, 17, 0, 0),
       (51528, 329, '101', 1, 4000000, 510, 17, 0, 0),
       (51529, 329, '102', 3, 13000000, 350, 17, 0, 0),
       (51530, 329, '103', 1, 4000000, 220, 18, 0, 0),
       (51531, 329, '104', 3, 4000000, 470, 18, 0, 0),
       (51532, 329, '105', 1, 14000000, 700, 18, 0, 0),
       (51533, 329, '106', 3, 14000000, 310, 18, 0, 0),
       (51534, 329, '107', 2, 4000000, 270, 18, 0, 0),
       (51535, 329, '108', 3, 10000000, 630, 18, 0, 0),
       (51536, 329, '109', 3, 6000000, 690, 19, 0, 0),
       (51537, 329, '110', 3, 14000000, 260, 19, 0, 0),
       (51538, 329, '111', 1, 6000000, 400, 19, 0, 0),
       (51539, 329, '112', 2, 6000000, 580, 19, 0, 0),
       (51540, 329, '113', 2, 8000000, 180, 19, 0, 0),
       (51541, 329, '114', 2, 4000000, 530, 19, 0, 0),
       (51542, 329, '115', 2, 9000000, 600, 20, 0, 0),
       (51543, 329, '116', 3, 13000000, 270, 20, 0, 0),
       (51544, 329, '117', 2, 8000000, 580, 20, 0, 0),
       (51545, 329, '118', 1, 8000000, 620, 20, 0, 0),
       (51546, 329, '119', 1, 10000000, 230, 20, 0, 0),
       (51547, 329, '120', 1, 6000000, 250, 20, 0, 0),
       (51548, 329, '121', 1, 7000000, 760, 21, 0, 0),
       (51549, 329, '122', 1, 5000000, 790, 21, 0, 0),
       (51550, 329, '123', 1, 12000000, 640, 21, 0, 0),
       (51551, 329, '124', 1, 11000000, 730, 21, 0, 0),
       (51552, 329, '125', 2, 3000000, 730, 21, 0, 0),
       (51553, 329, '126', 3, 11000000, 350, 21, 0, 0),
       (51554, 329, '127', 3, 4000000, 200, 22, 0, 0),
       (51555, 329, '128', 3, 13000000, 200, 22, 0, 0),
       (51556, 329, '129', 2, 3000000, 720, 22, 0, 0),
       (51557, 329, '130', 2, 12000000, 450, 22, 0, 0),
       (51558, 329, '131', 2, 5000000, 340, 22, 0, 0),
       (51559, 329, '132', 3, 3000000, 300, 22, 0, 0),
       (51560, 329, '133', 2, 15000000, 570, 23, 0, 0),
       (51561, 329, '134', 1, 12000000, 290, 23, 0, 0),
       (51562, 329, '135', 2, 6000000, 450, 23, 0, 0),
       (51563, 329, '136', 1, 6000000, 430, 23, 0, 0),
       (51564, 329, '137', 1, 15000000, 300, 23, 0, 0),
       (51565, 329, '138', 2, 10000000, 550, 23, 0, 0),
       (51566, 329, '139', 3, 15000000, 210, 24, 0, 0),
       (51567, 329, '140', 3, 10000000, 210, 24, 0, 0),
       (51568, 329, '141', 2, 12000000, 200, 24, 0, 0),
       (51569, 329, '142', 2, 9000000, 710, 24, 0, 0),
       (51570, 329, '143', 3, 8000000, 490, 24, 0, 0),
       (51571, 329, '144', 3, 4000000, 440, 24, 0, 0),
       (51572, 329, '145', 3, 8000000, 520, 25, 0, 0),
       (51573, 329, '146', 3, 11000000, 390, 25, 0, 0),
       (51574, 329, '147', 2, 4000000, 260, 25, 0, 0),
       (51575, 329, '148', 2, 12000000, 230, 25, 0, 0),
       (51576, 329, '149', 3, 9000000, 400, 25, 0, 0),
       (51577, 329, '150', 3, 5000000, 750, 25, 0, 0),
       (51578, 329, '151', 2, 6000000, 630, 26, 0, 0),
       (51579, 329, '152', 2, 7000000, 230, 26, 0, 0),
       (51580, 329, '153', 1, 15000000, 670, 26, 0, 0),
       (51581, 329, '154', 2, 11000000, 230, 26, 0, 0),
       (51582, 329, '155', 1, 13000000, 530, 26, 0, 0),
       (51583, 329, '156', 1, 11000000, 180, 26, 0, 0),
       (51584, 329, '157', 2, 14000000, 720, 27, 0, 0),
       (51585, 329, '158', 1, 8000000, 250, 27, 0, 0),
       (51586, 329, '159', 3, 12000000, 530, 27, 0, 0),
       (51587, 329, '160', 2, 6000000, 360, 27, 0, 0),
       (51588, 329, '161', 1, 8000000, 260, 27, 0, 0),
       (51589, 329, '162', 1, 7000000, 470, 27, 0, 0),
       (51590, 329, '163', 1, 12000000, 510, 28, 0, 0),
       (51591, 329, '164', 2, 10000000, 520, 28, 0, 0),
       (51592, 329, '165', 2, 7000000, 290, 28, 0, 0),
       (51593, 329, '166', 2, 12000000, 550, 28, 0, 0),
       (51594, 329, '167', 2, 4000000, 430, 28, 0, 0),
       (51595, 329, '168', 1, 14000000, 340, 28, 0, 0),
       (51596, 329, '169', 2, 13000000, 330, 29, 0, 0),
       (51597, 329, '170', 2, 11000000, 670, 29, 0, 0),
       (51598, 329, '171', 1, 7000000, 290, 29, 0, 0),
       (51599, 329, '172', 2, 9000000, 240, 29, 0, 0),
       (51600, 329, '173', 2, 9000000, 250, 29, 0, 0),
       (51601, 329, '174', 1, 7000000, 740, 29, 0, 0),
       (51602, 329, '175', 3, 15000000, 430, 30, 0, 0),
       (51603, 329, '176', 3, 15000000, 330, 30, 0, 0),
       (51604, 329, '177', 3, 9000000, 230, 30, 0, 0),
       (51605, 329, '178', 3, 15000000, 430, 30, 0, 0),
       (51606, 329, '179', 1, 12000000, 700, 30, 0, 0),
       (51607, 329, '180', 2, 10000000, 210, 30, 0, 0),
       (51608, 329, '181', 1, 12000000, 180, 31, 0, 0),
       (51609, 329, '182', 2, 7000000, 560, 31, 0, 0),
       (51610, 329, '183', 2, 8000000, 500, 31, 0, 0),
       (51611, 329, '184', 1, 15000000, 230, 31, 0, 0),
       (51612, 329, '185', 1, 5000000, 350, 31, 0, 0),
       (51613, 329, '186', 3, 11000000, 200, 31, 0, 0),
       (51614, 329, '187', 2, 11000000, 550, 32, 0, 0),
       (51615, 329, '188', 1, 10000000, 370, 32, 0, 0),
       (51616, 329, '189', 1, 4000000, 290, 32, 0, 0),
       (51617, 329, '190', 2, 14000000, 360, 32, 0, 0),
       (51618, 329, '191', 3, 7000000, 800, 32, 0, 0),
       (51619, 329, '192', 2, 3000000, 470, 32, 0, 0),
       (51620, 329, '193', 1, 4000000, 670, 33, 0, 0),
       (51621, 329, '194', 1, 11000000, 300, 33, 0, 0),
       (51622, 329, '195', 1, 7000000, 800, 33, 0, 0),
       (51623, 329, '196', 1, 13000000, 490, 33, 0, 0),
       (51624, 329, '197', 3, 12000000, 480, 33, 0, 0),
       (51625, 329, '198', 2, 10000000, 250, 33, 0, 0),
       (51626, 329, '199', 1, 15000000, 390, 34, 0, 0),
       (51627, 329, '200', 2, 6000000, 570, 34, 0, 0),
       (51628, 329, '201', 3, 6000000, 200, 34, 0, 0),
       (51629, 329, '202', 2, 10000000, 470, 34, 0, 0),
       (51630, 329, '203', 2, 5000000, 370, 34, 0, 0),
       (51631, 329, '204', 3, 5000000, 630, 34, 0, 0),
       (51632, 329, '205', 2, 15000000, 380, 35, 0, 0),
       (51633, 329, '206', 2, 5000000, 370, 35, 0, 0),
       (51634, 329, '207', 3, 15000000, 480, 35, 0, 0),
       (51635, 329, '208', 3, 6000000, 720, 35, 0, 0),
       (51636, 329, '209', 3, 6000000, 650, 35, 0, 0),
       (51637, 329, '210', 2, 3000000, 720, 35, 0, 0),
       (51638, 329, '211', 1, 14000000, 240, 36, 0, 0),
       (51639, 329, '212', 3, 7000000, 300, 36, 0, 0),
       (51640, 329, '213', 2, 12000000, 250, 36, 0, 0),
       (51641, 329, '214', 3, 5000000, 650, 36, 0, 0),
       (51642, 329, '215', 1, 10000000, 450, 36, 0, 0),
       (51643, 329, '216', 3, 7000000, 300, 36, 0, 0),
       (51644, 329, '217', 3, 13000000, 430, 37, 0, 0),
       (51645, 329, '218', 2, 9000000, 620, 37, 0, 0),
       (51646, 329, '219', 3, 3000000, 210, 37, 0, 0),
       (51647, 329, '220', 1, 14000000, 660, 37, 0, 0),
       (51648, 329, '221', 3, 6000000, 510, 37, 0, 0),
       (51649, 329, '222', 2, 12000000, 650, 37, 0, 0),
       (51650, 329, '223', 2, 7000000, 510, 38, 0, 0),
       (51651, 329, '224', 2, 5000000, 510, 38, 0, 0),
       (51652, 329, '225', 1, 9000000, 490, 38, 0, 0),
       (51653, 329, '226', 2, 8000000, 650, 38, 0, 0),
       (51654, 329, '227', 3, 13000000, 800, 38, 0, 0),
       (51655, 329, '228', 2, 14000000, 500, 38, 0, 0),
       (51656, 329, '229', 1, 5000000, 510, 39, 0, 0),
       (51657, 329, '230', 1, 12000000, 760, 39, 0, 0),
       (51658, 329, '231', 2, 7000000, 230, 39, 0, 0),
       (51659, 329, '232', 1, 13000000, 640, 39, 0, 0),
       (51660, 329, '233', 1, 10000000, 490, 39, 0, 0),
       (51661, 329, '234', 1, 5000000, 260, 39, 0, 0),
       (51662, 329, '235', 1, 12000000, 800, 40, 0, 0),
       (51663, 329, '236', 2, 9000000, 620, 40, 0, 0),
       (51664, 329, '237', 3, 13000000, 750, 40, 0, 0),
       (51665, 329, '238', 1, 3000000, 230, 40, 0, 0),
       (51666, 329, '239', 1, 15000000, 500, 40, 0, 0),
       (51667, 329, '240', 3, 6000000, 380, 40, 0, 0),
       (51668, 329, '241', 1, 12000000, 570, 41, 0, 0),
       (51669, 329, '242', 1, 14000000, 420, 41, 0, 0),
       (51670, 329, '243', 2, 4000000, 350, 41, 0, 0),
       (51671, 329, '244', 1, 9000000, 480, 41, 0, 0),
       (51672, 329, '245', 2, 11000000, 470, 41, 0, 0),
       (51673, 329, '246', 3, 14000000, 330, 41, 0, 0),
       (51674, 329, '247', 1, 11000000, 190, 42, 0, 0),
       (51675, 329, '248', 3, 12000000, 510, 42, 0, 0),
       (51676, 329, '249', 2, 4000000, 730, 42, 0, 0),
       (51677, 329, '250', 1, 4000000, 290, 42, 0, 0),
       (51678, 329, '251', 2, 9000000, 440, 42, 0, 0),
       (51679, 329, '252', 3, 10000000, 190, 42, 0, 0),
       (51680, 329, '253', 2, 10000000, 700, 43, 0, 0),
       (51681, 329, '254', 2, 3000000, 260, 43, 0, 0),
       (51682, 329, '255', 2, 12000000, 650, 43, 0, 0),
       (51683, 329, '256', 1, 12000000, 510, 43, 0, 0),
       (51684, 329, '257', 3, 13000000, 630, 43, 0, 0),
       (51685, 329, '258', 2, 4000000, 390, 43, 0, 0);
insert into real_estate_building (id, address, complex_id, floor_count, dev_id)
values (330, 'г. Москва, ул. Краснокаменская, д. 26', 16, 41, 16);
insert into real_estate_object (id, building_id ,local_address, places, price, area, floor, type, estate_type)
values (51686, 330, '1', 1, 5000000, 760, 1, 0, 0),
       (51687, 330, '2', 3, 4000000, 660, 1, 0, 0),
       (51688, 330, '3', 1, 14000000, 380, 1, 0, 0),
       (51689, 330, '4', 1, 15000000, 450, 1, 0, 0),
       (51690, 330, '5', 1, 8000000, 540, 1, 0, 0),
       (51691, 330, '6', 2, 15000000, 520, 1, 0, 0),
       (51692, 330, '7', 3, 11000000, 430, 2, 0, 0),
       (51693, 330, '8', 1, 4000000, 320, 2, 0, 0),
       (51694, 330, '9', 1, 11000000, 460, 2, 0, 0),
       (51695, 330, '10', 3, 14000000, 790, 2, 0, 0),
       (51696, 330, '11', 1, 11000000, 180, 2, 0, 0),
       (51697, 330, '12', 1, 9000000, 600, 2, 0, 0),
       (51698, 330, '13', 1, 13000000, 320, 3, 0, 0),
       (51699, 330, '14', 2, 9000000, 510, 3, 0, 0),
       (51700, 330, '15', 1, 15000000, 180, 3, 0, 0),
       (51701, 330, '16', 3, 12000000, 670, 3, 0, 0),
       (51702, 330, '17', 2, 5000000, 550, 3, 0, 0),
       (51703, 330, '18', 2, 15000000, 620, 3, 0, 0),
       (51704, 330, '19', 3, 12000000, 690, 4, 0, 0),
       (51705, 330, '20', 1, 8000000, 290, 4, 0, 0),
       (51706, 330, '21', 3, 15000000, 510, 4, 0, 0),
       (51707, 330, '22', 3, 13000000, 530, 4, 0, 0),
       (51708, 330, '23', 2, 3000000, 590, 4, 0, 0),
       (51709, 330, '24', 1, 14000000, 630, 4, 0, 0),
       (51710, 330, '25', 2, 9000000, 370, 5, 0, 0),
       (51711, 330, '26', 1, 9000000, 690, 5, 0, 0),
       (51712, 330, '27', 3, 5000000, 420, 5, 0, 0),
       (51713, 330, '28', 3, 8000000, 230, 5, 0, 0),
       (51714, 330, '29', 3, 7000000, 560, 5, 0, 0),
       (51715, 330, '30', 1, 14000000, 510, 5, 0, 0),
       (51716, 330, '31', 1, 6000000, 750, 6, 0, 0),
       (51717, 330, '32', 3, 8000000, 610, 6, 0, 0),
       (51718, 330, '33', 1, 6000000, 720, 6, 0, 0),
       (51719, 330, '34', 1, 4000000, 780, 6, 0, 0),
       (51720, 330, '35', 1, 9000000, 640, 6, 0, 0),
       (51721, 330, '36', 3, 3000000, 690, 6, 0, 0),
       (51722, 330, '37', 3, 3000000, 330, 7, 0, 0),
       (51723, 330, '38', 2, 11000000, 770, 7, 0, 0),
       (51724, 330, '39', 3, 11000000, 250, 7, 0, 0),
       (51725, 330, '40', 3, 3000000, 800, 7, 0, 0),
       (51726, 330, '41', 2, 6000000, 720, 7, 0, 0),
       (51727, 330, '42', 2, 13000000, 440, 7, 0, 0),
       (51728, 330, '43', 2, 8000000, 390, 8, 0, 0),
       (51729, 330, '44', 3, 6000000, 510, 8, 0, 0),
       (51730, 330, '45', 2, 7000000, 360, 8, 0, 0),
       (51731, 330, '46', 2, 12000000, 180, 8, 0, 0),
       (51732, 330, '47', 2, 5000000, 180, 8, 0, 0),
       (51733, 330, '48', 3, 6000000, 330, 8, 0, 0),
       (51734, 330, '49', 1, 12000000, 300, 9, 0, 0),
       (51735, 330, '50', 2, 9000000, 320, 9, 0, 0),
       (51736, 330, '51', 1, 7000000, 510, 9, 0, 0),
       (51737, 330, '52', 1, 10000000, 730, 9, 0, 0),
       (51738, 330, '53', 2, 14000000, 550, 9, 0, 0),
       (51739, 330, '54', 2, 3000000, 580, 9, 0, 0),
       (51740, 330, '55', 1, 12000000, 470, 10, 0, 0),
       (51741, 330, '56', 2, 15000000, 660, 10, 0, 0),
       (51742, 330, '57', 1, 5000000, 320, 10, 0, 0),
       (51743, 330, '58', 1, 5000000, 190, 10, 0, 0),
       (51744, 330, '59', 3, 9000000, 380, 10, 0, 0),
       (51745, 330, '60', 2, 10000000, 440, 10, 0, 0),
       (51746, 330, '61', 1, 11000000, 780, 11, 0, 0),
       (51747, 330, '62', 3, 4000000, 290, 11, 0, 0),
       (51748, 330, '63', 2, 11000000, 350, 11, 0, 0),
       (51749, 330, '64', 1, 9000000, 510, 11, 0, 0),
       (51750, 330, '65', 1, 4000000, 340, 11, 0, 0),
       (51751, 330, '66', 3, 7000000, 420, 11, 0, 0),
       (51752, 330, '67', 2, 11000000, 710, 12, 0, 0),
       (51753, 330, '68', 3, 14000000, 740, 12, 0, 0),
       (51754, 330, '69', 3, 6000000, 530, 12, 0, 0),
       (51755, 330, '70', 3, 4000000, 240, 12, 0, 0),
       (51756, 330, '71', 1, 5000000, 650, 12, 0, 0),
       (51757, 330, '72', 2, 9000000, 230, 12, 0, 0),
       (51758, 330, '73', 3, 7000000, 400, 13, 0, 0),
       (51759, 330, '74', 1, 12000000, 540, 13, 0, 0),
       (51760, 330, '75', 2, 4000000, 280, 13, 0, 0),
       (51761, 330, '76', 2, 10000000, 190, 13, 0, 0),
       (51762, 330, '77', 3, 4000000, 360, 13, 0, 0),
       (51763, 330, '78', 3, 7000000, 360, 13, 0, 0),
       (51764, 330, '79', 1, 3000000, 520, 14, 0, 0),
       (51765, 330, '80', 3, 9000000, 310, 14, 0, 0),
       (51766, 330, '81', 2, 11000000, 730, 14, 0, 0),
       (51767, 330, '82', 2, 11000000, 320, 14, 0, 0),
       (51768, 330, '83', 2, 6000000, 350, 14, 0, 0),
       (51769, 330, '84', 3, 15000000, 330, 14, 0, 0),
       (51770, 330, '85', 2, 11000000, 460, 15, 0, 0),
       (51771, 330, '86', 1, 9000000, 190, 15, 0, 0),
       (51772, 330, '87', 2, 11000000, 400, 15, 0, 0),
       (51773, 330, '88', 3, 4000000, 300, 15, 0, 0),
       (51774, 330, '89', 3, 13000000, 530, 15, 0, 0),
       (51775, 330, '90', 3, 13000000, 290, 15, 0, 0),
       (51776, 330, '91', 2, 12000000, 180, 16, 0, 0),
       (51777, 330, '92', 1, 13000000, 220, 16, 0, 0),
       (51778, 330, '93', 2, 8000000, 400, 16, 0, 0),
       (51779, 330, '94', 3, 3000000, 360, 16, 0, 0),
       (51780, 330, '95', 1, 5000000, 200, 16, 0, 0),
       (51781, 330, '96', 3, 8000000, 740, 16, 0, 0),
       (51782, 330, '97', 2, 5000000, 730, 17, 0, 0),
       (51783, 330, '98', 2, 10000000, 510, 17, 0, 0),
       (51784, 330, '99', 3, 13000000, 690, 17, 0, 0),
       (51785, 330, '100', 3, 14000000, 800, 17, 0, 0),
       (51786, 330, '101', 1, 15000000, 400, 17, 0, 0),
       (51787, 330, '102', 2, 9000000, 230, 17, 0, 0),
       (51788, 330, '103', 2, 11000000, 380, 18, 0, 0),
       (51789, 330, '104', 1, 5000000, 460, 18, 0, 0),
       (51790, 330, '105', 2, 12000000, 420, 18, 0, 0),
       (51791, 330, '106', 1, 11000000, 510, 18, 0, 0),
       (51792, 330, '107', 2, 15000000, 410, 18, 0, 0),
       (51793, 330, '108', 3, 9000000, 500, 18, 0, 0),
       (51794, 330, '109', 2, 3000000, 320, 19, 0, 0),
       (51795, 330, '110', 1, 5000000, 360, 19, 0, 0),
       (51796, 330, '111', 3, 14000000, 210, 19, 0, 0),
       (51797, 330, '112', 1, 14000000, 340, 19, 0, 0),
       (51798, 330, '113', 1, 9000000, 560, 19, 0, 0),
       (51799, 330, '114', 3, 10000000, 370, 19, 0, 0),
       (51800, 330, '115', 1, 7000000, 400, 20, 0, 0),
       (51801, 330, '116', 2, 4000000, 500, 20, 0, 0),
       (51802, 330, '117', 2, 14000000, 230, 20, 0, 0),
       (51803, 330, '118', 3, 13000000, 200, 20, 0, 0),
       (51804, 330, '119', 1, 6000000, 340, 20, 0, 0),
       (51805, 330, '120', 2, 8000000, 430, 20, 0, 0),
       (51806, 330, '121', 3, 3000000, 510, 21, 0, 0),
       (51807, 330, '122', 1, 3000000, 620, 21, 0, 0),
       (51808, 330, '123', 3, 10000000, 220, 21, 0, 0),
       (51809, 330, '124', 3, 10000000, 500, 21, 0, 0),
       (51810, 330, '125', 1, 12000000, 220, 21, 0, 0),
       (51811, 330, '126', 2, 3000000, 430, 21, 0, 0),
       (51812, 330, '127', 3, 10000000, 460, 22, 0, 0),
       (51813, 330, '128', 2, 4000000, 230, 22, 0, 0),
       (51814, 330, '129', 1, 6000000, 560, 22, 0, 0),
       (51815, 330, '130', 2, 15000000, 600, 22, 0, 0),
       (51816, 330, '131', 1, 10000000, 750, 22, 0, 0),
       (51817, 330, '132', 1, 13000000, 560, 22, 0, 0),
       (51818, 330, '133', 2, 15000000, 370, 23, 0, 0),
       (51819, 330, '134', 3, 5000000, 640, 23, 0, 0),
       (51820, 330, '135', 3, 9000000, 220, 23, 0, 0),
       (51821, 330, '136', 3, 9000000, 310, 23, 0, 0),
       (51822, 330, '137', 2, 5000000, 350, 23, 0, 0),
       (51823, 330, '138', 1, 10000000, 780, 23, 0, 0),
       (51824, 330, '139', 1, 14000000, 370, 24, 0, 0),
       (51825, 330, '140', 3, 14000000, 720, 24, 0, 0),
       (51826, 330, '141', 1, 15000000, 420, 24, 0, 0),
       (51827, 330, '142', 2, 12000000, 590, 24, 0, 0),
       (51828, 330, '143', 1, 4000000, 690, 24, 0, 0),
       (51829, 330, '144', 1, 7000000, 370, 24, 0, 0),
       (51830, 330, '145', 1, 11000000, 760, 25, 0, 0),
       (51831, 330, '146', 2, 15000000, 710, 25, 0, 0),
       (51832, 330, '147', 2, 3000000, 520, 25, 0, 0),
       (51833, 330, '148', 3, 9000000, 510, 25, 0, 0),
       (51834, 330, '149', 2, 7000000, 730, 25, 0, 0),
       (51835, 330, '150', 2, 9000000, 660, 25, 0, 0),
       (51836, 330, '151', 1, 15000000, 720, 26, 0, 0),
       (51837, 330, '152', 1, 10000000, 300, 26, 0, 0),
       (51838, 330, '153', 2, 11000000, 330, 26, 0, 0),
       (51839, 330, '154', 1, 9000000, 620, 26, 0, 0),
       (51840, 330, '155', 3, 15000000, 490, 26, 0, 0),
       (51841, 330, '156', 3, 6000000, 270, 26, 0, 0),
       (51842, 330, '157', 2, 10000000, 230, 27, 0, 0),
       (51843, 330, '158', 2, 3000000, 210, 27, 0, 0),
       (51844, 330, '159', 2, 5000000, 350, 27, 0, 0),
       (51845, 330, '160', 2, 11000000, 760, 27, 0, 0),
       (51846, 330, '161', 1, 5000000, 260, 27, 0, 0),
       (51847, 330, '162', 2, 13000000, 800, 27, 0, 0),
       (51848, 330, '163', 3, 12000000, 770, 28, 0, 0),
       (51849, 330, '164', 3, 9000000, 270, 28, 0, 0),
       (51850, 330, '165', 1, 15000000, 450, 28, 0, 0),
       (51851, 330, '166', 2, 9000000, 310, 28, 0, 0),
       (51852, 330, '167', 3, 13000000, 610, 28, 0, 0),
       (51853, 330, '168', 3, 11000000, 260, 28, 0, 0),
       (51854, 330, '169', 1, 14000000, 590, 29, 0, 0),
       (51855, 330, '170', 2, 7000000, 520, 29, 0, 0),
       (51856, 330, '171', 3, 12000000, 190, 29, 0, 0),
       (51857, 330, '172', 3, 12000000, 590, 29, 0, 0),
       (51858, 330, '173', 2, 13000000, 200, 29, 0, 0),
       (51859, 330, '174', 3, 5000000, 540, 29, 0, 0),
       (51860, 330, '175', 2, 12000000, 780, 30, 0, 0),
       (51861, 330, '176', 2, 14000000, 580, 30, 0, 0),
       (51862, 330, '177', 3, 14000000, 730, 30, 0, 0),
       (51863, 330, '178', 1, 8000000, 660, 30, 0, 0),
       (51864, 330, '179', 2, 6000000, 400, 30, 0, 0),
       (51865, 330, '180', 2, 5000000, 250, 30, 0, 0),
       (51866, 330, '181', 2, 3000000, 650, 31, 0, 0),
       (51867, 330, '182', 3, 14000000, 700, 31, 0, 0),
       (51868, 330, '183', 3, 5000000, 230, 31, 0, 0),
       (51869, 330, '184', 3, 7000000, 600, 31, 0, 0),
       (51870, 330, '185', 2, 12000000, 500, 31, 0, 0),
       (51871, 330, '186', 3, 12000000, 370, 31, 0, 0),
       (51872, 330, '187', 1, 13000000, 440, 32, 0, 0),
       (51873, 330, '188', 2, 3000000, 660, 32, 0, 0),
       (51874, 330, '189', 1, 6000000, 470, 32, 0, 0),
       (51875, 330, '190', 3, 13000000, 190, 32, 0, 0),
       (51876, 330, '191', 2, 14000000, 480, 32, 0, 0),
       (51877, 330, '192', 2, 4000000, 540, 32, 0, 0),
       (51878, 330, '193', 1, 8000000, 250, 33, 0, 0),
       (51879, 330, '194', 1, 8000000, 230, 33, 0, 0),
       (51880, 330, '195', 3, 10000000, 790, 33, 0, 0),
       (51881, 330, '196', 3, 11000000, 220, 33, 0, 0),
       (51882, 330, '197', 2, 8000000, 520, 33, 0, 0),
       (51883, 330, '198', 2, 13000000, 540, 33, 0, 0),
       (51884, 330, '199', 2, 14000000, 400, 34, 0, 0),
       (51885, 330, '200', 2, 12000000, 480, 34, 0, 0),
       (51886, 330, '201', 3, 8000000, 510, 34, 0, 0),
       (51887, 330, '202', 3, 13000000, 180, 34, 0, 0),
       (51888, 330, '203', 2, 12000000, 390, 34, 0, 0),
       (51889, 330, '204', 1, 13000000, 410, 34, 0, 0),
       (51890, 330, '205', 1, 10000000, 330, 35, 0, 0),
       (51891, 330, '206', 3, 15000000, 680, 35, 0, 0),
       (51892, 330, '207', 3, 6000000, 720, 35, 0, 0),
       (51893, 330, '208', 1, 12000000, 270, 35, 0, 0),
       (51894, 330, '209', 2, 8000000, 240, 35, 0, 0),
       (51895, 330, '210', 2, 9000000, 580, 35, 0, 0),
       (51896, 330, '211', 3, 4000000, 590, 36, 0, 0),
       (51897, 330, '212', 2, 14000000, 310, 36, 0, 0),
       (51898, 330, '213', 3, 4000000, 580, 36, 0, 0),
       (51899, 330, '214', 3, 3000000, 350, 36, 0, 0),
       (51900, 330, '215', 2, 11000000, 390, 36, 0, 0),
       (51901, 330, '216', 1, 4000000, 190, 36, 0, 0),
       (51902, 330, '217', 3, 15000000, 340, 37, 0, 0),
       (51903, 330, '218', 2, 11000000, 400, 37, 0, 0),
       (51904, 330, '219', 1, 6000000, 420, 37, 0, 0),
       (51905, 330, '220', 3, 7000000, 570, 37, 0, 0),
       (51906, 330, '221', 2, 14000000, 610, 37, 0, 0),
       (51907, 330, '222', 1, 14000000, 440, 37, 0, 0),
       (51908, 330, '223', 2, 13000000, 460, 38, 0, 0),
       (51909, 330, '224', 3, 8000000, 750, 38, 0, 0),
       (51910, 330, '225', 2, 9000000, 290, 38, 0, 0),
       (51911, 330, '226', 1, 15000000, 200, 38, 0, 0),
       (51912, 330, '227', 1, 9000000, 210, 38, 0, 0),
       (51913, 330, '228', 3, 7000000, 640, 38, 0, 0),
       (51914, 330, '229', 1, 4000000, 420, 39, 0, 0),
       (51915, 330, '230', 1, 5000000, 230, 39, 0, 0),
       (51916, 330, '231', 1, 6000000, 430, 39, 0, 0),
       (51917, 330, '232', 2, 7000000, 700, 39, 0, 0),
       (51918, 330, '233', 3, 9000000, 740, 39, 0, 0),
       (51919, 330, '234', 1, 12000000, 430, 39, 0, 0),
       (51920, 330, '235', 1, 14000000, 360, 40, 0, 0),
       (51921, 330, '236', 1, 7000000, 350, 40, 0, 0),
       (51922, 330, '237', 2, 5000000, 620, 40, 0, 0),
       (51923, 330, '238', 1, 3000000, 700, 40, 0, 0),
       (51924, 330, '239', 3, 9000000, 310, 40, 0, 0),
       (51925, 330, '240', 2, 8000000, 750, 40, 0, 0),
       (51926, 330, '241', 1, 11000000, 700, 41, 0, 0),
       (51927, 330, '242', 3, 13000000, 660, 41, 0, 0),
       (51928, 330, '243', 3, 14000000, 530, 41, 0, 0),
       (51929, 330, '244', 1, 9000000, 340, 41, 0, 0),
       (51930, 330, '245', 2, 8000000, 220, 41, 0, 0),
       (51931, 330, '246', 1, 9000000, 680, 41, 0, 0);
insert into real_estate_building (id, address, complex_id, floor_count, dev_id)
values (331, 'г. Москва, ул. Краснокаменская, д. 27', 16, 49, 16);
insert into real_estate_object (id, building_id ,local_address, places, price, area, floor, type, estate_type)
values (51932, 331, '1', 1, 10000000, 280, 1, 0, 0),
       (51933, 331, '2', 2, 8000000, 440, 1, 0, 0),
       (51934, 331, '3', 3, 12000000, 500, 1, 0, 0),
       (51935, 331, '4', 3, 12000000, 470, 1, 0, 0),
       (51936, 331, '5', 2, 12000000, 570, 1, 0, 0),
       (51937, 331, '6', 2, 7000000, 480, 1, 0, 0),
       (51938, 331, '7', 1, 5000000, 760, 2, 0, 0),
       (51939, 331, '8', 1, 14000000, 620, 2, 0, 0),
       (51940, 331, '9', 2, 8000000, 360, 2, 0, 0),
       (51941, 331, '10', 1, 15000000, 290, 2, 0, 0),
       (51942, 331, '11', 3, 11000000, 560, 2, 0, 0),
       (51943, 331, '12', 2, 13000000, 780, 2, 0, 0),
       (51944, 331, '13', 3, 15000000, 410, 3, 0, 0),
       (51945, 331, '14', 3, 3000000, 670, 3, 0, 0),
       (51946, 331, '15', 1, 8000000, 340, 3, 0, 0),
       (51947, 331, '16', 3, 8000000, 400, 3, 0, 0),
       (51948, 331, '17', 2, 5000000, 460, 3, 0, 0),
       (51949, 331, '18', 2, 11000000, 790, 3, 0, 0),
       (51950, 331, '19', 2, 4000000, 650, 4, 0, 0),
       (51951, 331, '20', 1, 10000000, 310, 4, 0, 0),
       (51952, 331, '21', 2, 4000000, 280, 4, 0, 0),
       (51953, 331, '22', 2, 15000000, 550, 4, 0, 0),
       (51954, 331, '23', 2, 12000000, 640, 4, 0, 0),
       (51955, 331, '24', 1, 12000000, 700, 4, 0, 0),
       (51956, 331, '25', 3, 4000000, 710, 5, 0, 0),
       (51957, 331, '26', 2, 9000000, 580, 5, 0, 0),
       (51958, 331, '27', 3, 14000000, 440, 5, 0, 0),
       (51959, 331, '28', 2, 4000000, 350, 5, 0, 0),
       (51960, 331, '29', 2, 15000000, 490, 5, 0, 0),
       (51961, 331, '30', 1, 11000000, 740, 5, 0, 0),
       (51962, 331, '31', 1, 8000000, 390, 6, 0, 0),
       (51963, 331, '32', 3, 7000000, 650, 6, 0, 0),
       (51964, 331, '33', 1, 6000000, 620, 6, 0, 0),
       (51965, 331, '34', 3, 8000000, 460, 6, 0, 0),
       (51966, 331, '35', 3, 3000000, 770, 6, 0, 0),
       (51967, 331, '36', 1, 5000000, 420, 6, 0, 0),
       (51968, 331, '37', 3, 15000000, 450, 7, 0, 0),
       (51969, 331, '38', 2, 3000000, 260, 7, 0, 0),
       (51970, 331, '39', 3, 11000000, 540, 7, 0, 0),
       (51971, 331, '40', 1, 5000000, 600, 7, 0, 0),
       (51972, 331, '41', 3, 4000000, 430, 7, 0, 0),
       (51973, 331, '42', 3, 12000000, 410, 7, 0, 0),
       (51974, 331, '43', 1, 11000000, 770, 8, 0, 0),
       (51975, 331, '44', 2, 13000000, 730, 8, 0, 0),
       (51976, 331, '45', 3, 11000000, 770, 8, 0, 0),
       (51977, 331, '46', 1, 8000000, 560, 8, 0, 0),
       (51978, 331, '47', 1, 6000000, 470, 8, 0, 0),
       (51979, 331, '48', 1, 11000000, 340, 8, 0, 0),
       (51980, 331, '49', 1, 15000000, 390, 9, 0, 0),
       (51981, 331, '50', 3, 6000000, 370, 9, 0, 0),
       (51982, 331, '51', 2, 4000000, 650, 9, 0, 0),
       (51983, 331, '52', 1, 13000000, 380, 9, 0, 0),
       (51984, 331, '53', 3, 12000000, 260, 9, 0, 0),
       (51985, 331, '54', 3, 12000000, 770, 9, 0, 0),
       (51986, 331, '55', 3, 5000000, 710, 10, 0, 0),
       (51987, 331, '56', 3, 12000000, 640, 10, 0, 0),
       (51988, 331, '57', 3, 12000000, 390, 10, 0, 0),
       (51989, 331, '58', 1, 9000000, 710, 10, 0, 0),
       (51990, 331, '59', 3, 7000000, 560, 10, 0, 0),
       (51991, 331, '60', 2, 4000000, 260, 10, 0, 0),
       (51992, 331, '61', 3, 8000000, 510, 11, 0, 0),
       (51993, 331, '62', 3, 8000000, 180, 11, 0, 0),
       (51994, 331, '63', 3, 14000000, 320, 11, 0, 0),
       (51995, 331, '64', 1, 8000000, 520, 11, 0, 0),
       (51996, 331, '65', 1, 4000000, 340, 11, 0, 0),
       (51997, 331, '66', 2, 9000000, 760, 11, 0, 0),
       (51998, 331, '67', 3, 10000000, 330, 12, 0, 0),
       (51999, 331, '68', 3, 11000000, 480, 12, 0, 0),
       (52000, 331, '69', 1, 11000000, 750, 12, 0, 0),
       (52001, 331, '70', 3, 6000000, 350, 12, 0, 0),
       (52002, 331, '71', 3, 7000000, 800, 12, 0, 0),
       (52003, 331, '72', 2, 5000000, 730, 12, 0, 0),
       (52004, 331, '73', 2, 10000000, 430, 13, 0, 0),
       (52005, 331, '74', 1, 8000000, 690, 13, 0, 0),
       (52006, 331, '75', 3, 5000000, 460, 13, 0, 0),
       (52007, 331, '76', 2, 15000000, 760, 13, 0, 0),
       (52008, 331, '77', 2, 12000000, 680, 13, 0, 0),
       (52009, 331, '78', 3, 8000000, 800, 13, 0, 0),
       (52010, 331, '79', 3, 5000000, 270, 14, 0, 0),
       (52011, 331, '80', 1, 12000000, 570, 14, 0, 0),
       (52012, 331, '81', 2, 12000000, 470, 14, 0, 0),
       (52013, 331, '82', 1, 3000000, 190, 14, 0, 0),
       (52014, 331, '83', 1, 8000000, 250, 14, 0, 0),
       (52015, 331, '84', 3, 4000000, 470, 14, 0, 0),
       (52016, 331, '85', 1, 13000000, 510, 15, 0, 0),
       (52017, 331, '86', 3, 11000000, 580, 15, 0, 0),
       (52018, 331, '87', 2, 12000000, 780, 15, 0, 0),
       (52019, 331, '88', 3, 6000000, 660, 15, 0, 0),
       (52020, 331, '89', 1, 7000000, 670, 15, 0, 0),
       (52021, 331, '90', 2, 14000000, 770, 15, 0, 0),
       (52022, 331, '91', 3, 8000000, 450, 16, 0, 0),
       (52023, 331, '92', 2, 14000000, 560, 16, 0, 0),
       (52024, 331, '93', 2, 7000000, 580, 16, 0, 0),
       (52025, 331, '94', 1, 6000000, 730, 16, 0, 0),
       (52026, 331, '95', 1, 10000000, 460, 16, 0, 0),
       (52027, 331, '96', 2, 11000000, 370, 16, 0, 0),
       (52028, 331, '97', 2, 8000000, 290, 17, 0, 0),
       (52029, 331, '98', 3, 12000000, 700, 17, 0, 0),
       (52030, 331, '99', 2, 10000000, 400, 17, 0, 0),
       (52031, 331, '100', 1, 9000000, 430, 17, 0, 0),
       (52032, 331, '101', 1, 7000000, 700, 17, 0, 0),
       (52033, 331, '102', 1, 7000000, 600, 17, 0, 0),
       (52034, 331, '103', 3, 10000000, 180, 18, 0, 0),
       (52035, 331, '104', 1, 14000000, 700, 18, 0, 0),
       (52036, 331, '105', 2, 14000000, 290, 18, 0, 0),
       (52037, 331, '106', 2, 15000000, 190, 18, 0, 0),
       (52038, 331, '107', 3, 13000000, 420, 18, 0, 0),
       (52039, 331, '108', 1, 12000000, 530, 18, 0, 0),
       (52040, 331, '109', 3, 11000000, 600, 19, 0, 0),
       (52041, 331, '110', 1, 11000000, 360, 19, 0, 0),
       (52042, 331, '111', 2, 12000000, 570, 19, 0, 0),
       (52043, 331, '112', 2, 9000000, 550, 19, 0, 0),
       (52044, 331, '113', 3, 9000000, 500, 19, 0, 0),
       (52045, 331, '114', 3, 3000000, 700, 19, 0, 0),
       (52046, 331, '115', 2, 4000000, 680, 20, 0, 0),
       (52047, 331, '116', 3, 8000000, 540, 20, 0, 0),
       (52048, 331, '117', 1, 14000000, 590, 20, 0, 0),
       (52049, 331, '118', 2, 5000000, 540, 20, 0, 0),
       (52050, 331, '119', 3, 3000000, 630, 20, 0, 0),
       (52051, 331, '120', 1, 3000000, 470, 20, 0, 0),
       (52052, 331, '121', 2, 7000000, 640, 21, 0, 0),
       (52053, 331, '122', 2, 8000000, 430, 21, 0, 0),
       (52054, 331, '123', 1, 3000000, 250, 21, 0, 0),
       (52055, 331, '124', 2, 12000000, 670, 21, 0, 0),
       (52056, 331, '125', 3, 5000000, 520, 21, 0, 0),
       (52057, 331, '126', 1, 8000000, 180, 21, 0, 0),
       (52058, 331, '127', 1, 11000000, 390, 22, 0, 0),
       (52059, 331, '128', 3, 10000000, 680, 22, 0, 0),
       (52060, 331, '129', 2, 9000000, 660, 22, 0, 0),
       (52061, 331, '130', 1, 14000000, 670, 22, 0, 0),
       (52062, 331, '131', 1, 6000000, 790, 22, 0, 0),
       (52063, 331, '132', 1, 13000000, 540, 22, 0, 0),
       (52064, 331, '133', 3, 13000000, 480, 23, 0, 0),
       (52065, 331, '134', 2, 11000000, 200, 23, 0, 0),
       (52066, 331, '135', 3, 13000000, 730, 23, 0, 0),
       (52067, 331, '136', 1, 9000000, 690, 23, 0, 0),
       (52068, 331, '137', 3, 5000000, 220, 23, 0, 0),
       (52069, 331, '138', 2, 15000000, 440, 23, 0, 0),
       (52070, 331, '139', 3, 14000000, 410, 24, 0, 0),
       (52071, 331, '140', 3, 3000000, 770, 24, 0, 0),
       (52072, 331, '141', 2, 9000000, 180, 24, 0, 0),
       (52073, 331, '142', 1, 5000000, 390, 24, 0, 0),
       (52074, 331, '143', 3, 3000000, 200, 24, 0, 0),
       (52075, 331, '144', 1, 3000000, 790, 24, 0, 0),
       (52076, 331, '145', 2, 10000000, 290, 25, 0, 0),
       (52077, 331, '146', 1, 6000000, 200, 25, 0, 0),
       (52078, 331, '147', 1, 3000000, 390, 25, 0, 0),
       (52079, 331, '148', 2, 8000000, 190, 25, 0, 0),
       (52080, 331, '149', 3, 13000000, 440, 25, 0, 0),
       (52081, 331, '150', 3, 13000000, 760, 25, 0, 0),
       (52082, 331, '151', 1, 12000000, 740, 26, 0, 0),
       (52083, 331, '152', 1, 3000000, 670, 26, 0, 0),
       (52084, 331, '153', 3, 7000000, 360, 26, 0, 0),
       (52085, 331, '154', 3, 5000000, 710, 26, 0, 0),
       (52086, 331, '155', 2, 13000000, 680, 26, 0, 0),
       (52087, 331, '156', 2, 14000000, 570, 26, 0, 0),
       (52088, 331, '157', 1, 15000000, 400, 27, 0, 0),
       (52089, 331, '158', 2, 4000000, 220, 27, 0, 0),
       (52090, 331, '159', 1, 9000000, 470, 27, 0, 0),
       (52091, 331, '160', 2, 3000000, 570, 27, 0, 0),
       (52092, 331, '161', 2, 5000000, 280, 27, 0, 0),
       (52093, 331, '162', 1, 6000000, 210, 27, 0, 0),
       (52094, 331, '163', 2, 13000000, 560, 28, 0, 0),
       (52095, 331, '164', 2, 3000000, 520, 28, 0, 0),
       (52096, 331, '165', 2, 13000000, 600, 28, 0, 0),
       (52097, 331, '166', 1, 9000000, 710, 28, 0, 0),
       (52098, 331, '167', 1, 4000000, 340, 28, 0, 0),
       (52099, 331, '168', 1, 7000000, 440, 28, 0, 0),
       (52100, 331, '169', 3, 6000000, 600, 29, 0, 0),
       (52101, 331, '170', 2, 15000000, 480, 29, 0, 0),
       (52102, 331, '171', 1, 9000000, 190, 29, 0, 0),
       (52103, 331, '172', 1, 11000000, 180, 29, 0, 0),
       (52104, 331, '173', 1, 15000000, 530, 29, 0, 0),
       (52105, 331, '174', 3, 13000000, 260, 29, 0, 0),
       (52106, 331, '175', 3, 14000000, 640, 30, 0, 0),
       (52107, 331, '176', 2, 12000000, 490, 30, 0, 0),
       (52108, 331, '177', 3, 3000000, 310, 30, 0, 0),
       (52109, 331, '178', 3, 7000000, 740, 30, 0, 0),
       (52110, 331, '179', 3, 13000000, 530, 30, 0, 0),
       (52111, 331, '180', 3, 12000000, 610, 30, 0, 0),
       (52112, 331, '181', 3, 11000000, 250, 31, 0, 0),
       (52113, 331, '182', 1, 3000000, 310, 31, 0, 0),
       (52114, 331, '183', 3, 15000000, 200, 31, 0, 0),
       (52115, 331, '184', 2, 5000000, 790, 31, 0, 0),
       (52116, 331, '185', 3, 9000000, 300, 31, 0, 0),
       (52117, 331, '186', 1, 8000000, 520, 31, 0, 0),
       (52118, 331, '187', 1, 10000000, 410, 32, 0, 0),
       (52119, 331, '188', 3, 11000000, 660, 32, 0, 0),
       (52120, 331, '189', 1, 5000000, 330, 32, 0, 0),
       (52121, 331, '190', 2, 7000000, 630, 32, 0, 0),
       (52122, 331, '191', 2, 12000000, 360, 32, 0, 0),
       (52123, 331, '192', 1, 5000000, 200, 32, 0, 0),
       (52124, 331, '193', 3, 4000000, 430, 33, 0, 0),
       (52125, 331, '194', 2, 5000000, 490, 33, 0, 0),
       (52126, 331, '195', 2, 8000000, 550, 33, 0, 0),
       (52127, 331, '196', 1, 8000000, 200, 33, 0, 0),
       (52128, 331, '197', 1, 11000000, 490, 33, 0, 0),
       (52129, 331, '198', 1, 14000000, 600, 33, 0, 0),
       (52130, 331, '199', 2, 12000000, 550, 34, 0, 0),
       (52131, 331, '200', 2, 12000000, 280, 34, 0, 0),
       (52132, 331, '201', 3, 4000000, 710, 34, 0, 0),
       (52133, 331, '202', 2, 15000000, 380, 34, 0, 0),
       (52134, 331, '203', 1, 8000000, 300, 34, 0, 0),
       (52135, 331, '204', 2, 6000000, 290, 34, 0, 0),
       (52136, 331, '205', 1, 3000000, 780, 35, 0, 0),
       (52137, 331, '206', 1, 7000000, 690, 35, 0, 0),
       (52138, 331, '207', 1, 11000000, 690, 35, 0, 0),
       (52139, 331, '208', 2, 13000000, 260, 35, 0, 0),
       (52140, 331, '209', 2, 6000000, 560, 35, 0, 0),
       (52141, 331, '210', 3, 3000000, 200, 35, 0, 0),
       (52142, 331, '211', 2, 5000000, 470, 36, 0, 0),
       (52143, 331, '212', 2, 8000000, 470, 36, 0, 0),
       (52144, 331, '213', 2, 6000000, 580, 36, 0, 0),
       (52145, 331, '214', 2, 9000000, 290, 36, 0, 0),
       (52146, 331, '215', 2, 8000000, 310, 36, 0, 0),
       (52147, 331, '216', 3, 15000000, 600, 36, 0, 0),
       (52148, 331, '217', 3, 3000000, 440, 37, 0, 0),
       (52149, 331, '218', 3, 4000000, 800, 37, 0, 0),
       (52150, 331, '219', 2, 14000000, 580, 37, 0, 0),
       (52151, 331, '220', 2, 13000000, 210, 37, 0, 0),
       (52152, 331, '221', 3, 10000000, 700, 37, 0, 0),
       (52153, 331, '222', 3, 3000000, 300, 37, 0, 0),
       (52154, 331, '223', 2, 10000000, 740, 38, 0, 0),
       (52155, 331, '224', 1, 14000000, 700, 38, 0, 0),
       (52156, 331, '225', 2, 9000000, 280, 38, 0, 0),
       (52157, 331, '226', 3, 11000000, 790, 38, 0, 0),
       (52158, 331, '227', 3, 10000000, 740, 38, 0, 0),
       (52159, 331, '228', 3, 6000000, 260, 38, 0, 0),
       (52160, 331, '229', 2, 5000000, 400, 39, 0, 0),
       (52161, 331, '230', 3, 9000000, 650, 39, 0, 0),
       (52162, 331, '231', 1, 14000000, 490, 39, 0, 0),
       (52163, 331, '232', 2, 5000000, 770, 39, 0, 0),
       (52164, 331, '233', 2, 5000000, 340, 39, 0, 0),
       (52165, 331, '234', 2, 12000000, 530, 39, 0, 0),
       (52166, 331, '235', 1, 9000000, 690, 40, 0, 0),
       (52167, 331, '236', 2, 14000000, 520, 40, 0, 0),
       (52168, 331, '237', 3, 12000000, 480, 40, 0, 0),
       (52169, 331, '238', 3, 7000000, 260, 40, 0, 0),
       (52170, 331, '239', 3, 6000000, 200, 40, 0, 0),
       (52171, 331, '240', 1, 6000000, 250, 40, 0, 0),
       (52172, 331, '241', 3, 12000000, 580, 41, 0, 0),
       (52173, 331, '242', 2, 13000000, 470, 41, 0, 0),
       (52174, 331, '243', 2, 14000000, 380, 41, 0, 0),
       (52175, 331, '244', 2, 6000000, 200, 41, 0, 0),
       (52176, 331, '245', 1, 10000000, 340, 41, 0, 0),
       (52177, 331, '246', 3, 14000000, 800, 41, 0, 0),
       (52178, 331, '247', 3, 5000000, 710, 42, 0, 0),
       (52179, 331, '248', 2, 3000000, 410, 42, 0, 0),
       (52180, 331, '249', 2, 10000000, 480, 42, 0, 0),
       (52181, 331, '250', 3, 3000000, 290, 42, 0, 0),
       (52182, 331, '251', 1, 6000000, 610, 42, 0, 0),
       (52183, 331, '252', 3, 3000000, 540, 42, 0, 0),
       (52184, 331, '253', 1, 7000000, 630, 43, 0, 0),
       (52185, 331, '254', 3, 4000000, 190, 43, 0, 0),
       (52186, 331, '255', 3, 5000000, 560, 43, 0, 0),
       (52187, 331, '256', 3, 10000000, 570, 43, 0, 0),
       (52188, 331, '257', 2, 9000000, 310, 43, 0, 0),
       (52189, 331, '258', 1, 7000000, 410, 43, 0, 0),
       (52190, 331, '259', 3, 10000000, 390, 44, 0, 0),
       (52191, 331, '260', 3, 14000000, 400, 44, 0, 0),
       (52192, 331, '261', 1, 6000000, 670, 44, 0, 0),
       (52193, 331, '262', 3, 10000000, 430, 44, 0, 0),
       (52194, 331, '263', 1, 3000000, 760, 44, 0, 0),
       (52195, 331, '264', 3, 9000000, 580, 44, 0, 0),
       (52196, 331, '265', 1, 7000000, 690, 45, 0, 0),
       (52197, 331, '266', 3, 4000000, 470, 45, 0, 0),
       (52198, 331, '267', 2, 15000000, 530, 45, 0, 0),
       (52199, 331, '268', 1, 3000000, 440, 45, 0, 0),
       (52200, 331, '269', 1, 4000000, 440, 45, 0, 0),
       (52201, 331, '270', 3, 15000000, 190, 45, 0, 0),
       (52202, 331, '271', 3, 14000000, 500, 46, 0, 0),
       (52203, 331, '272', 3, 12000000, 470, 46, 0, 0),
       (52204, 331, '273', 3, 12000000, 240, 46, 0, 0),
       (52205, 331, '274', 1, 10000000, 560, 46, 0, 0),
       (52206, 331, '275', 2, 14000000, 440, 46, 0, 0),
       (52207, 331, '276', 3, 14000000, 560, 46, 0, 0),
       (52208, 331, '277', 1, 7000000, 730, 47, 0, 0),
       (52209, 331, '278', 1, 10000000, 730, 47, 0, 0),
       (52210, 331, '279', 1, 12000000, 190, 47, 0, 0),
       (52211, 331, '280', 3, 12000000, 290, 47, 0, 0),
       (52212, 331, '281', 2, 11000000, 590, 47, 0, 0),
       (52213, 331, '282', 2, 3000000, 690, 47, 0, 0),
       (52214, 331, '283', 1, 8000000, 500, 48, 0, 0),
       (52215, 331, '284', 2, 5000000, 330, 48, 0, 0),
       (52216, 331, '285', 3, 15000000, 330, 48, 0, 0),
       (52217, 331, '286', 1, 10000000, 360, 48, 0, 0),
       (52218, 331, '287', 2, 15000000, 790, 48, 0, 0),
       (52219, 331, '288', 1, 12000000, 450, 48, 0, 0),
       (52220, 331, '289', 3, 6000000, 730, 49, 0, 0),
       (52221, 331, '290', 1, 4000000, 760, 49, 0, 0),
       (52222, 331, '291', 1, 11000000, 190, 49, 0, 0),
       (52223, 331, '292', 2, 15000000, 360, 49, 0, 0),
       (52224, 331, '293', 2, 6000000, 290, 49, 0, 0),
       (52225, 331, '294', 3, 5000000, 180, 49, 0, 0);
insert into real_estate_building (id, address, complex_id, floor_count, dev_id)
values (332, 'г. Москва, ул. Краснокаменская, д. 28', 16, 43, 16);
insert into real_estate_object (id, building_id ,local_address, places, price, area, floor, type, estate_type)
values (52226, 332, '1', 3, 4000000, 230, 1, 0, 0),
       (52227, 332, '2', 3, 14000000, 610, 1, 0, 0),
       (52228, 332, '3', 3, 7000000, 300, 1, 0, 0),
       (52229, 332, '4', 1, 6000000, 320, 1, 0, 0),
       (52230, 332, '5', 3, 13000000, 470, 1, 0, 0),
       (52231, 332, '6', 2, 5000000, 710, 1, 0, 0),
       (52232, 332, '7', 3, 12000000, 790, 2, 0, 0),
       (52233, 332, '8', 3, 11000000, 360, 2, 0, 0),
       (52234, 332, '9', 2, 11000000, 330, 2, 0, 0),
       (52235, 332, '10', 2, 8000000, 700, 2, 0, 0),
       (52236, 332, '11', 2, 3000000, 700, 2, 0, 0),
       (52237, 332, '12', 1, 5000000, 580, 2, 0, 0),
       (52238, 332, '13', 1, 7000000, 300, 3, 0, 0),
       (52239, 332, '14', 1, 4000000, 560, 3, 0, 0),
       (52240, 332, '15', 2, 13000000, 300, 3, 0, 0),
       (52241, 332, '16', 2, 6000000, 470, 3, 0, 0),
       (52242, 332, '17', 2, 3000000, 780, 3, 0, 0),
       (52243, 332, '18', 3, 4000000, 710, 3, 0, 0),
       (52244, 332, '19', 1, 10000000, 730, 4, 0, 0),
       (52245, 332, '20', 3, 6000000, 190, 4, 0, 0),
       (52246, 332, '21', 2, 7000000, 490, 4, 0, 0),
       (52247, 332, '22', 1, 14000000, 610, 4, 0, 0),
       (52248, 332, '23', 3, 13000000, 330, 4, 0, 0),
       (52249, 332, '24', 2, 3000000, 530, 4, 0, 0),
       (52250, 332, '25', 3, 10000000, 670, 5, 0, 0),
       (52251, 332, '26', 2, 8000000, 650, 5, 0, 0),
       (52252, 332, '27', 1, 5000000, 410, 5, 0, 0),
       (52253, 332, '28', 3, 15000000, 660, 5, 0, 0),
       (52254, 332, '29', 3, 14000000, 720, 5, 0, 0),
       (52255, 332, '30', 1, 6000000, 490, 5, 0, 0),
       (52256, 332, '31', 1, 12000000, 720, 6, 0, 0),
       (52257, 332, '32', 3, 5000000, 250, 6, 0, 0),
       (52258, 332, '33', 2, 3000000, 620, 6, 0, 0),
       (52259, 332, '34', 3, 14000000, 520, 6, 0, 0),
       (52260, 332, '35', 1, 8000000, 630, 6, 0, 0),
       (52261, 332, '36', 2, 3000000, 720, 6, 0, 0),
       (52262, 332, '37', 3, 14000000, 460, 7, 0, 0),
       (52263, 332, '38', 1, 9000000, 730, 7, 0, 0),
       (52264, 332, '39', 1, 10000000, 750, 7, 0, 0),
       (52265, 332, '40', 1, 14000000, 190, 7, 0, 0),
       (52266, 332, '41', 1, 15000000, 460, 7, 0, 0),
       (52267, 332, '42', 1, 14000000, 570, 7, 0, 0),
       (52268, 332, '43', 1, 6000000, 640, 8, 0, 0),
       (52269, 332, '44', 2, 6000000, 750, 8, 0, 0),
       (52270, 332, '45', 2, 7000000, 770, 8, 0, 0),
       (52271, 332, '46', 1, 11000000, 650, 8, 0, 0),
       (52272, 332, '47', 2, 4000000, 660, 8, 0, 0),
       (52273, 332, '48', 3, 5000000, 410, 8, 0, 0),
       (52274, 332, '49', 1, 10000000, 380, 9, 0, 0),
       (52275, 332, '50', 3, 5000000, 470, 9, 0, 0),
       (52276, 332, '51', 2, 3000000, 260, 9, 0, 0),
       (52277, 332, '52', 2, 5000000, 700, 9, 0, 0),
       (52278, 332, '53', 2, 8000000, 390, 9, 0, 0),
       (52279, 332, '54', 2, 15000000, 520, 9, 0, 0),
       (52280, 332, '55', 3, 7000000, 420, 10, 0, 0),
       (52281, 332, '56', 2, 4000000, 550, 10, 0, 0),
       (52282, 332, '57', 3, 10000000, 790, 10, 0, 0),
       (52283, 332, '58', 2, 7000000, 260, 10, 0, 0),
       (52284, 332, '59', 2, 12000000, 500, 10, 0, 0),
       (52285, 332, '60', 3, 10000000, 280, 10, 0, 0),
       (52286, 332, '61', 2, 6000000, 360, 11, 0, 0),
       (52287, 332, '62', 1, 8000000, 650, 11, 0, 0),
       (52288, 332, '63', 2, 6000000, 450, 11, 0, 0),
       (52289, 332, '64', 2, 15000000, 530, 11, 0, 0),
       (52290, 332, '65', 3, 10000000, 750, 11, 0, 0),
       (52291, 332, '66', 1, 13000000, 400, 11, 0, 0),
       (52292, 332, '67', 2, 9000000, 760, 12, 0, 0),
       (52293, 332, '68', 1, 10000000, 380, 12, 0, 0),
       (52294, 332, '69', 2, 9000000, 680, 12, 0, 0),
       (52295, 332, '70', 1, 11000000, 560, 12, 0, 0),
       (52296, 332, '71', 2, 10000000, 200, 12, 0, 0),
       (52297, 332, '72', 3, 4000000, 760, 12, 0, 0),
       (52298, 332, '73', 1, 12000000, 260, 13, 0, 0),
       (52299, 332, '74', 1, 8000000, 360, 13, 0, 0),
       (52300, 332, '75', 1, 10000000, 750, 13, 0, 0),
       (52301, 332, '76', 3, 3000000, 530, 13, 0, 0),
       (52302, 332, '77', 2, 8000000, 720, 13, 0, 0),
       (52303, 332, '78', 1, 11000000, 190, 13, 0, 0),
       (52304, 332, '79', 2, 3000000, 240, 14, 0, 0),
       (52305, 332, '80', 2, 3000000, 660, 14, 0, 0),
       (52306, 332, '81', 1, 12000000, 480, 14, 0, 0),
       (52307, 332, '82', 2, 7000000, 380, 14, 0, 0),
       (52308, 332, '83', 2, 13000000, 680, 14, 0, 0),
       (52309, 332, '84', 1, 13000000, 790, 14, 0, 0),
       (52310, 332, '85', 3, 13000000, 600, 15, 0, 0),
       (52311, 332, '86', 2, 12000000, 480, 15, 0, 0),
       (52312, 332, '87', 2, 13000000, 630, 15, 0, 0),
       (52313, 332, '88', 1, 5000000, 360, 15, 0, 0),
       (52314, 332, '89', 1, 3000000, 330, 15, 0, 0),
       (52315, 332, '90', 3, 5000000, 450, 15, 0, 0),
       (52316, 332, '91', 3, 10000000, 270, 16, 0, 0),
       (52317, 332, '92', 3, 3000000, 380, 16, 0, 0),
       (52318, 332, '93', 2, 4000000, 580, 16, 0, 0),
       (52319, 332, '94', 1, 3000000, 310, 16, 0, 0),
       (52320, 332, '95', 1, 5000000, 200, 16, 0, 0),
       (52321, 332, '96', 3, 4000000, 350, 16, 0, 0),
       (52322, 332, '97', 2, 15000000, 650, 17, 0, 0),
       (52323, 332, '98', 2, 8000000, 550, 17, 0, 0),
       (52324, 332, '99', 2, 7000000, 470, 17, 0, 0),
       (52325, 332, '100', 2, 15000000, 730, 17, 0, 0),
       (52326, 332, '101', 3, 6000000, 420, 17, 0, 0),
       (52327, 332, '102', 2, 12000000, 400, 17, 0, 0),
       (52328, 332, '103', 1, 7000000, 700, 18, 0, 0),
       (52329, 332, '104', 2, 3000000, 620, 18, 0, 0),
       (52330, 332, '105', 1, 11000000, 220, 18, 0, 0),
       (52331, 332, '106', 2, 10000000, 630, 18, 0, 0),
       (52332, 332, '107', 1, 14000000, 200, 18, 0, 0),
       (52333, 332, '108', 2, 3000000, 400, 18, 0, 0),
       (52334, 332, '109', 2, 8000000, 350, 19, 0, 0),
       (52335, 332, '110', 2, 15000000, 200, 19, 0, 0),
       (52336, 332, '111', 2, 4000000, 400, 19, 0, 0),
       (52337, 332, '112', 1, 15000000, 570, 19, 0, 0),
       (52338, 332, '113', 3, 10000000, 780, 19, 0, 0),
       (52339, 332, '114', 3, 12000000, 230, 19, 0, 0),
       (52340, 332, '115', 1, 3000000, 720, 20, 0, 0),
       (52341, 332, '116', 2, 11000000, 390, 20, 0, 0),
       (52342, 332, '117', 1, 15000000, 180, 20, 0, 0),
       (52343, 332, '118', 2, 13000000, 270, 20, 0, 0),
       (52344, 332, '119', 1, 6000000, 730, 20, 0, 0),
       (52345, 332, '120', 2, 6000000, 340, 20, 0, 0),
       (52346, 332, '121', 2, 3000000, 380, 21, 0, 0),
       (52347, 332, '122', 2, 13000000, 400, 21, 0, 0),
       (52348, 332, '123', 1, 13000000, 250, 21, 0, 0),
       (52349, 332, '124', 3, 3000000, 210, 21, 0, 0),
       (52350, 332, '125', 2, 15000000, 680, 21, 0, 0),
       (52351, 332, '126', 2, 14000000, 260, 21, 0, 0),
       (52352, 332, '127', 3, 4000000, 670, 22, 0, 0),
       (52353, 332, '128', 1, 9000000, 440, 22, 0, 0),
       (52354, 332, '129', 2, 7000000, 600, 22, 0, 0),
       (52355, 332, '130', 3, 12000000, 370, 22, 0, 0),
       (52356, 332, '131', 2, 3000000, 300, 22, 0, 0),
       (52357, 332, '132', 3, 5000000, 230, 22, 0, 0),
       (52358, 332, '133', 1, 8000000, 380, 23, 0, 0),
       (52359, 332, '134', 1, 7000000, 440, 23, 0, 0),
       (52360, 332, '135', 1, 10000000, 220, 23, 0, 0),
       (52361, 332, '136', 1, 4000000, 590, 23, 0, 0),
       (52362, 332, '137', 3, 8000000, 600, 23, 0, 0),
       (52363, 332, '138', 2, 3000000, 460, 23, 0, 0),
       (52364, 332, '139', 2, 4000000, 400, 24, 0, 0),
       (52365, 332, '140', 2, 12000000, 790, 24, 0, 0),
       (52366, 332, '141', 1, 7000000, 490, 24, 0, 0),
       (52367, 332, '142', 1, 12000000, 420, 24, 0, 0),
       (52368, 332, '143', 2, 14000000, 800, 24, 0, 0),
       (52369, 332, '144', 3, 4000000, 320, 24, 0, 0),
       (52370, 332, '145', 2, 10000000, 460, 25, 0, 0),
       (52371, 332, '146', 1, 6000000, 290, 25, 0, 0),
       (52372, 332, '147', 2, 5000000, 450, 25, 0, 0),
       (52373, 332, '148', 1, 8000000, 260, 25, 0, 0),
       (52374, 332, '149', 2, 12000000, 690, 25, 0, 0),
       (52375, 332, '150', 3, 5000000, 260, 25, 0, 0),
       (52376, 332, '151', 3, 9000000, 580, 26, 0, 0),
       (52377, 332, '152', 2, 6000000, 590, 26, 0, 0),
       (52378, 332, '153', 3, 13000000, 290, 26, 0, 0),
       (52379, 332, '154', 3, 7000000, 450, 26, 0, 0),
       (52380, 332, '155', 2, 5000000, 710, 26, 0, 0),
       (52381, 332, '156', 1, 5000000, 760, 26, 0, 0),
       (52382, 332, '157', 2, 3000000, 300, 27, 0, 0),
       (52383, 332, '158', 3, 3000000, 700, 27, 0, 0),
       (52384, 332, '159', 2, 6000000, 790, 27, 0, 0),
       (52385, 332, '160', 3, 10000000, 210, 27, 0, 0),
       (52386, 332, '161', 3, 6000000, 510, 27, 0, 0),
       (52387, 332, '162', 3, 7000000, 540, 27, 0, 0),
       (52388, 332, '163', 2, 14000000, 280, 28, 0, 0),
       (52389, 332, '164', 3, 8000000, 280, 28, 0, 0),
       (52390, 332, '165', 1, 10000000, 200, 28, 0, 0),
       (52391, 332, '166', 3, 14000000, 180, 28, 0, 0),
       (52392, 332, '167', 2, 11000000, 740, 28, 0, 0),
       (52393, 332, '168', 1, 3000000, 800, 28, 0, 0),
       (52394, 332, '169', 1, 11000000, 670, 29, 0, 0),
       (52395, 332, '170', 1, 7000000, 380, 29, 0, 0),
       (52396, 332, '171', 1, 3000000, 710, 29, 0, 0),
       (52397, 332, '172', 1, 12000000, 240, 29, 0, 0),
       (52398, 332, '173', 1, 14000000, 340, 29, 0, 0),
       (52399, 332, '174', 1, 3000000, 370, 29, 0, 0),
       (52400, 332, '175', 3, 10000000, 790, 30, 0, 0),
       (52401, 332, '176', 1, 8000000, 790, 30, 0, 0),
       (52402, 332, '177', 2, 4000000, 430, 30, 0, 0),
       (52403, 332, '178', 1, 9000000, 780, 30, 0, 0),
       (52404, 332, '179', 2, 12000000, 200, 30, 0, 0),
       (52405, 332, '180', 2, 15000000, 700, 30, 0, 0),
       (52406, 332, '181', 1, 15000000, 220, 31, 0, 0),
       (52407, 332, '182', 3, 10000000, 710, 31, 0, 0),
       (52408, 332, '183', 2, 14000000, 740, 31, 0, 0),
       (52409, 332, '184', 3, 10000000, 650, 31, 0, 0),
       (52410, 332, '185', 2, 13000000, 210, 31, 0, 0),
       (52411, 332, '186', 1, 11000000, 370, 31, 0, 0),
       (52412, 332, '187', 2, 7000000, 210, 32, 0, 0),
       (52413, 332, '188', 3, 3000000, 200, 32, 0, 0),
       (52414, 332, '189', 3, 8000000, 190, 32, 0, 0),
       (52415, 332, '190', 3, 9000000, 370, 32, 0, 0),
       (52416, 332, '191', 3, 13000000, 720, 32, 0, 0),
       (52417, 332, '192', 1, 4000000, 340, 32, 0, 0),
       (52418, 332, '193', 2, 10000000, 690, 33, 0, 0),
       (52419, 332, '194', 3, 10000000, 240, 33, 0, 0),
       (52420, 332, '195', 1, 13000000, 700, 33, 0, 0),
       (52421, 332, '196', 3, 12000000, 260, 33, 0, 0),
       (52422, 332, '197', 1, 4000000, 740, 33, 0, 0),
       (52423, 332, '198', 2, 10000000, 210, 33, 0, 0),
       (52424, 332, '199', 3, 7000000, 560, 34, 0, 0),
       (52425, 332, '200', 1, 6000000, 250, 34, 0, 0),
       (52426, 332, '201', 1, 12000000, 190, 34, 0, 0),
       (52427, 332, '202', 3, 3000000, 550, 34, 0, 0),
       (52428, 332, '203', 3, 13000000, 570, 34, 0, 0),
       (52429, 332, '204', 2, 4000000, 660, 34, 0, 0),
       (52430, 332, '205', 2, 15000000, 560, 35, 0, 0),
       (52431, 332, '206', 2, 11000000, 320, 35, 0, 0),
       (52432, 332, '207', 1, 10000000, 410, 35, 0, 0),
       (52433, 332, '208', 1, 11000000, 780, 35, 0, 0),
       (52434, 332, '209', 2, 5000000, 760, 35, 0, 0),
       (52435, 332, '210', 2, 13000000, 520, 35, 0, 0),
       (52436, 332, '211', 1, 13000000, 250, 36, 0, 0),
       (52437, 332, '212', 2, 11000000, 200, 36, 0, 0),
       (52438, 332, '213', 3, 14000000, 260, 36, 0, 0),
       (52439, 332, '214', 2, 6000000, 790, 36, 0, 0),
       (52440, 332, '215', 1, 6000000, 800, 36, 0, 0),
       (52441, 332, '216', 1, 13000000, 370, 36, 0, 0),
       (52442, 332, '217', 1, 9000000, 290, 37, 0, 0),
       (52443, 332, '218', 3, 8000000, 250, 37, 0, 0),
       (52444, 332, '219', 2, 15000000, 760, 37, 0, 0),
       (52445, 332, '220', 2, 14000000, 490, 37, 0, 0),
       (52446, 332, '221', 1, 11000000, 770, 37, 0, 0),
       (52447, 332, '222', 1, 6000000, 610, 37, 0, 0),
       (52448, 332, '223', 1, 7000000, 710, 38, 0, 0),
       (52449, 332, '224', 3, 3000000, 740, 38, 0, 0),
       (52450, 332, '225', 3, 15000000, 290, 38, 0, 0),
       (52451, 332, '226', 1, 12000000, 720, 38, 0, 0),
       (52452, 332, '227', 2, 7000000, 340, 38, 0, 0),
       (52453, 332, '228', 1, 14000000, 480, 38, 0, 0),
       (52454, 332, '229', 2, 13000000, 200, 39, 0, 0),
       (52455, 332, '230', 1, 5000000, 330, 39, 0, 0),
       (52456, 332, '231', 3, 6000000, 260, 39, 0, 0),
       (52457, 332, '232', 3, 3000000, 240, 39, 0, 0),
       (52458, 332, '233', 3, 3000000, 270, 39, 0, 0),
       (52459, 332, '234', 3, 5000000, 270, 39, 0, 0),
       (52460, 332, '235', 2, 3000000, 330, 40, 0, 0),
       (52461, 332, '236', 3, 10000000, 470, 40, 0, 0),
       (52462, 332, '237', 2, 11000000, 270, 40, 0, 0),
       (52463, 332, '238', 2, 5000000, 360, 40, 0, 0),
       (52464, 332, '239', 1, 5000000, 270, 40, 0, 0),
       (52465, 332, '240', 1, 11000000, 760, 40, 0, 0),
       (52466, 332, '241', 1, 3000000, 430, 41, 0, 0),
       (52467, 332, '242', 3, 12000000, 240, 41, 0, 0),
       (52468, 332, '243', 1, 4000000, 380, 41, 0, 0),
       (52469, 332, '244', 1, 12000000, 530, 41, 0, 0),
       (52470, 332, '245', 2, 15000000, 620, 41, 0, 0),
       (52471, 332, '246', 3, 10000000, 310, 41, 0, 0),
       (52472, 332, '247', 1, 10000000, 360, 42, 0, 0),
       (52473, 332, '248', 2, 15000000, 640, 42, 0, 0),
       (52474, 332, '249', 3, 3000000, 660, 42, 0, 0),
       (52475, 332, '250', 1, 12000000, 180, 42, 0, 0),
       (52476, 332, '251', 3, 3000000, 240, 42, 0, 0),
       (52477, 332, '252', 3, 9000000, 670, 42, 0, 0),
       (52478, 332, '253', 3, 14000000, 250, 43, 0, 0),
       (52479, 332, '254', 3, 8000000, 540, 43, 0, 0),
       (52480, 332, '255', 3, 3000000, 220, 43, 0, 0),
       (52481, 332, '256', 3, 10000000, 800, 43, 0, 0),
       (52482, 332, '257', 2, 12000000, 660, 43, 0, 0),
       (52483, 332, '258', 2, 5000000, 230, 43, 0, 0);
insert into real_estate_building (id, address, complex_id, floor_count, dev_id)
values (333, 'г. Москва, ул. Краснокаменская, д. 29', 16, 48, 16);
insert into real_estate_object (id, building_id ,local_address, places, price, area, floor, type, estate_type)
values (52484, 333, '1', 3, 11000000, 490, 1, 0, 0),
       (52485, 333, '2', 1, 11000000, 190, 1, 0, 0),
       (52486, 333, '3', 3, 4000000, 430, 1, 0, 0),
       (52487, 333, '4', 2, 9000000, 580, 1, 0, 0),
       (52488, 333, '5', 3, 15000000, 320, 1, 0, 0),
       (52489, 333, '6', 1, 6000000, 560, 1, 0, 0),
       (52490, 333, '7', 1, 7000000, 390, 2, 0, 0),
       (52491, 333, '8', 2, 3000000, 570, 2, 0, 0),
       (52492, 333, '9', 1, 7000000, 800, 2, 0, 0),
       (52493, 333, '10', 2, 4000000, 260, 2, 0, 0),
       (52494, 333, '11', 1, 3000000, 640, 2, 0, 0),
       (52495, 333, '12', 3, 14000000, 390, 2, 0, 0),
       (52496, 333, '13', 2, 8000000, 740, 3, 0, 0),
       (52497, 333, '14', 3, 9000000, 740, 3, 0, 0),
       (52498, 333, '15', 3, 6000000, 270, 3, 0, 0),
       (52499, 333, '16', 1, 7000000, 380, 3, 0, 0),
       (52500, 333, '17', 2, 14000000, 570, 3, 0, 0),
       (52501, 333, '18', 2, 10000000, 710, 3, 0, 0),
       (52502, 333, '19', 2, 10000000, 650, 4, 0, 0),
       (52503, 333, '20', 3, 13000000, 780, 4, 0, 0),
       (52504, 333, '21', 3, 3000000, 560, 4, 0, 0),
       (52505, 333, '22', 2, 10000000, 500, 4, 0, 0),
       (52506, 333, '23', 3, 9000000, 260, 4, 0, 0),
       (52507, 333, '24', 1, 12000000, 290, 4, 0, 0),
       (52508, 333, '25', 1, 15000000, 480, 5, 0, 0),
       (52509, 333, '26', 1, 12000000, 790, 5, 0, 0),
       (52510, 333, '27', 2, 4000000, 690, 5, 0, 0),
       (52511, 333, '28', 3, 4000000, 340, 5, 0, 0),
       (52512, 333, '29', 1, 15000000, 560, 5, 0, 0),
       (52513, 333, '30', 1, 7000000, 300, 5, 0, 0),
       (52514, 333, '31', 1, 4000000, 220, 6, 0, 0),
       (52515, 333, '32', 2, 7000000, 260, 6, 0, 0),
       (52516, 333, '33', 2, 13000000, 320, 6, 0, 0),
       (52517, 333, '34', 3, 5000000, 340, 6, 0, 0),
       (52518, 333, '35', 2, 14000000, 200, 6, 0, 0),
       (52519, 333, '36', 2, 15000000, 220, 6, 0, 0),
       (52520, 333, '37', 2, 4000000, 700, 7, 0, 0),
       (52521, 333, '38', 3, 9000000, 230, 7, 0, 0),
       (52522, 333, '39', 1, 9000000, 640, 7, 0, 0),
       (52523, 333, '40', 2, 6000000, 240, 7, 0, 0),
       (52524, 333, '41', 1, 10000000, 780, 7, 0, 0),
       (52525, 333, '42', 2, 7000000, 550, 7, 0, 0),
       (52526, 333, '43', 3, 8000000, 700, 8, 0, 0),
       (52527, 333, '44', 1, 13000000, 180, 8, 0, 0),
       (52528, 333, '45', 2, 8000000, 480, 8, 0, 0),
       (52529, 333, '46', 1, 3000000, 280, 8, 0, 0),
       (52530, 333, '47', 1, 13000000, 290, 8, 0, 0),
       (52531, 333, '48', 1, 14000000, 370, 8, 0, 0),
       (52532, 333, '49', 2, 15000000, 560, 9, 0, 0),
       (52533, 333, '50', 2, 9000000, 340, 9, 0, 0),
       (52534, 333, '51', 1, 6000000, 440, 9, 0, 0),
       (52535, 333, '52', 2, 11000000, 260, 9, 0, 0),
       (52536, 333, '53', 3, 7000000, 650, 9, 0, 0),
       (52537, 333, '54', 1, 4000000, 390, 9, 0, 0),
       (52538, 333, '55', 2, 11000000, 270, 10, 0, 0),
       (52539, 333, '56', 1, 3000000, 520, 10, 0, 0),
       (52540, 333, '57', 2, 4000000, 360, 10, 0, 0),
       (52541, 333, '58', 1, 4000000, 750, 10, 0, 0),
       (52542, 333, '59', 2, 10000000, 430, 10, 0, 0),
       (52543, 333, '60', 1, 6000000, 400, 10, 0, 0),
       (52544, 333, '61', 3, 3000000, 720, 11, 0, 0),
       (52545, 333, '62', 3, 13000000, 580, 11, 0, 0),
       (52546, 333, '63', 3, 3000000, 270, 11, 0, 0),
       (52547, 333, '64', 3, 3000000, 480, 11, 0, 0),
       (52548, 333, '65', 3, 7000000, 320, 11, 0, 0),
       (52549, 333, '66', 3, 5000000, 450, 11, 0, 0),
       (52550, 333, '67', 2, 4000000, 690, 12, 0, 0),
       (52551, 333, '68', 1, 12000000, 540, 12, 0, 0),
       (52552, 333, '69', 1, 11000000, 600, 12, 0, 0),
       (52553, 333, '70', 1, 14000000, 600, 12, 0, 0),
       (52554, 333, '71', 1, 11000000, 780, 12, 0, 0),
       (52555, 333, '72', 3, 6000000, 310, 12, 0, 0),
       (52556, 333, '73', 1, 12000000, 610, 13, 0, 0),
       (52557, 333, '74', 1, 9000000, 560, 13, 0, 0),
       (52558, 333, '75', 1, 5000000, 190, 13, 0, 0),
       (52559, 333, '76', 2, 15000000, 730, 13, 0, 0),
       (52560, 333, '77', 3, 9000000, 710, 13, 0, 0),
       (52561, 333, '78', 3, 6000000, 460, 13, 0, 0),
       (52562, 333, '79', 1, 3000000, 490, 14, 0, 0),
       (52563, 333, '80', 3, 6000000, 520, 14, 0, 0),
       (52564, 333, '81', 1, 3000000, 730, 14, 0, 0),
       (52565, 333, '82', 1, 9000000, 710, 14, 0, 0),
       (52566, 333, '83', 3, 8000000, 460, 14, 0, 0),
       (52567, 333, '84', 1, 11000000, 500, 14, 0, 0),
       (52568, 333, '85', 2, 7000000, 510, 15, 0, 0),
       (52569, 333, '86', 2, 15000000, 600, 15, 0, 0),
       (52570, 333, '87', 1, 9000000, 440, 15, 0, 0),
       (52571, 333, '88', 2, 5000000, 790, 15, 0, 0),
       (52572, 333, '89', 2, 9000000, 220, 15, 0, 0),
       (52573, 333, '90', 2, 12000000, 470, 15, 0, 0),
       (52574, 333, '91', 1, 13000000, 270, 16, 0, 0),
       (52575, 333, '92', 2, 13000000, 320, 16, 0, 0),
       (52576, 333, '93', 1, 6000000, 230, 16, 0, 0),
       (52577, 333, '94', 3, 9000000, 520, 16, 0, 0),
       (52578, 333, '95', 2, 6000000, 680, 16, 0, 0),
       (52579, 333, '96', 1, 9000000, 770, 16, 0, 0),
       (52580, 333, '97', 3, 9000000, 440, 17, 0, 0),
       (52581, 333, '98', 2, 9000000, 560, 17, 0, 0),
       (52582, 333, '99', 1, 13000000, 180, 17, 0, 0),
       (52583, 333, '100', 3, 13000000, 440, 17, 0, 0),
       (52584, 333, '101', 3, 10000000, 760, 17, 0, 0),
       (52585, 333, '102', 3, 4000000, 250, 17, 0, 0),
       (52586, 333, '103', 1, 5000000, 710, 18, 0, 0),
       (52587, 333, '104', 2, 8000000, 730, 18, 0, 0),
       (52588, 333, '105', 2, 14000000, 530, 18, 0, 0),
       (52589, 333, '106', 1, 8000000, 520, 18, 0, 0),
       (52590, 333, '107', 1, 12000000, 410, 18, 0, 0),
       (52591, 333, '108', 3, 10000000, 710, 18, 0, 0),
       (52592, 333, '109', 2, 15000000, 300, 19, 0, 0),
       (52593, 333, '110', 3, 15000000, 540, 19, 0, 0),
       (52594, 333, '111', 2, 5000000, 350, 19, 0, 0),
       (52595, 333, '112', 1, 15000000, 530, 19, 0, 0),
       (52596, 333, '113', 2, 4000000, 420, 19, 0, 0),
       (52597, 333, '114', 2, 13000000, 580, 19, 0, 0),
       (52598, 333, '115', 2, 12000000, 340, 20, 0, 0),
       (52599, 333, '116', 2, 13000000, 390, 20, 0, 0),
       (52600, 333, '117', 3, 9000000, 670, 20, 0, 0),
       (52601, 333, '118', 3, 10000000, 540, 20, 0, 0),
       (52602, 333, '119', 3, 3000000, 410, 20, 0, 0),
       (52603, 333, '120', 3, 5000000, 740, 20, 0, 0),
       (52604, 333, '121', 3, 14000000, 370, 21, 0, 0),
       (52605, 333, '122', 3, 5000000, 360, 21, 0, 0),
       (52606, 333, '123', 2, 15000000, 620, 21, 0, 0),
       (52607, 333, '124', 1, 8000000, 180, 21, 0, 0),
       (52608, 333, '125', 2, 10000000, 360, 21, 0, 0),
       (52609, 333, '126', 3, 7000000, 340, 21, 0, 0),
       (52610, 333, '127', 1, 6000000, 780, 22, 0, 0),
       (52611, 333, '128', 3, 10000000, 290, 22, 0, 0),
       (52612, 333, '129', 1, 11000000, 750, 22, 0, 0),
       (52613, 333, '130', 2, 13000000, 590, 22, 0, 0),
       (52614, 333, '131', 3, 14000000, 740, 22, 0, 0),
       (52615, 333, '132', 2, 3000000, 340, 22, 0, 0),
       (52616, 333, '133', 1, 3000000, 550, 23, 0, 0),
       (52617, 333, '134', 3, 14000000, 390, 23, 0, 0),
       (52618, 333, '135', 3, 13000000, 610, 23, 0, 0),
       (52619, 333, '136', 1, 8000000, 770, 23, 0, 0),
       (52620, 333, '137', 2, 7000000, 690, 23, 0, 0),
       (52621, 333, '138', 3, 12000000, 660, 23, 0, 0),
       (52622, 333, '139', 1, 14000000, 680, 24, 0, 0),
       (52623, 333, '140', 1, 11000000, 240, 24, 0, 0),
       (52624, 333, '141', 3, 13000000, 680, 24, 0, 0),
       (52625, 333, '142', 2, 11000000, 660, 24, 0, 0),
       (52626, 333, '143', 2, 8000000, 330, 24, 0, 0),
       (52627, 333, '144', 3, 4000000, 270, 24, 0, 0),
       (52628, 333, '145', 2, 14000000, 480, 25, 0, 0),
       (52629, 333, '146', 1, 5000000, 520, 25, 0, 0),
       (52630, 333, '147', 3, 9000000, 360, 25, 0, 0),
       (52631, 333, '148', 1, 14000000, 680, 25, 0, 0),
       (52632, 333, '149', 2, 5000000, 540, 25, 0, 0),
       (52633, 333, '150', 3, 13000000, 200, 25, 0, 0),
       (52634, 333, '151', 1, 5000000, 480, 26, 0, 0),
       (52635, 333, '152', 3, 5000000, 550, 26, 0, 0),
       (52636, 333, '153', 2, 5000000, 740, 26, 0, 0),
       (52637, 333, '154', 2, 10000000, 180, 26, 0, 0),
       (52638, 333, '155', 2, 11000000, 390, 26, 0, 0),
       (52639, 333, '156', 1, 5000000, 380, 26, 0, 0),
       (52640, 333, '157', 3, 14000000, 240, 27, 0, 0),
       (52641, 333, '158', 3, 11000000, 180, 27, 0, 0),
       (52642, 333, '159', 2, 10000000, 510, 27, 0, 0),
       (52643, 333, '160', 3, 15000000, 520, 27, 0, 0),
       (52644, 333, '161', 1, 10000000, 500, 27, 0, 0),
       (52645, 333, '162', 3, 10000000, 500, 27, 0, 0),
       (52646, 333, '163', 3, 9000000, 490, 28, 0, 0),
       (52647, 333, '164', 2, 3000000, 340, 28, 0, 0),
       (52648, 333, '165', 2, 15000000, 310, 28, 0, 0),
       (52649, 333, '166', 1, 10000000, 370, 28, 0, 0),
       (52650, 333, '167', 1, 6000000, 290, 28, 0, 0),
       (52651, 333, '168', 2, 9000000, 250, 28, 0, 0),
       (52652, 333, '169', 2, 13000000, 360, 29, 0, 0),
       (52653, 333, '170', 2, 11000000, 260, 29, 0, 0),
       (52654, 333, '171', 3, 5000000, 200, 29, 0, 0),
       (52655, 333, '172', 2, 11000000, 720, 29, 0, 0),
       (52656, 333, '173', 1, 15000000, 470, 29, 0, 0),
       (52657, 333, '174', 1, 6000000, 540, 29, 0, 0),
       (52658, 333, '175', 1, 3000000, 270, 30, 0, 0),
       (52659, 333, '176', 2, 10000000, 770, 30, 0, 0),
       (52660, 333, '177', 2, 8000000, 490, 30, 0, 0),
       (52661, 333, '178', 2, 15000000, 230, 30, 0, 0),
       (52662, 333, '179', 3, 3000000, 290, 30, 0, 0),
       (52663, 333, '180', 2, 11000000, 440, 30, 0, 0),
       (52664, 333, '181', 2, 4000000, 240, 31, 0, 0),
       (52665, 333, '182', 3, 8000000, 650, 31, 0, 0),
       (52666, 333, '183', 1, 15000000, 700, 31, 0, 0),
       (52667, 333, '184', 3, 8000000, 240, 31, 0, 0),
       (52668, 333, '185', 2, 5000000, 450, 31, 0, 0),
       (52669, 333, '186', 2, 9000000, 690, 31, 0, 0),
       (52670, 333, '187', 2, 10000000, 230, 32, 0, 0),
       (52671, 333, '188', 3, 5000000, 200, 32, 0, 0),
       (52672, 333, '189', 3, 8000000, 450, 32, 0, 0),
       (52673, 333, '190', 2, 8000000, 510, 32, 0, 0),
       (52674, 333, '191', 2, 8000000, 710, 32, 0, 0),
       (52675, 333, '192', 1, 14000000, 660, 32, 0, 0),
       (52676, 333, '193', 2, 15000000, 430, 33, 0, 0),
       (52677, 333, '194', 1, 10000000, 220, 33, 0, 0),
       (52678, 333, '195', 1, 9000000, 360, 33, 0, 0),
       (52679, 333, '196', 1, 11000000, 690, 33, 0, 0),
       (52680, 333, '197', 2, 11000000, 270, 33, 0, 0),
       (52681, 333, '198', 2, 3000000, 270, 33, 0, 0),
       (52682, 333, '199', 1, 9000000, 650, 34, 0, 0),
       (52683, 333, '200', 3, 6000000, 310, 34, 0, 0),
       (52684, 333, '201', 2, 11000000, 730, 34, 0, 0),
       (52685, 333, '202', 3, 14000000, 210, 34, 0, 0),
       (52686, 333, '203', 2, 4000000, 670, 34, 0, 0),
       (52687, 333, '204', 2, 7000000, 720, 34, 0, 0),
       (52688, 333, '205', 3, 3000000, 560, 35, 0, 0),
       (52689, 333, '206', 3, 4000000, 430, 35, 0, 0),
       (52690, 333, '207', 1, 13000000, 430, 35, 0, 0),
       (52691, 333, '208', 2, 4000000, 640, 35, 0, 0),
       (52692, 333, '209', 3, 7000000, 730, 35, 0, 0),
       (52693, 333, '210', 3, 4000000, 580, 35, 0, 0),
       (52694, 333, '211', 1, 3000000, 200, 36, 0, 0),
       (52695, 333, '212', 2, 12000000, 350, 36, 0, 0),
       (52696, 333, '213', 2, 15000000, 800, 36, 0, 0),
       (52697, 333, '214', 2, 5000000, 540, 36, 0, 0),
       (52698, 333, '215', 1, 14000000, 290, 36, 0, 0),
       (52699, 333, '216', 1, 9000000, 780, 36, 0, 0),
       (52700, 333, '217', 3, 12000000, 560, 37, 0, 0),
       (52701, 333, '218', 1, 14000000, 200, 37, 0, 0),
       (52702, 333, '219', 1, 13000000, 470, 37, 0, 0),
       (52703, 333, '220', 2, 3000000, 270, 37, 0, 0),
       (52704, 333, '221', 3, 4000000, 490, 37, 0, 0),
       (52705, 333, '222', 1, 5000000, 460, 37, 0, 0),
       (52706, 333, '223', 3, 10000000, 580, 38, 0, 0),
       (52707, 333, '224', 3, 15000000, 200, 38, 0, 0),
       (52708, 333, '225', 2, 4000000, 240, 38, 0, 0),
       (52709, 333, '226', 2, 14000000, 180, 38, 0, 0),
       (52710, 333, '227', 2, 13000000, 360, 38, 0, 0),
       (52711, 333, '228', 2, 10000000, 500, 38, 0, 0),
       (52712, 333, '229', 2, 7000000, 440, 39, 0, 0),
       (52713, 333, '230', 2, 7000000, 400, 39, 0, 0),
       (52714, 333, '231', 2, 5000000, 360, 39, 0, 0),
       (52715, 333, '232', 1, 14000000, 230, 39, 0, 0),
       (52716, 333, '233', 3, 14000000, 540, 39, 0, 0),
       (52717, 333, '234', 3, 5000000, 490, 39, 0, 0),
       (52718, 333, '235', 2, 7000000, 430, 40, 0, 0),
       (52719, 333, '236', 2, 9000000, 580, 40, 0, 0),
       (52720, 333, '237', 1, 15000000, 530, 40, 0, 0),
       (52721, 333, '238', 2, 8000000, 340, 40, 0, 0),
       (52722, 333, '239', 3, 4000000, 660, 40, 0, 0),
       (52723, 333, '240', 2, 5000000, 770, 40, 0, 0),
       (52724, 333, '241', 1, 13000000, 690, 41, 0, 0),
       (52725, 333, '242', 2, 3000000, 360, 41, 0, 0),
       (52726, 333, '243', 2, 3000000, 490, 41, 0, 0),
       (52727, 333, '244', 3, 13000000, 790, 41, 0, 0),
       (52728, 333, '245', 3, 4000000, 580, 41, 0, 0),
       (52729, 333, '246', 1, 13000000, 660, 41, 0, 0),
       (52730, 333, '247', 2, 15000000, 590, 42, 0, 0),
       (52731, 333, '248', 3, 15000000, 260, 42, 0, 0),
       (52732, 333, '249', 2, 4000000, 430, 42, 0, 0),
       (52733, 333, '250', 2, 12000000, 250, 42, 0, 0),
       (52734, 333, '251', 3, 14000000, 290, 42, 0, 0),
       (52735, 333, '252', 2, 10000000, 780, 42, 0, 0),
       (52736, 333, '253', 1, 5000000, 800, 43, 0, 0),
       (52737, 333, '254', 1, 14000000, 230, 43, 0, 0),
       (52738, 333, '255', 3, 3000000, 240, 43, 0, 0),
       (52739, 333, '256', 2, 9000000, 670, 43, 0, 0),
       (52740, 333, '257', 3, 11000000, 180, 43, 0, 0),
       (52741, 333, '258', 2, 11000000, 520, 43, 0, 0),
       (52742, 333, '259', 2, 8000000, 470, 44, 0, 0),
       (52743, 333, '260', 2, 13000000, 260, 44, 0, 0),
       (52744, 333, '261', 3, 11000000, 530, 44, 0, 0),
       (52745, 333, '262', 3, 3000000, 670, 44, 0, 0),
       (52746, 333, '263', 3, 3000000, 610, 44, 0, 0),
       (52747, 333, '264', 1, 6000000, 580, 44, 0, 0),
       (52748, 333, '265', 1, 5000000, 730, 45, 0, 0),
       (52749, 333, '266', 3, 12000000, 270, 45, 0, 0),
       (52750, 333, '267', 2, 5000000, 500, 45, 0, 0),
       (52751, 333, '268', 2, 9000000, 730, 45, 0, 0),
       (52752, 333, '269', 3, 9000000, 780, 45, 0, 0),
       (52753, 333, '270', 3, 11000000, 590, 45, 0, 0),
       (52754, 333, '271', 2, 13000000, 480, 46, 0, 0),
       (52755, 333, '272', 3, 15000000, 760, 46, 0, 0),
       (52756, 333, '273', 2, 13000000, 290, 46, 0, 0),
       (52757, 333, '274', 1, 9000000, 210, 46, 0, 0),
       (52758, 333, '275', 2, 10000000, 470, 46, 0, 0),
       (52759, 333, '276', 3, 7000000, 420, 46, 0, 0),
       (52760, 333, '277', 1, 9000000, 280, 47, 0, 0),
       (52761, 333, '278', 2, 11000000, 550, 47, 0, 0),
       (52762, 333, '279', 2, 11000000, 600, 47, 0, 0),
       (52763, 333, '280', 2, 11000000, 500, 47, 0, 0),
       (52764, 333, '281', 3, 11000000, 720, 47, 0, 0),
       (52765, 333, '282', 1, 10000000, 570, 47, 0, 0),
       (52766, 333, '283', 3, 14000000, 720, 48, 0, 0),
       (52767, 333, '284', 2, 12000000, 790, 48, 0, 0),
       (52768, 333, '285', 2, 15000000, 720, 48, 0, 0),
       (52769, 333, '286', 1, 6000000, 300, 48, 0, 0),
       (52770, 333, '287', 1, 14000000, 490, 48, 0, 0),
       (52771, 333, '288', 3, 11000000, 210, 48, 0, 0);
insert into real_estate_building (id, address, complex_id, floor_count, dev_id)
values (334, 'г. Москва, ул. Краснокаменская, д. 30', 16, 43, 16);
insert into real_estate_object (id, building_id ,local_address, places, price, area, floor, type, estate_type)
values (52772, 334, '1', 2, 13000000, 270, 1, 0, 0),
       (52773, 334, '2', 2, 3000000, 630, 1, 0, 0),
       (52774, 334, '3', 2, 6000000, 370, 1, 0, 0),
       (52775, 334, '4', 3, 10000000, 750, 1, 0, 0),
       (52776, 334, '5', 2, 4000000, 780, 1, 0, 0),
       (52777, 334, '6', 1, 4000000, 480, 1, 0, 0),
       (52778, 334, '7', 3, 7000000, 570, 2, 0, 0),
       (52779, 334, '8', 1, 11000000, 540, 2, 0, 0),
       (52780, 334, '9', 1, 10000000, 300, 2, 0, 0),
       (52781, 334, '10', 1, 3000000, 250, 2, 0, 0),
       (52782, 334, '11', 1, 9000000, 500, 2, 0, 0),
       (52783, 334, '12', 3, 14000000, 550, 2, 0, 0),
       (52784, 334, '13', 3, 5000000, 780, 3, 0, 0),
       (52785, 334, '14', 3, 7000000, 510, 3, 0, 0),
       (52786, 334, '15', 3, 11000000, 410, 3, 0, 0),
       (52787, 334, '16', 1, 9000000, 270, 3, 0, 0),
       (52788, 334, '17', 2, 6000000, 550, 3, 0, 0),
       (52789, 334, '18', 1, 3000000, 630, 3, 0, 0),
       (52790, 334, '19', 2, 4000000, 610, 4, 0, 0),
       (52791, 334, '20', 1, 8000000, 380, 4, 0, 0),
       (52792, 334, '21', 1, 10000000, 260, 4, 0, 0),
       (52793, 334, '22', 2, 9000000, 800, 4, 0, 0),
       (52794, 334, '23', 1, 15000000, 600, 4, 0, 0),
       (52795, 334, '24', 1, 7000000, 220, 4, 0, 0),
       (52796, 334, '25', 1, 3000000, 470, 5, 0, 0),
       (52797, 334, '26', 1, 3000000, 640, 5, 0, 0),
       (52798, 334, '27', 1, 11000000, 700, 5, 0, 0),
       (52799, 334, '28', 3, 7000000, 240, 5, 0, 0),
       (52800, 334, '29', 1, 8000000, 300, 5, 0, 0),
       (52801, 334, '30', 2, 3000000, 370, 5, 0, 0),
       (52802, 334, '31', 2, 7000000, 570, 6, 0, 0),
       (52803, 334, '32', 3, 6000000, 460, 6, 0, 0),
       (52804, 334, '33', 2, 11000000, 450, 6, 0, 0),
       (52805, 334, '34', 1, 9000000, 470, 6, 0, 0),
       (52806, 334, '35', 1, 4000000, 360, 6, 0, 0),
       (52807, 334, '36', 3, 5000000, 400, 6, 0, 0),
       (52808, 334, '37', 1, 11000000, 400, 7, 0, 0),
       (52809, 334, '38', 3, 14000000, 510, 7, 0, 0),
       (52810, 334, '39', 2, 15000000, 270, 7, 0, 0),
       (52811, 334, '40', 3, 10000000, 460, 7, 0, 0),
       (52812, 334, '41', 1, 12000000, 540, 7, 0, 0),
       (52813, 334, '42', 3, 13000000, 370, 7, 0, 0),
       (52814, 334, '43', 1, 7000000, 590, 8, 0, 0),
       (52815, 334, '44', 2, 8000000, 260, 8, 0, 0),
       (52816, 334, '45', 1, 11000000, 580, 8, 0, 0),
       (52817, 334, '46', 3, 10000000, 550, 8, 0, 0),
       (52818, 334, '47', 3, 9000000, 690, 8, 0, 0),
       (52819, 334, '48', 1, 15000000, 220, 8, 0, 0),
       (52820, 334, '49', 2, 12000000, 770, 9, 0, 0),
       (52821, 334, '50', 2, 14000000, 670, 9, 0, 0),
       (52822, 334, '51', 1, 13000000, 260, 9, 0, 0),
       (52823, 334, '52', 3, 4000000, 530, 9, 0, 0),
       (52824, 334, '53', 2, 4000000, 240, 9, 0, 0),
       (52825, 334, '54', 1, 6000000, 670, 9, 0, 0),
       (52826, 334, '55', 2, 7000000, 680, 10, 0, 0),
       (52827, 334, '56', 3, 12000000, 740, 10, 0, 0),
       (52828, 334, '57', 3, 15000000, 500, 10, 0, 0),
       (52829, 334, '58', 3, 9000000, 490, 10, 0, 0),
       (52830, 334, '59', 3, 13000000, 430, 10, 0, 0),
       (52831, 334, '60', 2, 5000000, 370, 10, 0, 0),
       (52832, 334, '61', 3, 3000000, 420, 11, 0, 0),
       (52833, 334, '62', 2, 3000000, 740, 11, 0, 0),
       (52834, 334, '63', 3, 13000000, 250, 11, 0, 0),
       (52835, 334, '64', 2, 14000000, 220, 11, 0, 0),
       (52836, 334, '65', 1, 8000000, 240, 11, 0, 0),
       (52837, 334, '66', 2, 7000000, 600, 11, 0, 0),
       (52838, 334, '67', 3, 3000000, 780, 12, 0, 0),
       (52839, 334, '68', 2, 7000000, 670, 12, 0, 0),
       (52840, 334, '69', 1, 14000000, 410, 12, 0, 0),
       (52841, 334, '70', 3, 6000000, 750, 12, 0, 0),
       (52842, 334, '71', 1, 11000000, 750, 12, 0, 0),
       (52843, 334, '72', 2, 9000000, 200, 12, 0, 0),
       (52844, 334, '73', 3, 7000000, 220, 13, 0, 0),
       (52845, 334, '74', 2, 11000000, 260, 13, 0, 0),
       (52846, 334, '75', 1, 10000000, 230, 13, 0, 0),
       (52847, 334, '76', 1, 11000000, 630, 13, 0, 0),
       (52848, 334, '77', 2, 13000000, 750, 13, 0, 0),
       (52849, 334, '78', 2, 6000000, 610, 13, 0, 0),
       (52850, 334, '79', 1, 7000000, 710, 14, 0, 0),
       (52851, 334, '80', 3, 6000000, 550, 14, 0, 0),
       (52852, 334, '81', 3, 13000000, 330, 14, 0, 0),
       (52853, 334, '82', 3, 15000000, 720, 14, 0, 0),
       (52854, 334, '83', 3, 3000000, 350, 14, 0, 0),
       (52855, 334, '84', 1, 13000000, 300, 14, 0, 0),
       (52856, 334, '85', 1, 9000000, 190, 15, 0, 0),
       (52857, 334, '86', 1, 3000000, 760, 15, 0, 0),
       (52858, 334, '87', 1, 3000000, 780, 15, 0, 0),
       (52859, 334, '88', 2, 10000000, 590, 15, 0, 0),
       (52860, 334, '89', 1, 7000000, 650, 15, 0, 0),
       (52861, 334, '90', 2, 9000000, 350, 15, 0, 0),
       (52862, 334, '91', 2, 9000000, 420, 16, 0, 0),
       (52863, 334, '92', 3, 14000000, 690, 16, 0, 0),
       (52864, 334, '93', 1, 11000000, 630, 16, 0, 0),
       (52865, 334, '94', 2, 5000000, 280, 16, 0, 0),
       (52866, 334, '95', 1, 7000000, 530, 16, 0, 0),
       (52867, 334, '96', 1, 3000000, 410, 16, 0, 0),
       (52868, 334, '97', 3, 4000000, 560, 17, 0, 0),
       (52869, 334, '98', 3, 10000000, 640, 17, 0, 0),
       (52870, 334, '99', 1, 8000000, 720, 17, 0, 0),
       (52871, 334, '100', 2, 6000000, 200, 17, 0, 0),
       (52872, 334, '101', 2, 10000000, 790, 17, 0, 0),
       (52873, 334, '102', 1, 14000000, 540, 17, 0, 0),
       (52874, 334, '103', 1, 14000000, 740, 18, 0, 0),
       (52875, 334, '104', 2, 11000000, 270, 18, 0, 0),
       (52876, 334, '105', 3, 9000000, 550, 18, 0, 0),
       (52877, 334, '106', 1, 6000000, 410, 18, 0, 0),
       (52878, 334, '107', 3, 5000000, 380, 18, 0, 0),
       (52879, 334, '108', 2, 14000000, 300, 18, 0, 0),
       (52880, 334, '109', 3, 11000000, 580, 19, 0, 0),
       (52881, 334, '110', 1, 7000000, 420, 19, 0, 0),
       (52882, 334, '111', 3, 15000000, 320, 19, 0, 0),
       (52883, 334, '112', 1, 10000000, 530, 19, 0, 0),
       (52884, 334, '113', 2, 5000000, 650, 19, 0, 0),
       (52885, 334, '114', 3, 15000000, 620, 19, 0, 0),
       (52886, 334, '115', 3, 12000000, 570, 20, 0, 0),
       (52887, 334, '116', 1, 6000000, 590, 20, 0, 0),
       (52888, 334, '117', 1, 15000000, 420, 20, 0, 0),
       (52889, 334, '118', 1, 8000000, 240, 20, 0, 0),
       (52890, 334, '119', 3, 9000000, 670, 20, 0, 0),
       (52891, 334, '120', 3, 13000000, 680, 20, 0, 0),
       (52892, 334, '121', 3, 10000000, 200, 21, 0, 0),
       (52893, 334, '122', 2, 10000000, 400, 21, 0, 0),
       (52894, 334, '123', 3, 9000000, 600, 21, 0, 0),
       (52895, 334, '124', 3, 11000000, 400, 21, 0, 0),
       (52896, 334, '125', 3, 8000000, 260, 21, 0, 0),
       (52897, 334, '126', 3, 12000000, 420, 21, 0, 0),
       (52898, 334, '127', 3, 6000000, 350, 22, 0, 0),
       (52899, 334, '128', 2, 14000000, 530, 22, 0, 0),
       (52900, 334, '129', 3, 15000000, 340, 22, 0, 0),
       (52901, 334, '130', 2, 8000000, 640, 22, 0, 0),
       (52902, 334, '131', 3, 12000000, 710, 22, 0, 0),
       (52903, 334, '132', 1, 10000000, 740, 22, 0, 0),
       (52904, 334, '133', 3, 6000000, 330, 23, 0, 0),
       (52905, 334, '134', 3, 11000000, 180, 23, 0, 0),
       (52906, 334, '135', 2, 14000000, 590, 23, 0, 0),
       (52907, 334, '136', 2, 9000000, 310, 23, 0, 0),
       (52908, 334, '137', 2, 8000000, 190, 23, 0, 0),
       (52909, 334, '138', 2, 12000000, 350, 23, 0, 0),
       (52910, 334, '139', 2, 10000000, 370, 24, 0, 0),
       (52911, 334, '140', 2, 4000000, 510, 24, 0, 0),
       (52912, 334, '141', 3, 12000000, 230, 24, 0, 0),
       (52913, 334, '142', 1, 10000000, 490, 24, 0, 0),
       (52914, 334, '143', 2, 14000000, 470, 24, 0, 0),
       (52915, 334, '144', 3, 9000000, 600, 24, 0, 0),
       (52916, 334, '145', 1, 13000000, 800, 25, 0, 0),
       (52917, 334, '146', 2, 4000000, 210, 25, 0, 0),
       (52918, 334, '147', 1, 10000000, 400, 25, 0, 0),
       (52919, 334, '148', 3, 7000000, 660, 25, 0, 0),
       (52920, 334, '149', 1, 12000000, 510, 25, 0, 0),
       (52921, 334, '150', 1, 10000000, 380, 25, 0, 0),
       (52922, 334, '151', 2, 8000000, 770, 26, 0, 0),
       (52923, 334, '152', 3, 3000000, 590, 26, 0, 0),
       (52924, 334, '153', 3, 7000000, 300, 26, 0, 0),
       (52925, 334, '154', 1, 11000000, 280, 26, 0, 0),
       (52926, 334, '155', 1, 11000000, 740, 26, 0, 0),
       (52927, 334, '156', 2, 7000000, 520, 26, 0, 0),
       (52928, 334, '157', 1, 13000000, 530, 27, 0, 0),
       (52929, 334, '158', 2, 12000000, 300, 27, 0, 0),
       (52930, 334, '159', 3, 10000000, 330, 27, 0, 0),
       (52931, 334, '160', 1, 15000000, 720, 27, 0, 0),
       (52932, 334, '161', 3, 13000000, 400, 27, 0, 0),
       (52933, 334, '162', 2, 15000000, 460, 27, 0, 0),
       (52934, 334, '163', 3, 12000000, 440, 28, 0, 0),
       (52935, 334, '164', 3, 9000000, 300, 28, 0, 0),
       (52936, 334, '165', 3, 9000000, 660, 28, 0, 0),
       (52937, 334, '166', 2, 5000000, 640, 28, 0, 0),
       (52938, 334, '167', 1, 5000000, 410, 28, 0, 0),
       (52939, 334, '168', 2, 12000000, 210, 28, 0, 0),
       (52940, 334, '169', 1, 9000000, 560, 29, 0, 0),
       (52941, 334, '170', 2, 3000000, 180, 29, 0, 0),
       (52942, 334, '171', 3, 8000000, 700, 29, 0, 0),
       (52943, 334, '172', 3, 11000000, 460, 29, 0, 0),
       (52944, 334, '173', 2, 6000000, 660, 29, 0, 0),
       (52945, 334, '174', 1, 12000000, 590, 29, 0, 0),
       (52946, 334, '175', 1, 4000000, 460, 30, 0, 0),
       (52947, 334, '176', 1, 9000000, 530, 30, 0, 0),
       (52948, 334, '177', 3, 14000000, 600, 30, 0, 0),
       (52949, 334, '178', 2, 11000000, 420, 30, 0, 0),
       (52950, 334, '179', 1, 12000000, 260, 30, 0, 0),
       (52951, 334, '180', 3, 9000000, 410, 30, 0, 0),
       (52952, 334, '181', 3, 7000000, 190, 31, 0, 0),
       (52953, 334, '182', 3, 5000000, 430, 31, 0, 0),
       (52954, 334, '183', 2, 9000000, 320, 31, 0, 0),
       (52955, 334, '184', 2, 4000000, 600, 31, 0, 0),
       (52956, 334, '185', 2, 10000000, 500, 31, 0, 0),
       (52957, 334, '186', 3, 11000000, 410, 31, 0, 0),
       (52958, 334, '187', 2, 10000000, 280, 32, 0, 0),
       (52959, 334, '188', 1, 11000000, 690, 32, 0, 0),
       (52960, 334, '189', 3, 3000000, 330, 32, 0, 0),
       (52961, 334, '190', 3, 13000000, 640, 32, 0, 0),
       (52962, 334, '191', 2, 9000000, 310, 32, 0, 0),
       (52963, 334, '192', 1, 12000000, 270, 32, 0, 0),
       (52964, 334, '193', 1, 14000000, 400, 33, 0, 0),
       (52965, 334, '194', 1, 12000000, 460, 33, 0, 0),
       (52966, 334, '195', 2, 3000000, 350, 33, 0, 0),
       (52967, 334, '196', 1, 10000000, 740, 33, 0, 0),
       (52968, 334, '197', 1, 3000000, 250, 33, 0, 0),
       (52969, 334, '198', 3, 3000000, 350, 33, 0, 0),
       (52970, 334, '199', 2, 10000000, 250, 34, 0, 0),
       (52971, 334, '200', 3, 6000000, 460, 34, 0, 0),
       (52972, 334, '201', 1, 8000000, 540, 34, 0, 0),
       (52973, 334, '202', 3, 15000000, 630, 34, 0, 0),
       (52974, 334, '203', 3, 9000000, 620, 34, 0, 0),
       (52975, 334, '204', 1, 11000000, 280, 34, 0, 0),
       (52976, 334, '205', 1, 4000000, 420, 35, 0, 0),
       (52977, 334, '206', 3, 7000000, 310, 35, 0, 0),
       (52978, 334, '207', 3, 15000000, 490, 35, 0, 0),
       (52979, 334, '208', 1, 4000000, 770, 35, 0, 0),
       (52980, 334, '209', 2, 13000000, 400, 35, 0, 0),
       (52981, 334, '210', 1, 4000000, 330, 35, 0, 0),
       (52982, 334, '211', 2, 7000000, 330, 36, 0, 0),
       (52983, 334, '212', 2, 3000000, 610, 36, 0, 0),
       (52984, 334, '213', 2, 5000000, 320, 36, 0, 0),
       (52985, 334, '214', 2, 14000000, 460, 36, 0, 0),
       (52986, 334, '215', 2, 13000000, 450, 36, 0, 0),
       (52987, 334, '216', 3, 11000000, 520, 36, 0, 0),
       (52988, 334, '217', 3, 6000000, 480, 37, 0, 0),
       (52989, 334, '218', 1, 11000000, 540, 37, 0, 0),
       (52990, 334, '219', 3, 14000000, 470, 37, 0, 0),
       (52991, 334, '220', 2, 15000000, 500, 37, 0, 0),
       (52992, 334, '221', 2, 10000000, 780, 37, 0, 0),
       (52993, 334, '222', 1, 13000000, 610, 37, 0, 0),
       (52994, 334, '223', 3, 9000000, 460, 38, 0, 0),
       (52995, 334, '224', 2, 4000000, 470, 38, 0, 0),
       (52996, 334, '225', 1, 8000000, 230, 38, 0, 0),
       (52997, 334, '226', 2, 4000000, 760, 38, 0, 0),
       (52998, 334, '227', 2, 8000000, 600, 38, 0, 0),
       (52999, 334, '228', 3, 7000000, 740, 38, 0, 0),
       (53000, 334, '229', 1, 12000000, 360, 39, 0, 0),
       (53001, 334, '230', 1, 9000000, 230, 39, 0, 0),
       (53002, 334, '231', 2, 3000000, 650, 39, 0, 0),
       (53003, 334, '232', 2, 11000000, 210, 39, 0, 0),
       (53004, 334, '233', 3, 3000000, 640, 39, 0, 0),
       (53005, 334, '234', 1, 9000000, 450, 39, 0, 0),
       (53006, 334, '235', 2, 15000000, 540, 40, 0, 0),
       (53007, 334, '236', 1, 13000000, 480, 40, 0, 0),
       (53008, 334, '237', 1, 3000000, 590, 40, 0, 0),
       (53009, 334, '238', 2, 9000000, 200, 40, 0, 0),
       (53010, 334, '239', 3, 5000000, 490, 40, 0, 0),
       (53011, 334, '240', 1, 3000000, 540, 40, 0, 0),
       (53012, 334, '241', 3, 12000000, 490, 41, 0, 0),
       (53013, 334, '242', 1, 8000000, 780, 41, 0, 0),
       (53014, 334, '243', 3, 12000000, 730, 41, 0, 0),
       (53015, 334, '244', 2, 15000000, 690, 41, 0, 0),
       (53016, 334, '245', 3, 9000000, 320, 41, 0, 0),
       (53017, 334, '246', 1, 10000000, 500, 41, 0, 0),
       (53018, 334, '247', 2, 3000000, 410, 42, 0, 0),
       (53019, 334, '248', 3, 5000000, 750, 42, 0, 0),
       (53020, 334, '249', 2, 12000000, 730, 42, 0, 0),
       (53021, 334, '250', 1, 5000000, 220, 42, 0, 0),
       (53022, 334, '251', 3, 12000000, 320, 42, 0, 0),
       (53023, 334, '252', 1, 10000000, 740, 42, 0, 0),
       (53024, 334, '253', 1, 15000000, 290, 43, 0, 0),
       (53025, 334, '254', 2, 11000000, 520, 43, 0, 0),
       (53026, 334, '255', 3, 3000000, 400, 43, 0, 0),
       (53027, 334, '256', 2, 4000000, 710, 43, 0, 0),
       (53028, 334, '257', 1, 13000000, 780, 43, 0, 0),
       (53029, 334, '258', 2, 9000000, 750, 43, 0, 0);
insert into real_estate_building (id, address, complex_id, floor_count, dev_id)
values (335, 'г. Москва, ул. Краснокаменская, д. 31', 16, 41, 16);
insert into real_estate_object (id, building_id ,local_address, places, price, area, floor, type, estate_type)
values (53030, 335, '1', 1, 3000000, 790, 1, 0, 0),
       (53031, 335, '2', 1, 10000000, 180, 1, 0, 0),
       (53032, 335, '3', 2, 14000000, 670, 1, 0, 0),
       (53033, 335, '4', 1, 8000000, 530, 1, 0, 0),
       (53034, 335, '5', 1, 7000000, 680, 1, 0, 0),
       (53035, 335, '6', 2, 13000000, 400, 1, 0, 0),
       (53036, 335, '7', 2, 14000000, 560, 2, 0, 0),
       (53037, 335, '8', 2, 9000000, 370, 2, 0, 0),
       (53038, 335, '9', 1, 3000000, 350, 2, 0, 0),
       (53039, 335, '10', 2, 3000000, 800, 2, 0, 0),
       (53040, 335, '11', 1, 10000000, 660, 2, 0, 0),
       (53041, 335, '12', 1, 3000000, 780, 2, 0, 0),
       (53042, 335, '13', 2, 11000000, 780, 3, 0, 0),
       (53043, 335, '14', 3, 14000000, 630, 3, 0, 0),
       (53044, 335, '15', 1, 4000000, 410, 3, 0, 0),
       (53045, 335, '16', 1, 5000000, 680, 3, 0, 0),
       (53046, 335, '17', 2, 4000000, 220, 3, 0, 0),
       (53047, 335, '18', 2, 3000000, 780, 3, 0, 0),
       (53048, 335, '19', 3, 8000000, 390, 4, 0, 0),
       (53049, 335, '20', 2, 12000000, 750, 4, 0, 0),
       (53050, 335, '21', 1, 13000000, 280, 4, 0, 0),
       (53051, 335, '22', 2, 13000000, 430, 4, 0, 0),
       (53052, 335, '23', 1, 13000000, 580, 4, 0, 0),
       (53053, 335, '24', 3, 15000000, 790, 4, 0, 0),
       (53054, 335, '25', 2, 14000000, 620, 5, 0, 0),
       (53055, 335, '26', 1, 13000000, 300, 5, 0, 0),
       (53056, 335, '27', 3, 12000000, 560, 5, 0, 0),
       (53057, 335, '28', 1, 3000000, 410, 5, 0, 0),
       (53058, 335, '29', 1, 13000000, 570, 5, 0, 0),
       (53059, 335, '30', 1, 11000000, 310, 5, 0, 0),
       (53060, 335, '31', 1, 9000000, 690, 6, 0, 0),
       (53061, 335, '32', 1, 15000000, 720, 6, 0, 0),
       (53062, 335, '33', 2, 6000000, 190, 6, 0, 0),
       (53063, 335, '34', 1, 10000000, 510, 6, 0, 0),
       (53064, 335, '35', 1, 12000000, 220, 6, 0, 0),
       (53065, 335, '36', 2, 4000000, 730, 6, 0, 0),
       (53066, 335, '37', 1, 9000000, 390, 7, 0, 0),
       (53067, 335, '38', 1, 10000000, 510, 7, 0, 0),
       (53068, 335, '39', 2, 15000000, 450, 7, 0, 0),
       (53069, 335, '40', 1, 8000000, 670, 7, 0, 0),
       (53070, 335, '41', 3, 6000000, 450, 7, 0, 0),
       (53071, 335, '42', 3, 5000000, 350, 7, 0, 0),
       (53072, 335, '43', 2, 3000000, 660, 8, 0, 0),
       (53073, 335, '44', 1, 9000000, 350, 8, 0, 0),
       (53074, 335, '45', 3, 4000000, 670, 8, 0, 0),
       (53075, 335, '46', 2, 8000000, 240, 8, 0, 0),
       (53076, 335, '47', 2, 10000000, 410, 8, 0, 0),
       (53077, 335, '48', 1, 13000000, 700, 8, 0, 0),
       (53078, 335, '49', 3, 11000000, 540, 9, 0, 0),
       (53079, 335, '50', 2, 5000000, 240, 9, 0, 0),
       (53080, 335, '51', 3, 9000000, 300, 9, 0, 0),
       (53081, 335, '52', 1, 11000000, 350, 9, 0, 0),
       (53082, 335, '53', 3, 13000000, 780, 9, 0, 0),
       (53083, 335, '54', 1, 12000000, 700, 9, 0, 0),
       (53084, 335, '55', 3, 4000000, 240, 10, 0, 0),
       (53085, 335, '56', 3, 15000000, 730, 10, 0, 0),
       (53086, 335, '57', 3, 11000000, 480, 10, 0, 0),
       (53087, 335, '58', 3, 4000000, 320, 10, 0, 0),
       (53088, 335, '59', 2, 11000000, 710, 10, 0, 0),
       (53089, 335, '60', 1, 13000000, 210, 10, 0, 0),
       (53090, 335, '61', 1, 11000000, 180, 11, 0, 0),
       (53091, 335, '62', 3, 8000000, 720, 11, 0, 0),
       (53092, 335, '63', 3, 12000000, 200, 11, 0, 0),
       (53093, 335, '64', 2, 7000000, 790, 11, 0, 0),
       (53094, 335, '65', 1, 15000000, 480, 11, 0, 0),
       (53095, 335, '66', 2, 15000000, 200, 11, 0, 0),
       (53096, 335, '67', 3, 12000000, 480, 12, 0, 0),
       (53097, 335, '68', 3, 7000000, 420, 12, 0, 0),
       (53098, 335, '69', 2, 8000000, 310, 12, 0, 0),
       (53099, 335, '70', 2, 9000000, 670, 12, 0, 0),
       (53100, 335, '71', 2, 13000000, 390, 12, 0, 0),
       (53101, 335, '72', 2, 8000000, 230, 12, 0, 0),
       (53102, 335, '73', 1, 12000000, 520, 13, 0, 0),
       (53103, 335, '74', 2, 12000000, 320, 13, 0, 0),
       (53104, 335, '75', 2, 3000000, 210, 13, 0, 0),
       (53105, 335, '76', 1, 12000000, 480, 13, 0, 0),
       (53106, 335, '77', 3, 3000000, 760, 13, 0, 0),
       (53107, 335, '78', 2, 8000000, 310, 13, 0, 0),
       (53108, 335, '79', 1, 3000000, 470, 14, 0, 0),
       (53109, 335, '80', 3, 10000000, 370, 14, 0, 0),
       (53110, 335, '81', 3, 8000000, 720, 14, 0, 0),
       (53111, 335, '82', 3, 5000000, 240, 14, 0, 0),
       (53112, 335, '83', 1, 13000000, 660, 14, 0, 0),
       (53113, 335, '84', 3, 5000000, 510, 14, 0, 0),
       (53114, 335, '85', 2, 9000000, 190, 15, 0, 0),
       (53115, 335, '86', 1, 12000000, 620, 15, 0, 0),
       (53116, 335, '87', 2, 13000000, 290, 15, 0, 0),
       (53117, 335, '88', 1, 12000000, 680, 15, 0, 0),
       (53118, 335, '89', 1, 15000000, 730, 15, 0, 0),
       (53119, 335, '90', 1, 15000000, 800, 15, 0, 0),
       (53120, 335, '91', 1, 6000000, 450, 16, 0, 0),
       (53121, 335, '92', 3, 13000000, 580, 16, 0, 0),
       (53122, 335, '93', 3, 14000000, 740, 16, 0, 0),
       (53123, 335, '94', 1, 4000000, 590, 16, 0, 0),
       (53124, 335, '95', 2, 4000000, 790, 16, 0, 0),
       (53125, 335, '96', 1, 15000000, 730, 16, 0, 0),
       (53126, 335, '97', 2, 9000000, 740, 17, 0, 0),
       (53127, 335, '98', 2, 6000000, 470, 17, 0, 0),
       (53128, 335, '99', 1, 3000000, 270, 17, 0, 0),
       (53129, 335, '100', 3, 6000000, 330, 17, 0, 0),
       (53130, 335, '101', 3, 5000000, 760, 17, 0, 0),
       (53131, 335, '102', 3, 3000000, 620, 17, 0, 0),
       (53132, 335, '103', 3, 14000000, 220, 18, 0, 0),
       (53133, 335, '104', 2, 10000000, 370, 18, 0, 0),
       (53134, 335, '105', 3, 13000000, 510, 18, 0, 0),
       (53135, 335, '106', 3, 14000000, 280, 18, 0, 0),
       (53136, 335, '107', 1, 12000000, 360, 18, 0, 0),
       (53137, 335, '108', 3, 7000000, 520, 18, 0, 0),
       (53138, 335, '109', 2, 12000000, 470, 19, 0, 0),
       (53139, 335, '110', 3, 15000000, 780, 19, 0, 0),
       (53140, 335, '111', 2, 15000000, 690, 19, 0, 0),
       (53141, 335, '112', 2, 6000000, 430, 19, 0, 0),
       (53142, 335, '113', 1, 4000000, 540, 19, 0, 0),
       (53143, 335, '114', 3, 13000000, 780, 19, 0, 0),
       (53144, 335, '115', 1, 7000000, 430, 20, 0, 0),
       (53145, 335, '116', 1, 15000000, 630, 20, 0, 0),
       (53146, 335, '117', 2, 15000000, 370, 20, 0, 0),
       (53147, 335, '118', 3, 12000000, 590, 20, 0, 0),
       (53148, 335, '119', 3, 15000000, 730, 20, 0, 0),
       (53149, 335, '120', 3, 6000000, 790, 20, 0, 0),
       (53150, 335, '121', 3, 8000000, 510, 21, 0, 0),
       (53151, 335, '122', 2, 3000000, 710, 21, 0, 0),
       (53152, 335, '123', 3, 9000000, 750, 21, 0, 0),
       (53153, 335, '124', 3, 10000000, 330, 21, 0, 0),
       (53154, 335, '125', 2, 11000000, 510, 21, 0, 0),
       (53155, 335, '126', 3, 8000000, 710, 21, 0, 0),
       (53156, 335, '127', 3, 6000000, 270, 22, 0, 0),
       (53157, 335, '128', 2, 15000000, 750, 22, 0, 0),
       (53158, 335, '129', 1, 7000000, 410, 22, 0, 0),
       (53159, 335, '130', 3, 13000000, 550, 22, 0, 0),
       (53160, 335, '131', 2, 6000000, 780, 22, 0, 0),
       (53161, 335, '132', 2, 14000000, 710, 22, 0, 0),
       (53162, 335, '133', 3, 15000000, 740, 23, 0, 0),
       (53163, 335, '134', 1, 12000000, 570, 23, 0, 0),
       (53164, 335, '135', 3, 7000000, 220, 23, 0, 0),
       (53165, 335, '136', 2, 14000000, 550, 23, 0, 0),
       (53166, 335, '137', 3, 13000000, 750, 23, 0, 0),
       (53167, 335, '138', 1, 14000000, 340, 23, 0, 0),
       (53168, 335, '139', 3, 6000000, 560, 24, 0, 0),
       (53169, 335, '140', 2, 8000000, 340, 24, 0, 0),
       (53170, 335, '141', 3, 5000000, 600, 24, 0, 0),
       (53171, 335, '142', 3, 13000000, 360, 24, 0, 0),
       (53172, 335, '143', 1, 4000000, 540, 24, 0, 0),
       (53173, 335, '144', 1, 10000000, 620, 24, 0, 0),
       (53174, 335, '145', 3, 6000000, 470, 25, 0, 0),
       (53175, 335, '146', 1, 5000000, 710, 25, 0, 0),
       (53176, 335, '147', 3, 5000000, 700, 25, 0, 0),
       (53177, 335, '148', 3, 5000000, 540, 25, 0, 0),
       (53178, 335, '149', 2, 13000000, 370, 25, 0, 0),
       (53179, 335, '150', 3, 8000000, 210, 25, 0, 0),
       (53180, 335, '151', 2, 12000000, 200, 26, 0, 0),
       (53181, 335, '152', 1, 13000000, 570, 26, 0, 0),
       (53182, 335, '153', 2, 6000000, 430, 26, 0, 0),
       (53183, 335, '154', 3, 10000000, 490, 26, 0, 0),
       (53184, 335, '155', 2, 8000000, 490, 26, 0, 0),
       (53185, 335, '156', 1, 10000000, 460, 26, 0, 0),
       (53186, 335, '157', 1, 15000000, 540, 27, 0, 0),
       (53187, 335, '158', 1, 4000000, 220, 27, 0, 0),
       (53188, 335, '159', 1, 5000000, 720, 27, 0, 0),
       (53189, 335, '160', 2, 10000000, 240, 27, 0, 0),
       (53190, 335, '161', 1, 7000000, 530, 27, 0, 0),
       (53191, 335, '162', 2, 4000000, 410, 27, 0, 0),
       (53192, 335, '163', 3, 3000000, 500, 28, 0, 0),
       (53193, 335, '164', 3, 11000000, 360, 28, 0, 0),
       (53194, 335, '165', 2, 5000000, 800, 28, 0, 0),
       (53195, 335, '166', 3, 4000000, 300, 28, 0, 0),
       (53196, 335, '167', 2, 14000000, 640, 28, 0, 0),
       (53197, 335, '168', 1, 8000000, 390, 28, 0, 0),
       (53198, 335, '169', 3, 11000000, 540, 29, 0, 0),
       (53199, 335, '170', 2, 11000000, 310, 29, 0, 0),
       (53200, 335, '171', 2, 14000000, 760, 29, 0, 0),
       (53201, 335, '172', 2, 10000000, 530, 29, 0, 0),
       (53202, 335, '173', 3, 3000000, 770, 29, 0, 0),
       (53203, 335, '174', 2, 7000000, 590, 29, 0, 0),
       (53204, 335, '175', 1, 11000000, 260, 30, 0, 0),
       (53205, 335, '176', 2, 5000000, 780, 30, 0, 0),
       (53206, 335, '177', 2, 13000000, 320, 30, 0, 0),
       (53207, 335, '178', 3, 10000000, 420, 30, 0, 0),
       (53208, 335, '179', 3, 9000000, 630, 30, 0, 0),
       (53209, 335, '180', 3, 9000000, 660, 30, 0, 0),
       (53210, 335, '181', 3, 13000000, 430, 31, 0, 0),
       (53211, 335, '182', 1, 8000000, 500, 31, 0, 0),
       (53212, 335, '183', 1, 3000000, 180, 31, 0, 0),
       (53213, 335, '184', 3, 9000000, 190, 31, 0, 0),
       (53214, 335, '185', 1, 4000000, 310, 31, 0, 0),
       (53215, 335, '186', 2, 10000000, 400, 31, 0, 0),
       (53216, 335, '187', 1, 5000000, 370, 32, 0, 0),
       (53217, 335, '188', 2, 10000000, 250, 32, 0, 0),
       (53218, 335, '189', 3, 11000000, 550, 32, 0, 0),
       (53219, 335, '190', 1, 7000000, 730, 32, 0, 0),
       (53220, 335, '191', 1, 8000000, 260, 32, 0, 0),
       (53221, 335, '192', 1, 15000000, 420, 32, 0, 0),
       (53222, 335, '193', 1, 15000000, 180, 33, 0, 0),
       (53223, 335, '194', 2, 14000000, 530, 33, 0, 0),
       (53224, 335, '195', 2, 12000000, 230, 33, 0, 0),
       (53225, 335, '196', 3, 6000000, 410, 33, 0, 0),
       (53226, 335, '197', 2, 7000000, 270, 33, 0, 0),
       (53227, 335, '198', 3, 15000000, 360, 33, 0, 0),
       (53228, 335, '199', 1, 10000000, 300, 34, 0, 0),
       (53229, 335, '200', 1, 7000000, 610, 34, 0, 0),
       (53230, 335, '201', 2, 14000000, 590, 34, 0, 0),
       (53231, 335, '202', 1, 14000000, 350, 34, 0, 0),
       (53232, 335, '203', 1, 10000000, 400, 34, 0, 0),
       (53233, 335, '204', 3, 4000000, 700, 34, 0, 0),
       (53234, 335, '205', 3, 11000000, 200, 35, 0, 0),
       (53235, 335, '206', 2, 12000000, 490, 35, 0, 0),
       (53236, 335, '207', 3, 14000000, 680, 35, 0, 0),
       (53237, 335, '208', 2, 11000000, 650, 35, 0, 0),
       (53238, 335, '209', 1, 12000000, 280, 35, 0, 0),
       (53239, 335, '210', 3, 4000000, 570, 35, 0, 0),
       (53240, 335, '211', 3, 4000000, 380, 36, 0, 0),
       (53241, 335, '212', 3, 15000000, 650, 36, 0, 0),
       (53242, 335, '213', 1, 9000000, 580, 36, 0, 0),
       (53243, 335, '214', 3, 6000000, 290, 36, 0, 0),
       (53244, 335, '215', 3, 14000000, 250, 36, 0, 0),
       (53245, 335, '216', 2, 10000000, 260, 36, 0, 0),
       (53246, 335, '217', 3, 5000000, 610, 37, 0, 0),
       (53247, 335, '218', 3, 11000000, 400, 37, 0, 0),
       (53248, 335, '219', 3, 10000000, 230, 37, 0, 0),
       (53249, 335, '220', 1, 4000000, 440, 37, 0, 0),
       (53250, 335, '221', 2, 10000000, 200, 37, 0, 0),
       (53251, 335, '222', 1, 7000000, 470, 37, 0, 0),
       (53252, 335, '223', 1, 12000000, 730, 38, 0, 0),
       (53253, 335, '224', 1, 14000000, 540, 38, 0, 0),
       (53254, 335, '225', 1, 3000000, 270, 38, 0, 0),
       (53255, 335, '226', 2, 12000000, 680, 38, 0, 0),
       (53256, 335, '227', 1, 4000000, 680, 38, 0, 0),
       (53257, 335, '228', 2, 9000000, 380, 38, 0, 0),
       (53258, 335, '229', 1, 9000000, 410, 39, 0, 0),
       (53259, 335, '230', 3, 3000000, 750, 39, 0, 0),
       (53260, 335, '231', 1, 9000000, 730, 39, 0, 0),
       (53261, 335, '232', 1, 4000000, 700, 39, 0, 0),
       (53262, 335, '233', 1, 9000000, 360, 39, 0, 0),
       (53263, 335, '234', 2, 4000000, 680, 39, 0, 0),
       (53264, 335, '235', 1, 12000000, 560, 40, 0, 0),
       (53265, 335, '236', 3, 10000000, 740, 40, 0, 0),
       (53266, 335, '237', 2, 7000000, 270, 40, 0, 0),
       (53267, 335, '238', 1, 10000000, 530, 40, 0, 0),
       (53268, 335, '239', 2, 3000000, 390, 40, 0, 0),
       (53269, 335, '240', 2, 7000000, 190, 40, 0, 0),
       (53270, 335, '241', 2, 12000000, 300, 41, 0, 0),
       (53271, 335, '242', 1, 15000000, 500, 41, 0, 0),
       (53272, 335, '243', 2, 12000000, 750, 41, 0, 0),
       (53273, 335, '244', 1, 7000000, 550, 41, 0, 0),
       (53274, 335, '245', 2, 11000000, 720, 41, 0, 0),
       (53275, 335, '246', 1, 8000000, 610, 41, 0, 0);
insert into real_estate_building (id, address, complex_id, floor_count, dev_id)
values (336, 'г. Москва, ул. Краснокаменская, д. 32', 16, 49, 16);
insert into real_estate_object (id, building_id ,local_address, places, price, area, floor, type, estate_type)
values (53276, 336, '1', 1, 15000000, 450, 1, 0, 0),
       (53277, 336, '2', 2, 7000000, 460, 1, 0, 0),
       (53278, 336, '3', 2, 11000000, 470, 1, 0, 0),
       (53279, 336, '4', 1, 3000000, 280, 1, 0, 0),
       (53280, 336, '5', 2, 8000000, 190, 1, 0, 0),
       (53281, 336, '6', 1, 4000000, 180, 1, 0, 0),
       (53282, 336, '7', 1, 11000000, 180, 2, 0, 0),
       (53283, 336, '8', 2, 12000000, 290, 2, 0, 0),
       (53284, 336, '9', 1, 3000000, 590, 2, 0, 0),
       (53285, 336, '10', 2, 9000000, 380, 2, 0, 0),
       (53286, 336, '11', 1, 12000000, 460, 2, 0, 0),
       (53287, 336, '12', 1, 8000000, 200, 2, 0, 0),
       (53288, 336, '13', 2, 6000000, 240, 3, 0, 0),
       (53289, 336, '14', 1, 5000000, 400, 3, 0, 0),
       (53290, 336, '15', 1, 6000000, 470, 3, 0, 0),
       (53291, 336, '16', 3, 8000000, 430, 3, 0, 0),
       (53292, 336, '17', 3, 5000000, 750, 3, 0, 0),
       (53293, 336, '18', 3, 14000000, 570, 3, 0, 0),
       (53294, 336, '19', 1, 6000000, 610, 4, 0, 0),
       (53295, 336, '20', 3, 3000000, 710, 4, 0, 0),
       (53296, 336, '21', 2, 8000000, 330, 4, 0, 0),
       (53297, 336, '22', 1, 4000000, 390, 4, 0, 0),
       (53298, 336, '23', 2, 12000000, 270, 4, 0, 0),
       (53299, 336, '24', 3, 9000000, 550, 4, 0, 0),
       (53300, 336, '25', 1, 13000000, 310, 5, 0, 0),
       (53301, 336, '26', 3, 9000000, 680, 5, 0, 0),
       (53302, 336, '27', 3, 9000000, 730, 5, 0, 0),
       (53303, 336, '28', 1, 8000000, 640, 5, 0, 0),
       (53304, 336, '29', 1, 13000000, 610, 5, 0, 0),
       (53305, 336, '30', 3, 4000000, 250, 5, 0, 0),
       (53306, 336, '31', 3, 15000000, 280, 6, 0, 0),
       (53307, 336, '32', 3, 12000000, 550, 6, 0, 0),
       (53308, 336, '33', 2, 13000000, 560, 6, 0, 0),
       (53309, 336, '34', 2, 10000000, 410, 6, 0, 0),
       (53310, 336, '35', 1, 14000000, 610, 6, 0, 0),
       (53311, 336, '36', 2, 12000000, 380, 6, 0, 0),
       (53312, 336, '37', 1, 8000000, 660, 7, 0, 0),
       (53313, 336, '38', 2, 9000000, 250, 7, 0, 0),
       (53314, 336, '39', 3, 12000000, 310, 7, 0, 0),
       (53315, 336, '40', 2, 11000000, 370, 7, 0, 0),
       (53316, 336, '41', 2, 5000000, 780, 7, 0, 0),
       (53317, 336, '42', 3, 14000000, 560, 7, 0, 0),
       (53318, 336, '43', 3, 6000000, 460, 8, 0, 0),
       (53319, 336, '44', 2, 12000000, 780, 8, 0, 0),
       (53320, 336, '45', 2, 12000000, 670, 8, 0, 0),
       (53321, 336, '46', 1, 14000000, 680, 8, 0, 0),
       (53322, 336, '47', 3, 3000000, 580, 8, 0, 0),
       (53323, 336, '48', 2, 3000000, 580, 8, 0, 0),
       (53324, 336, '49', 3, 4000000, 560, 9, 0, 0),
       (53325, 336, '50', 3, 13000000, 380, 9, 0, 0),
       (53326, 336, '51', 2, 4000000, 560, 9, 0, 0),
       (53327, 336, '52', 2, 7000000, 740, 9, 0, 0),
       (53328, 336, '53', 1, 9000000, 450, 9, 0, 0),
       (53329, 336, '54', 1, 4000000, 280, 9, 0, 0),
       (53330, 336, '55', 3, 14000000, 640, 10, 0, 0),
       (53331, 336, '56', 1, 12000000, 450, 10, 0, 0),
       (53332, 336, '57', 1, 12000000, 770, 10, 0, 0),
       (53333, 336, '58', 2, 15000000, 530, 10, 0, 0),
       (53334, 336, '59', 1, 7000000, 370, 10, 0, 0),
       (53335, 336, '60', 3, 13000000, 610, 10, 0, 0),
       (53336, 336, '61', 3, 9000000, 650, 11, 0, 0),
       (53337, 336, '62', 3, 10000000, 210, 11, 0, 0),
       (53338, 336, '63', 2, 13000000, 470, 11, 0, 0),
       (53339, 336, '64', 2, 8000000, 260, 11, 0, 0),
       (53340, 336, '65', 2, 14000000, 180, 11, 0, 0),
       (53341, 336, '66', 2, 4000000, 580, 11, 0, 0),
       (53342, 336, '67', 2, 13000000, 550, 12, 0, 0),
       (53343, 336, '68', 2, 14000000, 360, 12, 0, 0),
       (53344, 336, '69', 2, 7000000, 250, 12, 0, 0),
       (53345, 336, '70', 1, 11000000, 400, 12, 0, 0),
       (53346, 336, '71', 2, 4000000, 780, 12, 0, 0),
       (53347, 336, '72', 1, 8000000, 780, 12, 0, 0),
       (53348, 336, '73', 1, 5000000, 490, 13, 0, 0),
       (53349, 336, '74', 1, 14000000, 390, 13, 0, 0),
       (53350, 336, '75', 3, 5000000, 650, 13, 0, 0),
       (53351, 336, '76', 2, 4000000, 180, 13, 0, 0),
       (53352, 336, '77', 3, 15000000, 220, 13, 0, 0),
       (53353, 336, '78', 2, 4000000, 500, 13, 0, 0),
       (53354, 336, '79', 3, 5000000, 370, 14, 0, 0),
       (53355, 336, '80', 2, 14000000, 620, 14, 0, 0),
       (53356, 336, '81', 1, 6000000, 250, 14, 0, 0),
       (53357, 336, '82', 3, 3000000, 780, 14, 0, 0),
       (53358, 336, '83', 2, 8000000, 190, 14, 0, 0),
       (53359, 336, '84', 1, 12000000, 200, 14, 0, 0),
       (53360, 336, '85', 2, 12000000, 350, 15, 0, 0),
       (53361, 336, '86', 3, 3000000, 520, 15, 0, 0),
       (53362, 336, '87', 3, 3000000, 560, 15, 0, 0),
       (53363, 336, '88', 3, 6000000, 740, 15, 0, 0),
       (53364, 336, '89', 1, 8000000, 380, 15, 0, 0),
       (53365, 336, '90', 3, 8000000, 280, 15, 0, 0),
       (53366, 336, '91', 2, 3000000, 400, 16, 0, 0),
       (53367, 336, '92', 1, 7000000, 340, 16, 0, 0),
       (53368, 336, '93', 1, 5000000, 530, 16, 0, 0),
       (53369, 336, '94', 2, 5000000, 240, 16, 0, 0),
       (53370, 336, '95', 1, 15000000, 590, 16, 0, 0),
       (53371, 336, '96', 1, 10000000, 390, 16, 0, 0),
       (53372, 336, '97', 1, 11000000, 700, 17, 0, 0),
       (53373, 336, '98', 2, 9000000, 410, 17, 0, 0),
       (53374, 336, '99', 3, 7000000, 600, 17, 0, 0),
       (53375, 336, '100', 3, 7000000, 390, 17, 0, 0),
       (53376, 336, '101', 1, 12000000, 710, 17, 0, 0),
       (53377, 336, '102', 1, 5000000, 350, 17, 0, 0),
       (53378, 336, '103', 2, 5000000, 600, 18, 0, 0),
       (53379, 336, '104', 1, 7000000, 450, 18, 0, 0),
       (53380, 336, '105', 2, 12000000, 210, 18, 0, 0),
       (53381, 336, '106', 3, 6000000, 340, 18, 0, 0),
       (53382, 336, '107', 1, 15000000, 380, 18, 0, 0),
       (53383, 336, '108', 3, 12000000, 790, 18, 0, 0),
       (53384, 336, '109', 3, 6000000, 250, 19, 0, 0),
       (53385, 336, '110', 2, 8000000, 260, 19, 0, 0),
       (53386, 336, '111', 3, 6000000, 530, 19, 0, 0),
       (53387, 336, '112', 3, 15000000, 510, 19, 0, 0),
       (53388, 336, '113', 2, 12000000, 230, 19, 0, 0),
       (53389, 336, '114', 1, 9000000, 610, 19, 0, 0),
       (53390, 336, '115', 3, 6000000, 290, 20, 0, 0),
       (53391, 336, '116', 1, 12000000, 270, 20, 0, 0),
       (53392, 336, '117', 3, 6000000, 580, 20, 0, 0),
       (53393, 336, '118', 3, 10000000, 400, 20, 0, 0),
       (53394, 336, '119', 2, 8000000, 570, 20, 0, 0),
       (53395, 336, '120', 1, 10000000, 520, 20, 0, 0),
       (53396, 336, '121', 1, 7000000, 560, 21, 0, 0),
       (53397, 336, '122', 1, 15000000, 710, 21, 0, 0),
       (53398, 336, '123', 2, 15000000, 280, 21, 0, 0),
       (53399, 336, '124', 2, 8000000, 580, 21, 0, 0),
       (53400, 336, '125', 2, 6000000, 720, 21, 0, 0),
       (53401, 336, '126', 1, 14000000, 540, 21, 0, 0),
       (53402, 336, '127', 1, 4000000, 310, 22, 0, 0),
       (53403, 336, '128', 1, 3000000, 480, 22, 0, 0),
       (53404, 336, '129', 2, 12000000, 580, 22, 0, 0),
       (53405, 336, '130', 1, 5000000, 270, 22, 0, 0),
       (53406, 336, '131', 3, 12000000, 770, 22, 0, 0),
       (53407, 336, '132', 2, 13000000, 340, 22, 0, 0),
       (53408, 336, '133', 2, 12000000, 300, 23, 0, 0),
       (53409, 336, '134', 2, 8000000, 720, 23, 0, 0),
       (53410, 336, '135', 1, 14000000, 360, 23, 0, 0),
       (53411, 336, '136', 1, 5000000, 460, 23, 0, 0),
       (53412, 336, '137', 1, 13000000, 220, 23, 0, 0),
       (53413, 336, '138', 3, 9000000, 480, 23, 0, 0),
       (53414, 336, '139', 3, 14000000, 210, 24, 0, 0),
       (53415, 336, '140', 3, 15000000, 620, 24, 0, 0),
       (53416, 336, '141', 3, 4000000, 600, 24, 0, 0),
       (53417, 336, '142', 1, 6000000, 240, 24, 0, 0),
       (53418, 336, '143', 3, 14000000, 660, 24, 0, 0),
       (53419, 336, '144', 1, 3000000, 640, 24, 0, 0),
       (53420, 336, '145', 2, 11000000, 790, 25, 0, 0),
       (53421, 336, '146', 1, 13000000, 730, 25, 0, 0),
       (53422, 336, '147', 3, 10000000, 410, 25, 0, 0),
       (53423, 336, '148', 2, 8000000, 180, 25, 0, 0),
       (53424, 336, '149', 2, 7000000, 220, 25, 0, 0),
       (53425, 336, '150', 3, 14000000, 200, 25, 0, 0),
       (53426, 336, '151', 3, 13000000, 620, 26, 0, 0),
       (53427, 336, '152', 2, 9000000, 700, 26, 0, 0),
       (53428, 336, '153', 3, 5000000, 530, 26, 0, 0),
       (53429, 336, '154', 3, 8000000, 450, 26, 0, 0),
       (53430, 336, '155', 2, 4000000, 690, 26, 0, 0),
       (53431, 336, '156', 3, 10000000, 370, 26, 0, 0),
       (53432, 336, '157', 1, 9000000, 550, 27, 0, 0),
       (53433, 336, '158', 3, 6000000, 180, 27, 0, 0),
       (53434, 336, '159', 1, 14000000, 600, 27, 0, 0),
       (53435, 336, '160', 2, 3000000, 510, 27, 0, 0),
       (53436, 336, '161', 2, 14000000, 690, 27, 0, 0),
       (53437, 336, '162', 3, 10000000, 520, 27, 0, 0),
       (53438, 336, '163', 2, 15000000, 750, 28, 0, 0),
       (53439, 336, '164', 3, 10000000, 570, 28, 0, 0),
       (53440, 336, '165', 2, 4000000, 220, 28, 0, 0),
       (53441, 336, '166', 3, 8000000, 360, 28, 0, 0),
       (53442, 336, '167', 3, 7000000, 480, 28, 0, 0),
       (53443, 336, '168', 3, 15000000, 630, 28, 0, 0),
       (53444, 336, '169', 2, 4000000, 180, 29, 0, 0),
       (53445, 336, '170', 1, 5000000, 240, 29, 0, 0),
       (53446, 336, '171', 2, 14000000, 740, 29, 0, 0),
       (53447, 336, '172', 1, 14000000, 400, 29, 0, 0),
       (53448, 336, '173', 1, 8000000, 280, 29, 0, 0),
       (53449, 336, '174', 1, 12000000, 240, 29, 0, 0),
       (53450, 336, '175', 2, 6000000, 260, 30, 0, 0),
       (53451, 336, '176', 1, 4000000, 270, 30, 0, 0),
       (53452, 336, '177', 2, 11000000, 590, 30, 0, 0),
       (53453, 336, '178', 2, 12000000, 790, 30, 0, 0),
       (53454, 336, '179', 3, 14000000, 420, 30, 0, 0),
       (53455, 336, '180', 3, 10000000, 200, 30, 0, 0),
       (53456, 336, '181', 3, 6000000, 360, 31, 0, 0),
       (53457, 336, '182', 1, 6000000, 200, 31, 0, 0),
       (53458, 336, '183', 1, 11000000, 280, 31, 0, 0),
       (53459, 336, '184', 1, 6000000, 490, 31, 0, 0),
       (53460, 336, '185', 3, 14000000, 330, 31, 0, 0),
       (53461, 336, '186', 2, 9000000, 770, 31, 0, 0),
       (53462, 336, '187', 2, 4000000, 230, 32, 0, 0),
       (53463, 336, '188', 1, 10000000, 780, 32, 0, 0),
       (53464, 336, '189', 3, 7000000, 310, 32, 0, 0),
       (53465, 336, '190', 2, 6000000, 320, 32, 0, 0),
       (53466, 336, '191', 1, 7000000, 770, 32, 0, 0),
       (53467, 336, '192', 2, 9000000, 410, 32, 0, 0),
       (53468, 336, '193', 3, 5000000, 360, 33, 0, 0),
       (53469, 336, '194', 3, 9000000, 520, 33, 0, 0),
       (53470, 336, '195', 2, 15000000, 440, 33, 0, 0),
       (53471, 336, '196', 3, 14000000, 310, 33, 0, 0),
       (53472, 336, '197', 2, 12000000, 540, 33, 0, 0),
       (53473, 336, '198', 2, 5000000, 320, 33, 0, 0),
       (53474, 336, '199', 2, 3000000, 280, 34, 0, 0),
       (53475, 336, '200', 2, 15000000, 670, 34, 0, 0),
       (53476, 336, '201', 3, 9000000, 340, 34, 0, 0),
       (53477, 336, '202', 1, 12000000, 330, 34, 0, 0),
       (53478, 336, '203', 1, 12000000, 750, 34, 0, 0),
       (53479, 336, '204', 3, 4000000, 550, 34, 0, 0),
       (53480, 336, '205', 2, 6000000, 630, 35, 0, 0),
       (53481, 336, '206', 3, 7000000, 420, 35, 0, 0),
       (53482, 336, '207', 2, 6000000, 470, 35, 0, 0),
       (53483, 336, '208', 3, 14000000, 630, 35, 0, 0),
       (53484, 336, '209', 2, 6000000, 760, 35, 0, 0),
       (53485, 336, '210', 3, 3000000, 600, 35, 0, 0),
       (53486, 336, '211', 3, 15000000, 690, 36, 0, 0),
       (53487, 336, '212', 2, 15000000, 360, 36, 0, 0),
       (53488, 336, '213', 2, 6000000, 690, 36, 0, 0),
       (53489, 336, '214', 3, 7000000, 510, 36, 0, 0),
       (53490, 336, '215', 1, 9000000, 700, 36, 0, 0),
       (53491, 336, '216', 3, 15000000, 190, 36, 0, 0),
       (53492, 336, '217', 3, 6000000, 650, 37, 0, 0),
       (53493, 336, '218', 2, 7000000, 700, 37, 0, 0),
       (53494, 336, '219', 3, 9000000, 710, 37, 0, 0),
       (53495, 336, '220', 3, 6000000, 310, 37, 0, 0),
       (53496, 336, '221', 1, 13000000, 180, 37, 0, 0),
       (53497, 336, '222', 3, 7000000, 320, 37, 0, 0),
       (53498, 336, '223', 2, 6000000, 690, 38, 0, 0),
       (53499, 336, '224', 3, 5000000, 290, 38, 0, 0),
       (53500, 336, '225', 1, 8000000, 600, 38, 0, 0),
       (53501, 336, '226', 2, 3000000, 370, 38, 0, 0),
       (53502, 336, '227', 3, 3000000, 300, 38, 0, 0),
       (53503, 336, '228', 1, 3000000, 330, 38, 0, 0),
       (53504, 336, '229', 1, 5000000, 420, 39, 0, 0),
       (53505, 336, '230', 1, 3000000, 610, 39, 0, 0),
       (53506, 336, '231', 3, 7000000, 560, 39, 0, 0),
       (53507, 336, '232', 1, 3000000, 480, 39, 0, 0),
       (53508, 336, '233', 3, 4000000, 450, 39, 0, 0),
       (53509, 336, '234', 2, 4000000, 210, 39, 0, 0),
       (53510, 336, '235', 1, 4000000, 370, 40, 0, 0),
       (53511, 336, '236', 3, 15000000, 530, 40, 0, 0),
       (53512, 336, '237', 3, 7000000, 420, 40, 0, 0),
       (53513, 336, '238', 2, 14000000, 210, 40, 0, 0),
       (53514, 336, '239', 3, 5000000, 280, 40, 0, 0),
       (53515, 336, '240', 1, 5000000, 510, 40, 0, 0),
       (53516, 336, '241', 2, 4000000, 680, 41, 0, 0),
       (53517, 336, '242', 1, 3000000, 730, 41, 0, 0),
       (53518, 336, '243', 2, 8000000, 320, 41, 0, 0),
       (53519, 336, '244', 2, 4000000, 700, 41, 0, 0),
       (53520, 336, '245', 3, 4000000, 470, 41, 0, 0),
       (53521, 336, '246', 2, 3000000, 240, 41, 0, 0),
       (53522, 336, '247', 2, 3000000, 390, 42, 0, 0),
       (53523, 336, '248', 2, 10000000, 490, 42, 0, 0),
       (53524, 336, '249', 1, 14000000, 560, 42, 0, 0),
       (53525, 336, '250', 3, 10000000, 670, 42, 0, 0),
       (53526, 336, '251', 3, 9000000, 670, 42, 0, 0),
       (53527, 336, '252', 2, 14000000, 640, 42, 0, 0),
       (53528, 336, '253', 3, 8000000, 350, 43, 0, 0),
       (53529, 336, '254', 1, 3000000, 440, 43, 0, 0),
       (53530, 336, '255', 1, 7000000, 370, 43, 0, 0),
       (53531, 336, '256', 1, 7000000, 580, 43, 0, 0),
       (53532, 336, '257', 3, 9000000, 560, 43, 0, 0),
       (53533, 336, '258', 3, 10000000, 250, 43, 0, 0),
       (53534, 336, '259', 1, 15000000, 480, 44, 0, 0),
       (53535, 336, '260', 2, 12000000, 350, 44, 0, 0),
       (53536, 336, '261', 3, 7000000, 600, 44, 0, 0),
       (53537, 336, '262', 3, 11000000, 240, 44, 0, 0),
       (53538, 336, '263', 2, 5000000, 240, 44, 0, 0),
       (53539, 336, '264', 1, 15000000, 380, 44, 0, 0),
       (53540, 336, '265', 3, 12000000, 320, 45, 0, 0),
       (53541, 336, '266', 3, 11000000, 290, 45, 0, 0),
       (53542, 336, '267', 3, 14000000, 340, 45, 0, 0),
       (53543, 336, '268', 1, 13000000, 600, 45, 0, 0),
       (53544, 336, '269', 1, 3000000, 430, 45, 0, 0),
       (53545, 336, '270', 1, 3000000, 490, 45, 0, 0),
       (53546, 336, '271', 3, 4000000, 570, 46, 0, 0),
       (53547, 336, '272', 1, 14000000, 700, 46, 0, 0),
       (53548, 336, '273', 3, 12000000, 330, 46, 0, 0),
       (53549, 336, '274', 3, 9000000, 510, 46, 0, 0),
       (53550, 336, '275', 2, 11000000, 650, 46, 0, 0),
       (53551, 336, '276', 3, 3000000, 430, 46, 0, 0),
       (53552, 336, '277', 3, 6000000, 750, 47, 0, 0),
       (53553, 336, '278', 3, 11000000, 300, 47, 0, 0),
       (53554, 336, '279', 2, 11000000, 300, 47, 0, 0),
       (53555, 336, '280', 2, 15000000, 490, 47, 0, 0),
       (53556, 336, '281', 3, 4000000, 720, 47, 0, 0),
       (53557, 336, '282', 3, 10000000, 440, 47, 0, 0),
       (53558, 336, '283', 1, 4000000, 250, 48, 0, 0),
       (53559, 336, '284', 1, 4000000, 400, 48, 0, 0),
       (53560, 336, '285', 2, 15000000, 260, 48, 0, 0),
       (53561, 336, '286', 3, 6000000, 660, 48, 0, 0),
       (53562, 336, '287', 1, 15000000, 680, 48, 0, 0),
       (53563, 336, '288', 1, 4000000, 800, 48, 0, 0),
       (53564, 336, '289', 1, 7000000, 310, 49, 0, 0),
       (53565, 336, '290', 1, 3000000, 470, 49, 0, 0),
       (53566, 336, '291', 2, 9000000, 790, 49, 0, 0),
       (53567, 336, '292', 3, 12000000, 220, 49, 0, 0),
       (53568, 336, '293', 2, 11000000, 440, 49, 0, 0),
       (53569, 336, '294', 1, 8000000, 210, 49, 0, 0);
insert into real_estate_building (id, address, complex_id, floor_count, dev_id)
values (337, 'г. Москва, ул. Краснокаменская, д. 33', 16, 47, 16);
insert into real_estate_object (id, building_id ,local_address, places, price, area, floor, type, estate_type)
values (53570, 337, '1', 3, 11000000, 330, 1, 0, 0),
       (53571, 337, '2', 2, 14000000, 490, 1, 0, 0),
       (53572, 337, '3', 3, 9000000, 270, 1, 0, 0),
       (53573, 337, '4', 2, 8000000, 500, 1, 0, 0),
       (53574, 337, '5', 3, 14000000, 720, 1, 0, 0),
       (53575, 337, '6', 1, 5000000, 270, 1, 0, 0),
       (53576, 337, '7', 1, 14000000, 760, 2, 0, 0),
       (53577, 337, '8', 2, 14000000, 510, 2, 0, 0),
       (53578, 337, '9', 3, 4000000, 420, 2, 0, 0),
       (53579, 337, '10', 2, 10000000, 290, 2, 0, 0),
       (53580, 337, '11', 1, 14000000, 740, 2, 0, 0),
       (53581, 337, '12', 3, 14000000, 620, 2, 0, 0),
       (53582, 337, '13', 2, 12000000, 380, 3, 0, 0),
       (53583, 337, '14', 3, 8000000, 770, 3, 0, 0),
       (53584, 337, '15', 1, 9000000, 490, 3, 0, 0),
       (53585, 337, '16', 3, 12000000, 210, 3, 0, 0),
       (53586, 337, '17', 2, 10000000, 420, 3, 0, 0),
       (53587, 337, '18', 3, 5000000, 390, 3, 0, 0),
       (53588, 337, '19', 1, 4000000, 200, 4, 0, 0),
       (53589, 337, '20', 3, 7000000, 360, 4, 0, 0),
       (53590, 337, '21', 3, 15000000, 670, 4, 0, 0),
       (53591, 337, '22', 1, 3000000, 790, 4, 0, 0),
       (53592, 337, '23', 2, 14000000, 630, 4, 0, 0),
       (53593, 337, '24', 3, 11000000, 460, 4, 0, 0),
       (53594, 337, '25', 3, 11000000, 350, 5, 0, 0),
       (53595, 337, '26', 3, 13000000, 490, 5, 0, 0),
       (53596, 337, '27', 3, 5000000, 490, 5, 0, 0),
       (53597, 337, '28', 3, 12000000, 620, 5, 0, 0),
       (53598, 337, '29', 3, 13000000, 300, 5, 0, 0),
       (53599, 337, '30', 1, 8000000, 320, 5, 0, 0),
       (53600, 337, '31', 2, 4000000, 580, 6, 0, 0),
       (53601, 337, '32', 1, 7000000, 410, 6, 0, 0),
       (53602, 337, '33', 2, 6000000, 340, 6, 0, 0),
       (53603, 337, '34', 3, 7000000, 570, 6, 0, 0),
       (53604, 337, '35', 2, 9000000, 730, 6, 0, 0),
       (53605, 337, '36', 1, 13000000, 300, 6, 0, 0),
       (53606, 337, '37', 2, 14000000, 760, 7, 0, 0),
       (53607, 337, '38', 1, 10000000, 210, 7, 0, 0),
       (53608, 337, '39', 3, 13000000, 710, 7, 0, 0),
       (53609, 337, '40', 3, 4000000, 390, 7, 0, 0),
       (53610, 337, '41', 2, 6000000, 760, 7, 0, 0),
       (53611, 337, '42', 1, 10000000, 770, 7, 0, 0),
       (53612, 337, '43', 3, 3000000, 320, 8, 0, 0),
       (53613, 337, '44', 2, 3000000, 550, 8, 0, 0),
       (53614, 337, '45', 2, 8000000, 270, 8, 0, 0),
       (53615, 337, '46', 1, 9000000, 670, 8, 0, 0),
       (53616, 337, '47', 3, 14000000, 640, 8, 0, 0),
       (53617, 337, '48', 2, 7000000, 580, 8, 0, 0),
       (53618, 337, '49', 3, 13000000, 740, 9, 0, 0),
       (53619, 337, '50', 1, 10000000, 720, 9, 0, 0),
       (53620, 337, '51', 1, 9000000, 500, 9, 0, 0),
       (53621, 337, '52', 1, 11000000, 370, 9, 0, 0),
       (53622, 337, '53', 1, 12000000, 330, 9, 0, 0),
       (53623, 337, '54', 3, 7000000, 250, 9, 0, 0),
       (53624, 337, '55', 3, 11000000, 320, 10, 0, 0),
       (53625, 337, '56', 2, 11000000, 470, 10, 0, 0),
       (53626, 337, '57', 1, 10000000, 260, 10, 0, 0),
       (53627, 337, '58', 2, 8000000, 370, 10, 0, 0),
       (53628, 337, '59', 1, 12000000, 220, 10, 0, 0),
       (53629, 337, '60', 2, 4000000, 530, 10, 0, 0),
       (53630, 337, '61', 2, 12000000, 630, 11, 0, 0),
       (53631, 337, '62', 3, 3000000, 410, 11, 0, 0),
       (53632, 337, '63', 3, 13000000, 740, 11, 0, 0),
       (53633, 337, '64', 2, 12000000, 770, 11, 0, 0),
       (53634, 337, '65', 3, 10000000, 440, 11, 0, 0),
       (53635, 337, '66', 1, 6000000, 570, 11, 0, 0),
       (53636, 337, '67', 2, 8000000, 520, 12, 0, 0),
       (53637, 337, '68', 3, 11000000, 380, 12, 0, 0),
       (53638, 337, '69', 2, 5000000, 380, 12, 0, 0),
       (53639, 337, '70', 1, 12000000, 290, 12, 0, 0),
       (53640, 337, '71', 1, 4000000, 560, 12, 0, 0),
       (53641, 337, '72', 3, 3000000, 700, 12, 0, 0),
       (53642, 337, '73', 3, 10000000, 540, 13, 0, 0),
       (53643, 337, '74', 2, 8000000, 250, 13, 0, 0),
       (53644, 337, '75', 2, 13000000, 250, 13, 0, 0),
       (53645, 337, '76', 3, 15000000, 700, 13, 0, 0),
       (53646, 337, '77', 3, 13000000, 320, 13, 0, 0),
       (53647, 337, '78', 1, 3000000, 520, 13, 0, 0),
       (53648, 337, '79', 3, 4000000, 700, 14, 0, 0),
       (53649, 337, '80', 3, 12000000, 340, 14, 0, 0),
       (53650, 337, '81', 1, 7000000, 430, 14, 0, 0),
       (53651, 337, '82', 2, 11000000, 300, 14, 0, 0),
       (53652, 337, '83', 3, 8000000, 510, 14, 0, 0),
       (53653, 337, '84', 2, 12000000, 550, 14, 0, 0),
       (53654, 337, '85', 3, 9000000, 660, 15, 0, 0),
       (53655, 337, '86', 2, 3000000, 450, 15, 0, 0),
       (53656, 337, '87', 1, 3000000, 360, 15, 0, 0),
       (53657, 337, '88', 1, 14000000, 580, 15, 0, 0),
       (53658, 337, '89', 1, 15000000, 250, 15, 0, 0),
       (53659, 337, '90', 3, 12000000, 290, 15, 0, 0),
       (53660, 337, '91', 3, 12000000, 630, 16, 0, 0),
       (53661, 337, '92', 2, 9000000, 320, 16, 0, 0),
       (53662, 337, '93', 1, 11000000, 430, 16, 0, 0),
       (53663, 337, '94', 2, 10000000, 760, 16, 0, 0),
       (53664, 337, '95', 1, 15000000, 420, 16, 0, 0),
       (53665, 337, '96', 2, 7000000, 770, 16, 0, 0),
       (53666, 337, '97', 3, 6000000, 800, 17, 0, 0),
       (53667, 337, '98', 3, 5000000, 350, 17, 0, 0),
       (53668, 337, '99', 2, 4000000, 390, 17, 0, 0),
       (53669, 337, '100', 2, 13000000, 450, 17, 0, 0),
       (53670, 337, '101', 1, 11000000, 660, 17, 0, 0),
       (53671, 337, '102', 3, 6000000, 270, 17, 0, 0),
       (53672, 337, '103', 2, 5000000, 550, 18, 0, 0),
       (53673, 337, '104', 2, 6000000, 360, 18, 0, 0),
       (53674, 337, '105', 2, 14000000, 330, 18, 0, 0),
       (53675, 337, '106', 2, 15000000, 300, 18, 0, 0),
       (53676, 337, '107', 1, 9000000, 320, 18, 0, 0),
       (53677, 337, '108', 3, 13000000, 560, 18, 0, 0),
       (53678, 337, '109', 1, 13000000, 250, 19, 0, 0),
       (53679, 337, '110', 1, 9000000, 770, 19, 0, 0),
       (53680, 337, '111', 2, 14000000, 580, 19, 0, 0),
       (53681, 337, '112', 1, 7000000, 490, 19, 0, 0),
       (53682, 337, '113', 2, 13000000, 770, 19, 0, 0),
       (53683, 337, '114', 3, 14000000, 450, 19, 0, 0),
       (53684, 337, '115', 1, 3000000, 240, 20, 0, 0),
       (53685, 337, '116', 1, 10000000, 530, 20, 0, 0),
       (53686, 337, '117', 3, 8000000, 430, 20, 0, 0),
       (53687, 337, '118', 2, 10000000, 400, 20, 0, 0),
       (53688, 337, '119', 3, 7000000, 510, 20, 0, 0),
       (53689, 337, '120', 3, 13000000, 600, 20, 0, 0),
       (53690, 337, '121', 2, 7000000, 240, 21, 0, 0),
       (53691, 337, '122', 3, 6000000, 790, 21, 0, 0),
       (53692, 337, '123', 3, 15000000, 510, 21, 0, 0),
       (53693, 337, '124', 3, 14000000, 540, 21, 0, 0),
       (53694, 337, '125', 1, 9000000, 780, 21, 0, 0),
       (53695, 337, '126', 3, 14000000, 650, 21, 0, 0),
       (53696, 337, '127', 3, 8000000, 580, 22, 0, 0),
       (53697, 337, '128', 1, 7000000, 210, 22, 0, 0),
       (53698, 337, '129', 2, 4000000, 210, 22, 0, 0),
       (53699, 337, '130', 1, 7000000, 530, 22, 0, 0),
       (53700, 337, '131', 3, 9000000, 670, 22, 0, 0),
       (53701, 337, '132', 3, 8000000, 540, 22, 0, 0),
       (53702, 337, '133', 2, 15000000, 480, 23, 0, 0),
       (53703, 337, '134', 1, 5000000, 510, 23, 0, 0),
       (53704, 337, '135', 2, 11000000, 570, 23, 0, 0),
       (53705, 337, '136', 1, 12000000, 670, 23, 0, 0),
       (53706, 337, '137', 1, 14000000, 630, 23, 0, 0),
       (53707, 337, '138', 2, 3000000, 360, 23, 0, 0),
       (53708, 337, '139', 3, 3000000, 510, 24, 0, 0),
       (53709, 337, '140', 1, 3000000, 770, 24, 0, 0),
       (53710, 337, '141', 1, 15000000, 430, 24, 0, 0),
       (53711, 337, '142', 2, 5000000, 360, 24, 0, 0),
       (53712, 337, '143', 2, 8000000, 190, 24, 0, 0),
       (53713, 337, '144', 2, 13000000, 720, 24, 0, 0),
       (53714, 337, '145', 1, 14000000, 580, 25, 0, 0),
       (53715, 337, '146', 3, 7000000, 420, 25, 0, 0),
       (53716, 337, '147', 1, 7000000, 200, 25, 0, 0),
       (53717, 337, '148', 2, 15000000, 600, 25, 0, 0),
       (53718, 337, '149', 2, 12000000, 560, 25, 0, 0),
       (53719, 337, '150', 3, 3000000, 450, 25, 0, 0),
       (53720, 337, '151', 3, 4000000, 180, 26, 0, 0),
       (53721, 337, '152', 2, 4000000, 690, 26, 0, 0),
       (53722, 337, '153', 2, 7000000, 470, 26, 0, 0),
       (53723, 337, '154', 2, 5000000, 540, 26, 0, 0),
       (53724, 337, '155', 1, 15000000, 790, 26, 0, 0),
       (53725, 337, '156', 1, 10000000, 740, 26, 0, 0),
       (53726, 337, '157', 3, 12000000, 760, 27, 0, 0),
       (53727, 337, '158', 3, 7000000, 650, 27, 0, 0),
       (53728, 337, '159', 3, 11000000, 190, 27, 0, 0),
       (53729, 337, '160', 2, 11000000, 790, 27, 0, 0),
       (53730, 337, '161', 2, 6000000, 510, 27, 0, 0),
       (53731, 337, '162', 3, 15000000, 720, 27, 0, 0),
       (53732, 337, '163', 1, 13000000, 650, 28, 0, 0),
       (53733, 337, '164', 3, 11000000, 770, 28, 0, 0),
       (53734, 337, '165', 2, 12000000, 720, 28, 0, 0),
       (53735, 337, '166', 3, 15000000, 500, 28, 0, 0),
       (53736, 337, '167', 1, 14000000, 620, 28, 0, 0),
       (53737, 337, '168', 1, 7000000, 210, 28, 0, 0),
       (53738, 337, '169', 1, 6000000, 380, 29, 0, 0),
       (53739, 337, '170', 1, 9000000, 200, 29, 0, 0),
       (53740, 337, '171', 2, 4000000, 480, 29, 0, 0),
       (53741, 337, '172', 2, 3000000, 790, 29, 0, 0),
       (53742, 337, '173', 2, 6000000, 510, 29, 0, 0),
       (53743, 337, '174', 2, 12000000, 480, 29, 0, 0),
       (53744, 337, '175', 3, 15000000, 740, 30, 0, 0),
       (53745, 337, '176', 2, 5000000, 300, 30, 0, 0),
       (53746, 337, '177', 2, 15000000, 530, 30, 0, 0),
       (53747, 337, '178', 3, 14000000, 480, 30, 0, 0),
       (53748, 337, '179', 1, 6000000, 290, 30, 0, 0),
       (53749, 337, '180', 2, 13000000, 700, 30, 0, 0),
       (53750, 337, '181', 3, 6000000, 180, 31, 0, 0),
       (53751, 337, '182', 3, 9000000, 540, 31, 0, 0),
       (53752, 337, '183', 2, 6000000, 280, 31, 0, 0),
       (53753, 337, '184', 3, 11000000, 540, 31, 0, 0),
       (53754, 337, '185', 3, 5000000, 370, 31, 0, 0),
       (53755, 337, '186', 1, 13000000, 690, 31, 0, 0),
       (53756, 337, '187', 1, 3000000, 430, 32, 0, 0),
       (53757, 337, '188', 3, 9000000, 590, 32, 0, 0),
       (53758, 337, '189', 1, 9000000, 570, 32, 0, 0),
       (53759, 337, '190', 3, 7000000, 200, 32, 0, 0),
       (53760, 337, '191', 3, 4000000, 270, 32, 0, 0),
       (53761, 337, '192', 1, 10000000, 660, 32, 0, 0),
       (53762, 337, '193', 3, 9000000, 750, 33, 0, 0),
       (53763, 337, '194', 1, 11000000, 340, 33, 0, 0),
       (53764, 337, '195', 3, 14000000, 730, 33, 0, 0),
       (53765, 337, '196', 2, 13000000, 710, 33, 0, 0),
       (53766, 337, '197', 3, 4000000, 590, 33, 0, 0),
       (53767, 337, '198', 3, 8000000, 590, 33, 0, 0),
       (53768, 337, '199', 1, 15000000, 410, 34, 0, 0),
       (53769, 337, '200', 1, 9000000, 630, 34, 0, 0),
       (53770, 337, '201', 1, 12000000, 400, 34, 0, 0),
       (53771, 337, '202', 2, 10000000, 400, 34, 0, 0),
       (53772, 337, '203', 2, 4000000, 410, 34, 0, 0),
       (53773, 337, '204', 2, 7000000, 630, 34, 0, 0),
       (53774, 337, '205', 1, 10000000, 630, 35, 0, 0),
       (53775, 337, '206', 2, 7000000, 740, 35, 0, 0),
       (53776, 337, '207', 2, 8000000, 360, 35, 0, 0),
       (53777, 337, '208', 1, 7000000, 390, 35, 0, 0),
       (53778, 337, '209', 2, 9000000, 690, 35, 0, 0),
       (53779, 337, '210', 2, 12000000, 340, 35, 0, 0),
       (53780, 337, '211', 3, 6000000, 260, 36, 0, 0),
       (53781, 337, '212', 2, 8000000, 360, 36, 0, 0),
       (53782, 337, '213', 1, 9000000, 660, 36, 0, 0),
       (53783, 337, '214', 2, 13000000, 230, 36, 0, 0),
       (53784, 337, '215', 1, 8000000, 230, 36, 0, 0),
       (53785, 337, '216', 2, 14000000, 240, 36, 0, 0),
       (53786, 337, '217', 3, 14000000, 540, 37, 0, 0),
       (53787, 337, '218', 3, 15000000, 480, 37, 0, 0),
       (53788, 337, '219', 3, 5000000, 640, 37, 0, 0),
       (53789, 337, '220', 3, 4000000, 330, 37, 0, 0),
       (53790, 337, '221', 2, 3000000, 460, 37, 0, 0),
       (53791, 337, '222', 1, 13000000, 610, 37, 0, 0),
       (53792, 337, '223', 1, 10000000, 800, 38, 0, 0),
       (53793, 337, '224', 2, 12000000, 480, 38, 0, 0),
       (53794, 337, '225', 2, 10000000, 750, 38, 0, 0),
       (53795, 337, '226', 3, 8000000, 180, 38, 0, 0),
       (53796, 337, '227', 2, 9000000, 790, 38, 0, 0),
       (53797, 337, '228', 3, 7000000, 580, 38, 0, 0),
       (53798, 337, '229', 3, 5000000, 640, 39, 0, 0),
       (53799, 337, '230', 1, 3000000, 280, 39, 0, 0),
       (53800, 337, '231', 1, 3000000, 760, 39, 0, 0),
       (53801, 337, '232', 1, 14000000, 420, 39, 0, 0),
       (53802, 337, '233', 3, 12000000, 630, 39, 0, 0),
       (53803, 337, '234', 2, 11000000, 360, 39, 0, 0),
       (53804, 337, '235', 2, 15000000, 650, 40, 0, 0),
       (53805, 337, '236', 3, 12000000, 570, 40, 0, 0),
       (53806, 337, '237', 3, 14000000, 660, 40, 0, 0),
       (53807, 337, '238', 3, 6000000, 630, 40, 0, 0),
       (53808, 337, '239', 3, 10000000, 400, 40, 0, 0),
       (53809, 337, '240', 3, 6000000, 520, 40, 0, 0),
       (53810, 337, '241', 3, 6000000, 290, 41, 0, 0),
       (53811, 337, '242', 3, 13000000, 740, 41, 0, 0),
       (53812, 337, '243', 1, 4000000, 220, 41, 0, 0),
       (53813, 337, '244', 3, 8000000, 410, 41, 0, 0),
       (53814, 337, '245', 3, 9000000, 610, 41, 0, 0),
       (53815, 337, '246', 2, 3000000, 640, 41, 0, 0),
       (53816, 337, '247', 3, 5000000, 320, 42, 0, 0),
       (53817, 337, '248', 1, 5000000, 320, 42, 0, 0),
       (53818, 337, '249', 3, 12000000, 650, 42, 0, 0),
       (53819, 337, '250', 1, 13000000, 520, 42, 0, 0),
       (53820, 337, '251', 3, 3000000, 490, 42, 0, 0),
       (53821, 337, '252', 3, 12000000, 460, 42, 0, 0),
       (53822, 337, '253', 3, 12000000, 720, 43, 0, 0),
       (53823, 337, '254', 2, 14000000, 490, 43, 0, 0),
       (53824, 337, '255', 3, 13000000, 230, 43, 0, 0),
       (53825, 337, '256', 3, 11000000, 220, 43, 0, 0),
       (53826, 337, '257', 2, 14000000, 800, 43, 0, 0),
       (53827, 337, '258', 1, 12000000, 420, 43, 0, 0),
       (53828, 337, '259', 3, 3000000, 770, 44, 0, 0),
       (53829, 337, '260', 3, 5000000, 320, 44, 0, 0),
       (53830, 337, '261', 1, 12000000, 700, 44, 0, 0),
       (53831, 337, '262', 3, 12000000, 480, 44, 0, 0),
       (53832, 337, '263', 2, 4000000, 330, 44, 0, 0),
       (53833, 337, '264', 1, 10000000, 650, 44, 0, 0),
       (53834, 337, '265', 1, 4000000, 260, 45, 0, 0),
       (53835, 337, '266', 1, 8000000, 520, 45, 0, 0),
       (53836, 337, '267', 1, 7000000, 230, 45, 0, 0),
       (53837, 337, '268', 1, 8000000, 730, 45, 0, 0),
       (53838, 337, '269', 2, 8000000, 330, 45, 0, 0),
       (53839, 337, '270', 2, 10000000, 500, 45, 0, 0),
       (53840, 337, '271', 2, 11000000, 590, 46, 0, 0),
       (53841, 337, '272', 3, 15000000, 250, 46, 0, 0),
       (53842, 337, '273', 2, 6000000, 530, 46, 0, 0),
       (53843, 337, '274', 2, 13000000, 680, 46, 0, 0),
       (53844, 337, '275', 1, 12000000, 650, 46, 0, 0),
       (53845, 337, '276', 2, 13000000, 190, 46, 0, 0),
       (53846, 337, '277', 1, 9000000, 760, 47, 0, 0),
       (53847, 337, '278', 1, 10000000, 180, 47, 0, 0),
       (53848, 337, '279', 1, 6000000, 210, 47, 0, 0),
       (53849, 337, '280', 1, 11000000, 760, 47, 0, 0),
       (53850, 337, '281', 2, 7000000, 600, 47, 0, 0),
       (53851, 337, '282', 1, 10000000, 460, 47, 0, 0);
insert into real_estate_building (id, address, complex_id, floor_count, dev_id)
values (338, 'г. Москва, ул. Краснокаменская, д. 34', 16, 50, 16);
insert into real_estate_object (id, building_id ,local_address, places, price, area, floor, type, estate_type)
values (53852, 338, '1', 2, 3000000, 520, 1, 0, 0),
       (53853, 338, '2', 3, 14000000, 390, 1, 0, 0),
       (53854, 338, '3', 1, 4000000, 490, 1, 0, 0),
       (53855, 338, '4', 3, 13000000, 370, 1, 0, 0),
       (53856, 338, '5', 3, 12000000, 580, 1, 0, 0),
       (53857, 338, '6', 2, 5000000, 240, 1, 0, 0),
       (53858, 338, '7', 3, 14000000, 600, 2, 0, 0),
       (53859, 338, '8', 2, 5000000, 590, 2, 0, 0),
       (53860, 338, '9', 1, 14000000, 500, 2, 0, 0),
       (53861, 338, '10', 3, 12000000, 220, 2, 0, 0),
       (53862, 338, '11', 1, 10000000, 570, 2, 0, 0),
       (53863, 338, '12', 3, 6000000, 550, 2, 0, 0),
       (53864, 338, '13', 3, 13000000, 300, 3, 0, 0),
       (53865, 338, '14', 2, 9000000, 780, 3, 0, 0),
       (53866, 338, '15', 1, 13000000, 800, 3, 0, 0),
       (53867, 338, '16', 3, 5000000, 450, 3, 0, 0),
       (53868, 338, '17', 3, 12000000, 220, 3, 0, 0),
       (53869, 338, '18', 1, 14000000, 600, 3, 0, 0),
       (53870, 338, '19', 2, 12000000, 450, 4, 0, 0),
       (53871, 338, '20', 2, 12000000, 700, 4, 0, 0),
       (53872, 338, '21', 2, 5000000, 310, 4, 0, 0),
       (53873, 338, '22', 3, 7000000, 730, 4, 0, 0),
       (53874, 338, '23', 1, 14000000, 210, 4, 0, 0),
       (53875, 338, '24', 1, 15000000, 420, 4, 0, 0),
       (53876, 338, '25', 2, 15000000, 450, 5, 0, 0),
       (53877, 338, '26', 1, 8000000, 720, 5, 0, 0),
       (53878, 338, '27', 2, 5000000, 560, 5, 0, 0),
       (53879, 338, '28', 1, 8000000, 340, 5, 0, 0),
       (53880, 338, '29', 2, 4000000, 350, 5, 0, 0),
       (53881, 338, '30', 3, 13000000, 500, 5, 0, 0),
       (53882, 338, '31', 3, 8000000, 670, 6, 0, 0),
       (53883, 338, '32', 2, 6000000, 400, 6, 0, 0),
       (53884, 338, '33', 3, 12000000, 700, 6, 0, 0),
       (53885, 338, '34', 2, 3000000, 530, 6, 0, 0),
       (53886, 338, '35', 3, 3000000, 240, 6, 0, 0),
       (53887, 338, '36', 1, 15000000, 260, 6, 0, 0),
       (53888, 338, '37', 3, 10000000, 540, 7, 0, 0),
       (53889, 338, '38', 3, 10000000, 340, 7, 0, 0),
       (53890, 338, '39', 3, 13000000, 200, 7, 0, 0),
       (53891, 338, '40', 1, 13000000, 730, 7, 0, 0),
       (53892, 338, '41', 2, 14000000, 640, 7, 0, 0),
       (53893, 338, '42', 1, 15000000, 190, 7, 0, 0),
       (53894, 338, '43', 2, 14000000, 750, 8, 0, 0),
       (53895, 338, '44', 1, 11000000, 200, 8, 0, 0),
       (53896, 338, '45', 3, 11000000, 770, 8, 0, 0),
       (53897, 338, '46', 2, 9000000, 500, 8, 0, 0),
       (53898, 338, '47', 1, 14000000, 630, 8, 0, 0),
       (53899, 338, '48', 1, 10000000, 540, 8, 0, 0),
       (53900, 338, '49', 3, 12000000, 310, 9, 0, 0),
       (53901, 338, '50', 1, 4000000, 620, 9, 0, 0),
       (53902, 338, '51', 1, 4000000, 350, 9, 0, 0),
       (53903, 338, '52', 1, 14000000, 200, 9, 0, 0),
       (53904, 338, '53', 1, 14000000, 450, 9, 0, 0),
       (53905, 338, '54', 1, 5000000, 770, 9, 0, 0),
       (53906, 338, '55', 3, 3000000, 650, 10, 0, 0),
       (53907, 338, '56', 2, 12000000, 340, 10, 0, 0),
       (53908, 338, '57', 3, 11000000, 370, 10, 0, 0),
       (53909, 338, '58', 3, 3000000, 790, 10, 0, 0),
       (53910, 338, '59', 3, 8000000, 460, 10, 0, 0),
       (53911, 338, '60', 2, 7000000, 690, 10, 0, 0),
       (53912, 338, '61', 2, 6000000, 730, 11, 0, 0),
       (53913, 338, '62', 3, 14000000, 610, 11, 0, 0),
       (53914, 338, '63', 2, 5000000, 680, 11, 0, 0),
       (53915, 338, '64', 1, 5000000, 340, 11, 0, 0),
       (53916, 338, '65', 3, 3000000, 640, 11, 0, 0),
       (53917, 338, '66', 2, 10000000, 340, 11, 0, 0),
       (53918, 338, '67', 3, 7000000, 250, 12, 0, 0),
       (53919, 338, '68', 2, 8000000, 180, 12, 0, 0),
       (53920, 338, '69', 2, 12000000, 440, 12, 0, 0),
       (53921, 338, '70', 3, 5000000, 320, 12, 0, 0),
       (53922, 338, '71', 1, 15000000, 670, 12, 0, 0),
       (53923, 338, '72', 3, 13000000, 680, 12, 0, 0),
       (53924, 338, '73', 1, 12000000, 550, 13, 0, 0),
       (53925, 338, '74', 2, 11000000, 690, 13, 0, 0),
       (53926, 338, '75', 3, 13000000, 740, 13, 0, 0),
       (53927, 338, '76', 3, 13000000, 260, 13, 0, 0),
       (53928, 338, '77', 2, 7000000, 660, 13, 0, 0),
       (53929, 338, '78', 3, 3000000, 340, 13, 0, 0),
       (53930, 338, '79', 1, 15000000, 760, 14, 0, 0),
       (53931, 338, '80', 2, 8000000, 270, 14, 0, 0),
       (53932, 338, '81', 3, 9000000, 340, 14, 0, 0),
       (53933, 338, '82', 1, 9000000, 580, 14, 0, 0),
       (53934, 338, '83', 1, 4000000, 700, 14, 0, 0),
       (53935, 338, '84', 3, 8000000, 350, 14, 0, 0),
       (53936, 338, '85', 2, 9000000, 310, 15, 0, 0),
       (53937, 338, '86', 1, 4000000, 580, 15, 0, 0),
       (53938, 338, '87', 2, 5000000, 210, 15, 0, 0),
       (53939, 338, '88', 1, 14000000, 560, 15, 0, 0),
       (53940, 338, '89', 2, 9000000, 770, 15, 0, 0),
       (53941, 338, '90', 1, 7000000, 350, 15, 0, 0),
       (53942, 338, '91', 2, 7000000, 770, 16, 0, 0),
       (53943, 338, '92', 3, 7000000, 790, 16, 0, 0),
       (53944, 338, '93', 2, 3000000, 650, 16, 0, 0),
       (53945, 338, '94', 3, 5000000, 290, 16, 0, 0),
       (53946, 338, '95', 3, 5000000, 230, 16, 0, 0),
       (53947, 338, '96', 1, 12000000, 570, 16, 0, 0),
       (53948, 338, '97', 3, 14000000, 650, 17, 0, 0),
       (53949, 338, '98', 2, 14000000, 390, 17, 0, 0),
       (53950, 338, '99', 2, 7000000, 200, 17, 0, 0),
       (53951, 338, '100', 3, 5000000, 320, 17, 0, 0),
       (53952, 338, '101', 3, 12000000, 340, 17, 0, 0),
       (53953, 338, '102', 3, 8000000, 660, 17, 0, 0),
       (53954, 338, '103', 3, 11000000, 560, 18, 0, 0),
       (53955, 338, '104', 2, 10000000, 480, 18, 0, 0),
       (53956, 338, '105', 3, 14000000, 780, 18, 0, 0),
       (53957, 338, '106', 1, 12000000, 270, 18, 0, 0),
       (53958, 338, '107', 2, 12000000, 670, 18, 0, 0),
       (53959, 338, '108', 1, 9000000, 380, 18, 0, 0),
       (53960, 338, '109', 3, 6000000, 360, 19, 0, 0),
       (53961, 338, '110', 2, 12000000, 430, 19, 0, 0),
       (53962, 338, '111', 2, 7000000, 690, 19, 0, 0),
       (53963, 338, '112', 2, 11000000, 630, 19, 0, 0),
       (53964, 338, '113', 2, 12000000, 520, 19, 0, 0),
       (53965, 338, '114', 3, 3000000, 680, 19, 0, 0),
       (53966, 338, '115', 3, 13000000, 410, 20, 0, 0),
       (53967, 338, '116', 2, 11000000, 230, 20, 0, 0),
       (53968, 338, '117', 2, 13000000, 460, 20, 0, 0),
       (53969, 338, '118', 2, 6000000, 190, 20, 0, 0),
       (53970, 338, '119', 1, 6000000, 240, 20, 0, 0),
       (53971, 338, '120', 2, 6000000, 430, 20, 0, 0),
       (53972, 338, '121', 1, 8000000, 730, 21, 0, 0),
       (53973, 338, '122', 2, 3000000, 470, 21, 0, 0),
       (53974, 338, '123', 1, 7000000, 530, 21, 0, 0),
       (53975, 338, '124', 3, 15000000, 620, 21, 0, 0),
       (53976, 338, '125', 2, 6000000, 480, 21, 0, 0),
       (53977, 338, '126', 2, 8000000, 700, 21, 0, 0),
       (53978, 338, '127', 2, 7000000, 730, 22, 0, 0),
       (53979, 338, '128', 2, 10000000, 190, 22, 0, 0),
       (53980, 338, '129', 2, 8000000, 320, 22, 0, 0),
       (53981, 338, '130', 2, 7000000, 370, 22, 0, 0),
       (53982, 338, '131', 2, 15000000, 200, 22, 0, 0),
       (53983, 338, '132', 3, 15000000, 440, 22, 0, 0),
       (53984, 338, '133', 3, 9000000, 390, 23, 0, 0),
       (53985, 338, '134', 2, 13000000, 640, 23, 0, 0),
       (53986, 338, '135', 3, 11000000, 790, 23, 0, 0),
       (53987, 338, '136', 3, 6000000, 310, 23, 0, 0),
       (53988, 338, '137', 1, 4000000, 760, 23, 0, 0),
       (53989, 338, '138', 1, 15000000, 700, 23, 0, 0),
       (53990, 338, '139', 1, 3000000, 490, 24, 0, 0),
       (53991, 338, '140', 2, 15000000, 530, 24, 0, 0),
       (53992, 338, '141', 3, 11000000, 660, 24, 0, 0),
       (53993, 338, '142', 2, 12000000, 460, 24, 0, 0),
       (53994, 338, '143', 2, 3000000, 730, 24, 0, 0),
       (53995, 338, '144', 1, 3000000, 510, 24, 0, 0),
       (53996, 338, '145', 3, 7000000, 670, 25, 0, 0),
       (53997, 338, '146', 1, 5000000, 500, 25, 0, 0),
       (53998, 338, '147', 2, 3000000, 410, 25, 0, 0),
       (53999, 338, '148', 1, 13000000, 590, 25, 0, 0),
       (54000, 338, '149', 2, 13000000, 610, 25, 0, 0),
       (54001, 338, '150', 2, 3000000, 440, 25, 0, 0),
       (54002, 338, '151', 1, 12000000, 220, 26, 0, 0),
       (54003, 338, '152', 2, 10000000, 570, 26, 0, 0),
       (54004, 338, '153', 1, 7000000, 620, 26, 0, 0),
       (54005, 338, '154', 3, 5000000, 610, 26, 0, 0),
       (54006, 338, '155', 2, 13000000, 760, 26, 0, 0),
       (54007, 338, '156', 1, 13000000, 780, 26, 0, 0),
       (54008, 338, '157', 1, 14000000, 310, 27, 0, 0),
       (54009, 338, '158', 3, 3000000, 690, 27, 0, 0),
       (54010, 338, '159', 2, 5000000, 270, 27, 0, 0),
       (54011, 338, '160', 1, 13000000, 240, 27, 0, 0),
       (54012, 338, '161', 1, 15000000, 550, 27, 0, 0),
       (54013, 338, '162', 1, 3000000, 390, 27, 0, 0),
       (54014, 338, '163', 1, 14000000, 280, 28, 0, 0),
       (54015, 338, '164', 1, 10000000, 630, 28, 0, 0),
       (54016, 338, '165', 3, 5000000, 790, 28, 0, 0),
       (54017, 338, '166', 1, 3000000, 230, 28, 0, 0),
       (54018, 338, '167', 2, 7000000, 750, 28, 0, 0),
       (54019, 338, '168', 2, 13000000, 380, 28, 0, 0),
       (54020, 338, '169', 3, 12000000, 510, 29, 0, 0),
       (54021, 338, '170', 3, 8000000, 680, 29, 0, 0),
       (54022, 338, '171', 3, 15000000, 380, 29, 0, 0),
       (54023, 338, '172', 1, 11000000, 410, 29, 0, 0),
       (54024, 338, '173', 3, 12000000, 730, 29, 0, 0),
       (54025, 338, '174', 1, 8000000, 480, 29, 0, 0),
       (54026, 338, '175', 2, 6000000, 400, 30, 0, 0),
       (54027, 338, '176', 3, 12000000, 410, 30, 0, 0),
       (54028, 338, '177', 2, 5000000, 570, 30, 0, 0),
       (54029, 338, '178', 2, 9000000, 520, 30, 0, 0),
       (54030, 338, '179', 1, 3000000, 220, 30, 0, 0),
       (54031, 338, '180', 1, 3000000, 400, 30, 0, 0),
       (54032, 338, '181', 1, 15000000, 390, 31, 0, 0),
       (54033, 338, '182', 1, 12000000, 470, 31, 0, 0),
       (54034, 338, '183', 2, 7000000, 300, 31, 0, 0),
       (54035, 338, '184', 2, 5000000, 530, 31, 0, 0),
       (54036, 338, '185', 1, 14000000, 520, 31, 0, 0),
       (54037, 338, '186', 3, 3000000, 420, 31, 0, 0),
       (54038, 338, '187', 1, 7000000, 530, 32, 0, 0),
       (54039, 338, '188', 3, 15000000, 460, 32, 0, 0),
       (54040, 338, '189', 2, 15000000, 370, 32, 0, 0),
       (54041, 338, '190', 1, 10000000, 210, 32, 0, 0),
       (54042, 338, '191', 1, 4000000, 510, 32, 0, 0),
       (54043, 338, '192', 3, 15000000, 430, 32, 0, 0),
       (54044, 338, '193', 2, 7000000, 250, 33, 0, 0),
       (54045, 338, '194', 1, 14000000, 460, 33, 0, 0),
       (54046, 338, '195', 2, 8000000, 700, 33, 0, 0),
       (54047, 338, '196', 3, 6000000, 400, 33, 0, 0),
       (54048, 338, '197', 3, 10000000, 600, 33, 0, 0),
       (54049, 338, '198', 2, 10000000, 590, 33, 0, 0),
       (54050, 338, '199', 1, 8000000, 400, 34, 0, 0),
       (54051, 338, '200', 2, 12000000, 530, 34, 0, 0),
       (54052, 338, '201', 3, 13000000, 650, 34, 0, 0),
       (54053, 338, '202', 2, 10000000, 360, 34, 0, 0),
       (54054, 338, '203', 3, 7000000, 590, 34, 0, 0),
       (54055, 338, '204', 3, 10000000, 630, 34, 0, 0),
       (54056, 338, '205', 3, 8000000, 250, 35, 0, 0),
       (54057, 338, '206', 3, 4000000, 670, 35, 0, 0),
       (54058, 338, '207', 2, 15000000, 730, 35, 0, 0),
       (54059, 338, '208', 2, 6000000, 420, 35, 0, 0),
       (54060, 338, '209', 1, 15000000, 530, 35, 0, 0),
       (54061, 338, '210', 3, 8000000, 530, 35, 0, 0),
       (54062, 338, '211', 1, 15000000, 450, 36, 0, 0),
       (54063, 338, '212', 1, 7000000, 240, 36, 0, 0),
       (54064, 338, '213', 1, 5000000, 340, 36, 0, 0),
       (54065, 338, '214', 1, 6000000, 650, 36, 0, 0),
       (54066, 338, '215', 2, 11000000, 300, 36, 0, 0),
       (54067, 338, '216', 3, 3000000, 670, 36, 0, 0),
       (54068, 338, '217', 3, 8000000, 270, 37, 0, 0),
       (54069, 338, '218', 3, 13000000, 280, 37, 0, 0),
       (54070, 338, '219', 3, 12000000, 420, 37, 0, 0),
       (54071, 338, '220', 3, 15000000, 640, 37, 0, 0),
       (54072, 338, '221', 2, 8000000, 560, 37, 0, 0),
       (54073, 338, '222', 2, 3000000, 630, 37, 0, 0),
       (54074, 338, '223', 2, 3000000, 300, 38, 0, 0),
       (54075, 338, '224', 3, 13000000, 300, 38, 0, 0),
       (54076, 338, '225', 1, 3000000, 230, 38, 0, 0),
       (54077, 338, '226', 3, 15000000, 320, 38, 0, 0),
       (54078, 338, '227', 3, 6000000, 510, 38, 0, 0),
       (54079, 338, '228', 3, 12000000, 760, 38, 0, 0),
       (54080, 338, '229', 2, 13000000, 720, 39, 0, 0),
       (54081, 338, '230', 1, 4000000, 270, 39, 0, 0),
       (54082, 338, '231', 2, 14000000, 660, 39, 0, 0),
       (54083, 338, '232', 1, 12000000, 550, 39, 0, 0),
       (54084, 338, '233', 3, 5000000, 300, 39, 0, 0),
       (54085, 338, '234', 3, 12000000, 550, 39, 0, 0),
       (54086, 338, '235', 2, 11000000, 610, 40, 0, 0),
       (54087, 338, '236', 1, 14000000, 410, 40, 0, 0),
       (54088, 338, '237', 3, 14000000, 480, 40, 0, 0),
       (54089, 338, '238', 2, 15000000, 200, 40, 0, 0),
       (54090, 338, '239', 2, 15000000, 500, 40, 0, 0),
       (54091, 338, '240', 2, 7000000, 180, 40, 0, 0),
       (54092, 338, '241', 2, 3000000, 230, 41, 0, 0),
       (54093, 338, '242', 3, 13000000, 220, 41, 0, 0),
       (54094, 338, '243', 3, 15000000, 300, 41, 0, 0),
       (54095, 338, '244', 1, 6000000, 220, 41, 0, 0),
       (54096, 338, '245', 2, 15000000, 480, 41, 0, 0),
       (54097, 338, '246', 3, 7000000, 590, 41, 0, 0),
       (54098, 338, '247', 2, 7000000, 580, 42, 0, 0),
       (54099, 338, '248', 3, 7000000, 510, 42, 0, 0),
       (54100, 338, '249', 2, 14000000, 390, 42, 0, 0),
       (54101, 338, '250', 1, 12000000, 680, 42, 0, 0),
       (54102, 338, '251', 1, 13000000, 800, 42, 0, 0),
       (54103, 338, '252', 1, 5000000, 390, 42, 0, 0),
       (54104, 338, '253', 3, 15000000, 710, 43, 0, 0),
       (54105, 338, '254', 2, 7000000, 360, 43, 0, 0),
       (54106, 338, '255', 2, 5000000, 260, 43, 0, 0),
       (54107, 338, '256', 3, 4000000, 710, 43, 0, 0),
       (54108, 338, '257', 2, 14000000, 450, 43, 0, 0),
       (54109, 338, '258', 1, 14000000, 310, 43, 0, 0),
       (54110, 338, '259', 3, 14000000, 440, 44, 0, 0),
       (54111, 338, '260', 1, 12000000, 780, 44, 0, 0),
       (54112, 338, '261', 1, 14000000, 420, 44, 0, 0),
       (54113, 338, '262', 3, 14000000, 620, 44, 0, 0),
       (54114, 338, '263', 3, 10000000, 300, 44, 0, 0),
       (54115, 338, '264', 2, 12000000, 370, 44, 0, 0),
       (54116, 338, '265', 3, 5000000, 630, 45, 0, 0),
       (54117, 338, '266', 3, 5000000, 410, 45, 0, 0),
       (54118, 338, '267', 3, 3000000, 430, 45, 0, 0),
       (54119, 338, '268', 2, 7000000, 330, 45, 0, 0),
       (54120, 338, '269', 2, 11000000, 540, 45, 0, 0),
       (54121, 338, '270', 2, 13000000, 730, 45, 0, 0),
       (54122, 338, '271', 2, 9000000, 450, 46, 0, 0),
       (54123, 338, '272', 1, 8000000, 580, 46, 0, 0),
       (54124, 338, '273', 3, 8000000, 370, 46, 0, 0),
       (54125, 338, '274', 1, 8000000, 800, 46, 0, 0),
       (54126, 338, '275', 2, 10000000, 780, 46, 0, 0),
       (54127, 338, '276', 1, 12000000, 350, 46, 0, 0),
       (54128, 338, '277', 1, 9000000, 350, 47, 0, 0),
       (54129, 338, '278', 1, 11000000, 490, 47, 0, 0),
       (54130, 338, '279', 1, 4000000, 790, 47, 0, 0),
       (54131, 338, '280', 2, 13000000, 590, 47, 0, 0),
       (54132, 338, '281', 2, 13000000, 190, 47, 0, 0),
       (54133, 338, '282', 3, 5000000, 300, 47, 0, 0),
       (54134, 338, '283', 3, 5000000, 510, 48, 0, 0),
       (54135, 338, '284', 3, 13000000, 360, 48, 0, 0),
       (54136, 338, '285', 3, 15000000, 760, 48, 0, 0),
       (54137, 338, '286', 3, 9000000, 400, 48, 0, 0),
       (54138, 338, '287', 1, 15000000, 490, 48, 0, 0),
       (54139, 338, '288', 1, 11000000, 230, 48, 0, 0),
       (54140, 338, '289', 3, 4000000, 760, 49, 0, 0),
       (54141, 338, '290', 1, 15000000, 370, 49, 0, 0),
       (54142, 338, '291', 3, 14000000, 570, 49, 0, 0),
       (54143, 338, '292', 3, 3000000, 290, 49, 0, 0),
       (54144, 338, '293', 2, 5000000, 430, 49, 0, 0),
       (54145, 338, '294', 3, 14000000, 700, 49, 0, 0),
       (54146, 338, '295', 2, 4000000, 260, 50, 0, 0),
       (54147, 338, '296', 2, 6000000, 600, 50, 0, 0),
       (54148, 338, '297', 2, 4000000, 580, 50, 0, 0),
       (54149, 338, '298', 1, 6000000, 480, 50, 0, 0),
       (54150, 338, '299', 3, 4000000, 500, 50, 0, 0),
       (54151, 338, '300', 2, 12000000, 340, 50, 0, 0);
insert into real_estate_building (id, address, complex_id, floor_count, dev_id)
values (339, 'г. Москва, ул. Краснокаменская, д. 35', 16, 48, 16);
insert into real_estate_object (id, building_id ,local_address, places, price, area, floor, type, estate_type)
values (54152, 339, '1', 2, 8000000, 800, 1, 0, 0),
       (54153, 339, '2', 3, 11000000, 330, 1, 0, 0),
       (54154, 339, '3', 3, 13000000, 240, 1, 0, 0),
       (54155, 339, '4', 3, 14000000, 470, 1, 0, 0),
       (54156, 339, '5', 2, 9000000, 640, 1, 0, 0),
       (54157, 339, '6', 1, 5000000, 550, 1, 0, 0),
       (54158, 339, '7', 2, 4000000, 240, 2, 0, 0),
       (54159, 339, '8', 3, 3000000, 500, 2, 0, 0),
       (54160, 339, '9', 2, 15000000, 560, 2, 0, 0),
       (54161, 339, '10', 2, 12000000, 300, 2, 0, 0),
       (54162, 339, '11', 2, 8000000, 420, 2, 0, 0),
       (54163, 339, '12', 2, 12000000, 390, 2, 0, 0),
       (54164, 339, '13', 1, 11000000, 210, 3, 0, 0),
       (54165, 339, '14', 3, 7000000, 690, 3, 0, 0),
       (54166, 339, '15', 3, 6000000, 690, 3, 0, 0),
       (54167, 339, '16', 1, 5000000, 310, 3, 0, 0),
       (54168, 339, '17', 3, 11000000, 570, 3, 0, 0),
       (54169, 339, '18', 3, 10000000, 560, 3, 0, 0),
       (54170, 339, '19', 1, 14000000, 620, 4, 0, 0),
       (54171, 339, '20', 2, 3000000, 280, 4, 0, 0),
       (54172, 339, '21', 3, 11000000, 260, 4, 0, 0),
       (54173, 339, '22', 2, 6000000, 520, 4, 0, 0),
       (54174, 339, '23', 1, 12000000, 410, 4, 0, 0),
       (54175, 339, '24', 1, 9000000, 200, 4, 0, 0),
       (54176, 339, '25', 2, 9000000, 290, 5, 0, 0),
       (54177, 339, '26', 1, 10000000, 660, 5, 0, 0),
       (54178, 339, '27', 3, 4000000, 200, 5, 0, 0),
       (54179, 339, '28', 3, 8000000, 710, 5, 0, 0),
       (54180, 339, '29', 2, 5000000, 800, 5, 0, 0),
       (54181, 339, '30', 3, 4000000, 470, 5, 0, 0),
       (54182, 339, '31', 2, 15000000, 750, 6, 0, 0),
       (54183, 339, '32', 1, 9000000, 290, 6, 0, 0),
       (54184, 339, '33', 1, 14000000, 720, 6, 0, 0),
       (54185, 339, '34', 2, 6000000, 630, 6, 0, 0),
       (54186, 339, '35', 3, 5000000, 590, 6, 0, 0),
       (54187, 339, '36', 1, 11000000, 390, 6, 0, 0),
       (54188, 339, '37', 2, 10000000, 530, 7, 0, 0),
       (54189, 339, '38', 3, 13000000, 240, 7, 0, 0),
       (54190, 339, '39', 1, 12000000, 290, 7, 0, 0),
       (54191, 339, '40', 3, 8000000, 260, 7, 0, 0),
       (54192, 339, '41', 3, 7000000, 610, 7, 0, 0),
       (54193, 339, '42', 2, 4000000, 470, 7, 0, 0),
       (54194, 339, '43', 1, 11000000, 220, 8, 0, 0),
       (54195, 339, '44', 3, 5000000, 780, 8, 0, 0),
       (54196, 339, '45', 3, 3000000, 460, 8, 0, 0),
       (54197, 339, '46', 1, 8000000, 660, 8, 0, 0),
       (54198, 339, '47', 3, 10000000, 300, 8, 0, 0),
       (54199, 339, '48', 3, 7000000, 260, 8, 0, 0),
       (54200, 339, '49', 2, 5000000, 360, 9, 0, 0),
       (54201, 339, '50', 2, 11000000, 590, 9, 0, 0),
       (54202, 339, '51', 3, 12000000, 640, 9, 0, 0),
       (54203, 339, '52', 3, 4000000, 440, 9, 0, 0),
       (54204, 339, '53', 3, 4000000, 490, 9, 0, 0),
       (54205, 339, '54', 3, 11000000, 390, 9, 0, 0),
       (54206, 339, '55', 2, 10000000, 550, 10, 0, 0),
       (54207, 339, '56', 1, 9000000, 530, 10, 0, 0),
       (54208, 339, '57', 1, 4000000, 780, 10, 0, 0),
       (54209, 339, '58', 3, 13000000, 330, 10, 0, 0),
       (54210, 339, '59', 2, 15000000, 630, 10, 0, 0),
       (54211, 339, '60', 1, 5000000, 380, 10, 0, 0),
       (54212, 339, '61', 1, 11000000, 790, 11, 0, 0),
       (54213, 339, '62', 2, 13000000, 400, 11, 0, 0),
       (54214, 339, '63', 3, 8000000, 700, 11, 0, 0),
       (54215, 339, '64', 1, 10000000, 350, 11, 0, 0),
       (54216, 339, '65', 3, 7000000, 670, 11, 0, 0),
       (54217, 339, '66', 3, 15000000, 280, 11, 0, 0),
       (54218, 339, '67', 1, 14000000, 710, 12, 0, 0),
       (54219, 339, '68', 3, 8000000, 580, 12, 0, 0),
       (54220, 339, '69', 1, 7000000, 510, 12, 0, 0),
       (54221, 339, '70', 1, 4000000, 470, 12, 0, 0),
       (54222, 339, '71', 2, 3000000, 290, 12, 0, 0),
       (54223, 339, '72', 1, 11000000, 560, 12, 0, 0),
       (54224, 339, '73', 1, 3000000, 340, 13, 0, 0),
       (54225, 339, '74', 2, 9000000, 650, 13, 0, 0),
       (54226, 339, '75', 3, 15000000, 220, 13, 0, 0),
       (54227, 339, '76', 1, 3000000, 550, 13, 0, 0),
       (54228, 339, '77', 1, 5000000, 660, 13, 0, 0),
       (54229, 339, '78', 1, 6000000, 330, 13, 0, 0),
       (54230, 339, '79', 2, 8000000, 680, 14, 0, 0),
       (54231, 339, '80', 2, 9000000, 520, 14, 0, 0),
       (54232, 339, '81', 3, 3000000, 750, 14, 0, 0),
       (54233, 339, '82', 3, 7000000, 260, 14, 0, 0),
       (54234, 339, '83', 1, 4000000, 390, 14, 0, 0),
       (54235, 339, '84', 3, 12000000, 520, 14, 0, 0),
       (54236, 339, '85', 3, 10000000, 230, 15, 0, 0),
       (54237, 339, '86', 1, 6000000, 550, 15, 0, 0),
       (54238, 339, '87', 3, 9000000, 440, 15, 0, 0),
       (54239, 339, '88', 3, 12000000, 460, 15, 0, 0),
       (54240, 339, '89', 1, 3000000, 790, 15, 0, 0),
       (54241, 339, '90', 1, 7000000, 250, 15, 0, 0),
       (54242, 339, '91', 1, 12000000, 710, 16, 0, 0),
       (54243, 339, '92', 2, 3000000, 200, 16, 0, 0),
       (54244, 339, '93', 2, 13000000, 200, 16, 0, 0),
       (54245, 339, '94', 3, 12000000, 510, 16, 0, 0),
       (54246, 339, '95', 2, 9000000, 300, 16, 0, 0),
       (54247, 339, '96', 3, 8000000, 730, 16, 0, 0),
       (54248, 339, '97', 1, 12000000, 400, 17, 0, 0),
       (54249, 339, '98', 2, 5000000, 650, 17, 0, 0),
       (54250, 339, '99', 2, 5000000, 620, 17, 0, 0),
       (54251, 339, '100', 1, 8000000, 360, 17, 0, 0),
       (54252, 339, '101', 3, 7000000, 530, 17, 0, 0),
       (54253, 339, '102', 1, 13000000, 330, 17, 0, 0),
       (54254, 339, '103', 2, 10000000, 720, 18, 0, 0),
       (54255, 339, '104', 3, 4000000, 670, 18, 0, 0),
       (54256, 339, '105', 2, 3000000, 320, 18, 0, 0),
       (54257, 339, '106', 1, 14000000, 260, 18, 0, 0),
       (54258, 339, '107', 2, 7000000, 710, 18, 0, 0),
       (54259, 339, '108', 2, 12000000, 710, 18, 0, 0),
       (54260, 339, '109', 1, 5000000, 270, 19, 0, 0),
       (54261, 339, '110', 3, 5000000, 460, 19, 0, 0),
       (54262, 339, '111', 1, 3000000, 270, 19, 0, 0),
       (54263, 339, '112', 2, 7000000, 470, 19, 0, 0),
       (54264, 339, '113', 2, 15000000, 690, 19, 0, 0),
       (54265, 339, '114', 1, 14000000, 200, 19, 0, 0),
       (54266, 339, '115', 3, 8000000, 640, 20, 0, 0),
       (54267, 339, '116', 3, 7000000, 440, 20, 0, 0),
       (54268, 339, '117', 2, 13000000, 490, 20, 0, 0),
       (54269, 339, '118', 1, 14000000, 360, 20, 0, 0),
       (54270, 339, '119', 1, 4000000, 400, 20, 0, 0),
       (54271, 339, '120', 3, 8000000, 620, 20, 0, 0),
       (54272, 339, '121', 3, 14000000, 410, 21, 0, 0),
       (54273, 339, '122', 2, 15000000, 220, 21, 0, 0),
       (54274, 339, '123', 2, 3000000, 510, 21, 0, 0),
       (54275, 339, '124', 3, 12000000, 450, 21, 0, 0),
       (54276, 339, '125', 3, 13000000, 790, 21, 0, 0),
       (54277, 339, '126', 1, 4000000, 380, 21, 0, 0),
       (54278, 339, '127', 1, 10000000, 610, 22, 0, 0),
       (54279, 339, '128', 3, 13000000, 300, 22, 0, 0),
       (54280, 339, '129', 3, 7000000, 350, 22, 0, 0),
       (54281, 339, '130', 3, 7000000, 250, 22, 0, 0),
       (54282, 339, '131', 1, 12000000, 590, 22, 0, 0),
       (54283, 339, '132', 3, 6000000, 340, 22, 0, 0),
       (54284, 339, '133', 2, 9000000, 710, 23, 0, 0),
       (54285, 339, '134', 1, 5000000, 230, 23, 0, 0),
       (54286, 339, '135', 2, 9000000, 700, 23, 0, 0),
       (54287, 339, '136', 2, 4000000, 510, 23, 0, 0),
       (54288, 339, '137', 2, 7000000, 540, 23, 0, 0),
       (54289, 339, '138', 1, 15000000, 570, 23, 0, 0),
       (54290, 339, '139', 2, 14000000, 410, 24, 0, 0),
       (54291, 339, '140', 3, 8000000, 540, 24, 0, 0),
       (54292, 339, '141', 1, 7000000, 620, 24, 0, 0),
       (54293, 339, '142', 2, 9000000, 680, 24, 0, 0),
       (54294, 339, '143', 2, 6000000, 560, 24, 0, 0),
       (54295, 339, '144', 1, 3000000, 230, 24, 0, 0),
       (54296, 339, '145', 1, 7000000, 550, 25, 0, 0),
       (54297, 339, '146', 1, 7000000, 440, 25, 0, 0),
       (54298, 339, '147', 2, 6000000, 490, 25, 0, 0),
       (54299, 339, '148', 1, 4000000, 600, 25, 0, 0),
       (54300, 339, '149', 1, 13000000, 600, 25, 0, 0),
       (54301, 339, '150', 1, 10000000, 780, 25, 0, 0),
       (54302, 339, '151', 2, 12000000, 190, 26, 0, 0),
       (54303, 339, '152', 1, 13000000, 780, 26, 0, 0),
       (54304, 339, '153', 2, 8000000, 260, 26, 0, 0),
       (54305, 339, '154', 3, 6000000, 260, 26, 0, 0),
       (54306, 339, '155', 1, 10000000, 750, 26, 0, 0),
       (54307, 339, '156', 1, 6000000, 490, 26, 0, 0),
       (54308, 339, '157', 1, 13000000, 780, 27, 0, 0),
       (54309, 339, '158', 2, 13000000, 720, 27, 0, 0),
       (54310, 339, '159', 3, 4000000, 420, 27, 0, 0),
       (54311, 339, '160', 2, 12000000, 530, 27, 0, 0),
       (54312, 339, '161', 3, 3000000, 230, 27, 0, 0),
       (54313, 339, '162', 3, 4000000, 520, 27, 0, 0),
       (54314, 339, '163', 1, 11000000, 330, 28, 0, 0),
       (54315, 339, '164', 1, 14000000, 490, 28, 0, 0),
       (54316, 339, '165', 2, 12000000, 630, 28, 0, 0),
       (54317, 339, '166', 3, 15000000, 350, 28, 0, 0),
       (54318, 339, '167', 1, 5000000, 600, 28, 0, 0),
       (54319, 339, '168', 1, 9000000, 200, 28, 0, 0),
       (54320, 339, '169', 3, 11000000, 280, 29, 0, 0),
       (54321, 339, '170', 2, 8000000, 790, 29, 0, 0),
       (54322, 339, '171', 3, 4000000, 720, 29, 0, 0),
       (54323, 339, '172', 2, 5000000, 470, 29, 0, 0),
       (54324, 339, '173', 1, 14000000, 350, 29, 0, 0),
       (54325, 339, '174', 3, 9000000, 290, 29, 0, 0),
       (54326, 339, '175', 3, 5000000, 190, 30, 0, 0),
       (54327, 339, '176', 2, 6000000, 180, 30, 0, 0),
       (54328, 339, '177', 3, 3000000, 720, 30, 0, 0),
       (54329, 339, '178', 2, 8000000, 390, 30, 0, 0),
       (54330, 339, '179', 1, 14000000, 760, 30, 0, 0),
       (54331, 339, '180', 2, 9000000, 720, 30, 0, 0),
       (54332, 339, '181', 3, 6000000, 360, 31, 0, 0),
       (54333, 339, '182', 2, 10000000, 770, 31, 0, 0),
       (54334, 339, '183', 1, 9000000, 650, 31, 0, 0),
       (54335, 339, '184', 1, 11000000, 670, 31, 0, 0),
       (54336, 339, '185', 3, 7000000, 330, 31, 0, 0),
       (54337, 339, '186', 3, 9000000, 600, 31, 0, 0),
       (54338, 339, '187', 3, 6000000, 740, 32, 0, 0),
       (54339, 339, '188', 2, 9000000, 680, 32, 0, 0),
       (54340, 339, '189', 2, 10000000, 470, 32, 0, 0),
       (54341, 339, '190', 2, 9000000, 610, 32, 0, 0),
       (54342, 339, '191', 2, 11000000, 320, 32, 0, 0),
       (54343, 339, '192', 3, 13000000, 410, 32, 0, 0),
       (54344, 339, '193', 3, 13000000, 300, 33, 0, 0),
       (54345, 339, '194', 1, 9000000, 330, 33, 0, 0),
       (54346, 339, '195', 2, 7000000, 720, 33, 0, 0),
       (54347, 339, '196', 2, 5000000, 340, 33, 0, 0),
       (54348, 339, '197', 2, 10000000, 470, 33, 0, 0),
       (54349, 339, '198', 2, 13000000, 700, 33, 0, 0),
       (54350, 339, '199', 2, 4000000, 260, 34, 0, 0),
       (54351, 339, '200', 3, 8000000, 250, 34, 0, 0),
       (54352, 339, '201', 2, 11000000, 460, 34, 0, 0),
       (54353, 339, '202', 2, 3000000, 680, 34, 0, 0),
       (54354, 339, '203', 3, 4000000, 550, 34, 0, 0),
       (54355, 339, '204', 1, 3000000, 590, 34, 0, 0),
       (54356, 339, '205', 1, 5000000, 700, 35, 0, 0),
       (54357, 339, '206', 1, 4000000, 380, 35, 0, 0),
       (54358, 339, '207', 3, 14000000, 370, 35, 0, 0),
       (54359, 339, '208', 3, 8000000, 560, 35, 0, 0),
       (54360, 339, '209', 3, 8000000, 640, 35, 0, 0),
       (54361, 339, '210', 2, 5000000, 530, 35, 0, 0),
       (54362, 339, '211', 2, 3000000, 200, 36, 0, 0),
       (54363, 339, '212', 2, 11000000, 780, 36, 0, 0),
       (54364, 339, '213', 1, 9000000, 490, 36, 0, 0),
       (54365, 339, '214', 3, 7000000, 400, 36, 0, 0),
       (54366, 339, '215', 2, 8000000, 450, 36, 0, 0),
       (54367, 339, '216', 1, 9000000, 360, 36, 0, 0),
       (54368, 339, '217', 2, 13000000, 380, 37, 0, 0),
       (54369, 339, '218', 3, 9000000, 500, 37, 0, 0),
       (54370, 339, '219', 3, 9000000, 430, 37, 0, 0),
       (54371, 339, '220', 3, 12000000, 500, 37, 0, 0),
       (54372, 339, '221', 2, 8000000, 760, 37, 0, 0),
       (54373, 339, '222', 3, 5000000, 230, 37, 0, 0),
       (54374, 339, '223', 3, 11000000, 180, 38, 0, 0),
       (54375, 339, '224', 3, 12000000, 730, 38, 0, 0),
       (54376, 339, '225', 1, 8000000, 490, 38, 0, 0),
       (54377, 339, '226', 3, 3000000, 520, 38, 0, 0),
       (54378, 339, '227', 1, 15000000, 500, 38, 0, 0),
       (54379, 339, '228', 3, 8000000, 280, 38, 0, 0),
       (54380, 339, '229', 3, 13000000, 330, 39, 0, 0),
       (54381, 339, '230', 3, 11000000, 370, 39, 0, 0),
       (54382, 339, '231', 1, 11000000, 800, 39, 0, 0),
       (54383, 339, '232', 2, 13000000, 300, 39, 0, 0),
       (54384, 339, '233', 1, 6000000, 710, 39, 0, 0),
       (54385, 339, '234', 3, 10000000, 640, 39, 0, 0),
       (54386, 339, '235', 3, 14000000, 550, 40, 0, 0),
       (54387, 339, '236', 1, 6000000, 660, 40, 0, 0),
       (54388, 339, '237', 2, 3000000, 380, 40, 0, 0),
       (54389, 339, '238', 1, 7000000, 680, 40, 0, 0),
       (54390, 339, '239', 2, 5000000, 270, 40, 0, 0),
       (54391, 339, '240', 1, 3000000, 710, 40, 0, 0),
       (54392, 339, '241', 3, 5000000, 590, 41, 0, 0),
       (54393, 339, '242', 3, 3000000, 720, 41, 0, 0),
       (54394, 339, '243', 1, 5000000, 320, 41, 0, 0),
       (54395, 339, '244', 1, 9000000, 560, 41, 0, 0),
       (54396, 339, '245', 1, 9000000, 600, 41, 0, 0),
       (54397, 339, '246', 2, 14000000, 230, 41, 0, 0),
       (54398, 339, '247', 2, 9000000, 660, 42, 0, 0),
       (54399, 339, '248', 3, 7000000, 220, 42, 0, 0),
       (54400, 339, '249', 3, 14000000, 220, 42, 0, 0),
       (54401, 339, '250', 3, 7000000, 800, 42, 0, 0),
       (54402, 339, '251', 2, 6000000, 660, 42, 0, 0),
       (54403, 339, '252', 1, 9000000, 280, 42, 0, 0),
       (54404, 339, '253', 3, 6000000, 460, 43, 0, 0),
       (54405, 339, '254', 2, 10000000, 700, 43, 0, 0),
       (54406, 339, '255', 3, 13000000, 470, 43, 0, 0),
       (54407, 339, '256', 3, 6000000, 800, 43, 0, 0),
       (54408, 339, '257', 2, 6000000, 600, 43, 0, 0),
       (54409, 339, '258', 1, 10000000, 600, 43, 0, 0),
       (54410, 339, '259', 1, 3000000, 570, 44, 0, 0),
       (54411, 339, '260', 1, 5000000, 700, 44, 0, 0),
       (54412, 339, '261', 1, 8000000, 690, 44, 0, 0),
       (54413, 339, '262', 1, 11000000, 730, 44, 0, 0),
       (54414, 339, '263', 1, 13000000, 280, 44, 0, 0),
       (54415, 339, '264', 2, 8000000, 700, 44, 0, 0),
       (54416, 339, '265', 2, 11000000, 510, 45, 0, 0),
       (54417, 339, '266', 2, 14000000, 260, 45, 0, 0),
       (54418, 339, '267', 2, 5000000, 510, 45, 0, 0),
       (54419, 339, '268', 2, 15000000, 310, 45, 0, 0),
       (54420, 339, '269', 2, 5000000, 380, 45, 0, 0),
       (54421, 339, '270', 1, 7000000, 180, 45, 0, 0),
       (54422, 339, '271', 2, 7000000, 180, 46, 0, 0),
       (54423, 339, '272', 1, 12000000, 390, 46, 0, 0),
       (54424, 339, '273', 2, 12000000, 200, 46, 0, 0),
       (54425, 339, '274', 1, 8000000, 530, 46, 0, 0),
       (54426, 339, '275', 1, 5000000, 500, 46, 0, 0),
       (54427, 339, '276', 3, 10000000, 610, 46, 0, 0),
       (54428, 339, '277', 2, 12000000, 280, 47, 0, 0),
       (54429, 339, '278', 2, 4000000, 260, 47, 0, 0),
       (54430, 339, '279', 1, 8000000, 560, 47, 0, 0),
       (54431, 339, '280', 2, 15000000, 740, 47, 0, 0),
       (54432, 339, '281', 2, 4000000, 480, 47, 0, 0),
       (54433, 339, '282', 2, 9000000, 720, 47, 0, 0),
       (54434, 339, '283', 2, 13000000, 430, 48, 0, 0),
       (54435, 339, '284', 2, 11000000, 770, 48, 0, 0),
       (54436, 339, '285', 1, 13000000, 450, 48, 0, 0),
       (54437, 339, '286', 3, 8000000, 210, 48, 0, 0),
       (54438, 339, '287', 3, 15000000, 420, 48, 0, 0),
       (54439, 339, '288', 2, 8000000, 650, 48, 0, 0);
insert into real_estate_building (id, address, complex_id, floor_count, dev_id)
values (340, 'г. Москва, ул. Краснокаменская, д. 36', 16, 50, 16);
insert into real_estate_object (id, building_id ,local_address, places, price, area, floor, type, estate_type)
values (54440, 340, '1', 3, 4000000, 560, 1, 0, 0),
       (54441, 340, '2', 1, 6000000, 520, 1, 0, 0),
       (54442, 340, '3', 3, 9000000, 510, 1, 0, 0),
       (54443, 340, '4', 3, 9000000, 650, 1, 0, 0),
       (54444, 340, '5', 3, 5000000, 800, 1, 0, 0),
       (54445, 340, '6', 3, 6000000, 660, 1, 0, 0),
       (54446, 340, '7', 1, 11000000, 640, 2, 0, 0),
       (54447, 340, '8', 1, 7000000, 530, 2, 0, 0),
       (54448, 340, '9', 3, 10000000, 410, 2, 0, 0),
       (54449, 340, '10', 1, 14000000, 490, 2, 0, 0),
       (54450, 340, '11', 3, 15000000, 320, 2, 0, 0),
       (54451, 340, '12', 3, 12000000, 290, 2, 0, 0),
       (54452, 340, '13', 3, 14000000, 310, 3, 0, 0),
       (54453, 340, '14', 2, 6000000, 620, 3, 0, 0),
       (54454, 340, '15', 1, 9000000, 690, 3, 0, 0),
       (54455, 340, '16', 1, 13000000, 620, 3, 0, 0),
       (54456, 340, '17', 2, 9000000, 660, 3, 0, 0),
       (54457, 340, '18', 3, 13000000, 790, 3, 0, 0),
       (54458, 340, '19', 3, 3000000, 540, 4, 0, 0),
       (54459, 340, '20', 3, 8000000, 220, 4, 0, 0),
       (54460, 340, '21', 3, 5000000, 290, 4, 0, 0),
       (54461, 340, '22', 2, 12000000, 450, 4, 0, 0),
       (54462, 340, '23', 1, 9000000, 750, 4, 0, 0),
       (54463, 340, '24', 3, 11000000, 420, 4, 0, 0),
       (54464, 340, '25', 2, 7000000, 630, 5, 0, 0),
       (54465, 340, '26', 3, 4000000, 240, 5, 0, 0),
       (54466, 340, '27', 2, 10000000, 640, 5, 0, 0),
       (54467, 340, '28', 3, 9000000, 290, 5, 0, 0),
       (54468, 340, '29', 2, 7000000, 300, 5, 0, 0),
       (54469, 340, '30', 1, 13000000, 310, 5, 0, 0),
       (54470, 340, '31', 2, 10000000, 660, 6, 0, 0),
       (54471, 340, '32', 3, 6000000, 510, 6, 0, 0),
       (54472, 340, '33', 1, 5000000, 430, 6, 0, 0),
       (54473, 340, '34', 3, 12000000, 350, 6, 0, 0),
       (54474, 340, '35', 1, 3000000, 250, 6, 0, 0),
       (54475, 340, '36', 3, 3000000, 220, 6, 0, 0),
       (54476, 340, '37', 1, 6000000, 760, 7, 0, 0),
       (54477, 340, '38', 1, 12000000, 440, 7, 0, 0),
       (54478, 340, '39', 1, 7000000, 180, 7, 0, 0),
       (54479, 340, '40', 1, 7000000, 420, 7, 0, 0),
       (54480, 340, '41', 1, 15000000, 260, 7, 0, 0),
       (54481, 340, '42', 3, 13000000, 740, 7, 0, 0),
       (54482, 340, '43', 3, 11000000, 350, 8, 0, 0),
       (54483, 340, '44', 2, 12000000, 290, 8, 0, 0),
       (54484, 340, '45', 3, 3000000, 420, 8, 0, 0),
       (54485, 340, '46', 2, 12000000, 230, 8, 0, 0),
       (54486, 340, '47', 3, 13000000, 330, 8, 0, 0),
       (54487, 340, '48', 1, 13000000, 670, 8, 0, 0),
       (54488, 340, '49', 3, 13000000, 510, 9, 0, 0),
       (54489, 340, '50', 2, 3000000, 270, 9, 0, 0),
       (54490, 340, '51', 1, 7000000, 600, 9, 0, 0),
       (54491, 340, '52', 3, 11000000, 250, 9, 0, 0),
       (54492, 340, '53', 1, 10000000, 550, 9, 0, 0),
       (54493, 340, '54', 2, 14000000, 770, 9, 0, 0),
       (54494, 340, '55', 1, 3000000, 500, 10, 0, 0),
       (54495, 340, '56', 1, 14000000, 790, 10, 0, 0),
       (54496, 340, '57', 3, 9000000, 800, 10, 0, 0),
       (54497, 340, '58', 3, 7000000, 580, 10, 0, 0),
       (54498, 340, '59', 2, 6000000, 370, 10, 0, 0),
       (54499, 340, '60', 3, 13000000, 560, 10, 0, 0),
       (54500, 340, '61', 1, 4000000, 680, 11, 0, 0),
       (54501, 340, '62', 3, 4000000, 650, 11, 0, 0),
       (54502, 340, '63', 1, 11000000, 630, 11, 0, 0),
       (54503, 340, '64', 3, 11000000, 200, 11, 0, 0),
       (54504, 340, '65', 1, 10000000, 520, 11, 0, 0),
       (54505, 340, '66', 2, 7000000, 660, 11, 0, 0),
       (54506, 340, '67', 2, 8000000, 700, 12, 0, 0),
       (54507, 340, '68', 3, 5000000, 320, 12, 0, 0),
       (54508, 340, '69', 3, 9000000, 290, 12, 0, 0),
       (54509, 340, '70', 2, 8000000, 260, 12, 0, 0),
       (54510, 340, '71', 2, 14000000, 300, 12, 0, 0),
       (54511, 340, '72', 2, 3000000, 440, 12, 0, 0),
       (54512, 340, '73', 1, 12000000, 300, 13, 0, 0),
       (54513, 340, '74', 1, 9000000, 260, 13, 0, 0),
       (54514, 340, '75', 1, 13000000, 340, 13, 0, 0),
       (54515, 340, '76', 2, 4000000, 480, 13, 0, 0),
       (54516, 340, '77', 3, 14000000, 280, 13, 0, 0),
       (54517, 340, '78', 2, 9000000, 660, 13, 0, 0),
       (54518, 340, '79', 2, 8000000, 470, 14, 0, 0),
       (54519, 340, '80', 3, 9000000, 490, 14, 0, 0),
       (54520, 340, '81', 1, 15000000, 430, 14, 0, 0),
       (54521, 340, '82', 1, 8000000, 550, 14, 0, 0),
       (54522, 340, '83', 3, 4000000, 760, 14, 0, 0),
       (54523, 340, '84', 3, 10000000, 300, 14, 0, 0),
       (54524, 340, '85', 2, 12000000, 560, 15, 0, 0),
       (54525, 340, '86', 1, 6000000, 700, 15, 0, 0),
       (54526, 340, '87', 1, 5000000, 470, 15, 0, 0),
       (54527, 340, '88', 1, 3000000, 670, 15, 0, 0),
       (54528, 340, '89', 1, 7000000, 730, 15, 0, 0),
       (54529, 340, '90', 3, 6000000, 270, 15, 0, 0),
       (54530, 340, '91', 3, 13000000, 790, 16, 0, 0),
       (54531, 340, '92', 1, 7000000, 640, 16, 0, 0),
       (54532, 340, '93', 3, 3000000, 330, 16, 0, 0),
       (54533, 340, '94', 1, 10000000, 480, 16, 0, 0),
       (54534, 340, '95', 3, 10000000, 790, 16, 0, 0),
       (54535, 340, '96', 1, 11000000, 490, 16, 0, 0),
       (54536, 340, '97', 3, 11000000, 330, 17, 0, 0),
       (54537, 340, '98', 1, 12000000, 340, 17, 0, 0),
       (54538, 340, '99', 1, 14000000, 560, 17, 0, 0),
       (54539, 340, '100', 1, 14000000, 710, 17, 0, 0),
       (54540, 340, '101', 3, 14000000, 470, 17, 0, 0),
       (54541, 340, '102', 2, 14000000, 290, 17, 0, 0),
       (54542, 340, '103', 1, 3000000, 230, 18, 0, 0),
       (54543, 340, '104', 1, 4000000, 340, 18, 0, 0),
       (54544, 340, '105', 3, 4000000, 500, 18, 0, 0),
       (54545, 340, '106', 3, 3000000, 630, 18, 0, 0),
       (54546, 340, '107', 3, 11000000, 340, 18, 0, 0),
       (54547, 340, '108', 2, 15000000, 660, 18, 0, 0),
       (54548, 340, '109', 2, 10000000, 360, 19, 0, 0),
       (54549, 340, '110', 2, 9000000, 180, 19, 0, 0),
       (54550, 340, '111', 2, 14000000, 770, 19, 0, 0),
       (54551, 340, '112', 1, 13000000, 610, 19, 0, 0),
       (54552, 340, '113', 2, 7000000, 500, 19, 0, 0),
       (54553, 340, '114', 3, 15000000, 690, 19, 0, 0),
       (54554, 340, '115', 1, 12000000, 630, 20, 0, 0),
       (54555, 340, '116', 1, 14000000, 240, 20, 0, 0),
       (54556, 340, '117', 1, 3000000, 620, 20, 0, 0),
       (54557, 340, '118', 2, 12000000, 420, 20, 0, 0),
       (54558, 340, '119', 2, 8000000, 710, 20, 0, 0),
       (54559, 340, '120', 1, 13000000, 690, 20, 0, 0),
       (54560, 340, '121', 1, 14000000, 310, 21, 0, 0),
       (54561, 340, '122', 3, 11000000, 360, 21, 0, 0),
       (54562, 340, '123', 2, 4000000, 670, 21, 0, 0),
       (54563, 340, '124', 3, 14000000, 300, 21, 0, 0),
       (54564, 340, '125', 1, 5000000, 700, 21, 0, 0),
       (54565, 340, '126', 2, 13000000, 180, 21, 0, 0),
       (54566, 340, '127', 1, 3000000, 270, 22, 0, 0),
       (54567, 340, '128', 2, 6000000, 540, 22, 0, 0),
       (54568, 340, '129', 3, 7000000, 460, 22, 0, 0),
       (54569, 340, '130', 3, 8000000, 580, 22, 0, 0),
       (54570, 340, '131', 2, 8000000, 720, 22, 0, 0),
       (54571, 340, '132', 2, 5000000, 450, 22, 0, 0),
       (54572, 340, '133', 2, 9000000, 790, 23, 0, 0),
       (54573, 340, '134', 3, 14000000, 330, 23, 0, 0),
       (54574, 340, '135', 2, 15000000, 770, 23, 0, 0),
       (54575, 340, '136', 1, 4000000, 520, 23, 0, 0),
       (54576, 340, '137', 1, 4000000, 440, 23, 0, 0),
       (54577, 340, '138', 2, 6000000, 620, 23, 0, 0),
       (54578, 340, '139', 1, 14000000, 450, 24, 0, 0),
       (54579, 340, '140', 2, 10000000, 460, 24, 0, 0),
       (54580, 340, '141', 1, 6000000, 560, 24, 0, 0),
       (54581, 340, '142', 1, 7000000, 240, 24, 0, 0),
       (54582, 340, '143', 3, 12000000, 640, 24, 0, 0),
       (54583, 340, '144', 2, 3000000, 250, 24, 0, 0),
       (54584, 340, '145', 3, 9000000, 690, 25, 0, 0),
       (54585, 340, '146', 3, 11000000, 710, 25, 0, 0),
       (54586, 340, '147', 1, 10000000, 510, 25, 0, 0),
       (54587, 340, '148', 1, 9000000, 720, 25, 0, 0),
       (54588, 340, '149', 1, 12000000, 640, 25, 0, 0),
       (54589, 340, '150', 1, 3000000, 200, 25, 0, 0),
       (54590, 340, '151', 2, 6000000, 750, 26, 0, 0),
       (54591, 340, '152', 1, 9000000, 660, 26, 0, 0),
       (54592, 340, '153', 3, 13000000, 500, 26, 0, 0),
       (54593, 340, '154', 3, 15000000, 600, 26, 0, 0),
       (54594, 340, '155', 2, 7000000, 600, 26, 0, 0),
       (54595, 340, '156', 1, 12000000, 250, 26, 0, 0),
       (54596, 340, '157', 3, 7000000, 790, 27, 0, 0),
       (54597, 340, '158', 1, 5000000, 500, 27, 0, 0),
       (54598, 340, '159', 3, 7000000, 760, 27, 0, 0),
       (54599, 340, '160', 2, 12000000, 530, 27, 0, 0),
       (54600, 340, '161', 1, 3000000, 280, 27, 0, 0),
       (54601, 340, '162', 2, 14000000, 400, 27, 0, 0),
       (54602, 340, '163', 2, 12000000, 340, 28, 0, 0),
       (54603, 340, '164', 2, 8000000, 180, 28, 0, 0),
       (54604, 340, '165', 3, 12000000, 570, 28, 0, 0),
       (54605, 340, '166', 1, 6000000, 260, 28, 0, 0),
       (54606, 340, '167', 2, 6000000, 390, 28, 0, 0),
       (54607, 340, '168', 3, 9000000, 590, 28, 0, 0),
       (54608, 340, '169', 2, 11000000, 450, 29, 0, 0),
       (54609, 340, '170', 1, 8000000, 520, 29, 0, 0),
       (54610, 340, '171', 3, 9000000, 270, 29, 0, 0),
       (54611, 340, '172', 1, 3000000, 610, 29, 0, 0),
       (54612, 340, '173', 2, 12000000, 370, 29, 0, 0),
       (54613, 340, '174', 3, 14000000, 420, 29, 0, 0),
       (54614, 340, '175', 1, 15000000, 410, 30, 0, 0),
       (54615, 340, '176', 2, 12000000, 650, 30, 0, 0),
       (54616, 340, '177', 2, 12000000, 610, 30, 0, 0),
       (54617, 340, '178', 2, 7000000, 290, 30, 0, 0),
       (54618, 340, '179', 1, 6000000, 550, 30, 0, 0),
       (54619, 340, '180', 1, 8000000, 620, 30, 0, 0),
       (54620, 340, '181', 3, 7000000, 200, 31, 0, 0),
       (54621, 340, '182', 1, 7000000, 590, 31, 0, 0),
       (54622, 340, '183', 3, 10000000, 320, 31, 0, 0),
       (54623, 340, '184', 3, 9000000, 700, 31, 0, 0),
       (54624, 340, '185', 1, 15000000, 760, 31, 0, 0),
       (54625, 340, '186', 1, 3000000, 280, 31, 0, 0),
       (54626, 340, '187', 1, 4000000, 190, 32, 0, 0),
       (54627, 340, '188', 3, 10000000, 430, 32, 0, 0),
       (54628, 340, '189', 3, 9000000, 460, 32, 0, 0),
       (54629, 340, '190', 3, 11000000, 710, 32, 0, 0),
       (54630, 340, '191', 1, 13000000, 440, 32, 0, 0),
       (54631, 340, '192', 2, 4000000, 610, 32, 0, 0),
       (54632, 340, '193', 2, 5000000, 460, 33, 0, 0),
       (54633, 340, '194', 3, 5000000, 800, 33, 0, 0),
       (54634, 340, '195', 3, 9000000, 300, 33, 0, 0),
       (54635, 340, '196', 3, 4000000, 370, 33, 0, 0),
       (54636, 340, '197', 2, 9000000, 620, 33, 0, 0),
       (54637, 340, '198', 2, 3000000, 620, 33, 0, 0),
       (54638, 340, '199', 2, 14000000, 790, 34, 0, 0),
       (54639, 340, '200', 1, 12000000, 530, 34, 0, 0),
       (54640, 340, '201', 1, 10000000, 230, 34, 0, 0),
       (54641, 340, '202', 3, 3000000, 410, 34, 0, 0),
       (54642, 340, '203', 3, 15000000, 590, 34, 0, 0),
       (54643, 340, '204', 3, 6000000, 250, 34, 0, 0),
       (54644, 340, '205', 2, 13000000, 520, 35, 0, 0),
       (54645, 340, '206', 3, 9000000, 750, 35, 0, 0),
       (54646, 340, '207', 1, 12000000, 630, 35, 0, 0),
       (54647, 340, '208', 1, 13000000, 380, 35, 0, 0),
       (54648, 340, '209', 1, 10000000, 730, 35, 0, 0),
       (54649, 340, '210', 2, 11000000, 740, 35, 0, 0),
       (54650, 340, '211', 1, 13000000, 210, 36, 0, 0),
       (54651, 340, '212', 3, 11000000, 410, 36, 0, 0),
       (54652, 340, '213', 3, 9000000, 640, 36, 0, 0),
       (54653, 340, '214', 1, 6000000, 500, 36, 0, 0),
       (54654, 340, '215', 1, 15000000, 400, 36, 0, 0),
       (54655, 340, '216', 3, 9000000, 460, 36, 0, 0),
       (54656, 340, '217', 1, 6000000, 310, 37, 0, 0),
       (54657, 340, '218', 3, 10000000, 510, 37, 0, 0),
       (54658, 340, '219', 3, 12000000, 660, 37, 0, 0),
       (54659, 340, '220', 3, 7000000, 700, 37, 0, 0),
       (54660, 340, '221', 1, 9000000, 780, 37, 0, 0),
       (54661, 340, '222', 2, 7000000, 320, 37, 0, 0),
       (54662, 340, '223', 2, 8000000, 500, 38, 0, 0),
       (54663, 340, '224', 3, 14000000, 430, 38, 0, 0),
       (54664, 340, '225', 3, 9000000, 530, 38, 0, 0),
       (54665, 340, '226', 3, 3000000, 530, 38, 0, 0),
       (54666, 340, '227', 3, 6000000, 290, 38, 0, 0),
       (54667, 340, '228', 3, 4000000, 320, 38, 0, 0),
       (54668, 340, '229', 1, 11000000, 520, 39, 0, 0),
       (54669, 340, '230', 2, 10000000, 490, 39, 0, 0),
       (54670, 340, '231', 3, 10000000, 790, 39, 0, 0),
       (54671, 340, '232', 1, 10000000, 250, 39, 0, 0),
       (54672, 340, '233', 3, 9000000, 450, 39, 0, 0),
       (54673, 340, '234', 2, 5000000, 180, 39, 0, 0),
       (54674, 340, '235', 3, 14000000, 320, 40, 0, 0),
       (54675, 340, '236', 3, 8000000, 610, 40, 0, 0),
       (54676, 340, '237', 3, 10000000, 490, 40, 0, 0),
       (54677, 340, '238', 3, 15000000, 750, 40, 0, 0),
       (54678, 340, '239', 3, 5000000, 180, 40, 0, 0),
       (54679, 340, '240', 1, 9000000, 620, 40, 0, 0),
       (54680, 340, '241', 3, 3000000, 510, 41, 0, 0),
       (54681, 340, '242', 3, 8000000, 780, 41, 0, 0),
       (54682, 340, '243', 3, 3000000, 440, 41, 0, 0),
       (54683, 340, '244', 3, 13000000, 550, 41, 0, 0),
       (54684, 340, '245', 1, 6000000, 460, 41, 0, 0),
       (54685, 340, '246', 1, 15000000, 750, 41, 0, 0),
       (54686, 340, '247', 2, 8000000, 640, 42, 0, 0),
       (54687, 340, '248', 2, 4000000, 490, 42, 0, 0),
       (54688, 340, '249', 3, 11000000, 510, 42, 0, 0),
       (54689, 340, '250', 2, 13000000, 560, 42, 0, 0),
       (54690, 340, '251', 3, 12000000, 360, 42, 0, 0),
       (54691, 340, '252', 3, 15000000, 250, 42, 0, 0),
       (54692, 340, '253', 1, 14000000, 780, 43, 0, 0),
       (54693, 340, '254', 1, 7000000, 190, 43, 0, 0),
       (54694, 340, '255', 2, 7000000, 510, 43, 0, 0),
       (54695, 340, '256', 1, 14000000, 360, 43, 0, 0),
       (54696, 340, '257', 1, 15000000, 390, 43, 0, 0),
       (54697, 340, '258', 1, 7000000, 390, 43, 0, 0),
       (54698, 340, '259', 1, 7000000, 560, 44, 0, 0),
       (54699, 340, '260', 2, 6000000, 280, 44, 0, 0),
       (54700, 340, '261', 1, 9000000, 400, 44, 0, 0),
       (54701, 340, '262', 1, 6000000, 750, 44, 0, 0),
       (54702, 340, '263', 3, 13000000, 560, 44, 0, 0),
       (54703, 340, '264', 3, 5000000, 760, 44, 0, 0),
       (54704, 340, '265', 3, 14000000, 300, 45, 0, 0),
       (54705, 340, '266', 2, 10000000, 790, 45, 0, 0),
       (54706, 340, '267', 3, 7000000, 330, 45, 0, 0),
       (54707, 340, '268', 1, 5000000, 290, 45, 0, 0),
       (54708, 340, '269', 3, 6000000, 320, 45, 0, 0),
       (54709, 340, '270', 2, 10000000, 230, 45, 0, 0),
       (54710, 340, '271', 2, 12000000, 680, 46, 0, 0),
       (54711, 340, '272', 2, 5000000, 360, 46, 0, 0),
       (54712, 340, '273', 3, 12000000, 240, 46, 0, 0),
       (54713, 340, '274', 1, 14000000, 670, 46, 0, 0),
       (54714, 340, '275', 3, 10000000, 770, 46, 0, 0),
       (54715, 340, '276', 3, 12000000, 720, 46, 0, 0),
       (54716, 340, '277', 2, 12000000, 230, 47, 0, 0),
       (54717, 340, '278', 2, 14000000, 440, 47, 0, 0),
       (54718, 340, '279', 1, 13000000, 520, 47, 0, 0),
       (54719, 340, '280', 2, 12000000, 430, 47, 0, 0),
       (54720, 340, '281', 3, 12000000, 310, 47, 0, 0),
       (54721, 340, '282', 1, 6000000, 500, 47, 0, 0),
       (54722, 340, '283', 3, 3000000, 400, 48, 0, 0),
       (54723, 340, '284', 1, 7000000, 580, 48, 0, 0),
       (54724, 340, '285', 3, 8000000, 480, 48, 0, 0),
       (54725, 340, '286', 1, 3000000, 700, 48, 0, 0),
       (54726, 340, '287', 3, 10000000, 270, 48, 0, 0),
       (54727, 340, '288', 1, 13000000, 250, 48, 0, 0),
       (54728, 340, '289', 1, 14000000, 490, 49, 0, 0),
       (54729, 340, '290', 1, 14000000, 750, 49, 0, 0),
       (54730, 340, '291', 1, 12000000, 670, 49, 0, 0),
       (54731, 340, '292', 2, 15000000, 630, 49, 0, 0),
       (54732, 340, '293', 2, 15000000, 540, 49, 0, 0),
       (54733, 340, '294', 2, 10000000, 740, 49, 0, 0),
       (54734, 340, '295', 1, 8000000, 400, 50, 0, 0),
       (54735, 340, '296', 3, 13000000, 700, 50, 0, 0),
       (54736, 340, '297', 1, 8000000, 600, 50, 0, 0),
       (54737, 340, '298', 1, 6000000, 210, 50, 0, 0),
       (54738, 340, '299', 3, 13000000, 740, 50, 0, 0),
       (54739, 340, '300', 3, 15000000, 320, 50, 0, 0);
insert into real_estate_building (id, address, complex_id, floor_count, dev_id)
values (341, 'г. Москва, ул. Краснокаменская, д. 37', 16, 44, 16);
insert into real_estate_object (id, building_id ,local_address, places, price, area, floor, type, estate_type)
values (54740, 341, '1', 3, 7000000, 390, 1, 0, 0),
       (54741, 341, '2', 3, 8000000, 350, 1, 0, 0),
       (54742, 341, '3', 3, 8000000, 220, 1, 0, 0),
       (54743, 341, '4', 3, 3000000, 480, 1, 0, 0),
       (54744, 341, '5', 3, 11000000, 790, 1, 0, 0),
       (54745, 341, '6', 3, 12000000, 600, 1, 0, 0),
       (54746, 341, '7', 3, 4000000, 340, 2, 0, 0),
       (54747, 341, '8', 2, 7000000, 620, 2, 0, 0),
       (54748, 341, '9', 3, 6000000, 530, 2, 0, 0),
       (54749, 341, '10', 3, 6000000, 630, 2, 0, 0),
       (54750, 341, '11', 1, 12000000, 390, 2, 0, 0),
       (54751, 341, '12', 3, 7000000, 340, 2, 0, 0),
       (54752, 341, '13', 2, 9000000, 390, 3, 0, 0),
       (54753, 341, '14', 3, 5000000, 640, 3, 0, 0),
       (54754, 341, '15', 2, 15000000, 530, 3, 0, 0),
       (54755, 341, '16', 2, 4000000, 280, 3, 0, 0),
       (54756, 341, '17', 1, 7000000, 260, 3, 0, 0),
       (54757, 341, '18', 3, 12000000, 470, 3, 0, 0),
       (54758, 341, '19', 2, 14000000, 650, 4, 0, 0),
       (54759, 341, '20', 2, 13000000, 380, 4, 0, 0),
       (54760, 341, '21', 3, 14000000, 540, 4, 0, 0),
       (54761, 341, '22', 3, 8000000, 590, 4, 0, 0),
       (54762, 341, '23', 1, 13000000, 470, 4, 0, 0),
       (54763, 341, '24', 2, 8000000, 690, 4, 0, 0),
       (54764, 341, '25', 1, 8000000, 230, 5, 0, 0),
       (54765, 341, '26', 2, 15000000, 480, 5, 0, 0),
       (54766, 341, '27', 3, 15000000, 190, 5, 0, 0),
       (54767, 341, '28', 1, 12000000, 230, 5, 0, 0),
       (54768, 341, '29', 2, 13000000, 640, 5, 0, 0),
       (54769, 341, '30', 1, 8000000, 630, 5, 0, 0),
       (54770, 341, '31', 1, 8000000, 360, 6, 0, 0),
       (54771, 341, '32', 3, 6000000, 310, 6, 0, 0),
       (54772, 341, '33', 2, 8000000, 490, 6, 0, 0),
       (54773, 341, '34', 3, 13000000, 220, 6, 0, 0),
       (54774, 341, '35', 3, 7000000, 640, 6, 0, 0),
       (54775, 341, '36', 3, 14000000, 310, 6, 0, 0),
       (54776, 341, '37', 2, 11000000, 460, 7, 0, 0),
       (54777, 341, '38', 3, 10000000, 680, 7, 0, 0),
       (54778, 341, '39', 2, 14000000, 650, 7, 0, 0),
       (54779, 341, '40', 3, 14000000, 310, 7, 0, 0),
       (54780, 341, '41', 2, 12000000, 480, 7, 0, 0),
       (54781, 341, '42', 1, 3000000, 570, 7, 0, 0),
       (54782, 341, '43', 2, 9000000, 200, 8, 0, 0),
       (54783, 341, '44', 3, 5000000, 320, 8, 0, 0),
       (54784, 341, '45', 3, 13000000, 680, 8, 0, 0),
       (54785, 341, '46', 2, 14000000, 760, 8, 0, 0),
       (54786, 341, '47', 3, 6000000, 780, 8, 0, 0),
       (54787, 341, '48', 3, 5000000, 420, 8, 0, 0),
       (54788, 341, '49', 3, 4000000, 230, 9, 0, 0),
       (54789, 341, '50', 1, 8000000, 240, 9, 0, 0),
       (54790, 341, '51', 3, 13000000, 630, 9, 0, 0),
       (54791, 341, '52', 3, 9000000, 650, 9, 0, 0),
       (54792, 341, '53', 3, 10000000, 630, 9, 0, 0),
       (54793, 341, '54', 3, 10000000, 200, 9, 0, 0),
       (54794, 341, '55', 1, 11000000, 740, 10, 0, 0),
       (54795, 341, '56', 3, 3000000, 670, 10, 0, 0),
       (54796, 341, '57', 1, 3000000, 790, 10, 0, 0),
       (54797, 341, '58', 2, 3000000, 700, 10, 0, 0),
       (54798, 341, '59', 1, 12000000, 440, 10, 0, 0),
       (54799, 341, '60', 2, 12000000, 200, 10, 0, 0),
       (54800, 341, '61', 3, 13000000, 490, 11, 0, 0),
       (54801, 341, '62', 3, 10000000, 620, 11, 0, 0),
       (54802, 341, '63', 3, 9000000, 200, 11, 0, 0),
       (54803, 341, '64', 1, 10000000, 770, 11, 0, 0),
       (54804, 341, '65', 2, 7000000, 580, 11, 0, 0),
       (54805, 341, '66', 1, 13000000, 220, 11, 0, 0),
       (54806, 341, '67', 1, 9000000, 310, 12, 0, 0),
       (54807, 341, '68', 3, 4000000, 610, 12, 0, 0),
       (54808, 341, '69', 3, 8000000, 220, 12, 0, 0),
       (54809, 341, '70', 3, 8000000, 370, 12, 0, 0),
       (54810, 341, '71', 2, 15000000, 320, 12, 0, 0),
       (54811, 341, '72', 1, 14000000, 380, 12, 0, 0),
       (54812, 341, '73', 2, 13000000, 650, 13, 0, 0),
       (54813, 341, '74', 2, 5000000, 580, 13, 0, 0),
       (54814, 341, '75', 3, 10000000, 740, 13, 0, 0),
       (54815, 341, '76', 3, 12000000, 430, 13, 0, 0),
       (54816, 341, '77', 3, 11000000, 800, 13, 0, 0),
       (54817, 341, '78', 2, 12000000, 510, 13, 0, 0),
       (54818, 341, '79', 1, 4000000, 560, 14, 0, 0),
       (54819, 341, '80', 3, 13000000, 440, 14, 0, 0),
       (54820, 341, '81', 1, 7000000, 380, 14, 0, 0),
       (54821, 341, '82', 2, 14000000, 520, 14, 0, 0),
       (54822, 341, '83', 3, 10000000, 400, 14, 0, 0),
       (54823, 341, '84', 3, 8000000, 320, 14, 0, 0),
       (54824, 341, '85', 3, 5000000, 750, 15, 0, 0),
       (54825, 341, '86', 3, 8000000, 290, 15, 0, 0),
       (54826, 341, '87', 2, 15000000, 300, 15, 0, 0),
       (54827, 341, '88', 2, 7000000, 430, 15, 0, 0),
       (54828, 341, '89', 1, 6000000, 740, 15, 0, 0),
       (54829, 341, '90', 3, 12000000, 400, 15, 0, 0),
       (54830, 341, '91', 2, 8000000, 690, 16, 0, 0),
       (54831, 341, '92', 2, 13000000, 640, 16, 0, 0),
       (54832, 341, '93', 2, 13000000, 310, 16, 0, 0),
       (54833, 341, '94', 2, 11000000, 750, 16, 0, 0),
       (54834, 341, '95', 1, 11000000, 690, 16, 0, 0),
       (54835, 341, '96', 3, 10000000, 700, 16, 0, 0),
       (54836, 341, '97', 1, 13000000, 680, 17, 0, 0),
       (54837, 341, '98', 2, 15000000, 640, 17, 0, 0),
       (54838, 341, '99', 2, 14000000, 770, 17, 0, 0),
       (54839, 341, '100', 3, 8000000, 570, 17, 0, 0),
       (54840, 341, '101', 2, 9000000, 490, 17, 0, 0),
       (54841, 341, '102', 1, 9000000, 220, 17, 0, 0),
       (54842, 341, '103', 3, 3000000, 650, 18, 0, 0),
       (54843, 341, '104', 1, 3000000, 310, 18, 0, 0),
       (54844, 341, '105', 2, 10000000, 460, 18, 0, 0),
       (54845, 341, '106', 2, 6000000, 670, 18, 0, 0),
       (54846, 341, '107', 3, 12000000, 520, 18, 0, 0),
       (54847, 341, '108', 3, 8000000, 600, 18, 0, 0),
       (54848, 341, '109', 1, 3000000, 790, 19, 0, 0),
       (54849, 341, '110', 3, 10000000, 730, 19, 0, 0),
       (54850, 341, '111', 2, 7000000, 780, 19, 0, 0),
       (54851, 341, '112', 3, 5000000, 680, 19, 0, 0),
       (54852, 341, '113', 1, 11000000, 780, 19, 0, 0),
       (54853, 341, '114', 1, 13000000, 280, 19, 0, 0),
       (54854, 341, '115', 1, 6000000, 320, 20, 0, 0),
       (54855, 341, '116', 1, 13000000, 320, 20, 0, 0),
       (54856, 341, '117', 1, 15000000, 660, 20, 0, 0),
       (54857, 341, '118', 3, 15000000, 470, 20, 0, 0),
       (54858, 341, '119', 1, 12000000, 400, 20, 0, 0),
       (54859, 341, '120', 1, 12000000, 230, 20, 0, 0),
       (54860, 341, '121', 3, 8000000, 420, 21, 0, 0),
       (54861, 341, '122', 3, 11000000, 740, 21, 0, 0),
       (54862, 341, '123', 2, 9000000, 430, 21, 0, 0),
       (54863, 341, '124', 2, 9000000, 730, 21, 0, 0),
       (54864, 341, '125', 2, 15000000, 510, 21, 0, 0),
       (54865, 341, '126', 3, 4000000, 350, 21, 0, 0),
       (54866, 341, '127', 3, 15000000, 790, 22, 0, 0),
       (54867, 341, '128', 1, 6000000, 240, 22, 0, 0),
       (54868, 341, '129', 1, 11000000, 680, 22, 0, 0),
       (54869, 341, '130', 2, 8000000, 230, 22, 0, 0),
       (54870, 341, '131', 3, 11000000, 190, 22, 0, 0),
       (54871, 341, '132', 1, 13000000, 700, 22, 0, 0),
       (54872, 341, '133', 3, 13000000, 720, 23, 0, 0),
       (54873, 341, '134', 2, 10000000, 490, 23, 0, 0),
       (54874, 341, '135', 2, 5000000, 270, 23, 0, 0),
       (54875, 341, '136', 2, 8000000, 190, 23, 0, 0),
       (54876, 341, '137', 2, 13000000, 520, 23, 0, 0),
       (54877, 341, '138', 3, 3000000, 540, 23, 0, 0),
       (54878, 341, '139', 3, 10000000, 620, 24, 0, 0),
       (54879, 341, '140', 1, 14000000, 780, 24, 0, 0),
       (54880, 341, '141', 2, 13000000, 190, 24, 0, 0),
       (54881, 341, '142', 3, 12000000, 370, 24, 0, 0),
       (54882, 341, '143', 3, 8000000, 310, 24, 0, 0),
       (54883, 341, '144', 2, 12000000, 480, 24, 0, 0),
       (54884, 341, '145', 2, 8000000, 220, 25, 0, 0),
       (54885, 341, '146', 3, 12000000, 450, 25, 0, 0),
       (54886, 341, '147', 1, 8000000, 230, 25, 0, 0),
       (54887, 341, '148', 2, 12000000, 710, 25, 0, 0),
       (54888, 341, '149', 1, 7000000, 320, 25, 0, 0),
       (54889, 341, '150', 3, 13000000, 580, 25, 0, 0),
       (54890, 341, '151', 3, 6000000, 710, 26, 0, 0),
       (54891, 341, '152', 3, 9000000, 530, 26, 0, 0),
       (54892, 341, '153', 3, 6000000, 520, 26, 0, 0),
       (54893, 341, '154', 3, 10000000, 790, 26, 0, 0),
       (54894, 341, '155', 2, 10000000, 290, 26, 0, 0),
       (54895, 341, '156', 2, 6000000, 480, 26, 0, 0),
       (54896, 341, '157', 3, 12000000, 640, 27, 0, 0),
       (54897, 341, '158', 1, 14000000, 280, 27, 0, 0),
       (54898, 341, '159', 1, 8000000, 340, 27, 0, 0),
       (54899, 341, '160', 3, 4000000, 660, 27, 0, 0),
       (54900, 341, '161', 3, 5000000, 670, 27, 0, 0),
       (54901, 341, '162', 3, 6000000, 460, 27, 0, 0),
       (54902, 341, '163', 3, 13000000, 510, 28, 0, 0),
       (54903, 341, '164', 1, 4000000, 250, 28, 0, 0),
       (54904, 341, '165', 1, 15000000, 660, 28, 0, 0),
       (54905, 341, '166', 2, 12000000, 380, 28, 0, 0),
       (54906, 341, '167', 3, 6000000, 190, 28, 0, 0),
       (54907, 341, '168', 3, 10000000, 660, 28, 0, 0),
       (54908, 341, '169', 3, 3000000, 550, 29, 0, 0),
       (54909, 341, '170', 1, 7000000, 580, 29, 0, 0),
       (54910, 341, '171', 3, 13000000, 210, 29, 0, 0),
       (54911, 341, '172', 2, 6000000, 710, 29, 0, 0),
       (54912, 341, '173', 3, 4000000, 440, 29, 0, 0),
       (54913, 341, '174', 1, 10000000, 780, 29, 0, 0),
       (54914, 341, '175', 2, 6000000, 670, 30, 0, 0),
       (54915, 341, '176', 3, 12000000, 350, 30, 0, 0),
       (54916, 341, '177', 2, 14000000, 520, 30, 0, 0),
       (54917, 341, '178', 2, 13000000, 750, 30, 0, 0),
       (54918, 341, '179', 2, 5000000, 800, 30, 0, 0),
       (54919, 341, '180', 1, 7000000, 380, 30, 0, 0),
       (54920, 341, '181', 2, 14000000, 760, 31, 0, 0),
       (54921, 341, '182', 1, 10000000, 260, 31, 0, 0),
       (54922, 341, '183', 3, 8000000, 780, 31, 0, 0),
       (54923, 341, '184', 1, 3000000, 520, 31, 0, 0),
       (54924, 341, '185', 2, 13000000, 480, 31, 0, 0),
       (54925, 341, '186', 1, 10000000, 310, 31, 0, 0),
       (54926, 341, '187', 3, 9000000, 360, 32, 0, 0),
       (54927, 341, '188', 2, 7000000, 770, 32, 0, 0),
       (54928, 341, '189', 3, 3000000, 570, 32, 0, 0),
       (54929, 341, '190', 3, 11000000, 280, 32, 0, 0),
       (54930, 341, '191', 3, 6000000, 460, 32, 0, 0),
       (54931, 341, '192', 2, 7000000, 440, 32, 0, 0),
       (54932, 341, '193', 1, 13000000, 550, 33, 0, 0),
       (54933, 341, '194', 1, 3000000, 420, 33, 0, 0),
       (54934, 341, '195', 1, 12000000, 590, 33, 0, 0),
       (54935, 341, '196', 1, 8000000, 270, 33, 0, 0),
       (54936, 341, '197', 1, 8000000, 740, 33, 0, 0),
       (54937, 341, '198', 2, 9000000, 340, 33, 0, 0),
       (54938, 341, '199', 1, 7000000, 310, 34, 0, 0),
       (54939, 341, '200', 3, 11000000, 240, 34, 0, 0),
       (54940, 341, '201', 3, 15000000, 380, 34, 0, 0),
       (54941, 341, '202', 2, 12000000, 390, 34, 0, 0),
       (54942, 341, '203', 1, 10000000, 290, 34, 0, 0),
       (54943, 341, '204', 3, 12000000, 570, 34, 0, 0),
       (54944, 341, '205', 2, 13000000, 320, 35, 0, 0),
       (54945, 341, '206', 3, 10000000, 610, 35, 0, 0),
       (54946, 341, '207', 1, 10000000, 730, 35, 0, 0),
       (54947, 341, '208', 1, 15000000, 560, 35, 0, 0),
       (54948, 341, '209', 3, 3000000, 180, 35, 0, 0),
       (54949, 341, '210', 1, 13000000, 800, 35, 0, 0),
       (54950, 341, '211', 1, 12000000, 350, 36, 0, 0),
       (54951, 341, '212', 3, 4000000, 210, 36, 0, 0),
       (54952, 341, '213', 2, 4000000, 640, 36, 0, 0),
       (54953, 341, '214', 2, 14000000, 550, 36, 0, 0),
       (54954, 341, '215', 3, 8000000, 530, 36, 0, 0),
       (54955, 341, '216', 3, 15000000, 430, 36, 0, 0),
       (54956, 341, '217', 2, 3000000, 680, 37, 0, 0),
       (54957, 341, '218', 3, 10000000, 620, 37, 0, 0),
       (54958, 341, '219', 2, 12000000, 800, 37, 0, 0),
       (54959, 341, '220', 2, 8000000, 300, 37, 0, 0),
       (54960, 341, '221', 3, 4000000, 400, 37, 0, 0),
       (54961, 341, '222', 1, 9000000, 670, 37, 0, 0),
       (54962, 341, '223', 3, 6000000, 180, 38, 0, 0),
       (54963, 341, '224', 2, 9000000, 280, 38, 0, 0),
       (54964, 341, '225', 3, 4000000, 560, 38, 0, 0),
       (54965, 341, '226', 3, 9000000, 630, 38, 0, 0),
       (54966, 341, '227', 3, 6000000, 740, 38, 0, 0),
       (54967, 341, '228', 1, 4000000, 680, 38, 0, 0),
       (54968, 341, '229', 1, 14000000, 520, 39, 0, 0),
       (54969, 341, '230', 2, 13000000, 240, 39, 0, 0),
       (54970, 341, '231', 3, 5000000, 490, 39, 0, 0),
       (54971, 341, '232', 3, 9000000, 240, 39, 0, 0),
       (54972, 341, '233', 2, 8000000, 470, 39, 0, 0),
       (54973, 341, '234', 2, 10000000, 430, 39, 0, 0),
       (54974, 341, '235', 2, 4000000, 570, 40, 0, 0),
       (54975, 341, '236', 3, 8000000, 620, 40, 0, 0),
       (54976, 341, '237', 2, 4000000, 320, 40, 0, 0),
       (54977, 341, '238', 3, 14000000, 180, 40, 0, 0),
       (54978, 341, '239', 3, 13000000, 190, 40, 0, 0),
       (54979, 341, '240', 1, 15000000, 680, 40, 0, 0),
       (54980, 341, '241', 2, 4000000, 770, 41, 0, 0),
       (54981, 341, '242', 1, 4000000, 750, 41, 0, 0),
       (54982, 341, '243', 2, 7000000, 710, 41, 0, 0),
       (54983, 341, '244', 1, 12000000, 480, 41, 0, 0),
       (54984, 341, '245', 1, 3000000, 460, 41, 0, 0),
       (54985, 341, '246', 2, 5000000, 680, 41, 0, 0),
       (54986, 341, '247', 2, 14000000, 640, 42, 0, 0),
       (54987, 341, '248', 1, 6000000, 290, 42, 0, 0),
       (54988, 341, '249', 3, 8000000, 580, 42, 0, 0),
       (54989, 341, '250', 2, 12000000, 330, 42, 0, 0),
       (54990, 341, '251', 1, 6000000, 730, 42, 0, 0),
       (54991, 341, '252', 1, 3000000, 650, 42, 0, 0),
       (54992, 341, '253', 2, 7000000, 520, 43, 0, 0),
       (54993, 341, '254', 2, 9000000, 560, 43, 0, 0),
       (54994, 341, '255', 2, 4000000, 390, 43, 0, 0),
       (54995, 341, '256', 2, 8000000, 620, 43, 0, 0),
       (54996, 341, '257', 1, 9000000, 300, 43, 0, 0),
       (54997, 341, '258', 2, 6000000, 190, 43, 0, 0),
       (54998, 341, '259', 3, 6000000, 730, 44, 0, 0),
       (54999, 341, '260', 1, 7000000, 250, 44, 0, 0),
       (55000, 341, '261', 3, 7000000, 490, 44, 0, 0),
       (55001, 341, '262', 1, 13000000, 770, 44, 0, 0),
       (55002, 341, '263', 1, 3000000, 670, 44, 0, 0),
       (55003, 341, '264', 1, 7000000, 750, 44, 0, 0);
insert into real_estate_building (id, address, complex_id, floor_count, dev_id)
values (342, 'г. Москва, ул. Краснокаменская, д. 38', 16, 47, 16);
insert into real_estate_object (id, building_id ,local_address, places, price, area, floor, type, estate_type)
values (55004, 342, '1', 1, 5000000, 620, 1, 0, 0),
       (55005, 342, '2', 1, 8000000, 480, 1, 0, 0),
       (55006, 342, '3', 2, 9000000, 410, 1, 0, 0),
       (55007, 342, '4', 2, 4000000, 240, 1, 0, 0),
       (55008, 342, '5', 1, 13000000, 760, 1, 0, 0),
       (55009, 342, '6', 1, 7000000, 700, 1, 0, 0),
       (55010, 342, '7', 1, 15000000, 220, 2, 0, 0),
       (55011, 342, '8', 1, 11000000, 700, 2, 0, 0),
       (55012, 342, '9', 2, 11000000, 720, 2, 0, 0),
       (55013, 342, '10', 1, 12000000, 420, 2, 0, 0),
       (55014, 342, '11', 3, 12000000, 420, 2, 0, 0),
       (55015, 342, '12', 3, 12000000, 600, 2, 0, 0),
       (55016, 342, '13', 3, 15000000, 580, 3, 0, 0),
       (55017, 342, '14', 1, 9000000, 340, 3, 0, 0),
       (55018, 342, '15', 3, 13000000, 800, 3, 0, 0),
       (55019, 342, '16', 1, 4000000, 380, 3, 0, 0),
       (55020, 342, '17', 2, 10000000, 400, 3, 0, 0),
       (55021, 342, '18', 1, 15000000, 480, 3, 0, 0),
       (55022, 342, '19', 1, 8000000, 440, 4, 0, 0),
       (55023, 342, '20', 3, 3000000, 590, 4, 0, 0),
       (55024, 342, '21', 3, 13000000, 800, 4, 0, 0),
       (55025, 342, '22', 2, 15000000, 270, 4, 0, 0),
       (55026, 342, '23', 1, 11000000, 440, 4, 0, 0),
       (55027, 342, '24', 1, 5000000, 620, 4, 0, 0),
       (55028, 342, '25', 2, 10000000, 480, 5, 0, 0),
       (55029, 342, '26', 3, 11000000, 520, 5, 0, 0),
       (55030, 342, '27', 2, 10000000, 290, 5, 0, 0),
       (55031, 342, '28', 2, 5000000, 410, 5, 0, 0),
       (55032, 342, '29', 1, 3000000, 750, 5, 0, 0),
       (55033, 342, '30', 3, 7000000, 630, 5, 0, 0),
       (55034, 342, '31', 2, 7000000, 220, 6, 0, 0),
       (55035, 342, '32', 3, 9000000, 490, 6, 0, 0),
       (55036, 342, '33', 3, 15000000, 590, 6, 0, 0),
       (55037, 342, '34', 3, 9000000, 310, 6, 0, 0),
       (55038, 342, '35', 3, 11000000, 570, 6, 0, 0),
       (55039, 342, '36', 1, 13000000, 400, 6, 0, 0),
       (55040, 342, '37', 1, 11000000, 720, 7, 0, 0),
       (55041, 342, '38', 2, 8000000, 490, 7, 0, 0),
       (55042, 342, '39', 2, 13000000, 350, 7, 0, 0),
       (55043, 342, '40', 1, 8000000, 460, 7, 0, 0),
       (55044, 342, '41', 3, 3000000, 330, 7, 0, 0),
       (55045, 342, '42', 1, 7000000, 690, 7, 0, 0),
       (55046, 342, '43', 1, 10000000, 400, 8, 0, 0),
       (55047, 342, '44', 3, 10000000, 400, 8, 0, 0),
       (55048, 342, '45', 3, 4000000, 430, 8, 0, 0),
       (55049, 342, '46', 1, 4000000, 410, 8, 0, 0),
       (55050, 342, '47', 1, 13000000, 720, 8, 0, 0),
       (55051, 342, '48', 1, 8000000, 690, 8, 0, 0),
       (55052, 342, '49', 3, 14000000, 270, 9, 0, 0),
       (55053, 342, '50', 2, 5000000, 480, 9, 0, 0),
       (55054, 342, '51', 1, 14000000, 680, 9, 0, 0),
       (55055, 342, '52', 3, 7000000, 320, 9, 0, 0),
       (55056, 342, '53', 2, 7000000, 710, 9, 0, 0),
       (55057, 342, '54', 1, 8000000, 660, 9, 0, 0),
       (55058, 342, '55', 3, 4000000, 340, 10, 0, 0),
       (55059, 342, '56', 1, 4000000, 780, 10, 0, 0),
       (55060, 342, '57', 3, 3000000, 360, 10, 0, 0),
       (55061, 342, '58', 1, 8000000, 520, 10, 0, 0),
       (55062, 342, '59', 2, 6000000, 630, 10, 0, 0),
       (55063, 342, '60', 1, 11000000, 390, 10, 0, 0),
       (55064, 342, '61', 3, 11000000, 320, 11, 0, 0),
       (55065, 342, '62', 1, 8000000, 440, 11, 0, 0),
       (55066, 342, '63', 3, 14000000, 550, 11, 0, 0),
       (55067, 342, '64', 1, 13000000, 380, 11, 0, 0),
       (55068, 342, '65', 2, 15000000, 300, 11, 0, 0),
       (55069, 342, '66', 3, 3000000, 690, 11, 0, 0),
       (55070, 342, '67', 2, 8000000, 280, 12, 0, 0),
       (55071, 342, '68', 3, 8000000, 670, 12, 0, 0),
       (55072, 342, '69', 2, 6000000, 270, 12, 0, 0),
       (55073, 342, '70', 1, 10000000, 800, 12, 0, 0),
       (55074, 342, '71', 3, 4000000, 600, 12, 0, 0),
       (55075, 342, '72', 3, 9000000, 710, 12, 0, 0),
       (55076, 342, '73', 3, 9000000, 360, 13, 0, 0),
       (55077, 342, '74', 3, 12000000, 470, 13, 0, 0),
       (55078, 342, '75', 3, 9000000, 640, 13, 0, 0),
       (55079, 342, '76', 2, 6000000, 780, 13, 0, 0),
       (55080, 342, '77', 1, 8000000, 690, 13, 0, 0),
       (55081, 342, '78', 1, 6000000, 800, 13, 0, 0),
       (55082, 342, '79', 3, 9000000, 310, 14, 0, 0),
       (55083, 342, '80', 3, 11000000, 560, 14, 0, 0),
       (55084, 342, '81', 1, 12000000, 360, 14, 0, 0),
       (55085, 342, '82', 1, 9000000, 540, 14, 0, 0),
       (55086, 342, '83', 1, 11000000, 470, 14, 0, 0),
       (55087, 342, '84', 3, 14000000, 690, 14, 0, 0),
       (55088, 342, '85', 3, 5000000, 660, 15, 0, 0),
       (55089, 342, '86', 3, 8000000, 480, 15, 0, 0),
       (55090, 342, '87', 1, 15000000, 460, 15, 0, 0),
       (55091, 342, '88', 1, 5000000, 640, 15, 0, 0),
       (55092, 342, '89', 1, 13000000, 230, 15, 0, 0),
       (55093, 342, '90', 3, 4000000, 210, 15, 0, 0),
       (55094, 342, '91', 2, 10000000, 530, 16, 0, 0),
       (55095, 342, '92', 2, 14000000, 690, 16, 0, 0),
       (55096, 342, '93', 3, 7000000, 610, 16, 0, 0),
       (55097, 342, '94', 1, 3000000, 270, 16, 0, 0),
       (55098, 342, '95', 1, 14000000, 690, 16, 0, 0),
       (55099, 342, '96', 2, 11000000, 450, 16, 0, 0),
       (55100, 342, '97', 2, 6000000, 390, 17, 0, 0),
       (55101, 342, '98', 2, 8000000, 780, 17, 0, 0),
       (55102, 342, '99', 3, 10000000, 220, 17, 0, 0),
       (55103, 342, '100', 3, 3000000, 180, 17, 0, 0),
       (55104, 342, '101', 3, 3000000, 670, 17, 0, 0),
       (55105, 342, '102', 2, 5000000, 290, 17, 0, 0),
       (55106, 342, '103', 3, 10000000, 540, 18, 0, 0),
       (55107, 342, '104', 3, 8000000, 300, 18, 0, 0),
       (55108, 342, '105', 1, 5000000, 800, 18, 0, 0),
       (55109, 342, '106', 2, 9000000, 180, 18, 0, 0),
       (55110, 342, '107', 3, 8000000, 620, 18, 0, 0),
       (55111, 342, '108', 1, 15000000, 650, 18, 0, 0),
       (55112, 342, '109', 2, 3000000, 410, 19, 0, 0),
       (55113, 342, '110', 1, 7000000, 630, 19, 0, 0),
       (55114, 342, '111', 1, 5000000, 190, 19, 0, 0),
       (55115, 342, '112', 1, 11000000, 220, 19, 0, 0),
       (55116, 342, '113', 2, 3000000, 260, 19, 0, 0),
       (55117, 342, '114', 2, 7000000, 410, 19, 0, 0),
       (55118, 342, '115', 1, 14000000, 780, 20, 0, 0),
       (55119, 342, '116', 1, 3000000, 370, 20, 0, 0),
       (55120, 342, '117', 2, 7000000, 230, 20, 0, 0),
       (55121, 342, '118', 1, 13000000, 200, 20, 0, 0),
       (55122, 342, '119', 2, 12000000, 720, 20, 0, 0),
       (55123, 342, '120', 2, 9000000, 690, 20, 0, 0),
       (55124, 342, '121', 1, 4000000, 240, 21, 0, 0),
       (55125, 342, '122', 3, 6000000, 260, 21, 0, 0),
       (55126, 342, '123', 3, 12000000, 700, 21, 0, 0),
       (55127, 342, '124', 3, 15000000, 340, 21, 0, 0),
       (55128, 342, '125', 3, 15000000, 360, 21, 0, 0),
       (55129, 342, '126', 3, 3000000, 570, 21, 0, 0),
       (55130, 342, '127', 1, 7000000, 360, 22, 0, 0),
       (55131, 342, '128', 3, 7000000, 700, 22, 0, 0),
       (55132, 342, '129', 2, 12000000, 570, 22, 0, 0),
       (55133, 342, '130', 1, 12000000, 650, 22, 0, 0),
       (55134, 342, '131', 2, 11000000, 350, 22, 0, 0),
       (55135, 342, '132', 1, 3000000, 260, 22, 0, 0),
       (55136, 342, '133', 3, 7000000, 370, 23, 0, 0),
       (55137, 342, '134', 2, 5000000, 680, 23, 0, 0),
       (55138, 342, '135', 3, 5000000, 240, 23, 0, 0),
       (55139, 342, '136', 3, 7000000, 690, 23, 0, 0),
       (55140, 342, '137', 3, 12000000, 540, 23, 0, 0),
       (55141, 342, '138', 2, 4000000, 790, 23, 0, 0),
       (55142, 342, '139', 2, 14000000, 440, 24, 0, 0),
       (55143, 342, '140', 3, 4000000, 330, 24, 0, 0),
       (55144, 342, '141', 1, 10000000, 180, 24, 0, 0),
       (55145, 342, '142', 2, 11000000, 550, 24, 0, 0),
       (55146, 342, '143', 2, 3000000, 260, 24, 0, 0),
       (55147, 342, '144', 3, 8000000, 290, 24, 0, 0),
       (55148, 342, '145', 3, 12000000, 460, 25, 0, 0),
       (55149, 342, '146', 2, 11000000, 530, 25, 0, 0),
       (55150, 342, '147', 3, 12000000, 530, 25, 0, 0),
       (55151, 342, '148', 1, 8000000, 230, 25, 0, 0),
       (55152, 342, '149', 3, 11000000, 720, 25, 0, 0),
       (55153, 342, '150', 1, 14000000, 650, 25, 0, 0),
       (55154, 342, '151', 2, 13000000, 630, 26, 0, 0),
       (55155, 342, '152', 1, 6000000, 670, 26, 0, 0),
       (55156, 342, '153', 2, 4000000, 340, 26, 0, 0),
       (55157, 342, '154', 3, 12000000, 550, 26, 0, 0),
       (55158, 342, '155', 2, 6000000, 440, 26, 0, 0),
       (55159, 342, '156', 2, 13000000, 500, 26, 0, 0),
       (55160, 342, '157', 2, 8000000, 280, 27, 0, 0),
       (55161, 342, '158', 3, 13000000, 420, 27, 0, 0),
       (55162, 342, '159', 3, 15000000, 650, 27, 0, 0),
       (55163, 342, '160', 1, 3000000, 510, 27, 0, 0),
       (55164, 342, '161', 2, 11000000, 650, 27, 0, 0),
       (55165, 342, '162', 2, 6000000, 370, 27, 0, 0),
       (55166, 342, '163', 2, 10000000, 350, 28, 0, 0),
       (55167, 342, '164', 2, 8000000, 180, 28, 0, 0),
       (55168, 342, '165', 1, 6000000, 750, 28, 0, 0),
       (55169, 342, '166', 1, 3000000, 620, 28, 0, 0),
       (55170, 342, '167', 1, 6000000, 780, 28, 0, 0),
       (55171, 342, '168', 2, 6000000, 590, 28, 0, 0),
       (55172, 342, '169', 1, 5000000, 710, 29, 0, 0),
       (55173, 342, '170', 2, 15000000, 650, 29, 0, 0),
       (55174, 342, '171', 3, 15000000, 340, 29, 0, 0),
       (55175, 342, '172', 2, 8000000, 580, 29, 0, 0),
       (55176, 342, '173', 3, 14000000, 500, 29, 0, 0),
       (55177, 342, '174', 2, 3000000, 190, 29, 0, 0),
       (55178, 342, '175', 2, 6000000, 400, 30, 0, 0),
       (55179, 342, '176', 2, 14000000, 730, 30, 0, 0),
       (55180, 342, '177', 3, 3000000, 310, 30, 0, 0),
       (55181, 342, '178', 1, 11000000, 280, 30, 0, 0),
       (55182, 342, '179', 3, 4000000, 250, 30, 0, 0),
       (55183, 342, '180', 1, 13000000, 510, 30, 0, 0),
       (55184, 342, '181', 1, 4000000, 390, 31, 0, 0),
       (55185, 342, '182', 2, 8000000, 240, 31, 0, 0),
       (55186, 342, '183', 3, 6000000, 490, 31, 0, 0),
       (55187, 342, '184', 1, 14000000, 780, 31, 0, 0),
       (55188, 342, '185', 3, 10000000, 630, 31, 0, 0),
       (55189, 342, '186', 1, 6000000, 770, 31, 0, 0),
       (55190, 342, '187', 1, 9000000, 390, 32, 0, 0),
       (55191, 342, '188', 3, 12000000, 260, 32, 0, 0),
       (55192, 342, '189', 3, 13000000, 410, 32, 0, 0),
       (55193, 342, '190', 2, 10000000, 650, 32, 0, 0),
       (55194, 342, '191', 1, 4000000, 720, 32, 0, 0),
       (55195, 342, '192', 3, 11000000, 440, 32, 0, 0),
       (55196, 342, '193', 2, 13000000, 770, 33, 0, 0),
       (55197, 342, '194', 3, 6000000, 690, 33, 0, 0),
       (55198, 342, '195', 1, 12000000, 800, 33, 0, 0),
       (55199, 342, '196', 1, 8000000, 190, 33, 0, 0),
       (55200, 342, '197', 3, 10000000, 340, 33, 0, 0),
       (55201, 342, '198', 3, 4000000, 600, 33, 0, 0),
       (55202, 342, '199', 1, 10000000, 530, 34, 0, 0),
       (55203, 342, '200', 2, 6000000, 470, 34, 0, 0),
       (55204, 342, '201', 1, 9000000, 430, 34, 0, 0),
       (55205, 342, '202', 2, 6000000, 730, 34, 0, 0),
       (55206, 342, '203', 1, 11000000, 640, 34, 0, 0),
       (55207, 342, '204', 3, 6000000, 330, 34, 0, 0),
       (55208, 342, '205', 1, 8000000, 650, 35, 0, 0),
       (55209, 342, '206', 1, 6000000, 560, 35, 0, 0),
       (55210, 342, '207', 2, 7000000, 720, 35, 0, 0),
       (55211, 342, '208', 3, 8000000, 560, 35, 0, 0),
       (55212, 342, '209', 2, 11000000, 320, 35, 0, 0),
       (55213, 342, '210', 2, 14000000, 800, 35, 0, 0),
       (55214, 342, '211', 1, 7000000, 460, 36, 0, 0),
       (55215, 342, '212', 1, 12000000, 800, 36, 0, 0),
       (55216, 342, '213', 1, 13000000, 380, 36, 0, 0),
       (55217, 342, '214', 2, 5000000, 270, 36, 0, 0),
       (55218, 342, '215', 2, 11000000, 280, 36, 0, 0),
       (55219, 342, '216', 1, 9000000, 270, 36, 0, 0),
       (55220, 342, '217', 3, 9000000, 320, 37, 0, 0),
       (55221, 342, '218', 3, 8000000, 620, 37, 0, 0),
       (55222, 342, '219', 3, 3000000, 740, 37, 0, 0),
       (55223, 342, '220', 3, 15000000, 680, 37, 0, 0),
       (55224, 342, '221', 2, 7000000, 470, 37, 0, 0),
       (55225, 342, '222', 3, 6000000, 440, 37, 0, 0),
       (55226, 342, '223', 3, 6000000, 560, 38, 0, 0),
       (55227, 342, '224', 1, 12000000, 240, 38, 0, 0),
       (55228, 342, '225', 1, 5000000, 480, 38, 0, 0),
       (55229, 342, '226', 2, 14000000, 760, 38, 0, 0),
       (55230, 342, '227', 3, 15000000, 390, 38, 0, 0),
       (55231, 342, '228', 1, 14000000, 450, 38, 0, 0),
       (55232, 342, '229', 3, 7000000, 750, 39, 0, 0),
       (55233, 342, '230', 3, 3000000, 190, 39, 0, 0),
       (55234, 342, '231', 1, 3000000, 350, 39, 0, 0),
       (55235, 342, '232', 3, 10000000, 270, 39, 0, 0),
       (55236, 342, '233', 3, 6000000, 340, 39, 0, 0),
       (55237, 342, '234', 3, 13000000, 720, 39, 0, 0),
       (55238, 342, '235', 3, 15000000, 570, 40, 0, 0),
       (55239, 342, '236', 3, 11000000, 280, 40, 0, 0),
       (55240, 342, '237', 1, 13000000, 620, 40, 0, 0),
       (55241, 342, '238', 3, 15000000, 640, 40, 0, 0),
       (55242, 342, '239', 1, 6000000, 230, 40, 0, 0),
       (55243, 342, '240', 2, 8000000, 660, 40, 0, 0),
       (55244, 342, '241', 2, 6000000, 510, 41, 0, 0),
       (55245, 342, '242', 3, 6000000, 320, 41, 0, 0),
       (55246, 342, '243', 3, 9000000, 540, 41, 0, 0),
       (55247, 342, '244', 3, 14000000, 770, 41, 0, 0),
       (55248, 342, '245', 1, 15000000, 680, 41, 0, 0),
       (55249, 342, '246', 1, 7000000, 790, 41, 0, 0),
       (55250, 342, '247', 3, 8000000, 530, 42, 0, 0),
       (55251, 342, '248', 1, 8000000, 210, 42, 0, 0),
       (55252, 342, '249', 1, 7000000, 490, 42, 0, 0),
       (55253, 342, '250', 2, 4000000, 470, 42, 0, 0),
       (55254, 342, '251', 2, 12000000, 270, 42, 0, 0),
       (55255, 342, '252', 3, 14000000, 310, 42, 0, 0),
       (55256, 342, '253', 2, 5000000, 410, 43, 0, 0),
       (55257, 342, '254', 1, 3000000, 510, 43, 0, 0),
       (55258, 342, '255', 3, 11000000, 350, 43, 0, 0),
       (55259, 342, '256', 3, 6000000, 420, 43, 0, 0),
       (55260, 342, '257', 2, 8000000, 320, 43, 0, 0),
       (55261, 342, '258', 3, 5000000, 520, 43, 0, 0),
       (55262, 342, '259', 3, 4000000, 700, 44, 0, 0),
       (55263, 342, '260', 1, 6000000, 440, 44, 0, 0),
       (55264, 342, '261', 1, 6000000, 750, 44, 0, 0),
       (55265, 342, '262', 2, 13000000, 430, 44, 0, 0),
       (55266, 342, '263', 2, 9000000, 610, 44, 0, 0),
       (55267, 342, '264', 3, 11000000, 210, 44, 0, 0),
       (55268, 342, '265', 2, 3000000, 460, 45, 0, 0),
       (55269, 342, '266', 1, 13000000, 400, 45, 0, 0),
       (55270, 342, '267', 1, 10000000, 640, 45, 0, 0),
       (55271, 342, '268', 2, 11000000, 410, 45, 0, 0),
       (55272, 342, '269', 1, 5000000, 590, 45, 0, 0),
       (55273, 342, '270', 2, 11000000, 590, 45, 0, 0),
       (55274, 342, '271', 3, 8000000, 380, 46, 0, 0),
       (55275, 342, '272', 1, 8000000, 610, 46, 0, 0),
       (55276, 342, '273', 2, 7000000, 380, 46, 0, 0),
       (55277, 342, '274', 3, 5000000, 320, 46, 0, 0),
       (55278, 342, '275', 2, 5000000, 220, 46, 0, 0),
       (55279, 342, '276', 3, 9000000, 300, 46, 0, 0),
       (55280, 342, '277', 3, 15000000, 400, 47, 0, 0),
       (55281, 342, '278', 1, 12000000, 490, 47, 0, 0),
       (55282, 342, '279', 2, 12000000, 430, 47, 0, 0),
       (55283, 342, '280', 3, 3000000, 480, 47, 0, 0),
       (55284, 342, '281', 3, 14000000, 410, 47, 0, 0),
       (55285, 342, '282', 2, 14000000, 180, 47, 0, 0);
insert into real_estate_building (id, address, complex_id, floor_count, dev_id)
values (343, 'г. Москва, ул. Краснокаменская, д. 39', 16, 45, 16);
insert into real_estate_object (id, building_id ,local_address, places, price, area, floor, type, estate_type)
values (55286, 343, '1', 1, 12000000, 630, 1, 0, 0),
       (55287, 343, '2', 2, 8000000, 340, 1, 0, 0),
       (55288, 343, '3', 2, 11000000, 730, 1, 0, 0),
       (55289, 343, '4', 3, 12000000, 420, 1, 0, 0),
       (55290, 343, '5', 1, 14000000, 270, 1, 0, 0),
       (55291, 343, '6', 1, 14000000, 320, 1, 0, 0),
       (55292, 343, '7', 2, 12000000, 520, 2, 0, 0),
       (55293, 343, '8', 3, 3000000, 390, 2, 0, 0),
       (55294, 343, '9', 3, 5000000, 720, 2, 0, 0),
       (55295, 343, '10', 3, 3000000, 260, 2, 0, 0),
       (55296, 343, '11', 2, 6000000, 420, 2, 0, 0),
       (55297, 343, '12', 1, 13000000, 690, 2, 0, 0),
       (55298, 343, '13', 1, 12000000, 200, 3, 0, 0),
       (55299, 343, '14', 3, 10000000, 290, 3, 0, 0),
       (55300, 343, '15', 1, 4000000, 370, 3, 0, 0),
       (55301, 343, '16', 3, 15000000, 620, 3, 0, 0),
       (55302, 343, '17', 3, 6000000, 320, 3, 0, 0),
       (55303, 343, '18', 1, 10000000, 230, 3, 0, 0),
       (55304, 343, '19', 3, 4000000, 450, 4, 0, 0),
       (55305, 343, '20', 3, 5000000, 290, 4, 0, 0),
       (55306, 343, '21', 2, 5000000, 460, 4, 0, 0),
       (55307, 343, '22', 1, 6000000, 400, 4, 0, 0),
       (55308, 343, '23', 2, 3000000, 450, 4, 0, 0),
       (55309, 343, '24', 1, 12000000, 480, 4, 0, 0),
       (55310, 343, '25', 2, 10000000, 480, 5, 0, 0),
       (55311, 343, '26', 3, 10000000, 790, 5, 0, 0),
       (55312, 343, '27', 1, 8000000, 210, 5, 0, 0),
       (55313, 343, '28', 3, 6000000, 360, 5, 0, 0),
       (55314, 343, '29', 3, 8000000, 500, 5, 0, 0),
       (55315, 343, '30', 1, 11000000, 570, 5, 0, 0),
       (55316, 343, '31', 2, 13000000, 360, 6, 0, 0),
       (55317, 343, '32', 1, 12000000, 690, 6, 0, 0),
       (55318, 343, '33', 2, 9000000, 400, 6, 0, 0),
       (55319, 343, '34', 3, 11000000, 460, 6, 0, 0),
       (55320, 343, '35', 3, 13000000, 180, 6, 0, 0),
       (55321, 343, '36', 2, 7000000, 490, 6, 0, 0),
       (55322, 343, '37', 2, 8000000, 560, 7, 0, 0),
       (55323, 343, '38', 2, 3000000, 650, 7, 0, 0),
       (55324, 343, '39', 3, 13000000, 770, 7, 0, 0),
       (55325, 343, '40', 2, 15000000, 220, 7, 0, 0),
       (55326, 343, '41', 3, 10000000, 190, 7, 0, 0),
       (55327, 343, '42', 1, 13000000, 250, 7, 0, 0),
       (55328, 343, '43', 1, 15000000, 530, 8, 0, 0),
       (55329, 343, '44', 1, 3000000, 530, 8, 0, 0),
       (55330, 343, '45', 3, 13000000, 750, 8, 0, 0),
       (55331, 343, '46', 3, 11000000, 350, 8, 0, 0),
       (55332, 343, '47', 2, 14000000, 410, 8, 0, 0),
       (55333, 343, '48', 2, 3000000, 450, 8, 0, 0),
       (55334, 343, '49', 3, 14000000, 620, 9, 0, 0),
       (55335, 343, '50', 1, 5000000, 450, 9, 0, 0),
       (55336, 343, '51', 2, 14000000, 620, 9, 0, 0),
       (55337, 343, '52', 2, 15000000, 320, 9, 0, 0),
       (55338, 343, '53', 1, 14000000, 230, 9, 0, 0),
       (55339, 343, '54', 3, 8000000, 590, 9, 0, 0),
       (55340, 343, '55', 2, 15000000, 760, 10, 0, 0),
       (55341, 343, '56', 3, 11000000, 650, 10, 0, 0),
       (55342, 343, '57', 1, 13000000, 240, 10, 0, 0),
       (55343, 343, '58', 1, 7000000, 510, 10, 0, 0),
       (55344, 343, '59', 3, 8000000, 570, 10, 0, 0),
       (55345, 343, '60', 3, 12000000, 210, 10, 0, 0),
       (55346, 343, '61', 1, 5000000, 750, 11, 0, 0),
       (55347, 343, '62', 2, 9000000, 740, 11, 0, 0),
       (55348, 343, '63', 2, 12000000, 510, 11, 0, 0),
       (55349, 343, '64', 1, 4000000, 380, 11, 0, 0),
       (55350, 343, '65', 2, 8000000, 180, 11, 0, 0),
       (55351, 343, '66', 1, 12000000, 340, 11, 0, 0),
       (55352, 343, '67', 3, 8000000, 630, 12, 0, 0),
       (55353, 343, '68', 3, 3000000, 680, 12, 0, 0),
       (55354, 343, '69', 2, 15000000, 330, 12, 0, 0),
       (55355, 343, '70', 2, 14000000, 400, 12, 0, 0),
       (55356, 343, '71', 1, 7000000, 450, 12, 0, 0),
       (55357, 343, '72', 2, 5000000, 240, 12, 0, 0),
       (55358, 343, '73', 2, 14000000, 740, 13, 0, 0),
       (55359, 343, '74', 2, 12000000, 760, 13, 0, 0),
       (55360, 343, '75', 1, 5000000, 730, 13, 0, 0),
       (55361, 343, '76', 2, 11000000, 520, 13, 0, 0),
       (55362, 343, '77', 2, 13000000, 410, 13, 0, 0),
       (55363, 343, '78', 1, 11000000, 260, 13, 0, 0),
       (55364, 343, '79', 2, 6000000, 310, 14, 0, 0),
       (55365, 343, '80', 3, 3000000, 410, 14, 0, 0),
       (55366, 343, '81', 2, 11000000, 700, 14, 0, 0),
       (55367, 343, '82', 3, 13000000, 270, 14, 0, 0),
       (55368, 343, '83', 3, 13000000, 470, 14, 0, 0),
       (55369, 343, '84', 2, 15000000, 470, 14, 0, 0),
       (55370, 343, '85', 1, 10000000, 300, 15, 0, 0),
       (55371, 343, '86', 3, 10000000, 680, 15, 0, 0),
       (55372, 343, '87', 2, 9000000, 630, 15, 0, 0),
       (55373, 343, '88', 3, 14000000, 720, 15, 0, 0),
       (55374, 343, '89', 2, 15000000, 360, 15, 0, 0),
       (55375, 343, '90', 1, 12000000, 270, 15, 0, 0),
       (55376, 343, '91', 1, 6000000, 690, 16, 0, 0),
       (55377, 343, '92', 2, 9000000, 180, 16, 0, 0),
       (55378, 343, '93', 3, 9000000, 330, 16, 0, 0),
       (55379, 343, '94', 2, 4000000, 480, 16, 0, 0),
       (55380, 343, '95', 3, 6000000, 360, 16, 0, 0),
       (55381, 343, '96', 1, 4000000, 240, 16, 0, 0),
       (55382, 343, '97', 1, 8000000, 270, 17, 0, 0),
       (55383, 343, '98', 2, 15000000, 280, 17, 0, 0),
       (55384, 343, '99', 1, 9000000, 490, 17, 0, 0),
       (55385, 343, '100', 3, 13000000, 400, 17, 0, 0),
       (55386, 343, '101', 1, 10000000, 440, 17, 0, 0),
       (55387, 343, '102', 1, 3000000, 400, 17, 0, 0),
       (55388, 343, '103', 1, 4000000, 780, 18, 0, 0),
       (55389, 343, '104', 3, 7000000, 340, 18, 0, 0),
       (55390, 343, '105', 3, 3000000, 620, 18, 0, 0),
       (55391, 343, '106', 3, 7000000, 380, 18, 0, 0),
       (55392, 343, '107', 2, 9000000, 360, 18, 0, 0),
       (55393, 343, '108', 1, 9000000, 610, 18, 0, 0),
       (55394, 343, '109', 2, 7000000, 220, 19, 0, 0),
       (55395, 343, '110', 3, 8000000, 760, 19, 0, 0),
       (55396, 343, '111', 2, 5000000, 730, 19, 0, 0),
       (55397, 343, '112', 2, 4000000, 680, 19, 0, 0),
       (55398, 343, '113', 2, 10000000, 560, 19, 0, 0),
       (55399, 343, '114', 2, 8000000, 500, 19, 0, 0),
       (55400, 343, '115', 2, 9000000, 430, 20, 0, 0),
       (55401, 343, '116', 1, 13000000, 780, 20, 0, 0),
       (55402, 343, '117', 3, 15000000, 780, 20, 0, 0),
       (55403, 343, '118', 1, 7000000, 450, 20, 0, 0),
       (55404, 343, '119', 2, 15000000, 660, 20, 0, 0),
       (55405, 343, '120', 1, 6000000, 620, 20, 0, 0),
       (55406, 343, '121', 1, 12000000, 710, 21, 0, 0),
       (55407, 343, '122', 2, 7000000, 280, 21, 0, 0),
       (55408, 343, '123', 2, 9000000, 560, 21, 0, 0),
       (55409, 343, '124', 3, 6000000, 220, 21, 0, 0),
       (55410, 343, '125', 3, 9000000, 350, 21, 0, 0),
       (55411, 343, '126', 2, 8000000, 180, 21, 0, 0),
       (55412, 343, '127', 3, 14000000, 290, 22, 0, 0),
       (55413, 343, '128', 2, 10000000, 330, 22, 0, 0),
       (55414, 343, '129', 1, 9000000, 340, 22, 0, 0),
       (55415, 343, '130', 3, 3000000, 610, 22, 0, 0),
       (55416, 343, '131', 2, 8000000, 390, 22, 0, 0),
       (55417, 343, '132', 1, 10000000, 500, 22, 0, 0),
       (55418, 343, '133', 3, 14000000, 640, 23, 0, 0),
       (55419, 343, '134', 1, 15000000, 680, 23, 0, 0),
       (55420, 343, '135', 1, 10000000, 370, 23, 0, 0),
       (55421, 343, '136', 2, 3000000, 420, 23, 0, 0),
       (55422, 343, '137', 2, 7000000, 540, 23, 0, 0),
       (55423, 343, '138', 2, 15000000, 370, 23, 0, 0),
       (55424, 343, '139', 1, 14000000, 460, 24, 0, 0),
       (55425, 343, '140', 3, 14000000, 350, 24, 0, 0),
       (55426, 343, '141', 1, 15000000, 490, 24, 0, 0),
       (55427, 343, '142', 2, 11000000, 720, 24, 0, 0),
       (55428, 343, '143', 3, 6000000, 180, 24, 0, 0),
       (55429, 343, '144', 3, 5000000, 280, 24, 0, 0),
       (55430, 343, '145', 3, 14000000, 540, 25, 0, 0),
       (55431, 343, '146', 1, 11000000, 430, 25, 0, 0),
       (55432, 343, '147', 1, 9000000, 570, 25, 0, 0),
       (55433, 343, '148', 1, 13000000, 300, 25, 0, 0),
       (55434, 343, '149', 2, 11000000, 330, 25, 0, 0),
       (55435, 343, '150', 3, 3000000, 470, 25, 0, 0),
       (55436, 343, '151', 3, 7000000, 570, 26, 0, 0),
       (55437, 343, '152', 3, 3000000, 190, 26, 0, 0),
       (55438, 343, '153', 2, 13000000, 440, 26, 0, 0),
       (55439, 343, '154', 2, 5000000, 730, 26, 0, 0),
       (55440, 343, '155', 3, 7000000, 450, 26, 0, 0),
       (55441, 343, '156', 1, 4000000, 550, 26, 0, 0),
       (55442, 343, '157', 1, 7000000, 550, 27, 0, 0),
       (55443, 343, '158', 2, 3000000, 220, 27, 0, 0),
       (55444, 343, '159', 3, 11000000, 190, 27, 0, 0),
       (55445, 343, '160', 3, 7000000, 750, 27, 0, 0),
       (55446, 343, '161', 2, 15000000, 540, 27, 0, 0),
       (55447, 343, '162', 3, 7000000, 410, 27, 0, 0),
       (55448, 343, '163', 1, 11000000, 450, 28, 0, 0),
       (55449, 343, '164', 2, 12000000, 450, 28, 0, 0),
       (55450, 343, '165', 2, 5000000, 800, 28, 0, 0),
       (55451, 343, '166', 1, 5000000, 540, 28, 0, 0),
       (55452, 343, '167', 2, 7000000, 710, 28, 0, 0),
       (55453, 343, '168', 3, 13000000, 540, 28, 0, 0),
       (55454, 343, '169', 3, 10000000, 720, 29, 0, 0),
       (55455, 343, '170', 1, 9000000, 340, 29, 0, 0),
       (55456, 343, '171', 2, 10000000, 340, 29, 0, 0),
       (55457, 343, '172', 3, 15000000, 650, 29, 0, 0),
       (55458, 343, '173', 2, 12000000, 680, 29, 0, 0),
       (55459, 343, '174', 1, 4000000, 310, 29, 0, 0),
       (55460, 343, '175', 3, 6000000, 470, 30, 0, 0),
       (55461, 343, '176', 2, 5000000, 180, 30, 0, 0),
       (55462, 343, '177', 3, 4000000, 780, 30, 0, 0),
       (55463, 343, '178', 3, 12000000, 510, 30, 0, 0),
       (55464, 343, '179', 3, 13000000, 290, 30, 0, 0),
       (55465, 343, '180', 2, 14000000, 200, 30, 0, 0),
       (55466, 343, '181', 2, 15000000, 400, 31, 0, 0),
       (55467, 343, '182', 2, 6000000, 530, 31, 0, 0),
       (55468, 343, '183', 2, 9000000, 690, 31, 0, 0),
       (55469, 343, '184', 3, 15000000, 600, 31, 0, 0),
       (55470, 343, '185', 2, 6000000, 200, 31, 0, 0),
       (55471, 343, '186', 2, 5000000, 300, 31, 0, 0),
       (55472, 343, '187', 3, 6000000, 210, 32, 0, 0),
       (55473, 343, '188', 1, 13000000, 760, 32, 0, 0),
       (55474, 343, '189', 1, 3000000, 330, 32, 0, 0),
       (55475, 343, '190', 1, 3000000, 740, 32, 0, 0),
       (55476, 343, '191', 1, 3000000, 510, 32, 0, 0),
       (55477, 343, '192', 1, 14000000, 720, 32, 0, 0),
       (55478, 343, '193', 2, 9000000, 640, 33, 0, 0),
       (55479, 343, '194', 1, 4000000, 390, 33, 0, 0),
       (55480, 343, '195', 2, 4000000, 630, 33, 0, 0),
       (55481, 343, '196', 3, 6000000, 730, 33, 0, 0),
       (55482, 343, '197', 1, 15000000, 570, 33, 0, 0),
       (55483, 343, '198', 1, 9000000, 420, 33, 0, 0),
       (55484, 343, '199', 1, 14000000, 700, 34, 0, 0),
       (55485, 343, '200', 2, 15000000, 760, 34, 0, 0),
       (55486, 343, '201', 2, 9000000, 540, 34, 0, 0),
       (55487, 343, '202', 2, 3000000, 240, 34, 0, 0),
       (55488, 343, '203', 2, 9000000, 310, 34, 0, 0),
       (55489, 343, '204', 1, 10000000, 510, 34, 0, 0),
       (55490, 343, '205', 3, 4000000, 270, 35, 0, 0),
       (55491, 343, '206', 3, 3000000, 300, 35, 0, 0),
       (55492, 343, '207', 1, 12000000, 340, 35, 0, 0),
       (55493, 343, '208', 3, 10000000, 590, 35, 0, 0),
       (55494, 343, '209', 1, 9000000, 800, 35, 0, 0),
       (55495, 343, '210', 2, 14000000, 650, 35, 0, 0),
       (55496, 343, '211', 2, 6000000, 350, 36, 0, 0),
       (55497, 343, '212', 3, 11000000, 360, 36, 0, 0),
       (55498, 343, '213', 2, 12000000, 230, 36, 0, 0),
       (55499, 343, '214', 2, 12000000, 720, 36, 0, 0),
       (55500, 343, '215', 3, 3000000, 530, 36, 0, 0),
       (55501, 343, '216', 2, 15000000, 180, 36, 0, 0),
       (55502, 343, '217', 2, 10000000, 560, 37, 0, 0),
       (55503, 343, '218', 3, 12000000, 550, 37, 0, 0),
       (55504, 343, '219', 2, 10000000, 700, 37, 0, 0),
       (55505, 343, '220', 2, 15000000, 760, 37, 0, 0),
       (55506, 343, '221', 2, 6000000, 660, 37, 0, 0),
       (55507, 343, '222', 3, 11000000, 670, 37, 0, 0),
       (55508, 343, '223', 2, 9000000, 180, 38, 0, 0),
       (55509, 343, '224', 3, 3000000, 420, 38, 0, 0),
       (55510, 343, '225', 2, 10000000, 280, 38, 0, 0),
       (55511, 343, '226', 2, 9000000, 770, 38, 0, 0),
       (55512, 343, '227', 2, 3000000, 370, 38, 0, 0),
       (55513, 343, '228', 1, 14000000, 190, 38, 0, 0),
       (55514, 343, '229', 3, 11000000, 720, 39, 0, 0),
       (55515, 343, '230', 1, 7000000, 660, 39, 0, 0),
       (55516, 343, '231', 3, 5000000, 480, 39, 0, 0),
       (55517, 343, '232', 3, 13000000, 430, 39, 0, 0),
       (55518, 343, '233', 3, 14000000, 670, 39, 0, 0),
       (55519, 343, '234', 3, 5000000, 760, 39, 0, 0),
       (55520, 343, '235', 1, 4000000, 550, 40, 0, 0),
       (55521, 343, '236', 1, 15000000, 660, 40, 0, 0),
       (55522, 343, '237', 2, 11000000, 400, 40, 0, 0),
       (55523, 343, '238', 2, 7000000, 660, 40, 0, 0),
       (55524, 343, '239', 2, 12000000, 490, 40, 0, 0),
       (55525, 343, '240', 3, 13000000, 360, 40, 0, 0),
       (55526, 343, '241', 2, 6000000, 440, 41, 0, 0),
       (55527, 343, '242', 1, 6000000, 680, 41, 0, 0),
       (55528, 343, '243', 1, 13000000, 410, 41, 0, 0),
       (55529, 343, '244', 1, 7000000, 480, 41, 0, 0),
       (55530, 343, '245', 1, 15000000, 220, 41, 0, 0),
       (55531, 343, '246', 2, 15000000, 610, 41, 0, 0),
       (55532, 343, '247', 1, 9000000, 420, 42, 0, 0),
       (55533, 343, '248', 2, 6000000, 350, 42, 0, 0),
       (55534, 343, '249', 2, 4000000, 390, 42, 0, 0),
       (55535, 343, '250', 3, 15000000, 290, 42, 0, 0),
       (55536, 343, '251', 1, 15000000, 780, 42, 0, 0),
       (55537, 343, '252', 2, 9000000, 280, 42, 0, 0),
       (55538, 343, '253', 2, 11000000, 540, 43, 0, 0),
       (55539, 343, '254', 1, 5000000, 410, 43, 0, 0),
       (55540, 343, '255', 1, 4000000, 460, 43, 0, 0),
       (55541, 343, '256', 2, 15000000, 560, 43, 0, 0),
       (55542, 343, '257', 1, 12000000, 690, 43, 0, 0),
       (55543, 343, '258', 1, 4000000, 190, 43, 0, 0),
       (55544, 343, '259', 1, 11000000, 290, 44, 0, 0),
       (55545, 343, '260', 3, 13000000, 630, 44, 0, 0),
       (55546, 343, '261', 3, 12000000, 670, 44, 0, 0),
       (55547, 343, '262', 1, 15000000, 660, 44, 0, 0),
       (55548, 343, '263', 2, 6000000, 270, 44, 0, 0),
       (55549, 343, '264', 2, 7000000, 640, 44, 0, 0),
       (55550, 343, '265', 1, 14000000, 610, 45, 0, 0),
       (55551, 343, '266', 3, 7000000, 640, 45, 0, 0),
       (55552, 343, '267', 3, 8000000, 200, 45, 0, 0),
       (55553, 343, '268', 1, 3000000, 590, 45, 0, 0),
       (55554, 343, '269', 2, 15000000, 750, 45, 0, 0),
       (55555, 343, '270', 3, 7000000, 500, 45, 0, 0);
insert into real_estate_building (id, address, complex_id, floor_count, dev_id)
values (344, 'г. Москва, ул. Краснокаменская, д. 40', 16, 50, 16);
insert into real_estate_object (id, building_id ,local_address, places, price, area, floor, type, estate_type)
values (55556, 344, '1', 1, 6000000, 410, 1, 0, 0),
       (55557, 344, '2', 3, 6000000, 330, 1, 0, 0),
       (55558, 344, '3', 2, 10000000, 570, 1, 0, 0),
       (55559, 344, '4', 1, 11000000, 300, 1, 0, 0),
       (55560, 344, '5', 3, 6000000, 480, 1, 0, 0),
       (55561, 344, '6', 1, 9000000, 490, 1, 0, 0),
       (55562, 344, '7', 2, 5000000, 510, 2, 0, 0),
       (55563, 344, '8', 3, 3000000, 320, 2, 0, 0),
       (55564, 344, '9', 2, 6000000, 800, 2, 0, 0),
       (55565, 344, '10', 2, 9000000, 260, 2, 0, 0),
       (55566, 344, '11', 3, 9000000, 400, 2, 0, 0),
       (55567, 344, '12', 2, 5000000, 490, 2, 0, 0),
       (55568, 344, '13', 3, 13000000, 710, 3, 0, 0),
       (55569, 344, '14', 2, 14000000, 490, 3, 0, 0),
       (55570, 344, '15', 1, 6000000, 770, 3, 0, 0),
       (55571, 344, '16', 1, 3000000, 640, 3, 0, 0),
       (55572, 344, '17', 3, 13000000, 670, 3, 0, 0),
       (55573, 344, '18', 1, 3000000, 640, 3, 0, 0),
       (55574, 344, '19', 3, 10000000, 740, 4, 0, 0),
       (55575, 344, '20', 1, 15000000, 800, 4, 0, 0),
       (55576, 344, '21', 1, 7000000, 310, 4, 0, 0),
       (55577, 344, '22', 1, 5000000, 300, 4, 0, 0),
       (55578, 344, '23', 2, 12000000, 230, 4, 0, 0),
       (55579, 344, '24', 2, 6000000, 610, 4, 0, 0),
       (55580, 344, '25', 1, 4000000, 190, 5, 0, 0),
       (55581, 344, '26', 1, 4000000, 430, 5, 0, 0),
       (55582, 344, '27', 1, 3000000, 200, 5, 0, 0),
       (55583, 344, '28', 1, 15000000, 190, 5, 0, 0),
       (55584, 344, '29', 3, 15000000, 320, 5, 0, 0),
       (55585, 344, '30', 2, 11000000, 770, 5, 0, 0),
       (55586, 344, '31', 1, 14000000, 710, 6, 0, 0),
       (55587, 344, '32', 2, 15000000, 240, 6, 0, 0),
       (55588, 344, '33', 1, 4000000, 270, 6, 0, 0),
       (55589, 344, '34', 1, 10000000, 750, 6, 0, 0),
       (55590, 344, '35', 2, 8000000, 650, 6, 0, 0),
       (55591, 344, '36', 3, 5000000, 450, 6, 0, 0),
       (55592, 344, '37', 3, 14000000, 690, 7, 0, 0),
       (55593, 344, '38', 1, 10000000, 620, 7, 0, 0),
       (55594, 344, '39', 2, 3000000, 790, 7, 0, 0),
       (55595, 344, '40', 3, 5000000, 660, 7, 0, 0),
       (55596, 344, '41', 1, 15000000, 350, 7, 0, 0),
       (55597, 344, '42', 3, 4000000, 370, 7, 0, 0),
       (55598, 344, '43', 2, 5000000, 350, 8, 0, 0),
       (55599, 344, '44', 3, 9000000, 200, 8, 0, 0),
       (55600, 344, '45', 3, 7000000, 340, 8, 0, 0),
       (55601, 344, '46', 3, 15000000, 480, 8, 0, 0),
       (55602, 344, '47', 2, 8000000, 300, 8, 0, 0),
       (55603, 344, '48', 3, 3000000, 650, 8, 0, 0),
       (55604, 344, '49', 3, 15000000, 550, 9, 0, 0),
       (55605, 344, '50', 3, 7000000, 590, 9, 0, 0),
       (55606, 344, '51', 2, 3000000, 460, 9, 0, 0),
       (55607, 344, '52', 1, 9000000, 560, 9, 0, 0),
       (55608, 344, '53', 2, 11000000, 390, 9, 0, 0),
       (55609, 344, '54', 3, 5000000, 430, 9, 0, 0),
       (55610, 344, '55', 3, 14000000, 690, 10, 0, 0),
       (55611, 344, '56', 1, 14000000, 640, 10, 0, 0),
       (55612, 344, '57', 2, 8000000, 220, 10, 0, 0),
       (55613, 344, '58', 1, 15000000, 240, 10, 0, 0),
       (55614, 344, '59', 1, 12000000, 680, 10, 0, 0),
       (55615, 344, '60', 2, 12000000, 450, 10, 0, 0),
       (55616, 344, '61', 2, 13000000, 310, 11, 0, 0),
       (55617, 344, '62', 3, 13000000, 580, 11, 0, 0),
       (55618, 344, '63', 1, 12000000, 400, 11, 0, 0),
       (55619, 344, '64', 1, 6000000, 450, 11, 0, 0),
       (55620, 344, '65', 1, 11000000, 370, 11, 0, 0),
       (55621, 344, '66', 2, 3000000, 240, 11, 0, 0),
       (55622, 344, '67', 2, 9000000, 540, 12, 0, 0),
       (55623, 344, '68', 3, 15000000, 730, 12, 0, 0),
       (55624, 344, '69', 1, 6000000, 200, 12, 0, 0),
       (55625, 344, '70', 1, 13000000, 280, 12, 0, 0),
       (55626, 344, '71', 2, 11000000, 400, 12, 0, 0),
       (55627, 344, '72', 1, 8000000, 610, 12, 0, 0),
       (55628, 344, '73', 3, 11000000, 370, 13, 0, 0),
       (55629, 344, '74', 3, 8000000, 790, 13, 0, 0),
       (55630, 344, '75', 2, 3000000, 430, 13, 0, 0),
       (55631, 344, '76', 3, 6000000, 180, 13, 0, 0),
       (55632, 344, '77', 2, 6000000, 190, 13, 0, 0),
       (55633, 344, '78', 3, 5000000, 750, 13, 0, 0),
       (55634, 344, '79', 2, 12000000, 650, 14, 0, 0),
       (55635, 344, '80', 3, 15000000, 640, 14, 0, 0),
       (55636, 344, '81', 3, 8000000, 560, 14, 0, 0),
       (55637, 344, '82', 1, 8000000, 470, 14, 0, 0),
       (55638, 344, '83', 2, 9000000, 660, 14, 0, 0),
       (55639, 344, '84', 2, 11000000, 500, 14, 0, 0),
       (55640, 344, '85', 1, 8000000, 190, 15, 0, 0),
       (55641, 344, '86', 3, 3000000, 460, 15, 0, 0),
       (55642, 344, '87', 3, 6000000, 390, 15, 0, 0),
       (55643, 344, '88', 3, 13000000, 550, 15, 0, 0),
       (55644, 344, '89', 2, 8000000, 580, 15, 0, 0),
       (55645, 344, '90', 1, 15000000, 200, 15, 0, 0),
       (55646, 344, '91', 1, 9000000, 420, 16, 0, 0),
       (55647, 344, '92', 2, 11000000, 700, 16, 0, 0),
       (55648, 344, '93', 3, 14000000, 680, 16, 0, 0),
       (55649, 344, '94', 2, 3000000, 220, 16, 0, 0),
       (55650, 344, '95', 2, 11000000, 660, 16, 0, 0),
       (55651, 344, '96', 1, 7000000, 360, 16, 0, 0),
       (55652, 344, '97', 1, 10000000, 780, 17, 0, 0),
       (55653, 344, '98', 2, 4000000, 640, 17, 0, 0),
       (55654, 344, '99', 1, 4000000, 490, 17, 0, 0),
       (55655, 344, '100', 1, 11000000, 260, 17, 0, 0),
       (55656, 344, '101', 3, 15000000, 760, 17, 0, 0),
       (55657, 344, '102', 2, 14000000, 580, 17, 0, 0),
       (55658, 344, '103', 3, 4000000, 460, 18, 0, 0),
       (55659, 344, '104', 3, 15000000, 370, 18, 0, 0),
       (55660, 344, '105', 2, 5000000, 690, 18, 0, 0),
       (55661, 344, '106', 1, 12000000, 460, 18, 0, 0),
       (55662, 344, '107', 2, 3000000, 240, 18, 0, 0),
       (55663, 344, '108', 2, 10000000, 710, 18, 0, 0),
       (55664, 344, '109', 3, 9000000, 340, 19, 0, 0),
       (55665, 344, '110', 2, 13000000, 290, 19, 0, 0),
       (55666, 344, '111', 3, 7000000, 370, 19, 0, 0),
       (55667, 344, '112', 3, 13000000, 290, 19, 0, 0),
       (55668, 344, '113', 1, 14000000, 450, 19, 0, 0),
       (55669, 344, '114', 1, 3000000, 390, 19, 0, 0),
       (55670, 344, '115', 2, 3000000, 400, 20, 0, 0),
       (55671, 344, '116', 3, 15000000, 190, 20, 0, 0),
       (55672, 344, '117', 3, 3000000, 520, 20, 0, 0),
       (55673, 344, '118', 2, 10000000, 210, 20, 0, 0),
       (55674, 344, '119', 1, 5000000, 290, 20, 0, 0),
       (55675, 344, '120', 2, 3000000, 580, 20, 0, 0),
       (55676, 344, '121', 3, 10000000, 390, 21, 0, 0),
       (55677, 344, '122', 2, 9000000, 650, 21, 0, 0),
       (55678, 344, '123', 2, 11000000, 490, 21, 0, 0),
       (55679, 344, '124', 1, 11000000, 550, 21, 0, 0),
       (55680, 344, '125', 3, 15000000, 200, 21, 0, 0),
       (55681, 344, '126', 1, 13000000, 210, 21, 0, 0),
       (55682, 344, '127', 3, 5000000, 290, 22, 0, 0),
       (55683, 344, '128', 3, 7000000, 360, 22, 0, 0),
       (55684, 344, '129', 2, 4000000, 510, 22, 0, 0),
       (55685, 344, '130', 2, 7000000, 700, 22, 0, 0),
       (55686, 344, '131', 3, 6000000, 360, 22, 0, 0),
       (55687, 344, '132', 1, 14000000, 480, 22, 0, 0),
       (55688, 344, '133', 3, 11000000, 470, 23, 0, 0),
       (55689, 344, '134', 1, 7000000, 640, 23, 0, 0),
       (55690, 344, '135', 3, 9000000, 300, 23, 0, 0),
       (55691, 344, '136', 3, 4000000, 330, 23, 0, 0),
       (55692, 344, '137', 3, 12000000, 580, 23, 0, 0),
       (55693, 344, '138', 2, 15000000, 610, 23, 0, 0),
       (55694, 344, '139', 2, 14000000, 400, 24, 0, 0),
       (55695, 344, '140', 2, 8000000, 420, 24, 0, 0),
       (55696, 344, '141', 1, 5000000, 250, 24, 0, 0),
       (55697, 344, '142', 3, 13000000, 790, 24, 0, 0),
       (55698, 344, '143', 1, 12000000, 290, 24, 0, 0),
       (55699, 344, '144', 2, 8000000, 370, 24, 0, 0),
       (55700, 344, '145', 3, 4000000, 620, 25, 0, 0),
       (55701, 344, '146', 1, 12000000, 230, 25, 0, 0),
       (55702, 344, '147', 1, 15000000, 190, 25, 0, 0),
       (55703, 344, '148', 2, 3000000, 320, 25, 0, 0),
       (55704, 344, '149', 2, 10000000, 630, 25, 0, 0),
       (55705, 344, '150', 1, 10000000, 350, 25, 0, 0),
       (55706, 344, '151', 2, 11000000, 660, 26, 0, 0),
       (55707, 344, '152', 1, 6000000, 620, 26, 0, 0),
       (55708, 344, '153', 3, 4000000, 570, 26, 0, 0),
       (55709, 344, '154', 1, 8000000, 220, 26, 0, 0),
       (55710, 344, '155', 2, 9000000, 610, 26, 0, 0),
       (55711, 344, '156', 1, 15000000, 460, 26, 0, 0),
       (55712, 344, '157', 2, 7000000, 730, 27, 0, 0),
       (55713, 344, '158', 1, 4000000, 330, 27, 0, 0),
       (55714, 344, '159', 2, 8000000, 320, 27, 0, 0),
       (55715, 344, '160', 3, 15000000, 390, 27, 0, 0),
       (55716, 344, '161', 2, 15000000, 670, 27, 0, 0),
       (55717, 344, '162', 2, 6000000, 770, 27, 0, 0),
       (55718, 344, '163', 3, 6000000, 520, 28, 0, 0),
       (55719, 344, '164', 1, 9000000, 700, 28, 0, 0),
       (55720, 344, '165', 3, 7000000, 760, 28, 0, 0),
       (55721, 344, '166', 3, 4000000, 280, 28, 0, 0),
       (55722, 344, '167', 2, 10000000, 240, 28, 0, 0),
       (55723, 344, '168', 3, 12000000, 600, 28, 0, 0),
       (55724, 344, '169', 3, 4000000, 590, 29, 0, 0),
       (55725, 344, '170', 3, 3000000, 250, 29, 0, 0),
       (55726, 344, '171', 2, 5000000, 760, 29, 0, 0),
       (55727, 344, '172', 3, 5000000, 410, 29, 0, 0),
       (55728, 344, '173', 3, 7000000, 240, 29, 0, 0),
       (55729, 344, '174', 3, 4000000, 500, 29, 0, 0),
       (55730, 344, '175', 2, 7000000, 190, 30, 0, 0),
       (55731, 344, '176', 3, 14000000, 250, 30, 0, 0),
       (55732, 344, '177', 2, 7000000, 740, 30, 0, 0),
       (55733, 344, '178', 3, 7000000, 430, 30, 0, 0),
       (55734, 344, '179', 1, 11000000, 760, 30, 0, 0),
       (55735, 344, '180', 2, 13000000, 590, 30, 0, 0),
       (55736, 344, '181', 2, 10000000, 420, 31, 0, 0),
       (55737, 344, '182', 2, 14000000, 730, 31, 0, 0),
       (55738, 344, '183', 1, 15000000, 610, 31, 0, 0),
       (55739, 344, '184', 3, 12000000, 540, 31, 0, 0),
       (55740, 344, '185', 3, 8000000, 190, 31, 0, 0),
       (55741, 344, '186', 2, 8000000, 470, 31, 0, 0),
       (55742, 344, '187', 3, 7000000, 260, 32, 0, 0),
       (55743, 344, '188', 2, 11000000, 470, 32, 0, 0),
       (55744, 344, '189', 2, 5000000, 360, 32, 0, 0),
       (55745, 344, '190', 2, 10000000, 430, 32, 0, 0),
       (55746, 344, '191', 1, 13000000, 290, 32, 0, 0),
       (55747, 344, '192', 2, 9000000, 190, 32, 0, 0),
       (55748, 344, '193', 2, 11000000, 420, 33, 0, 0),
       (55749, 344, '194', 2, 7000000, 580, 33, 0, 0),
       (55750, 344, '195', 3, 6000000, 710, 33, 0, 0),
       (55751, 344, '196', 1, 13000000, 550, 33, 0, 0),
       (55752, 344, '197', 1, 12000000, 200, 33, 0, 0),
       (55753, 344, '198', 1, 13000000, 360, 33, 0, 0),
       (55754, 344, '199', 3, 6000000, 770, 34, 0, 0),
       (55755, 344, '200', 3, 4000000, 590, 34, 0, 0),
       (55756, 344, '201', 2, 4000000, 490, 34, 0, 0),
       (55757, 344, '202', 3, 13000000, 310, 34, 0, 0),
       (55758, 344, '203', 2, 10000000, 240, 34, 0, 0),
       (55759, 344, '204', 3, 11000000, 300, 34, 0, 0),
       (55760, 344, '205', 2, 10000000, 670, 35, 0, 0),
       (55761, 344, '206', 1, 11000000, 350, 35, 0, 0),
       (55762, 344, '207', 2, 10000000, 560, 35, 0, 0),
       (55763, 344, '208', 1, 5000000, 690, 35, 0, 0),
       (55764, 344, '209', 1, 14000000, 500, 35, 0, 0),
       (55765, 344, '210', 2, 14000000, 220, 35, 0, 0),
       (55766, 344, '211', 3, 7000000, 270, 36, 0, 0),
       (55767, 344, '212', 3, 6000000, 260, 36, 0, 0),
       (55768, 344, '213', 3, 8000000, 290, 36, 0, 0),
       (55769, 344, '214', 3, 4000000, 390, 36, 0, 0),
       (55770, 344, '215', 1, 8000000, 690, 36, 0, 0),
       (55771, 344, '216', 3, 7000000, 420, 36, 0, 0),
       (55772, 344, '217', 1, 14000000, 300, 37, 0, 0),
       (55773, 344, '218', 1, 14000000, 190, 37, 0, 0),
       (55774, 344, '219', 2, 10000000, 300, 37, 0, 0),
       (55775, 344, '220', 3, 14000000, 770, 37, 0, 0),
       (55776, 344, '221', 3, 4000000, 470, 37, 0, 0),
       (55777, 344, '222', 1, 8000000, 380, 37, 0, 0),
       (55778, 344, '223', 1, 4000000, 510, 38, 0, 0),
       (55779, 344, '224', 3, 13000000, 180, 38, 0, 0),
       (55780, 344, '225', 1, 12000000, 660, 38, 0, 0),
       (55781, 344, '226', 3, 3000000, 490, 38, 0, 0),
       (55782, 344, '227', 2, 15000000, 330, 38, 0, 0),
       (55783, 344, '228', 2, 13000000, 750, 38, 0, 0),
       (55784, 344, '229', 3, 7000000, 460, 39, 0, 0),
       (55785, 344, '230', 3, 10000000, 250, 39, 0, 0),
       (55786, 344, '231', 1, 9000000, 760, 39, 0, 0),
       (55787, 344, '232', 1, 3000000, 480, 39, 0, 0),
       (55788, 344, '233', 1, 7000000, 690, 39, 0, 0),
       (55789, 344, '234', 2, 14000000, 610, 39, 0, 0),
       (55790, 344, '235', 2, 10000000, 720, 40, 0, 0),
       (55791, 344, '236', 1, 15000000, 480, 40, 0, 0),
       (55792, 344, '237', 2, 10000000, 240, 40, 0, 0),
       (55793, 344, '238', 1, 4000000, 660, 40, 0, 0),
       (55794, 344, '239', 1, 10000000, 640, 40, 0, 0),
       (55795, 344, '240', 3, 14000000, 790, 40, 0, 0),
       (55796, 344, '241', 3, 8000000, 390, 41, 0, 0),
       (55797, 344, '242', 1, 9000000, 190, 41, 0, 0),
       (55798, 344, '243', 2, 9000000, 770, 41, 0, 0),
       (55799, 344, '244', 2, 15000000, 480, 41, 0, 0),
       (55800, 344, '245', 1, 9000000, 370, 41, 0, 0),
       (55801, 344, '246', 1, 10000000, 270, 41, 0, 0),
       (55802, 344, '247', 1, 7000000, 450, 42, 0, 0),
       (55803, 344, '248', 1, 10000000, 210, 42, 0, 0),
       (55804, 344, '249', 3, 12000000, 430, 42, 0, 0),
       (55805, 344, '250', 2, 11000000, 630, 42, 0, 0),
       (55806, 344, '251', 1, 5000000, 650, 42, 0, 0),
       (55807, 344, '252', 2, 8000000, 230, 42, 0, 0),
       (55808, 344, '253', 2, 4000000, 590, 43, 0, 0),
       (55809, 344, '254', 1, 9000000, 310, 43, 0, 0),
       (55810, 344, '255', 1, 8000000, 750, 43, 0, 0),
       (55811, 344, '256', 3, 15000000, 300, 43, 0, 0),
       (55812, 344, '257', 1, 5000000, 540, 43, 0, 0),
       (55813, 344, '258', 1, 6000000, 690, 43, 0, 0),
       (55814, 344, '259', 2, 9000000, 610, 44, 0, 0),
       (55815, 344, '260', 1, 4000000, 410, 44, 0, 0),
       (55816, 344, '261', 1, 13000000, 620, 44, 0, 0),
       (55817, 344, '262', 2, 10000000, 300, 44, 0, 0),
       (55818, 344, '263', 2, 10000000, 420, 44, 0, 0),
       (55819, 344, '264', 1, 12000000, 640, 44, 0, 0),
       (55820, 344, '265', 2, 9000000, 690, 45, 0, 0),
       (55821, 344, '266', 3, 10000000, 450, 45, 0, 0),
       (55822, 344, '267', 1, 14000000, 370, 45, 0, 0),
       (55823, 344, '268', 1, 13000000, 550, 45, 0, 0),
       (55824, 344, '269', 2, 8000000, 620, 45, 0, 0),
       (55825, 344, '270', 1, 3000000, 340, 45, 0, 0),
       (55826, 344, '271', 3, 12000000, 620, 46, 0, 0),
       (55827, 344, '272', 2, 6000000, 640, 46, 0, 0),
       (55828, 344, '273', 2, 15000000, 290, 46, 0, 0),
       (55829, 344, '274', 1, 13000000, 540, 46, 0, 0),
       (55830, 344, '275', 1, 6000000, 400, 46, 0, 0),
       (55831, 344, '276', 2, 4000000, 370, 46, 0, 0),
       (55832, 344, '277', 2, 3000000, 330, 47, 0, 0),
       (55833, 344, '278', 3, 14000000, 230, 47, 0, 0),
       (55834, 344, '279', 3, 8000000, 730, 47, 0, 0),
       (55835, 344, '280', 2, 13000000, 670, 47, 0, 0),
       (55836, 344, '281', 3, 5000000, 560, 47, 0, 0),
       (55837, 344, '282', 2, 10000000, 420, 47, 0, 0),
       (55838, 344, '283', 3, 12000000, 320, 48, 0, 0),
       (55839, 344, '284', 3, 9000000, 760, 48, 0, 0),
       (55840, 344, '285', 3, 12000000, 440, 48, 0, 0),
       (55841, 344, '286', 3, 13000000, 650, 48, 0, 0),
       (55842, 344, '287', 3, 11000000, 460, 48, 0, 0),
       (55843, 344, '288', 1, 12000000, 230, 48, 0, 0),
       (55844, 344, '289', 2, 9000000, 320, 49, 0, 0),
       (55845, 344, '290', 3, 13000000, 310, 49, 0, 0),
       (55846, 344, '291', 3, 4000000, 570, 49, 0, 0),
       (55847, 344, '292', 1, 14000000, 250, 49, 0, 0),
       (55848, 344, '293', 1, 12000000, 480, 49, 0, 0),
       (55849, 344, '294', 1, 9000000, 670, 49, 0, 0),
       (55850, 344, '295', 2, 3000000, 800, 50, 0, 0),
       (55851, 344, '296', 3, 4000000, 490, 50, 0, 0),
       (55852, 344, '297', 3, 11000000, 730, 50, 0, 0),
       (55853, 344, '298', 1, 6000000, 350, 50, 0, 0),
       (55854, 344, '299', 1, 5000000, 540, 50, 0, 0),
       (55855, 344, '300', 3, 7000000, 800, 50, 0, 0);
insert into real_estate_building (id, address, complex_id, floor_count, dev_id)
values (345, 'г. Москва, ул. Краснокаменская, д. 41', 16, 49, 16);
insert into real_estate_object (id, building_id ,local_address, places, price, area, floor, type, estate_type)
values (55856, 345, '1', 3, 6000000, 560, 1, 0, 0),
       (55857, 345, '2', 3, 9000000, 300, 1, 0, 0),
       (55858, 345, '3', 2, 13000000, 420, 1, 0, 0),
       (55859, 345, '4', 1, 11000000, 250, 1, 0, 0),
       (55860, 345, '5', 1, 6000000, 640, 1, 0, 0),
       (55861, 345, '6', 2, 4000000, 390, 1, 0, 0),
       (55862, 345, '7', 2, 12000000, 640, 2, 0, 0),
       (55863, 345, '8', 2, 6000000, 180, 2, 0, 0),
       (55864, 345, '9', 2, 11000000, 350, 2, 0, 0),
       (55865, 345, '10', 3, 8000000, 710, 2, 0, 0),
       (55866, 345, '11', 1, 11000000, 370, 2, 0, 0),
       (55867, 345, '12', 2, 9000000, 650, 2, 0, 0),
       (55868, 345, '13', 3, 4000000, 570, 3, 0, 0),
       (55869, 345, '14', 2, 9000000, 330, 3, 0, 0),
       (55870, 345, '15', 3, 11000000, 520, 3, 0, 0),
       (55871, 345, '16', 3, 9000000, 410, 3, 0, 0),
       (55872, 345, '17', 1, 3000000, 690, 3, 0, 0),
       (55873, 345, '18', 1, 13000000, 540, 3, 0, 0),
       (55874, 345, '19', 1, 4000000, 290, 4, 0, 0),
       (55875, 345, '20', 2, 9000000, 360, 4, 0, 0),
       (55876, 345, '21', 2, 14000000, 370, 4, 0, 0),
       (55877, 345, '22', 1, 13000000, 260, 4, 0, 0),
       (55878, 345, '23', 3, 3000000, 460, 4, 0, 0),
       (55879, 345, '24', 1, 14000000, 290, 4, 0, 0),
       (55880, 345, '25', 2, 13000000, 650, 5, 0, 0),
       (55881, 345, '26', 3, 9000000, 510, 5, 0, 0),
       (55882, 345, '27', 1, 14000000, 320, 5, 0, 0),
       (55883, 345, '28', 1, 8000000, 390, 5, 0, 0),
       (55884, 345, '29', 2, 13000000, 260, 5, 0, 0),
       (55885, 345, '30', 3, 11000000, 260, 5, 0, 0),
       (55886, 345, '31', 2, 15000000, 280, 6, 0, 0),
       (55887, 345, '32', 2, 13000000, 760, 6, 0, 0),
       (55888, 345, '33', 2, 13000000, 760, 6, 0, 0),
       (55889, 345, '34', 3, 9000000, 280, 6, 0, 0),
       (55890, 345, '35', 2, 7000000, 530, 6, 0, 0),
       (55891, 345, '36', 1, 14000000, 300, 6, 0, 0),
       (55892, 345, '37', 3, 11000000, 240, 7, 0, 0),
       (55893, 345, '38', 2, 12000000, 460, 7, 0, 0),
       (55894, 345, '39', 1, 7000000, 500, 7, 0, 0),
       (55895, 345, '40', 2, 3000000, 440, 7, 0, 0),
       (55896, 345, '41', 2, 4000000, 310, 7, 0, 0),
       (55897, 345, '42', 1, 5000000, 500, 7, 0, 0),
       (55898, 345, '43', 3, 5000000, 420, 8, 0, 0),
       (55899, 345, '44', 3, 12000000, 510, 8, 0, 0),
       (55900, 345, '45', 1, 9000000, 470, 8, 0, 0),
       (55901, 345, '46', 3, 12000000, 570, 8, 0, 0),
       (55902, 345, '47', 1, 3000000, 770, 8, 0, 0),
       (55903, 345, '48', 1, 7000000, 680, 8, 0, 0),
       (55904, 345, '49', 2, 5000000, 650, 9, 0, 0),
       (55905, 345, '50', 1, 8000000, 570, 9, 0, 0),
       (55906, 345, '51', 3, 5000000, 640, 9, 0, 0),
       (55907, 345, '52', 3, 15000000, 580, 9, 0, 0),
       (55908, 345, '53', 2, 4000000, 610, 9, 0, 0),
       (55909, 345, '54', 3, 5000000, 330, 9, 0, 0),
       (55910, 345, '55', 2, 12000000, 760, 10, 0, 0),
       (55911, 345, '56', 3, 8000000, 510, 10, 0, 0),
       (55912, 345, '57', 2, 11000000, 640, 10, 0, 0),
       (55913, 345, '58', 1, 5000000, 660, 10, 0, 0),
       (55914, 345, '59', 3, 13000000, 660, 10, 0, 0),
       (55915, 345, '60', 3, 4000000, 220, 10, 0, 0),
       (55916, 345, '61', 1, 8000000, 190, 11, 0, 0),
       (55917, 345, '62', 1, 13000000, 740, 11, 0, 0),
       (55918, 345, '63', 2, 7000000, 710, 11, 0, 0),
       (55919, 345, '64', 2, 10000000, 800, 11, 0, 0),
       (55920, 345, '65', 1, 12000000, 510, 11, 0, 0),
       (55921, 345, '66', 2, 4000000, 760, 11, 0, 0),
       (55922, 345, '67', 2, 5000000, 760, 12, 0, 0),
       (55923, 345, '68', 3, 5000000, 580, 12, 0, 0),
       (55924, 345, '69', 3, 15000000, 660, 12, 0, 0),
       (55925, 345, '70', 3, 13000000, 280, 12, 0, 0),
       (55926, 345, '71', 3, 10000000, 260, 12, 0, 0),
       (55927, 345, '72', 2, 10000000, 780, 12, 0, 0),
       (55928, 345, '73', 2, 14000000, 330, 13, 0, 0),
       (55929, 345, '74', 2, 11000000, 720, 13, 0, 0),
       (55930, 345, '75', 1, 9000000, 270, 13, 0, 0),
       (55931, 345, '76', 3, 11000000, 650, 13, 0, 0),
       (55932, 345, '77', 2, 15000000, 290, 13, 0, 0),
       (55933, 345, '78', 1, 9000000, 550, 13, 0, 0),
       (55934, 345, '79', 1, 9000000, 560, 14, 0, 0),
       (55935, 345, '80', 2, 5000000, 450, 14, 0, 0),
       (55936, 345, '81', 3, 12000000, 570, 14, 0, 0),
       (55937, 345, '82', 3, 13000000, 250, 14, 0, 0),
       (55938, 345, '83', 1, 4000000, 270, 14, 0, 0),
       (55939, 345, '84', 1, 7000000, 350, 14, 0, 0),
       (55940, 345, '85', 3, 4000000, 610, 15, 0, 0),
       (55941, 345, '86', 2, 5000000, 180, 15, 0, 0),
       (55942, 345, '87', 2, 10000000, 780, 15, 0, 0),
       (55943, 345, '88', 1, 4000000, 610, 15, 0, 0),
       (55944, 345, '89', 2, 14000000, 180, 15, 0, 0),
       (55945, 345, '90', 1, 4000000, 310, 15, 0, 0),
       (55946, 345, '91', 2, 12000000, 480, 16, 0, 0),
       (55947, 345, '92', 2, 15000000, 520, 16, 0, 0),
       (55948, 345, '93', 1, 3000000, 300, 16, 0, 0),
       (55949, 345, '94', 1, 15000000, 640, 16, 0, 0),
       (55950, 345, '95', 3, 15000000, 720, 16, 0, 0),
       (55951, 345, '96', 2, 6000000, 720, 16, 0, 0),
       (55952, 345, '97', 1, 4000000, 250, 17, 0, 0),
       (55953, 345, '98', 3, 5000000, 690, 17, 0, 0),
       (55954, 345, '99', 1, 5000000, 180, 17, 0, 0),
       (55955, 345, '100', 1, 13000000, 390, 17, 0, 0),
       (55956, 345, '101', 3, 7000000, 360, 17, 0, 0),
       (55957, 345, '102', 3, 10000000, 410, 17, 0, 0),
       (55958, 345, '103', 2, 4000000, 260, 18, 0, 0),
       (55959, 345, '104', 3, 5000000, 450, 18, 0, 0),
       (55960, 345, '105', 2, 10000000, 790, 18, 0, 0),
       (55961, 345, '106', 2, 5000000, 320, 18, 0, 0),
       (55962, 345, '107', 3, 3000000, 740, 18, 0, 0),
       (55963, 345, '108', 2, 5000000, 770, 18, 0, 0),
       (55964, 345, '109', 2, 7000000, 570, 19, 0, 0),
       (55965, 345, '110', 1, 11000000, 790, 19, 0, 0),
       (55966, 345, '111', 1, 4000000, 470, 19, 0, 0),
       (55967, 345, '112', 1, 10000000, 250, 19, 0, 0),
       (55968, 345, '113', 3, 10000000, 500, 19, 0, 0),
       (55969, 345, '114', 3, 7000000, 270, 19, 0, 0),
       (55970, 345, '115', 2, 7000000, 600, 20, 0, 0),
       (55971, 345, '116', 2, 6000000, 360, 20, 0, 0),
       (55972, 345, '117', 1, 5000000, 220, 20, 0, 0),
       (55973, 345, '118', 2, 11000000, 570, 20, 0, 0),
       (55974, 345, '119', 2, 15000000, 780, 20, 0, 0),
       (55975, 345, '120', 2, 15000000, 180, 20, 0, 0),
       (55976, 345, '121', 1, 7000000, 720, 21, 0, 0),
       (55977, 345, '122', 3, 7000000, 330, 21, 0, 0),
       (55978, 345, '123', 2, 15000000, 710, 21, 0, 0),
       (55979, 345, '124', 3, 15000000, 750, 21, 0, 0),
       (55980, 345, '125', 3, 4000000, 190, 21, 0, 0),
       (55981, 345, '126', 1, 9000000, 370, 21, 0, 0),
       (55982, 345, '127', 2, 7000000, 770, 22, 0, 0),
       (55983, 345, '128', 3, 9000000, 630, 22, 0, 0),
       (55984, 345, '129', 3, 9000000, 310, 22, 0, 0),
       (55985, 345, '130', 3, 9000000, 640, 22, 0, 0),
       (55986, 345, '131', 3, 4000000, 370, 22, 0, 0),
       (55987, 345, '132', 3, 8000000, 470, 22, 0, 0),
       (55988, 345, '133', 2, 6000000, 710, 23, 0, 0),
       (55989, 345, '134', 2, 3000000, 540, 23, 0, 0),
       (55990, 345, '135', 1, 15000000, 320, 23, 0, 0),
       (55991, 345, '136', 3, 14000000, 320, 23, 0, 0),
       (55992, 345, '137', 3, 6000000, 660, 23, 0, 0),
       (55993, 345, '138', 3, 9000000, 680, 23, 0, 0),
       (55994, 345, '139', 3, 7000000, 750, 24, 0, 0),
       (55995, 345, '140', 3, 5000000, 620, 24, 0, 0),
       (55996, 345, '141', 2, 3000000, 690, 24, 0, 0),
       (55997, 345, '142', 1, 3000000, 500, 24, 0, 0),
       (55998, 345, '143', 2, 6000000, 360, 24, 0, 0),
       (55999, 345, '144', 3, 13000000, 620, 24, 0, 0),
       (56000, 345, '145', 3, 4000000, 380, 25, 0, 0),
       (56001, 345, '146', 2, 6000000, 190, 25, 0, 0),
       (56002, 345, '147', 3, 5000000, 320, 25, 0, 0),
       (56003, 345, '148', 2, 14000000, 790, 25, 0, 0),
       (56004, 345, '149', 3, 5000000, 190, 25, 0, 0),
       (56005, 345, '150', 1, 12000000, 480, 25, 0, 0),
       (56006, 345, '151', 1, 13000000, 260, 26, 0, 0),
       (56007, 345, '152', 1, 8000000, 320, 26, 0, 0),
       (56008, 345, '153', 1, 11000000, 270, 26, 0, 0),
       (56009, 345, '154', 2, 5000000, 590, 26, 0, 0),
       (56010, 345, '155', 2, 6000000, 440, 26, 0, 0),
       (56011, 345, '156', 3, 14000000, 410, 26, 0, 0),
       (56012, 345, '157', 1, 10000000, 310, 27, 0, 0),
       (56013, 345, '158', 1, 8000000, 560, 27, 0, 0),
       (56014, 345, '159', 1, 11000000, 270, 27, 0, 0),
       (56015, 345, '160', 3, 14000000, 670, 27, 0, 0),
       (56016, 345, '161', 2, 13000000, 210, 27, 0, 0),
       (56017, 345, '162', 3, 10000000, 230, 27, 0, 0),
       (56018, 345, '163', 2, 15000000, 220, 28, 0, 0),
       (56019, 345, '164', 2, 11000000, 190, 28, 0, 0),
       (56020, 345, '165', 1, 8000000, 330, 28, 0, 0),
       (56021, 345, '166', 1, 9000000, 300, 28, 0, 0),
       (56022, 345, '167', 1, 11000000, 590, 28, 0, 0),
       (56023, 345, '168', 3, 13000000, 730, 28, 0, 0),
       (56024, 345, '169', 3, 5000000, 290, 29, 0, 0),
       (56025, 345, '170', 2, 9000000, 300, 29, 0, 0),
       (56026, 345, '171', 3, 11000000, 770, 29, 0, 0),
       (56027, 345, '172', 2, 15000000, 240, 29, 0, 0),
       (56028, 345, '173', 2, 4000000, 660, 29, 0, 0),
       (56029, 345, '174', 1, 12000000, 770, 29, 0, 0),
       (56030, 345, '175', 2, 14000000, 710, 30, 0, 0),
       (56031, 345, '176', 1, 6000000, 310, 30, 0, 0),
       (56032, 345, '177', 1, 7000000, 680, 30, 0, 0),
       (56033, 345, '178', 3, 4000000, 410, 30, 0, 0),
       (56034, 345, '179', 3, 12000000, 750, 30, 0, 0),
       (56035, 345, '180', 2, 5000000, 630, 30, 0, 0),
       (56036, 345, '181', 2, 10000000, 340, 31, 0, 0),
       (56037, 345, '182', 1, 4000000, 380, 31, 0, 0),
       (56038, 345, '183', 2, 12000000, 290, 31, 0, 0),
       (56039, 345, '184', 2, 11000000, 450, 31, 0, 0),
       (56040, 345, '185', 1, 14000000, 630, 31, 0, 0),
       (56041, 345, '186', 3, 7000000, 520, 31, 0, 0),
       (56042, 345, '187', 1, 4000000, 240, 32, 0, 0),
       (56043, 345, '188', 1, 9000000, 500, 32, 0, 0),
       (56044, 345, '189', 2, 15000000, 370, 32, 0, 0),
       (56045, 345, '190', 3, 5000000, 240, 32, 0, 0),
       (56046, 345, '191', 2, 10000000, 360, 32, 0, 0),
       (56047, 345, '192', 3, 6000000, 380, 32, 0, 0),
       (56048, 345, '193', 2, 5000000, 790, 33, 0, 0),
       (56049, 345, '194', 3, 11000000, 590, 33, 0, 0),
       (56050, 345, '195', 1, 7000000, 370, 33, 0, 0),
       (56051, 345, '196', 2, 6000000, 600, 33, 0, 0),
       (56052, 345, '197', 3, 7000000, 450, 33, 0, 0),
       (56053, 345, '198', 1, 3000000, 530, 33, 0, 0),
       (56054, 345, '199', 3, 8000000, 220, 34, 0, 0),
       (56055, 345, '200', 3, 12000000, 730, 34, 0, 0),
       (56056, 345, '201', 2, 12000000, 440, 34, 0, 0),
       (56057, 345, '202', 3, 6000000, 260, 34, 0, 0),
       (56058, 345, '203', 1, 12000000, 360, 34, 0, 0),
       (56059, 345, '204', 1, 12000000, 700, 34, 0, 0),
       (56060, 345, '205', 3, 13000000, 260, 35, 0, 0),
       (56061, 345, '206', 3, 5000000, 540, 35, 0, 0),
       (56062, 345, '207', 2, 14000000, 500, 35, 0, 0),
       (56063, 345, '208', 1, 5000000, 580, 35, 0, 0),
       (56064, 345, '209', 2, 3000000, 200, 35, 0, 0),
       (56065, 345, '210', 2, 13000000, 620, 35, 0, 0),
       (56066, 345, '211', 3, 9000000, 510, 36, 0, 0),
       (56067, 345, '212', 2, 11000000, 770, 36, 0, 0),
       (56068, 345, '213', 2, 10000000, 200, 36, 0, 0),
       (56069, 345, '214', 3, 6000000, 650, 36, 0, 0),
       (56070, 345, '215', 1, 3000000, 530, 36, 0, 0),
       (56071, 345, '216', 3, 13000000, 540, 36, 0, 0),
       (56072, 345, '217', 3, 5000000, 650, 37, 0, 0),
       (56073, 345, '218', 3, 9000000, 420, 37, 0, 0),
       (56074, 345, '219', 2, 4000000, 650, 37, 0, 0),
       (56075, 345, '220', 2, 7000000, 320, 37, 0, 0),
       (56076, 345, '221', 2, 15000000, 630, 37, 0, 0),
       (56077, 345, '222', 1, 12000000, 510, 37, 0, 0),
       (56078, 345, '223', 2, 6000000, 310, 38, 0, 0),
       (56079, 345, '224', 2, 11000000, 490, 38, 0, 0),
       (56080, 345, '225', 3, 6000000, 610, 38, 0, 0),
       (56081, 345, '226', 2, 15000000, 310, 38, 0, 0),
       (56082, 345, '227', 3, 14000000, 340, 38, 0, 0),
       (56083, 345, '228', 3, 3000000, 470, 38, 0, 0),
       (56084, 345, '229', 2, 6000000, 620, 39, 0, 0),
       (56085, 345, '230', 1, 6000000, 320, 39, 0, 0),
       (56086, 345, '231', 2, 11000000, 490, 39, 0, 0),
       (56087, 345, '232', 3, 10000000, 490, 39, 0, 0),
       (56088, 345, '233', 3, 6000000, 770, 39, 0, 0),
       (56089, 345, '234', 2, 3000000, 620, 39, 0, 0),
       (56090, 345, '235', 2, 14000000, 680, 40, 0, 0),
       (56091, 345, '236', 1, 9000000, 190, 40, 0, 0),
       (56092, 345, '237', 1, 15000000, 230, 40, 0, 0),
       (56093, 345, '238', 3, 9000000, 360, 40, 0, 0),
       (56094, 345, '239', 1, 12000000, 780, 40, 0, 0),
       (56095, 345, '240', 2, 9000000, 560, 40, 0, 0),
       (56096, 345, '241', 2, 6000000, 340, 41, 0, 0),
       (56097, 345, '242', 1, 4000000, 360, 41, 0, 0),
       (56098, 345, '243', 1, 13000000, 540, 41, 0, 0),
       (56099, 345, '244', 1, 10000000, 670, 41, 0, 0),
       (56100, 345, '245', 1, 5000000, 510, 41, 0, 0),
       (56101, 345, '246', 1, 6000000, 600, 41, 0, 0),
       (56102, 345, '247', 3, 12000000, 180, 42, 0, 0),
       (56103, 345, '248', 2, 7000000, 430, 42, 0, 0),
       (56104, 345, '249', 2, 12000000, 320, 42, 0, 0),
       (56105, 345, '250', 3, 6000000, 440, 42, 0, 0),
       (56106, 345, '251', 3, 8000000, 660, 42, 0, 0),
       (56107, 345, '252', 1, 14000000, 520, 42, 0, 0),
       (56108, 345, '253', 1, 4000000, 180, 43, 0, 0),
       (56109, 345, '254', 3, 9000000, 550, 43, 0, 0),
       (56110, 345, '255', 1, 4000000, 800, 43, 0, 0),
       (56111, 345, '256', 1, 7000000, 410, 43, 0, 0),
       (56112, 345, '257', 1, 7000000, 790, 43, 0, 0),
       (56113, 345, '258', 3, 15000000, 550, 43, 0, 0),
       (56114, 345, '259', 2, 15000000, 560, 44, 0, 0),
       (56115, 345, '260', 2, 12000000, 530, 44, 0, 0),
       (56116, 345, '261', 1, 4000000, 470, 44, 0, 0),
       (56117, 345, '262', 2, 13000000, 580, 44, 0, 0),
       (56118, 345, '263', 3, 7000000, 220, 44, 0, 0),
       (56119, 345, '264', 1, 3000000, 410, 44, 0, 0),
       (56120, 345, '265', 1, 11000000, 350, 45, 0, 0),
       (56121, 345, '266', 3, 12000000, 260, 45, 0, 0),
       (56122, 345, '267', 2, 6000000, 710, 45, 0, 0),
       (56123, 345, '268', 3, 4000000, 400, 45, 0, 0),
       (56124, 345, '269', 1, 3000000, 290, 45, 0, 0),
       (56125, 345, '270', 2, 4000000, 680, 45, 0, 0),
       (56126, 345, '271', 2, 3000000, 750, 46, 0, 0),
       (56127, 345, '272', 2, 13000000, 730, 46, 0, 0),
       (56128, 345, '273', 1, 9000000, 540, 46, 0, 0),
       (56129, 345, '274', 1, 5000000, 420, 46, 0, 0),
       (56130, 345, '275', 2, 13000000, 330, 46, 0, 0),
       (56131, 345, '276', 1, 15000000, 460, 46, 0, 0),
       (56132, 345, '277', 2, 12000000, 300, 47, 0, 0),
       (56133, 345, '278', 2, 13000000, 480, 47, 0, 0),
       (56134, 345, '279', 2, 10000000, 610, 47, 0, 0),
       (56135, 345, '280', 3, 13000000, 220, 47, 0, 0),
       (56136, 345, '281', 1, 13000000, 290, 47, 0, 0),
       (56137, 345, '282', 2, 14000000, 450, 47, 0, 0),
       (56138, 345, '283', 3, 5000000, 280, 48, 0, 0),
       (56139, 345, '284', 3, 14000000, 570, 48, 0, 0),
       (56140, 345, '285', 2, 13000000, 480, 48, 0, 0),
       (56141, 345, '286', 3, 6000000, 380, 48, 0, 0),
       (56142, 345, '287', 2, 15000000, 650, 48, 0, 0),
       (56143, 345, '288', 3, 13000000, 230, 48, 0, 0),
       (56144, 345, '289', 3, 14000000, 790, 49, 0, 0),
       (56145, 345, '290', 3, 15000000, 470, 49, 0, 0),
       (56146, 345, '291', 2, 8000000, 480, 49, 0, 0),
       (56147, 345, '292', 1, 9000000, 320, 49, 0, 0),
       (56148, 345, '293', 3, 10000000, 260, 49, 0, 0),
       (56149, 345, '294', 1, 7000000, 530, 49, 0, 0);
insert into real_estate_building (id, address, complex_id, floor_count, dev_id)
values (346, 'г. Москва, ул. Краснокаменская, д. 42', 16, 45, 16);
insert into real_estate_object (id, building_id ,local_address, places, price, area, floor, type, estate_type)
values (56150, 346, '1', 1, 5000000, 370, 1, 0, 0),
       (56151, 346, '2', 3, 13000000, 680, 1, 0, 0),
       (56152, 346, '3', 3, 15000000, 750, 1, 0, 0),
       (56153, 346, '4', 1, 6000000, 230, 1, 0, 0),
       (56154, 346, '5', 1, 13000000, 540, 1, 0, 0),
       (56155, 346, '6', 3, 8000000, 760, 1, 0, 0),
       (56156, 346, '7', 1, 6000000, 390, 2, 0, 0),
       (56157, 346, '8', 1, 11000000, 360, 2, 0, 0),
       (56158, 346, '9', 1, 12000000, 730, 2, 0, 0),
       (56159, 346, '10', 1, 5000000, 460, 2, 0, 0),
       (56160, 346, '11', 2, 8000000, 270, 2, 0, 0),
       (56161, 346, '12', 2, 14000000, 330, 2, 0, 0),
       (56162, 346, '13', 2, 7000000, 400, 3, 0, 0),
       (56163, 346, '14', 1, 11000000, 690, 3, 0, 0),
       (56164, 346, '15', 1, 3000000, 400, 3, 0, 0),
       (56165, 346, '16', 2, 15000000, 250, 3, 0, 0),
       (56166, 346, '17', 2, 9000000, 540, 3, 0, 0),
       (56167, 346, '18', 1, 12000000, 410, 3, 0, 0),
       (56168, 346, '19', 3, 11000000, 720, 4, 0, 0),
       (56169, 346, '20', 3, 11000000, 710, 4, 0, 0),
       (56170, 346, '21', 2, 4000000, 310, 4, 0, 0),
       (56171, 346, '22', 3, 5000000, 780, 4, 0, 0),
       (56172, 346, '23', 3, 10000000, 380, 4, 0, 0),
       (56173, 346, '24', 3, 10000000, 270, 4, 0, 0),
       (56174, 346, '25', 1, 5000000, 310, 5, 0, 0),
       (56175, 346, '26', 2, 8000000, 210, 5, 0, 0),
       (56176, 346, '27', 3, 6000000, 540, 5, 0, 0),
       (56177, 346, '28', 1, 3000000, 630, 5, 0, 0),
       (56178, 346, '29', 1, 7000000, 370, 5, 0, 0),
       (56179, 346, '30', 2, 15000000, 530, 5, 0, 0),
       (56180, 346, '31', 2, 9000000, 290, 6, 0, 0),
       (56181, 346, '32', 1, 6000000, 800, 6, 0, 0),
       (56182, 346, '33', 3, 15000000, 510, 6, 0, 0),
       (56183, 346, '34', 1, 4000000, 360, 6, 0, 0),
       (56184, 346, '35', 2, 12000000, 260, 6, 0, 0),
       (56185, 346, '36', 3, 13000000, 800, 6, 0, 0),
       (56186, 346, '37', 2, 4000000, 520, 7, 0, 0),
       (56187, 346, '38', 3, 3000000, 730, 7, 0, 0),
       (56188, 346, '39', 2, 13000000, 190, 7, 0, 0),
       (56189, 346, '40', 2, 7000000, 730, 7, 0, 0),
       (56190, 346, '41', 1, 8000000, 270, 7, 0, 0),
       (56191, 346, '42', 1, 15000000, 620, 7, 0, 0),
       (56192, 346, '43', 3, 6000000, 710, 8, 0, 0),
       (56193, 346, '44', 2, 13000000, 630, 8, 0, 0),
       (56194, 346, '45', 3, 4000000, 690, 8, 0, 0),
       (56195, 346, '46', 3, 9000000, 360, 8, 0, 0),
       (56196, 346, '47', 1, 13000000, 730, 8, 0, 0),
       (56197, 346, '48', 2, 15000000, 300, 8, 0, 0),
       (56198, 346, '49', 2, 7000000, 670, 9, 0, 0),
       (56199, 346, '50', 1, 4000000, 230, 9, 0, 0),
       (56200, 346, '51', 1, 3000000, 440, 9, 0, 0),
       (56201, 346, '52', 1, 7000000, 760, 9, 0, 0),
       (56202, 346, '53', 1, 9000000, 230, 9, 0, 0),
       (56203, 346, '54', 2, 7000000, 550, 9, 0, 0),
       (56204, 346, '55', 1, 6000000, 360, 10, 0, 0),
       (56205, 346, '56', 3, 15000000, 440, 10, 0, 0),
       (56206, 346, '57', 3, 5000000, 210, 10, 0, 0),
       (56207, 346, '58', 1, 12000000, 430, 10, 0, 0),
       (56208, 346, '59', 1, 4000000, 400, 10, 0, 0),
       (56209, 346, '60', 1, 10000000, 320, 10, 0, 0),
       (56210, 346, '61', 3, 4000000, 410, 11, 0, 0),
       (56211, 346, '62', 3, 5000000, 750, 11, 0, 0),
       (56212, 346, '63', 2, 6000000, 730, 11, 0, 0),
       (56213, 346, '64', 1, 8000000, 210, 11, 0, 0),
       (56214, 346, '65', 3, 8000000, 470, 11, 0, 0),
       (56215, 346, '66', 1, 6000000, 700, 11, 0, 0),
       (56216, 346, '67', 2, 14000000, 650, 12, 0, 0),
       (56217, 346, '68', 2, 8000000, 290, 12, 0, 0),
       (56218, 346, '69', 2, 5000000, 280, 12, 0, 0),
       (56219, 346, '70', 1, 9000000, 630, 12, 0, 0),
       (56220, 346, '71', 1, 3000000, 570, 12, 0, 0),
       (56221, 346, '72', 2, 3000000, 330, 12, 0, 0),
       (56222, 346, '73', 1, 10000000, 750, 13, 0, 0),
       (56223, 346, '74', 2, 9000000, 180, 13, 0, 0),
       (56224, 346, '75', 2, 3000000, 380, 13, 0, 0),
       (56225, 346, '76', 3, 3000000, 210, 13, 0, 0),
       (56226, 346, '77', 3, 3000000, 540, 13, 0, 0),
       (56227, 346, '78', 3, 7000000, 800, 13, 0, 0),
       (56228, 346, '79', 1, 6000000, 190, 14, 0, 0),
       (56229, 346, '80', 3, 3000000, 440, 14, 0, 0),
       (56230, 346, '81', 1, 9000000, 520, 14, 0, 0),
       (56231, 346, '82', 1, 9000000, 690, 14, 0, 0),
       (56232, 346, '83', 3, 15000000, 460, 14, 0, 0),
       (56233, 346, '84', 2, 14000000, 460, 14, 0, 0),
       (56234, 346, '85', 3, 6000000, 630, 15, 0, 0),
       (56235, 346, '86', 1, 5000000, 730, 15, 0, 0),
       (56236, 346, '87', 1, 3000000, 510, 15, 0, 0),
       (56237, 346, '88', 3, 8000000, 320, 15, 0, 0),
       (56238, 346, '89', 1, 4000000, 360, 15, 0, 0),
       (56239, 346, '90', 3, 14000000, 550, 15, 0, 0),
       (56240, 346, '91', 3, 11000000, 730, 16, 0, 0),
       (56241, 346, '92', 1, 8000000, 600, 16, 0, 0),
       (56242, 346, '93', 3, 5000000, 310, 16, 0, 0),
       (56243, 346, '94', 2, 12000000, 550, 16, 0, 0),
       (56244, 346, '95', 2, 9000000, 360, 16, 0, 0),
       (56245, 346, '96', 3, 10000000, 220, 16, 0, 0),
       (56246, 346, '97', 1, 9000000, 760, 17, 0, 0),
       (56247, 346, '98', 3, 10000000, 190, 17, 0, 0),
       (56248, 346, '99', 1, 8000000, 270, 17, 0, 0),
       (56249, 346, '100', 1, 10000000, 320, 17, 0, 0),
       (56250, 346, '101', 1, 14000000, 590, 17, 0, 0),
       (56251, 346, '102', 1, 15000000, 800, 17, 0, 0),
       (56252, 346, '103', 1, 14000000, 800, 18, 0, 0),
       (56253, 346, '104', 1, 11000000, 210, 18, 0, 0),
       (56254, 346, '105', 3, 9000000, 470, 18, 0, 0),
       (56255, 346, '106', 2, 13000000, 770, 18, 0, 0),
       (56256, 346, '107', 2, 14000000, 740, 18, 0, 0),
       (56257, 346, '108', 3, 14000000, 800, 18, 0, 0),
       (56258, 346, '109', 2, 4000000, 510, 19, 0, 0),
       (56259, 346, '110', 1, 8000000, 600, 19, 0, 0),
       (56260, 346, '111', 3, 3000000, 500, 19, 0, 0),
       (56261, 346, '112', 2, 11000000, 250, 19, 0, 0),
       (56262, 346, '113', 2, 5000000, 780, 19, 0, 0),
       (56263, 346, '114', 1, 3000000, 280, 19, 0, 0),
       (56264, 346, '115', 3, 5000000, 470, 20, 0, 0),
       (56265, 346, '116', 2, 6000000, 740, 20, 0, 0),
       (56266, 346, '117', 3, 13000000, 560, 20, 0, 0),
       (56267, 346, '118', 3, 12000000, 510, 20, 0, 0),
       (56268, 346, '119', 3, 15000000, 470, 20, 0, 0),
       (56269, 346, '120', 1, 8000000, 560, 20, 0, 0),
       (56270, 346, '121', 2, 5000000, 660, 21, 0, 0),
       (56271, 346, '122', 3, 11000000, 720, 21, 0, 0),
       (56272, 346, '123', 2, 11000000, 760, 21, 0, 0),
       (56273, 346, '124', 3, 9000000, 220, 21, 0, 0),
       (56274, 346, '125', 2, 9000000, 760, 21, 0, 0),
       (56275, 346, '126', 2, 11000000, 770, 21, 0, 0),
       (56276, 346, '127', 1, 3000000, 420, 22, 0, 0),
       (56277, 346, '128', 3, 10000000, 240, 22, 0, 0),
       (56278, 346, '129', 1, 10000000, 630, 22, 0, 0),
       (56279, 346, '130', 1, 8000000, 570, 22, 0, 0),
       (56280, 346, '131', 3, 14000000, 300, 22, 0, 0),
       (56281, 346, '132', 3, 4000000, 440, 22, 0, 0),
       (56282, 346, '133', 2, 9000000, 270, 23, 0, 0),
       (56283, 346, '134', 1, 14000000, 300, 23, 0, 0),
       (56284, 346, '135', 3, 6000000, 500, 23, 0, 0),
       (56285, 346, '136', 1, 14000000, 460, 23, 0, 0),
       (56286, 346, '137', 1, 8000000, 620, 23, 0, 0),
       (56287, 346, '138', 1, 7000000, 430, 23, 0, 0),
       (56288, 346, '139', 3, 3000000, 670, 24, 0, 0),
       (56289, 346, '140', 2, 3000000, 400, 24, 0, 0),
       (56290, 346, '141', 2, 11000000, 410, 24, 0, 0),
       (56291, 346, '142', 3, 4000000, 550, 24, 0, 0),
       (56292, 346, '143', 1, 5000000, 600, 24, 0, 0),
       (56293, 346, '144', 3, 6000000, 440, 24, 0, 0),
       (56294, 346, '145', 2, 10000000, 640, 25, 0, 0),
       (56295, 346, '146', 1, 5000000, 430, 25, 0, 0),
       (56296, 346, '147', 1, 4000000, 360, 25, 0, 0),
       (56297, 346, '148', 3, 13000000, 210, 25, 0, 0),
       (56298, 346, '149', 2, 5000000, 690, 25, 0, 0),
       (56299, 346, '150', 3, 7000000, 390, 25, 0, 0),
       (56300, 346, '151', 1, 12000000, 330, 26, 0, 0),
       (56301, 346, '152', 1, 11000000, 200, 26, 0, 0),
       (56302, 346, '153', 2, 4000000, 740, 26, 0, 0),
       (56303, 346, '154', 2, 8000000, 640, 26, 0, 0),
       (56304, 346, '155', 2, 13000000, 510, 26, 0, 0),
       (56305, 346, '156', 1, 14000000, 280, 26, 0, 0),
       (56306, 346, '157', 1, 8000000, 320, 27, 0, 0),
       (56307, 346, '158', 1, 12000000, 210, 27, 0, 0),
       (56308, 346, '159', 1, 8000000, 510, 27, 0, 0),
       (56309, 346, '160', 2, 6000000, 180, 27, 0, 0),
       (56310, 346, '161', 3, 14000000, 450, 27, 0, 0),
       (56311, 346, '162', 2, 10000000, 420, 27, 0, 0),
       (56312, 346, '163', 1, 11000000, 330, 28, 0, 0),
       (56313, 346, '164', 3, 15000000, 300, 28, 0, 0),
       (56314, 346, '165', 2, 15000000, 620, 28, 0, 0),
       (56315, 346, '166', 1, 7000000, 760, 28, 0, 0),
       (56316, 346, '167', 2, 14000000, 600, 28, 0, 0),
       (56317, 346, '168', 3, 9000000, 390, 28, 0, 0),
       (56318, 346, '169', 1, 10000000, 550, 29, 0, 0),
       (56319, 346, '170', 3, 12000000, 210, 29, 0, 0),
       (56320, 346, '171', 2, 3000000, 260, 29, 0, 0),
       (56321, 346, '172', 2, 9000000, 270, 29, 0, 0),
       (56322, 346, '173', 2, 6000000, 420, 29, 0, 0),
       (56323, 346, '174', 2, 5000000, 580, 29, 0, 0),
       (56324, 346, '175', 3, 12000000, 650, 30, 0, 0),
       (56325, 346, '176', 3, 4000000, 750, 30, 0, 0),
       (56326, 346, '177', 2, 8000000, 580, 30, 0, 0),
       (56327, 346, '178', 3, 5000000, 320, 30, 0, 0),
       (56328, 346, '179', 1, 3000000, 510, 30, 0, 0),
       (56329, 346, '180', 2, 13000000, 210, 30, 0, 0),
       (56330, 346, '181', 1, 10000000, 600, 31, 0, 0),
       (56331, 346, '182', 2, 6000000, 650, 31, 0, 0),
       (56332, 346, '183', 3, 13000000, 530, 31, 0, 0),
       (56333, 346, '184', 1, 13000000, 510, 31, 0, 0),
       (56334, 346, '185', 2, 13000000, 780, 31, 0, 0),
       (56335, 346, '186', 3, 12000000, 730, 31, 0, 0),
       (56336, 346, '187', 1, 12000000, 690, 32, 0, 0),
       (56337, 346, '188', 2, 15000000, 570, 32, 0, 0),
       (56338, 346, '189', 1, 12000000, 310, 32, 0, 0),
       (56339, 346, '190', 2, 7000000, 600, 32, 0, 0),
       (56340, 346, '191', 3, 8000000, 350, 32, 0, 0),
       (56341, 346, '192', 3, 13000000, 690, 32, 0, 0),
       (56342, 346, '193', 1, 13000000, 800, 33, 0, 0),
       (56343, 346, '194', 2, 4000000, 400, 33, 0, 0),
       (56344, 346, '195', 3, 7000000, 500, 33, 0, 0),
       (56345, 346, '196', 3, 7000000, 260, 33, 0, 0),
       (56346, 346, '197', 1, 15000000, 450, 33, 0, 0),
       (56347, 346, '198', 1, 14000000, 620, 33, 0, 0),
       (56348, 346, '199', 2, 8000000, 290, 34, 0, 0),
       (56349, 346, '200', 3, 3000000, 450, 34, 0, 0),
       (56350, 346, '201', 2, 15000000, 290, 34, 0, 0),
       (56351, 346, '202', 1, 5000000, 450, 34, 0, 0),
       (56352, 346, '203', 1, 5000000, 780, 34, 0, 0),
       (56353, 346, '204', 1, 10000000, 440, 34, 0, 0),
       (56354, 346, '205', 1, 15000000, 420, 35, 0, 0),
       (56355, 346, '206', 3, 12000000, 790, 35, 0, 0),
       (56356, 346, '207', 1, 3000000, 510, 35, 0, 0),
       (56357, 346, '208', 1, 7000000, 710, 35, 0, 0),
       (56358, 346, '209', 3, 7000000, 260, 35, 0, 0),
       (56359, 346, '210', 1, 3000000, 560, 35, 0, 0),
       (56360, 346, '211', 3, 9000000, 500, 36, 0, 0),
       (56361, 346, '212', 2, 8000000, 780, 36, 0, 0),
       (56362, 346, '213', 3, 9000000, 270, 36, 0, 0),
       (56363, 346, '214', 2, 8000000, 290, 36, 0, 0),
       (56364, 346, '215', 2, 7000000, 580, 36, 0, 0),
       (56365, 346, '216', 1, 5000000, 190, 36, 0, 0),
       (56366, 346, '217', 1, 12000000, 350, 37, 0, 0),
       (56367, 346, '218', 2, 3000000, 560, 37, 0, 0),
       (56368, 346, '219', 1, 14000000, 590, 37, 0, 0),
       (56369, 346, '220', 1, 9000000, 330, 37, 0, 0),
       (56370, 346, '221', 1, 3000000, 410, 37, 0, 0),
       (56371, 346, '222', 3, 15000000, 660, 37, 0, 0),
       (56372, 346, '223', 3, 5000000, 520, 38, 0, 0),
       (56373, 346, '224', 2, 11000000, 400, 38, 0, 0),
       (56374, 346, '225', 1, 15000000, 180, 38, 0, 0),
       (56375, 346, '226', 1, 6000000, 370, 38, 0, 0),
       (56376, 346, '227', 1, 12000000, 670, 38, 0, 0),
       (56377, 346, '228', 3, 9000000, 220, 38, 0, 0),
       (56378, 346, '229', 2, 12000000, 240, 39, 0, 0),
       (56379, 346, '230', 1, 6000000, 340, 39, 0, 0),
       (56380, 346, '231', 3, 5000000, 540, 39, 0, 0),
       (56381, 346, '232', 3, 7000000, 240, 39, 0, 0),
       (56382, 346, '233', 2, 7000000, 450, 39, 0, 0),
       (56383, 346, '234', 2, 9000000, 370, 39, 0, 0),
       (56384, 346, '235', 3, 6000000, 350, 40, 0, 0),
       (56385, 346, '236', 2, 3000000, 710, 40, 0, 0),
       (56386, 346, '237', 1, 12000000, 790, 40, 0, 0),
       (56387, 346, '238', 3, 8000000, 320, 40, 0, 0),
       (56388, 346, '239', 2, 12000000, 280, 40, 0, 0),
       (56389, 346, '240', 1, 9000000, 300, 40, 0, 0),
       (56390, 346, '241', 3, 4000000, 450, 41, 0, 0),
       (56391, 346, '242', 3, 15000000, 460, 41, 0, 0),
       (56392, 346, '243', 2, 14000000, 190, 41, 0, 0),
       (56393, 346, '244', 2, 7000000, 540, 41, 0, 0),
       (56394, 346, '245', 3, 12000000, 460, 41, 0, 0),
       (56395, 346, '246', 1, 11000000, 410, 41, 0, 0),
       (56396, 346, '247', 3, 7000000, 440, 42, 0, 0),
       (56397, 346, '248', 1, 13000000, 640, 42, 0, 0),
       (56398, 346, '249', 3, 7000000, 500, 42, 0, 0),
       (56399, 346, '250', 3, 11000000, 450, 42, 0, 0),
       (56400, 346, '251', 3, 8000000, 700, 42, 0, 0),
       (56401, 346, '252', 2, 5000000, 620, 42, 0, 0),
       (56402, 346, '253', 3, 5000000, 380, 43, 0, 0),
       (56403, 346, '254', 2, 9000000, 220, 43, 0, 0),
       (56404, 346, '255', 1, 14000000, 680, 43, 0, 0),
       (56405, 346, '256', 2, 6000000, 230, 43, 0, 0),
       (56406, 346, '257', 1, 9000000, 210, 43, 0, 0),
       (56407, 346, '258', 2, 4000000, 530, 43, 0, 0),
       (56408, 346, '259', 2, 5000000, 320, 44, 0, 0),
       (56409, 346, '260', 2, 3000000, 390, 44, 0, 0),
       (56410, 346, '261', 2, 3000000, 490, 44, 0, 0),
       (56411, 346, '262', 2, 12000000, 370, 44, 0, 0),
       (56412, 346, '263', 1, 15000000, 440, 44, 0, 0),
       (56413, 346, '264', 3, 3000000, 640, 44, 0, 0),
       (56414, 346, '265', 1, 4000000, 380, 45, 0, 0),
       (56415, 346, '266', 3, 5000000, 180, 45, 0, 0),
       (56416, 346, '267', 3, 12000000, 490, 45, 0, 0),
       (56417, 346, '268', 1, 12000000, 210, 45, 0, 0),
       (56418, 346, '269', 1, 11000000, 270, 45, 0, 0),
       (56419, 346, '270', 3, 13000000, 210, 45, 0, 0);
insert into real_estate_building (id, address, complex_id, floor_count, dev_id)
values (347, 'г. Москва, ул. Краснокаменская, д. 43', 16, 40, 16);
insert into real_estate_object (id, building_id ,local_address, places, price, area, floor, type, estate_type)
values (56420, 347, '1', 3, 10000000, 740, 1, 0, 0),
       (56421, 347, '2', 3, 10000000, 750, 1, 0, 0),
       (56422, 347, '3', 1, 9000000, 220, 1, 0, 0),
       (56423, 347, '4', 3, 6000000, 770, 1, 0, 0),
       (56424, 347, '5', 2, 7000000, 250, 1, 0, 0),
       (56425, 347, '6', 3, 3000000, 200, 1, 0, 0),
       (56426, 347, '7', 3, 9000000, 480, 2, 0, 0),
       (56427, 347, '8', 2, 7000000, 530, 2, 0, 0),
       (56428, 347, '9', 2, 7000000, 360, 2, 0, 0),
       (56429, 347, '10', 3, 12000000, 530, 2, 0, 0),
       (56430, 347, '11', 1, 9000000, 760, 2, 0, 0),
       (56431, 347, '12', 3, 4000000, 750, 2, 0, 0),
       (56432, 347, '13', 3, 11000000, 470, 3, 0, 0),
       (56433, 347, '14', 3, 14000000, 330, 3, 0, 0),
       (56434, 347, '15', 1, 12000000, 240, 3, 0, 0),
       (56435, 347, '16', 2, 11000000, 220, 3, 0, 0),
       (56436, 347, '17', 2, 10000000, 750, 3, 0, 0),
       (56437, 347, '18', 3, 6000000, 770, 3, 0, 0),
       (56438, 347, '19', 3, 3000000, 540, 4, 0, 0),
       (56439, 347, '20', 3, 12000000, 650, 4, 0, 0),
       (56440, 347, '21', 3, 12000000, 500, 4, 0, 0),
       (56441, 347, '22', 3, 10000000, 610, 4, 0, 0),
       (56442, 347, '23', 3, 12000000, 780, 4, 0, 0),
       (56443, 347, '24', 1, 10000000, 280, 4, 0, 0),
       (56444, 347, '25', 1, 14000000, 490, 5, 0, 0),
       (56445, 347, '26', 3, 4000000, 640, 5, 0, 0),
       (56446, 347, '27', 2, 15000000, 490, 5, 0, 0),
       (56447, 347, '28', 3, 12000000, 360, 5, 0, 0),
       (56448, 347, '29', 1, 4000000, 800, 5, 0, 0),
       (56449, 347, '30', 3, 11000000, 450, 5, 0, 0),
       (56450, 347, '31', 3, 6000000, 580, 6, 0, 0),
       (56451, 347, '32', 3, 14000000, 360, 6, 0, 0),
       (56452, 347, '33', 1, 9000000, 720, 6, 0, 0),
       (56453, 347, '34', 2, 8000000, 580, 6, 0, 0),
       (56454, 347, '35', 2, 11000000, 310, 6, 0, 0),
       (56455, 347, '36', 1, 13000000, 450, 6, 0, 0),
       (56456, 347, '37', 3, 10000000, 210, 7, 0, 0),
       (56457, 347, '38', 2, 9000000, 530, 7, 0, 0),
       (56458, 347, '39', 2, 3000000, 540, 7, 0, 0),
       (56459, 347, '40', 3, 13000000, 460, 7, 0, 0),
       (56460, 347, '41', 2, 4000000, 260, 7, 0, 0),
       (56461, 347, '42', 2, 5000000, 730, 7, 0, 0),
       (56462, 347, '43', 2, 8000000, 740, 8, 0, 0),
       (56463, 347, '44', 2, 3000000, 200, 8, 0, 0),
       (56464, 347, '45', 3, 3000000, 250, 8, 0, 0),
       (56465, 347, '46', 1, 7000000, 710, 8, 0, 0),
       (56466, 347, '47', 2, 7000000, 230, 8, 0, 0),
       (56467, 347, '48', 3, 14000000, 730, 8, 0, 0),
       (56468, 347, '49', 2, 7000000, 750, 9, 0, 0),
       (56469, 347, '50', 3, 4000000, 400, 9, 0, 0),
       (56470, 347, '51', 2, 4000000, 510, 9, 0, 0),
       (56471, 347, '52', 3, 14000000, 190, 9, 0, 0),
       (56472, 347, '53', 1, 10000000, 390, 9, 0, 0),
       (56473, 347, '54', 2, 9000000, 240, 9, 0, 0),
       (56474, 347, '55', 2, 13000000, 520, 10, 0, 0),
       (56475, 347, '56', 1, 3000000, 410, 10, 0, 0),
       (56476, 347, '57', 2, 11000000, 190, 10, 0, 0),
       (56477, 347, '58', 1, 9000000, 540, 10, 0, 0),
       (56478, 347, '59', 1, 11000000, 780, 10, 0, 0),
       (56479, 347, '60', 2, 3000000, 620, 10, 0, 0),
       (56480, 347, '61', 1, 8000000, 180, 11, 0, 0),
       (56481, 347, '62', 3, 14000000, 230, 11, 0, 0),
       (56482, 347, '63', 2, 11000000, 380, 11, 0, 0),
       (56483, 347, '64', 3, 4000000, 300, 11, 0, 0),
       (56484, 347, '65', 1, 15000000, 520, 11, 0, 0),
       (56485, 347, '66', 3, 11000000, 330, 11, 0, 0),
       (56486, 347, '67', 1, 10000000, 640, 12, 0, 0),
       (56487, 347, '68', 3, 10000000, 450, 12, 0, 0),
       (56488, 347, '69', 1, 7000000, 300, 12, 0, 0),
       (56489, 347, '70', 1, 5000000, 280, 12, 0, 0),
       (56490, 347, '71', 2, 9000000, 620, 12, 0, 0),
       (56491, 347, '72', 2, 12000000, 720, 12, 0, 0),
       (56492, 347, '73', 3, 4000000, 320, 13, 0, 0),
       (56493, 347, '74', 3, 12000000, 560, 13, 0, 0),
       (56494, 347, '75', 3, 12000000, 650, 13, 0, 0),
       (56495, 347, '76', 3, 3000000, 190, 13, 0, 0),
       (56496, 347, '77', 3, 5000000, 770, 13, 0, 0),
       (56497, 347, '78', 3, 7000000, 530, 13, 0, 0),
       (56498, 347, '79', 2, 11000000, 670, 14, 0, 0),
       (56499, 347, '80', 2, 4000000, 370, 14, 0, 0),
       (56500, 347, '81', 2, 10000000, 180, 14, 0, 0),
       (56501, 347, '82', 2, 14000000, 780, 14, 0, 0),
       (56502, 347, '83', 1, 3000000, 430, 14, 0, 0),
       (56503, 347, '84', 1, 7000000, 690, 14, 0, 0),
       (56504, 347, '85', 2, 8000000, 230, 15, 0, 0),
       (56505, 347, '86', 2, 15000000, 570, 15, 0, 0),
       (56506, 347, '87', 1, 12000000, 540, 15, 0, 0),
       (56507, 347, '88', 1, 3000000, 370, 15, 0, 0),
       (56508, 347, '89', 3, 15000000, 620, 15, 0, 0),
       (56509, 347, '90', 1, 5000000, 270, 15, 0, 0),
       (56510, 347, '91', 2, 10000000, 800, 16, 0, 0),
       (56511, 347, '92', 3, 4000000, 680, 16, 0, 0),
       (56512, 347, '93', 3, 12000000, 380, 16, 0, 0),
       (56513, 347, '94', 3, 15000000, 600, 16, 0, 0),
       (56514, 347, '95', 3, 7000000, 660, 16, 0, 0),
       (56515, 347, '96', 3, 12000000, 480, 16, 0, 0),
       (56516, 347, '97', 1, 7000000, 660, 17, 0, 0),
       (56517, 347, '98', 3, 13000000, 510, 17, 0, 0),
       (56518, 347, '99', 2, 10000000, 320, 17, 0, 0),
       (56519, 347, '100', 3, 9000000, 580, 17, 0, 0),
       (56520, 347, '101', 1, 4000000, 610, 17, 0, 0),
       (56521, 347, '102', 1, 13000000, 280, 17, 0, 0),
       (56522, 347, '103', 3, 14000000, 620, 18, 0, 0),
       (56523, 347, '104', 2, 8000000, 650, 18, 0, 0),
       (56524, 347, '105', 2, 8000000, 590, 18, 0, 0),
       (56525, 347, '106', 2, 12000000, 250, 18, 0, 0),
       (56526, 347, '107', 2, 6000000, 570, 18, 0, 0),
       (56527, 347, '108', 2, 14000000, 230, 18, 0, 0),
       (56528, 347, '109', 2, 6000000, 580, 19, 0, 0),
       (56529, 347, '110', 3, 5000000, 520, 19, 0, 0),
       (56530, 347, '111', 1, 15000000, 260, 19, 0, 0),
       (56531, 347, '112', 1, 9000000, 730, 19, 0, 0),
       (56532, 347, '113', 2, 10000000, 650, 19, 0, 0),
       (56533, 347, '114', 2, 12000000, 710, 19, 0, 0),
       (56534, 347, '115', 3, 6000000, 790, 20, 0, 0),
       (56535, 347, '116', 2, 12000000, 500, 20, 0, 0),
       (56536, 347, '117', 1, 15000000, 650, 20, 0, 0),
       (56537, 347, '118', 2, 12000000, 280, 20, 0, 0),
       (56538, 347, '119', 3, 3000000, 440, 20, 0, 0),
       (56539, 347, '120', 2, 15000000, 670, 20, 0, 0),
       (56540, 347, '121', 2, 15000000, 180, 21, 0, 0),
       (56541, 347, '122', 1, 4000000, 410, 21, 0, 0),
       (56542, 347, '123', 3, 10000000, 380, 21, 0, 0),
       (56543, 347, '124', 1, 14000000, 440, 21, 0, 0),
       (56544, 347, '125', 3, 5000000, 330, 21, 0, 0),
       (56545, 347, '126', 1, 9000000, 530, 21, 0, 0),
       (56546, 347, '127', 1, 10000000, 260, 22, 0, 0),
       (56547, 347, '128', 2, 8000000, 360, 22, 0, 0),
       (56548, 347, '129', 1, 13000000, 740, 22, 0, 0),
       (56549, 347, '130', 2, 6000000, 380, 22, 0, 0),
       (56550, 347, '131', 3, 13000000, 430, 22, 0, 0),
       (56551, 347, '132', 1, 15000000, 380, 22, 0, 0),
       (56552, 347, '133', 1, 4000000, 230, 23, 0, 0),
       (56553, 347, '134', 1, 15000000, 440, 23, 0, 0),
       (56554, 347, '135', 2, 5000000, 740, 23, 0, 0),
       (56555, 347, '136', 2, 4000000, 330, 23, 0, 0),
       (56556, 347, '137', 3, 10000000, 210, 23, 0, 0),
       (56557, 347, '138', 1, 10000000, 550, 23, 0, 0),
       (56558, 347, '139', 2, 11000000, 710, 24, 0, 0),
       (56559, 347, '140', 3, 10000000, 500, 24, 0, 0),
       (56560, 347, '141', 2, 11000000, 750, 24, 0, 0),
       (56561, 347, '142', 3, 11000000, 410, 24, 0, 0),
       (56562, 347, '143', 1, 15000000, 740, 24, 0, 0),
       (56563, 347, '144', 1, 14000000, 460, 24, 0, 0),
       (56564, 347, '145', 1, 9000000, 400, 25, 0, 0),
       (56565, 347, '146', 1, 11000000, 280, 25, 0, 0),
       (56566, 347, '147', 1, 15000000, 660, 25, 0, 0),
       (56567, 347, '148', 1, 6000000, 760, 25, 0, 0),
       (56568, 347, '149', 1, 11000000, 520, 25, 0, 0),
       (56569, 347, '150', 2, 5000000, 620, 25, 0, 0),
       (56570, 347, '151', 2, 10000000, 800, 26, 0, 0),
       (56571, 347, '152', 1, 6000000, 300, 26, 0, 0),
       (56572, 347, '153', 3, 3000000, 550, 26, 0, 0),
       (56573, 347, '154', 2, 7000000, 740, 26, 0, 0),
       (56574, 347, '155', 3, 4000000, 320, 26, 0, 0),
       (56575, 347, '156', 2, 7000000, 730, 26, 0, 0),
       (56576, 347, '157', 1, 13000000, 340, 27, 0, 0),
       (56577, 347, '158', 1, 4000000, 760, 27, 0, 0),
       (56578, 347, '159', 3, 13000000, 700, 27, 0, 0),
       (56579, 347, '160', 1, 4000000, 450, 27, 0, 0),
       (56580, 347, '161', 1, 8000000, 640, 27, 0, 0),
       (56581, 347, '162', 1, 11000000, 720, 27, 0, 0),
       (56582, 347, '163', 3, 9000000, 770, 28, 0, 0),
       (56583, 347, '164', 3, 12000000, 360, 28, 0, 0),
       (56584, 347, '165', 3, 4000000, 390, 28, 0, 0),
       (56585, 347, '166', 2, 15000000, 570, 28, 0, 0),
       (56586, 347, '167', 1, 4000000, 370, 28, 0, 0),
       (56587, 347, '168', 1, 15000000, 420, 28, 0, 0),
       (56588, 347, '169', 3, 4000000, 400, 29, 0, 0),
       (56589, 347, '170', 1, 12000000, 640, 29, 0, 0),
       (56590, 347, '171', 2, 3000000, 440, 29, 0, 0),
       (56591, 347, '172', 2, 15000000, 420, 29, 0, 0),
       (56592, 347, '173', 2, 13000000, 310, 29, 0, 0),
       (56593, 347, '174', 1, 9000000, 220, 29, 0, 0),
       (56594, 347, '175', 3, 8000000, 280, 30, 0, 0),
       (56595, 347, '176', 3, 6000000, 590, 30, 0, 0),
       (56596, 347, '177', 3, 5000000, 230, 30, 0, 0),
       (56597, 347, '178', 3, 6000000, 630, 30, 0, 0),
       (56598, 347, '179', 3, 6000000, 780, 30, 0, 0),
       (56599, 347, '180', 2, 5000000, 640, 30, 0, 0),
       (56600, 347, '181', 3, 6000000, 790, 31, 0, 0),
       (56601, 347, '182', 3, 8000000, 660, 31, 0, 0),
       (56602, 347, '183', 3, 10000000, 480, 31, 0, 0),
       (56603, 347, '184', 2, 15000000, 550, 31, 0, 0),
       (56604, 347, '185', 2, 11000000, 550, 31, 0, 0),
       (56605, 347, '186', 2, 3000000, 460, 31, 0, 0),
       (56606, 347, '187', 1, 9000000, 800, 32, 0, 0),
       (56607, 347, '188', 3, 14000000, 750, 32, 0, 0),
       (56608, 347, '189', 3, 15000000, 740, 32, 0, 0),
       (56609, 347, '190', 1, 15000000, 190, 32, 0, 0),
       (56610, 347, '191', 2, 4000000, 290, 32, 0, 0),
       (56611, 347, '192', 1, 14000000, 690, 32, 0, 0),
       (56612, 347, '193', 3, 4000000, 750, 33, 0, 0),
       (56613, 347, '194', 3, 6000000, 500, 33, 0, 0),
       (56614, 347, '195', 3, 13000000, 430, 33, 0, 0),
       (56615, 347, '196', 3, 6000000, 360, 33, 0, 0),
       (56616, 347, '197', 2, 11000000, 510, 33, 0, 0),
       (56617, 347, '198', 3, 9000000, 680, 33, 0, 0),
       (56618, 347, '199', 2, 14000000, 410, 34, 0, 0),
       (56619, 347, '200', 3, 10000000, 660, 34, 0, 0),
       (56620, 347, '201', 1, 11000000, 460, 34, 0, 0),
       (56621, 347, '202', 1, 9000000, 800, 34, 0, 0),
       (56622, 347, '203', 3, 11000000, 360, 34, 0, 0),
       (56623, 347, '204', 3, 10000000, 410, 34, 0, 0),
       (56624, 347, '205', 1, 12000000, 690, 35, 0, 0),
       (56625, 347, '206', 2, 15000000, 210, 35, 0, 0),
       (56626, 347, '207', 3, 8000000, 220, 35, 0, 0),
       (56627, 347, '208', 1, 11000000, 430, 35, 0, 0),
       (56628, 347, '209', 2, 5000000, 300, 35, 0, 0),
       (56629, 347, '210', 2, 15000000, 250, 35, 0, 0),
       (56630, 347, '211', 2, 3000000, 240, 36, 0, 0),
       (56631, 347, '212', 3, 3000000, 310, 36, 0, 0),
       (56632, 347, '213', 2, 10000000, 430, 36, 0, 0),
       (56633, 347, '214', 3, 4000000, 530, 36, 0, 0),
       (56634, 347, '215', 2, 9000000, 520, 36, 0, 0),
       (56635, 347, '216', 3, 3000000, 360, 36, 0, 0),
       (56636, 347, '217', 3, 10000000, 470, 37, 0, 0),
       (56637, 347, '218', 3, 12000000, 760, 37, 0, 0),
       (56638, 347, '219', 3, 12000000, 580, 37, 0, 0),
       (56639, 347, '220', 2, 3000000, 400, 37, 0, 0),
       (56640, 347, '221', 2, 7000000, 480, 37, 0, 0),
       (56641, 347, '222', 3, 13000000, 430, 37, 0, 0),
       (56642, 347, '223', 2, 12000000, 240, 38, 0, 0),
       (56643, 347, '224', 3, 8000000, 610, 38, 0, 0),
       (56644, 347, '225', 3, 4000000, 260, 38, 0, 0),
       (56645, 347, '226', 2, 6000000, 560, 38, 0, 0),
       (56646, 347, '227', 3, 3000000, 460, 38, 0, 0),
       (56647, 347, '228', 2, 4000000, 340, 38, 0, 0),
       (56648, 347, '229', 3, 6000000, 720, 39, 0, 0),
       (56649, 347, '230', 2, 6000000, 710, 39, 0, 0),
       (56650, 347, '231', 2, 11000000, 580, 39, 0, 0),
       (56651, 347, '232', 2, 3000000, 790, 39, 0, 0),
       (56652, 347, '233', 2, 3000000, 380, 39, 0, 0),
       (56653, 347, '234', 1, 11000000, 780, 39, 0, 0),
       (56654, 347, '235', 2, 5000000, 250, 40, 0, 0),
       (56655, 347, '236', 2, 7000000, 340, 40, 0, 0),
       (56656, 347, '237', 2, 8000000, 750, 40, 0, 0),
       (56657, 347, '238', 2, 7000000, 720, 40, 0, 0),
       (56658, 347, '239', 1, 3000000, 500, 40, 0, 0),
       (56659, 347, '240', 3, 11000000, 670, 40, 0, 0);
insert into real_estate_building (id, address, complex_id, floor_count, dev_id)
values (348, 'г. Москва, ул. Краснокаменская, д. 44', 16, 50, 16);
insert into real_estate_object (id, building_id ,local_address, places, price, area, floor, type, estate_type)
values (56660, 348, '1', 2, 9000000, 730, 1, 0, 0),
       (56661, 348, '2', 3, 12000000, 590, 1, 0, 0),
       (56662, 348, '3', 2, 8000000, 540, 1, 0, 0),
       (56663, 348, '4', 2, 4000000, 400, 1, 0, 0),
       (56664, 348, '5', 1, 14000000, 340, 1, 0, 0),
       (56665, 348, '6', 1, 4000000, 690, 1, 0, 0),
       (56666, 348, '7', 3, 14000000, 230, 2, 0, 0),
       (56667, 348, '8', 2, 9000000, 500, 2, 0, 0),
       (56668, 348, '9', 3, 4000000, 450, 2, 0, 0),
       (56669, 348, '10', 2, 14000000, 350, 2, 0, 0),
       (56670, 348, '11', 2, 14000000, 800, 2, 0, 0),
       (56671, 348, '12', 3, 13000000, 230, 2, 0, 0),
       (56672, 348, '13', 1, 8000000, 450, 3, 0, 0),
       (56673, 348, '14', 3, 5000000, 490, 3, 0, 0),
       (56674, 348, '15', 2, 13000000, 610, 3, 0, 0),
       (56675, 348, '16', 3, 9000000, 530, 3, 0, 0),
       (56676, 348, '17', 1, 6000000, 600, 3, 0, 0),
       (56677, 348, '18', 2, 3000000, 490, 3, 0, 0),
       (56678, 348, '19', 1, 12000000, 780, 4, 0, 0),
       (56679, 348, '20', 1, 7000000, 360, 4, 0, 0),
       (56680, 348, '21', 2, 4000000, 550, 4, 0, 0),
       (56681, 348, '22', 3, 15000000, 650, 4, 0, 0),
       (56682, 348, '23', 1, 9000000, 350, 4, 0, 0),
       (56683, 348, '24', 2, 15000000, 570, 4, 0, 0),
       (56684, 348, '25', 2, 14000000, 570, 5, 0, 0),
       (56685, 348, '26', 3, 6000000, 470, 5, 0, 0),
       (56686, 348, '27', 1, 4000000, 350, 5, 0, 0),
       (56687, 348, '28', 2, 3000000, 550, 5, 0, 0),
       (56688, 348, '29', 2, 9000000, 590, 5, 0, 0),
       (56689, 348, '30', 1, 5000000, 330, 5, 0, 0),
       (56690, 348, '31', 3, 12000000, 340, 6, 0, 0),
       (56691, 348, '32', 2, 14000000, 470, 6, 0, 0),
       (56692, 348, '33', 1, 13000000, 570, 6, 0, 0),
       (56693, 348, '34', 2, 15000000, 620, 6, 0, 0),
       (56694, 348, '35', 2, 6000000, 320, 6, 0, 0),
       (56695, 348, '36', 2, 5000000, 300, 6, 0, 0),
       (56696, 348, '37', 3, 11000000, 490, 7, 0, 0),
       (56697, 348, '38', 2, 7000000, 410, 7, 0, 0),
       (56698, 348, '39', 3, 11000000, 300, 7, 0, 0),
       (56699, 348, '40', 1, 13000000, 660, 7, 0, 0),
       (56700, 348, '41', 1, 8000000, 430, 7, 0, 0),
       (56701, 348, '42', 3, 8000000, 360, 7, 0, 0),
       (56702, 348, '43', 3, 8000000, 340, 8, 0, 0),
       (56703, 348, '44', 1, 12000000, 190, 8, 0, 0),
       (56704, 348, '45', 3, 6000000, 350, 8, 0, 0),
       (56705, 348, '46', 1, 7000000, 180, 8, 0, 0),
       (56706, 348, '47', 2, 3000000, 750, 8, 0, 0),
       (56707, 348, '48', 3, 13000000, 350, 8, 0, 0),
       (56708, 348, '49', 3, 11000000, 780, 9, 0, 0),
       (56709, 348, '50', 1, 13000000, 780, 9, 0, 0),
       (56710, 348, '51', 1, 3000000, 380, 9, 0, 0),
       (56711, 348, '52', 3, 8000000, 460, 9, 0, 0),
       (56712, 348, '53', 3, 5000000, 290, 9, 0, 0),
       (56713, 348, '54', 2, 6000000, 270, 9, 0, 0),
       (56714, 348, '55', 3, 8000000, 490, 10, 0, 0),
       (56715, 348, '56', 2, 7000000, 470, 10, 0, 0),
       (56716, 348, '57', 3, 10000000, 720, 10, 0, 0),
       (56717, 348, '58', 2, 12000000, 520, 10, 0, 0),
       (56718, 348, '59', 3, 9000000, 420, 10, 0, 0),
       (56719, 348, '60', 1, 13000000, 440, 10, 0, 0),
       (56720, 348, '61', 1, 10000000, 450, 11, 0, 0),
       (56721, 348, '62', 1, 11000000, 450, 11, 0, 0),
       (56722, 348, '63', 2, 12000000, 690, 11, 0, 0),
       (56723, 348, '64', 2, 4000000, 630, 11, 0, 0),
       (56724, 348, '65', 2, 12000000, 550, 11, 0, 0),
       (56725, 348, '66', 1, 12000000, 190, 11, 0, 0),
       (56726, 348, '67', 2, 4000000, 230, 12, 0, 0),
       (56727, 348, '68', 1, 7000000, 410, 12, 0, 0),
       (56728, 348, '69', 3, 13000000, 720, 12, 0, 0),
       (56729, 348, '70', 1, 3000000, 310, 12, 0, 0),
       (56730, 348, '71', 3, 8000000, 690, 12, 0, 0),
       (56731, 348, '72', 3, 14000000, 280, 12, 0, 0),
       (56732, 348, '73', 2, 14000000, 510, 13, 0, 0),
       (56733, 348, '74', 1, 11000000, 230, 13, 0, 0),
       (56734, 348, '75', 2, 11000000, 520, 13, 0, 0),
       (56735, 348, '76', 3, 8000000, 560, 13, 0, 0),
       (56736, 348, '77', 2, 6000000, 430, 13, 0, 0),
       (56737, 348, '78', 2, 14000000, 610, 13, 0, 0),
       (56738, 348, '79', 3, 7000000, 760, 14, 0, 0),
       (56739, 348, '80', 1, 5000000, 760, 14, 0, 0),
       (56740, 348, '81', 1, 3000000, 260, 14, 0, 0),
       (56741, 348, '82', 2, 10000000, 220, 14, 0, 0),
       (56742, 348, '83', 3, 10000000, 390, 14, 0, 0),
       (56743, 348, '84', 3, 15000000, 540, 14, 0, 0),
       (56744, 348, '85', 2, 5000000, 570, 15, 0, 0),
       (56745, 348, '86', 3, 3000000, 630, 15, 0, 0),
       (56746, 348, '87', 2, 10000000, 740, 15, 0, 0),
       (56747, 348, '88', 2, 12000000, 400, 15, 0, 0),
       (56748, 348, '89', 1, 11000000, 610, 15, 0, 0),
       (56749, 348, '90', 1, 15000000, 690, 15, 0, 0),
       (56750, 348, '91', 1, 14000000, 600, 16, 0, 0),
       (56751, 348, '92', 2, 13000000, 370, 16, 0, 0),
       (56752, 348, '93', 3, 7000000, 280, 16, 0, 0),
       (56753, 348, '94', 1, 3000000, 180, 16, 0, 0),
       (56754, 348, '95', 2, 3000000, 690, 16, 0, 0),
       (56755, 348, '96', 3, 15000000, 780, 16, 0, 0),
       (56756, 348, '97', 1, 10000000, 260, 17, 0, 0),
       (56757, 348, '98', 2, 3000000, 370, 17, 0, 0),
       (56758, 348, '99', 2, 5000000, 420, 17, 0, 0),
       (56759, 348, '100', 1, 12000000, 600, 17, 0, 0),
       (56760, 348, '101', 1, 14000000, 220, 17, 0, 0),
       (56761, 348, '102', 3, 6000000, 320, 17, 0, 0),
       (56762, 348, '103', 3, 13000000, 510, 18, 0, 0),
       (56763, 348, '104', 2, 12000000, 300, 18, 0, 0),
       (56764, 348, '105', 3, 6000000, 420, 18, 0, 0),
       (56765, 348, '106', 1, 14000000, 660, 18, 0, 0),
       (56766, 348, '107', 2, 3000000, 770, 18, 0, 0),
       (56767, 348, '108', 1, 14000000, 690, 18, 0, 0),
       (56768, 348, '109', 3, 3000000, 330, 19, 0, 0),
       (56769, 348, '110', 3, 11000000, 470, 19, 0, 0),
       (56770, 348, '111', 3, 5000000, 460, 19, 0, 0),
       (56771, 348, '112', 3, 4000000, 710, 19, 0, 0),
       (56772, 348, '113', 2, 9000000, 760, 19, 0, 0),
       (56773, 348, '114', 1, 6000000, 590, 19, 0, 0),
       (56774, 348, '115', 2, 14000000, 710, 20, 0, 0),
       (56775, 348, '116', 1, 11000000, 680, 20, 0, 0),
       (56776, 348, '117', 2, 11000000, 180, 20, 0, 0),
       (56777, 348, '118', 3, 7000000, 480, 20, 0, 0),
       (56778, 348, '119', 1, 12000000, 540, 20, 0, 0),
       (56779, 348, '120', 2, 5000000, 350, 20, 0, 0),
       (56780, 348, '121', 1, 11000000, 770, 21, 0, 0),
       (56781, 348, '122', 1, 3000000, 650, 21, 0, 0),
       (56782, 348, '123', 1, 4000000, 330, 21, 0, 0),
       (56783, 348, '124', 3, 13000000, 480, 21, 0, 0),
       (56784, 348, '125', 1, 11000000, 310, 21, 0, 0),
       (56785, 348, '126', 3, 6000000, 230, 21, 0, 0),
       (56786, 348, '127', 1, 14000000, 270, 22, 0, 0),
       (56787, 348, '128', 2, 6000000, 220, 22, 0, 0),
       (56788, 348, '129', 2, 12000000, 360, 22, 0, 0),
       (56789, 348, '130', 3, 13000000, 800, 22, 0, 0),
       (56790, 348, '131', 2, 10000000, 650, 22, 0, 0),
       (56791, 348, '132', 3, 3000000, 290, 22, 0, 0),
       (56792, 348, '133', 2, 7000000, 340, 23, 0, 0),
       (56793, 348, '134', 3, 11000000, 500, 23, 0, 0),
       (56794, 348, '135', 1, 9000000, 350, 23, 0, 0),
       (56795, 348, '136', 2, 8000000, 380, 23, 0, 0),
       (56796, 348, '137', 1, 11000000, 180, 23, 0, 0),
       (56797, 348, '138', 3, 5000000, 770, 23, 0, 0),
       (56798, 348, '139', 3, 8000000, 630, 24, 0, 0),
       (56799, 348, '140', 2, 14000000, 600, 24, 0, 0),
       (56800, 348, '141', 2, 11000000, 700, 24, 0, 0),
       (56801, 348, '142', 2, 11000000, 410, 24, 0, 0),
       (56802, 348, '143', 2, 10000000, 210, 24, 0, 0),
       (56803, 348, '144', 2, 13000000, 760, 24, 0, 0),
       (56804, 348, '145', 3, 7000000, 500, 25, 0, 0),
       (56805, 348, '146', 2, 6000000, 450, 25, 0, 0),
       (56806, 348, '147', 2, 9000000, 710, 25, 0, 0),
       (56807, 348, '148', 1, 11000000, 330, 25, 0, 0),
       (56808, 348, '149', 3, 12000000, 570, 25, 0, 0),
       (56809, 348, '150', 3, 14000000, 620, 25, 0, 0),
       (56810, 348, '151', 1, 9000000, 800, 26, 0, 0),
       (56811, 348, '152', 1, 9000000, 260, 26, 0, 0),
       (56812, 348, '153', 1, 3000000, 790, 26, 0, 0),
       (56813, 348, '154', 1, 10000000, 290, 26, 0, 0),
       (56814, 348, '155', 1, 4000000, 710, 26, 0, 0),
       (56815, 348, '156', 2, 5000000, 620, 26, 0, 0),
       (56816, 348, '157', 1, 11000000, 330, 27, 0, 0),
       (56817, 348, '158', 3, 4000000, 550, 27, 0, 0),
       (56818, 348, '159', 1, 4000000, 440, 27, 0, 0),
       (56819, 348, '160', 1, 12000000, 510, 27, 0, 0),
       (56820, 348, '161', 3, 15000000, 640, 27, 0, 0),
       (56821, 348, '162', 3, 9000000, 590, 27, 0, 0),
       (56822, 348, '163', 3, 4000000, 700, 28, 0, 0),
       (56823, 348, '164', 2, 14000000, 750, 28, 0, 0),
       (56824, 348, '165', 3, 10000000, 570, 28, 0, 0),
       (56825, 348, '166', 2, 7000000, 460, 28, 0, 0),
       (56826, 348, '167', 3, 3000000, 520, 28, 0, 0),
       (56827, 348, '168', 3, 13000000, 490, 28, 0, 0),
       (56828, 348, '169', 2, 5000000, 440, 29, 0, 0),
       (56829, 348, '170', 1, 14000000, 340, 29, 0, 0),
       (56830, 348, '171', 2, 14000000, 600, 29, 0, 0),
       (56831, 348, '172', 2, 14000000, 670, 29, 0, 0),
       (56832, 348, '173', 1, 9000000, 680, 29, 0, 0),
       (56833, 348, '174', 1, 5000000, 230, 29, 0, 0),
       (56834, 348, '175', 3, 9000000, 670, 30, 0, 0),
       (56835, 348, '176', 1, 8000000, 220, 30, 0, 0),
       (56836, 348, '177', 3, 6000000, 380, 30, 0, 0),
       (56837, 348, '178', 3, 10000000, 630, 30, 0, 0),
       (56838, 348, '179', 2, 3000000, 280, 30, 0, 0),
       (56839, 348, '180', 1, 12000000, 490, 30, 0, 0),
       (56840, 348, '181', 1, 9000000, 670, 31, 0, 0),
       (56841, 348, '182', 2, 14000000, 550, 31, 0, 0),
       (56842, 348, '183', 2, 9000000, 800, 31, 0, 0),
       (56843, 348, '184', 3, 4000000, 640, 31, 0, 0),
       (56844, 348, '185', 1, 10000000, 350, 31, 0, 0),
       (56845, 348, '186', 1, 15000000, 460, 31, 0, 0),
       (56846, 348, '187', 3, 7000000, 550, 32, 0, 0),
       (56847, 348, '188', 1, 9000000, 470, 32, 0, 0),
       (56848, 348, '189', 2, 4000000, 220, 32, 0, 0),
       (56849, 348, '190', 3, 15000000, 190, 32, 0, 0),
       (56850, 348, '191', 1, 14000000, 640, 32, 0, 0),
       (56851, 348, '192', 1, 7000000, 750, 32, 0, 0),
       (56852, 348, '193', 1, 12000000, 630, 33, 0, 0),
       (56853, 348, '194', 1, 3000000, 560, 33, 0, 0),
       (56854, 348, '195', 3, 12000000, 770, 33, 0, 0),
       (56855, 348, '196', 2, 11000000, 620, 33, 0, 0),
       (56856, 348, '197', 2, 4000000, 720, 33, 0, 0),
       (56857, 348, '198', 1, 5000000, 240, 33, 0, 0),
       (56858, 348, '199', 2, 10000000, 630, 34, 0, 0),
       (56859, 348, '200', 1, 7000000, 720, 34, 0, 0),
       (56860, 348, '201', 3, 6000000, 560, 34, 0, 0),
       (56861, 348, '202', 3, 11000000, 620, 34, 0, 0),
       (56862, 348, '203', 2, 6000000, 600, 34, 0, 0),
       (56863, 348, '204', 1, 9000000, 400, 34, 0, 0),
       (56864, 348, '205', 3, 5000000, 540, 35, 0, 0),
       (56865, 348, '206', 3, 8000000, 250, 35, 0, 0),
       (56866, 348, '207', 1, 9000000, 610, 35, 0, 0),
       (56867, 348, '208', 1, 14000000, 570, 35, 0, 0),
       (56868, 348, '209', 3, 13000000, 550, 35, 0, 0),
       (56869, 348, '210', 1, 4000000, 440, 35, 0, 0),
       (56870, 348, '211', 3, 4000000, 690, 36, 0, 0),
       (56871, 348, '212', 2, 10000000, 480, 36, 0, 0),
       (56872, 348, '213', 1, 14000000, 390, 36, 0, 0),
       (56873, 348, '214', 3, 15000000, 250, 36, 0, 0),
       (56874, 348, '215', 1, 10000000, 460, 36, 0, 0),
       (56875, 348, '216', 2, 14000000, 700, 36, 0, 0),
       (56876, 348, '217', 2, 13000000, 790, 37, 0, 0),
       (56877, 348, '218', 1, 12000000, 570, 37, 0, 0),
       (56878, 348, '219', 3, 13000000, 510, 37, 0, 0),
       (56879, 348, '220', 2, 13000000, 620, 37, 0, 0),
       (56880, 348, '221', 2, 9000000, 750, 37, 0, 0),
       (56881, 348, '222', 1, 12000000, 690, 37, 0, 0),
       (56882, 348, '223', 2, 4000000, 600, 38, 0, 0),
       (56883, 348, '224', 2, 15000000, 300, 38, 0, 0),
       (56884, 348, '225', 1, 7000000, 530, 38, 0, 0),
       (56885, 348, '226', 3, 10000000, 260, 38, 0, 0),
       (56886, 348, '227', 2, 3000000, 310, 38, 0, 0),
       (56887, 348, '228', 3, 9000000, 390, 38, 0, 0),
       (56888, 348, '229', 2, 14000000, 740, 39, 0, 0),
       (56889, 348, '230', 3, 10000000, 510, 39, 0, 0),
       (56890, 348, '231', 2, 3000000, 660, 39, 0, 0),
       (56891, 348, '232', 3, 6000000, 460, 39, 0, 0),
       (56892, 348, '233', 2, 11000000, 650, 39, 0, 0),
       (56893, 348, '234', 1, 9000000, 280, 39, 0, 0),
       (56894, 348, '235', 2, 5000000, 760, 40, 0, 0),
       (56895, 348, '236', 3, 15000000, 380, 40, 0, 0),
       (56896, 348, '237', 3, 5000000, 420, 40, 0, 0),
       (56897, 348, '238', 3, 9000000, 410, 40, 0, 0),
       (56898, 348, '239', 3, 11000000, 760, 40, 0, 0),
       (56899, 348, '240', 3, 3000000, 250, 40, 0, 0),
       (56900, 348, '241', 3, 4000000, 640, 41, 0, 0),
       (56901, 348, '242', 2, 11000000, 560, 41, 0, 0),
       (56902, 348, '243', 1, 8000000, 390, 41, 0, 0),
       (56903, 348, '244', 3, 9000000, 620, 41, 0, 0),
       (56904, 348, '245', 1, 3000000, 690, 41, 0, 0),
       (56905, 348, '246', 2, 3000000, 700, 41, 0, 0),
       (56906, 348, '247', 2, 13000000, 510, 42, 0, 0),
       (56907, 348, '248', 1, 15000000, 380, 42, 0, 0),
       (56908, 348, '249', 2, 4000000, 180, 42, 0, 0),
       (56909, 348, '250', 2, 4000000, 270, 42, 0, 0),
       (56910, 348, '251', 1, 8000000, 460, 42, 0, 0),
       (56911, 348, '252', 2, 8000000, 190, 42, 0, 0),
       (56912, 348, '253', 3, 10000000, 710, 43, 0, 0),
       (56913, 348, '254', 2, 11000000, 710, 43, 0, 0),
       (56914, 348, '255', 3, 7000000, 550, 43, 0, 0),
       (56915, 348, '256', 2, 8000000, 550, 43, 0, 0),
       (56916, 348, '257', 1, 4000000, 540, 43, 0, 0),
       (56917, 348, '258', 3, 6000000, 510, 43, 0, 0),
       (56918, 348, '259', 2, 10000000, 790, 44, 0, 0),
       (56919, 348, '260', 1, 10000000, 790, 44, 0, 0),
       (56920, 348, '261', 1, 12000000, 290, 44, 0, 0),
       (56921, 348, '262', 1, 8000000, 530, 44, 0, 0),
       (56922, 348, '263', 3, 15000000, 410, 44, 0, 0),
       (56923, 348, '264', 1, 8000000, 650, 44, 0, 0),
       (56924, 348, '265', 1, 15000000, 200, 45, 0, 0),
       (56925, 348, '266', 1, 9000000, 790, 45, 0, 0),
       (56926, 348, '267', 3, 9000000, 660, 45, 0, 0),
       (56927, 348, '268', 3, 4000000, 580, 45, 0, 0),
       (56928, 348, '269', 3, 5000000, 600, 45, 0, 0),
       (56929, 348, '270', 1, 4000000, 680, 45, 0, 0),
       (56930, 348, '271', 3, 12000000, 450, 46, 0, 0),
       (56931, 348, '272', 3, 10000000, 760, 46, 0, 0),
       (56932, 348, '273', 1, 8000000, 320, 46, 0, 0),
       (56933, 348, '274', 1, 13000000, 320, 46, 0, 0),
       (56934, 348, '275', 3, 13000000, 200, 46, 0, 0),
       (56935, 348, '276', 3, 5000000, 570, 46, 0, 0),
       (56936, 348, '277', 2, 12000000, 200, 47, 0, 0),
       (56937, 348, '278', 3, 10000000, 280, 47, 0, 0),
       (56938, 348, '279', 2, 11000000, 440, 47, 0, 0),
       (56939, 348, '280', 2, 8000000, 350, 47, 0, 0),
       (56940, 348, '281', 3, 5000000, 270, 47, 0, 0),
       (56941, 348, '282', 2, 7000000, 430, 47, 0, 0),
       (56942, 348, '283', 1, 5000000, 490, 48, 0, 0),
       (56943, 348, '284', 2, 5000000, 690, 48, 0, 0),
       (56944, 348, '285', 1, 4000000, 770, 48, 0, 0),
       (56945, 348, '286', 3, 9000000, 230, 48, 0, 0),
       (56946, 348, '287', 2, 6000000, 720, 48, 0, 0),
       (56947, 348, '288', 1, 14000000, 770, 48, 0, 0),
       (56948, 348, '289', 1, 14000000, 280, 49, 0, 0),
       (56949, 348, '290', 2, 12000000, 630, 49, 0, 0),
       (56950, 348, '291', 1, 10000000, 640, 49, 0, 0),
       (56951, 348, '292', 3, 8000000, 310, 49, 0, 0),
       (56952, 348, '293', 1, 8000000, 590, 49, 0, 0),
       (56953, 348, '294', 1, 7000000, 640, 49, 0, 0),
       (56954, 348, '295', 3, 3000000, 230, 50, 0, 0),
       (56955, 348, '296', 2, 15000000, 210, 50, 0, 0),
       (56956, 348, '297', 1, 3000000, 470, 50, 0, 0),
       (56957, 348, '298', 3, 9000000, 780, 50, 0, 0),
       (56958, 348, '299', 1, 13000000, 180, 50, 0, 0),
       (56959, 348, '300', 2, 14000000, 460, 50, 0, 0);
insert into real_estate_building (id, address, complex_id, floor_count, dev_id)
values (349, 'г. Москва, ул. Краснокаменская, д. 45', 16, 45, 16);
insert into real_estate_object (id, building_id ,local_address, places, price, area, floor, type, estate_type)
values (56960, 349, '1', 2, 15000000, 790, 1, 0, 0),
       (56961, 349, '2', 2, 11000000, 790, 1, 0, 0),
       (56962, 349, '3', 2, 11000000, 600, 1, 0, 0),
       (56963, 349, '4', 3, 3000000, 400, 1, 0, 0),
       (56964, 349, '5', 2, 8000000, 370, 1, 0, 0),
       (56965, 349, '6', 3, 7000000, 320, 1, 0, 0),
       (56966, 349, '7', 1, 6000000, 680, 2, 0, 0),
       (56967, 349, '8', 2, 12000000, 290, 2, 0, 0),
       (56968, 349, '9', 3, 4000000, 200, 2, 0, 0),
       (56969, 349, '10', 2, 12000000, 320, 2, 0, 0),
       (56970, 349, '11', 3, 3000000, 180, 2, 0, 0),
       (56971, 349, '12', 3, 11000000, 280, 2, 0, 0),
       (56972, 349, '13', 2, 13000000, 430, 3, 0, 0),
       (56973, 349, '14', 3, 10000000, 720, 3, 0, 0),
       (56974, 349, '15', 3, 9000000, 760, 3, 0, 0),
       (56975, 349, '16', 2, 10000000, 530, 3, 0, 0),
       (56976, 349, '17', 2, 7000000, 330, 3, 0, 0),
       (56977, 349, '18', 2, 7000000, 590, 3, 0, 0),
       (56978, 349, '19', 2, 4000000, 520, 4, 0, 0),
       (56979, 349, '20', 2, 5000000, 360, 4, 0, 0),
       (56980, 349, '21', 1, 13000000, 590, 4, 0, 0),
       (56981, 349, '22', 2, 9000000, 610, 4, 0, 0),
       (56982, 349, '23', 2, 15000000, 420, 4, 0, 0),
       (56983, 349, '24', 3, 3000000, 720, 4, 0, 0),
       (56984, 349, '25', 2, 4000000, 760, 5, 0, 0),
       (56985, 349, '26', 1, 7000000, 680, 5, 0, 0),
       (56986, 349, '27', 2, 5000000, 360, 5, 0, 0),
       (56987, 349, '28', 2, 5000000, 480, 5, 0, 0),
       (56988, 349, '29', 1, 13000000, 320, 5, 0, 0),
       (56989, 349, '30', 1, 5000000, 660, 5, 0, 0),
       (56990, 349, '31', 2, 7000000, 750, 6, 0, 0),
       (56991, 349, '32', 3, 15000000, 460, 6, 0, 0),
       (56992, 349, '33', 2, 6000000, 280, 6, 0, 0),
       (56993, 349, '34', 3, 11000000, 670, 6, 0, 0),
       (56994, 349, '35', 3, 10000000, 800, 6, 0, 0),
       (56995, 349, '36', 1, 6000000, 230, 6, 0, 0),
       (56996, 349, '37', 1, 6000000, 720, 7, 0, 0),
       (56997, 349, '38', 1, 4000000, 570, 7, 0, 0),
       (56998, 349, '39', 2, 5000000, 350, 7, 0, 0),
       (56999, 349, '40', 1, 9000000, 560, 7, 0, 0),
       (57000, 349, '41', 3, 6000000, 550, 7, 0, 0),
       (57001, 349, '42', 1, 8000000, 380, 7, 0, 0),
       (57002, 349, '43', 3, 8000000, 700, 8, 0, 0),
       (57003, 349, '44', 1, 14000000, 800, 8, 0, 0),
       (57004, 349, '45', 1, 8000000, 560, 8, 0, 0),
       (57005, 349, '46', 1, 8000000, 350, 8, 0, 0),
       (57006, 349, '47', 1, 9000000, 530, 8, 0, 0),
       (57007, 349, '48', 3, 5000000, 570, 8, 0, 0),
       (57008, 349, '49', 2, 7000000, 470, 9, 0, 0),
       (57009, 349, '50', 1, 14000000, 740, 9, 0, 0),
       (57010, 349, '51', 3, 9000000, 790, 9, 0, 0),
       (57011, 349, '52', 2, 9000000, 370, 9, 0, 0),
       (57012, 349, '53', 3, 15000000, 770, 9, 0, 0),
       (57013, 349, '54', 3, 14000000, 710, 9, 0, 0),
       (57014, 349, '55', 1, 7000000, 630, 10, 0, 0),
       (57015, 349, '56', 3, 5000000, 650, 10, 0, 0),
       (57016, 349, '57', 1, 5000000, 450, 10, 0, 0),
       (57017, 349, '58', 2, 4000000, 770, 10, 0, 0),
       (57018, 349, '59', 1, 12000000, 670, 10, 0, 0),
       (57019, 349, '60', 2, 15000000, 800, 10, 0, 0),
       (57020, 349, '61', 1, 6000000, 620, 11, 0, 0),
       (57021, 349, '62', 3, 11000000, 370, 11, 0, 0),
       (57022, 349, '63', 1, 15000000, 370, 11, 0, 0),
       (57023, 349, '64', 2, 13000000, 710, 11, 0, 0),
       (57024, 349, '65', 2, 11000000, 570, 11, 0, 0),
       (57025, 349, '66', 1, 15000000, 390, 11, 0, 0),
       (57026, 349, '67', 1, 6000000, 430, 12, 0, 0),
       (57027, 349, '68', 1, 3000000, 400, 12, 0, 0),
       (57028, 349, '69', 3, 8000000, 180, 12, 0, 0),
       (57029, 349, '70', 3, 11000000, 440, 12, 0, 0),
       (57030, 349, '71', 1, 13000000, 630, 12, 0, 0),
       (57031, 349, '72', 2, 11000000, 590, 12, 0, 0),
       (57032, 349, '73', 2, 7000000, 200, 13, 0, 0),
       (57033, 349, '74', 2, 3000000, 800, 13, 0, 0),
       (57034, 349, '75', 1, 12000000, 600, 13, 0, 0),
       (57035, 349, '76', 2, 14000000, 520, 13, 0, 0),
       (57036, 349, '77', 1, 14000000, 180, 13, 0, 0),
       (57037, 349, '78', 3, 11000000, 790, 13, 0, 0),
       (57038, 349, '79', 2, 12000000, 240, 14, 0, 0),
       (57039, 349, '80', 1, 6000000, 760, 14, 0, 0),
       (57040, 349, '81', 2, 14000000, 490, 14, 0, 0),
       (57041, 349, '82', 3, 11000000, 710, 14, 0, 0),
       (57042, 349, '83', 2, 12000000, 250, 14, 0, 0),
       (57043, 349, '84', 1, 6000000, 740, 14, 0, 0),
       (57044, 349, '85', 3, 6000000, 690, 15, 0, 0),
       (57045, 349, '86', 1, 13000000, 660, 15, 0, 0),
       (57046, 349, '87', 3, 8000000, 230, 15, 0, 0),
       (57047, 349, '88', 3, 13000000, 800, 15, 0, 0),
       (57048, 349, '89', 2, 11000000, 500, 15, 0, 0),
       (57049, 349, '90', 2, 15000000, 570, 15, 0, 0),
       (57050, 349, '91', 3, 6000000, 410, 16, 0, 0),
       (57051, 349, '92', 1, 6000000, 730, 16, 0, 0),
       (57052, 349, '93', 3, 9000000, 330, 16, 0, 0),
       (57053, 349, '94', 3, 10000000, 190, 16, 0, 0),
       (57054, 349, '95', 3, 14000000, 480, 16, 0, 0),
       (57055, 349, '96', 3, 13000000, 570, 16, 0, 0),
       (57056, 349, '97', 1, 8000000, 350, 17, 0, 0),
       (57057, 349, '98', 3, 4000000, 640, 17, 0, 0),
       (57058, 349, '99', 3, 5000000, 340, 17, 0, 0),
       (57059, 349, '100', 1, 4000000, 540, 17, 0, 0),
       (57060, 349, '101', 2, 12000000, 240, 17, 0, 0),
       (57061, 349, '102', 1, 11000000, 330, 17, 0, 0),
       (57062, 349, '103', 1, 7000000, 650, 18, 0, 0),
       (57063, 349, '104', 3, 12000000, 650, 18, 0, 0),
       (57064, 349, '105', 1, 10000000, 670, 18, 0, 0),
       (57065, 349, '106', 1, 10000000, 290, 18, 0, 0),
       (57066, 349, '107', 2, 5000000, 670, 18, 0, 0),
       (57067, 349, '108', 1, 6000000, 610, 18, 0, 0),
       (57068, 349, '109', 3, 7000000, 790, 19, 0, 0),
       (57069, 349, '110', 1, 15000000, 250, 19, 0, 0),
       (57070, 349, '111', 2, 9000000, 330, 19, 0, 0),
       (57071, 349, '112', 3, 9000000, 680, 19, 0, 0),
       (57072, 349, '113', 2, 13000000, 250, 19, 0, 0),
       (57073, 349, '114', 1, 15000000, 700, 19, 0, 0),
       (57074, 349, '115', 2, 10000000, 480, 20, 0, 0),
       (57075, 349, '116', 2, 3000000, 670, 20, 0, 0),
       (57076, 349, '117', 1, 11000000, 340, 20, 0, 0),
       (57077, 349, '118', 3, 3000000, 380, 20, 0, 0),
       (57078, 349, '119', 3, 13000000, 280, 20, 0, 0),
       (57079, 349, '120', 1, 8000000, 410, 20, 0, 0),
       (57080, 349, '121', 2, 5000000, 480, 21, 0, 0),
       (57081, 349, '122', 2, 9000000, 240, 21, 0, 0),
       (57082, 349, '123', 2, 3000000, 560, 21, 0, 0),
       (57083, 349, '124', 3, 15000000, 800, 21, 0, 0),
       (57084, 349, '125', 2, 6000000, 750, 21, 0, 0),
       (57085, 349, '126', 2, 8000000, 480, 21, 0, 0),
       (57086, 349, '127', 2, 12000000, 680, 22, 0, 0),
       (57087, 349, '128', 3, 6000000, 800, 22, 0, 0),
       (57088, 349, '129', 2, 4000000, 540, 22, 0, 0),
       (57089, 349, '130', 2, 8000000, 350, 22, 0, 0),
       (57090, 349, '131', 2, 5000000, 370, 22, 0, 0),
       (57091, 349, '132', 1, 7000000, 180, 22, 0, 0),
       (57092, 349, '133', 2, 8000000, 180, 23, 0, 0),
       (57093, 349, '134', 2, 14000000, 780, 23, 0, 0),
       (57094, 349, '135', 1, 3000000, 430, 23, 0, 0),
       (57095, 349, '136', 2, 13000000, 800, 23, 0, 0),
       (57096, 349, '137', 2, 5000000, 350, 23, 0, 0),
       (57097, 349, '138', 1, 9000000, 610, 23, 0, 0),
       (57098, 349, '139', 3, 10000000, 350, 24, 0, 0),
       (57099, 349, '140', 1, 13000000, 660, 24, 0, 0),
       (57100, 349, '141', 1, 13000000, 440, 24, 0, 0),
       (57101, 349, '142', 1, 8000000, 500, 24, 0, 0),
       (57102, 349, '143', 2, 4000000, 680, 24, 0, 0),
       (57103, 349, '144', 3, 5000000, 300, 24, 0, 0),
       (57104, 349, '145', 3, 14000000, 320, 25, 0, 0),
       (57105, 349, '146', 1, 13000000, 380, 25, 0, 0),
       (57106, 349, '147', 3, 7000000, 720, 25, 0, 0),
       (57107, 349, '148', 1, 11000000, 270, 25, 0, 0),
       (57108, 349, '149', 1, 13000000, 490, 25, 0, 0),
       (57109, 349, '150', 1, 5000000, 530, 25, 0, 0),
       (57110, 349, '151', 3, 3000000, 190, 26, 0, 0),
       (57111, 349, '152', 1, 9000000, 760, 26, 0, 0),
       (57112, 349, '153', 1, 4000000, 690, 26, 0, 0),
       (57113, 349, '154', 3, 14000000, 200, 26, 0, 0),
       (57114, 349, '155', 1, 3000000, 640, 26, 0, 0),
       (57115, 349, '156', 2, 9000000, 320, 26, 0, 0),
       (57116, 349, '157', 1, 8000000, 520, 27, 0, 0),
       (57117, 349, '158', 1, 9000000, 660, 27, 0, 0),
       (57118, 349, '159', 1, 5000000, 630, 27, 0, 0),
       (57119, 349, '160', 2, 9000000, 510, 27, 0, 0),
       (57120, 349, '161', 2, 11000000, 670, 27, 0, 0),
       (57121, 349, '162', 1, 8000000, 750, 27, 0, 0),
       (57122, 349, '163', 2, 8000000, 690, 28, 0, 0),
       (57123, 349, '164', 1, 6000000, 260, 28, 0, 0),
       (57124, 349, '165', 1, 6000000, 270, 28, 0, 0),
       (57125, 349, '166', 1, 9000000, 470, 28, 0, 0),
       (57126, 349, '167', 1, 15000000, 470, 28, 0, 0),
       (57127, 349, '168', 3, 4000000, 370, 28, 0, 0),
       (57128, 349, '169', 2, 11000000, 660, 29, 0, 0),
       (57129, 349, '170', 2, 9000000, 280, 29, 0, 0),
       (57130, 349, '171', 2, 4000000, 340, 29, 0, 0),
       (57131, 349, '172', 2, 3000000, 200, 29, 0, 0),
       (57132, 349, '173', 3, 12000000, 600, 29, 0, 0),
       (57133, 349, '174', 1, 13000000, 760, 29, 0, 0),
       (57134, 349, '175', 2, 13000000, 730, 30, 0, 0),
       (57135, 349, '176', 2, 3000000, 440, 30, 0, 0),
       (57136, 349, '177', 1, 6000000, 620, 30, 0, 0),
       (57137, 349, '178', 3, 3000000, 720, 30, 0, 0),
       (57138, 349, '179', 1, 5000000, 420, 30, 0, 0),
       (57139, 349, '180', 1, 10000000, 210, 30, 0, 0),
       (57140, 349, '181', 2, 13000000, 370, 31, 0, 0),
       (57141, 349, '182', 1, 10000000, 800, 31, 0, 0),
       (57142, 349, '183', 3, 7000000, 790, 31, 0, 0),
       (57143, 349, '184', 2, 13000000, 490, 31, 0, 0),
       (57144, 349, '185', 1, 12000000, 490, 31, 0, 0),
       (57145, 349, '186', 2, 14000000, 410, 31, 0, 0),
       (57146, 349, '187', 2, 10000000, 610, 32, 0, 0),
       (57147, 349, '188', 3, 4000000, 370, 32, 0, 0),
       (57148, 349, '189', 3, 5000000, 270, 32, 0, 0),
       (57149, 349, '190', 3, 6000000, 800, 32, 0, 0),
       (57150, 349, '191', 3, 4000000, 340, 32, 0, 0),
       (57151, 349, '192', 3, 11000000, 620, 32, 0, 0),
       (57152, 349, '193', 1, 4000000, 360, 33, 0, 0),
       (57153, 349, '194', 3, 13000000, 380, 33, 0, 0),
       (57154, 349, '195', 1, 14000000, 430, 33, 0, 0),
       (57155, 349, '196', 3, 5000000, 660, 33, 0, 0),
       (57156, 349, '197', 1, 15000000, 450, 33, 0, 0),
       (57157, 349, '198', 1, 10000000, 530, 33, 0, 0),
       (57158, 349, '199', 2, 7000000, 210, 34, 0, 0),
       (57159, 349, '200', 2, 5000000, 600, 34, 0, 0),
       (57160, 349, '201', 1, 15000000, 220, 34, 0, 0),
       (57161, 349, '202', 2, 15000000, 520, 34, 0, 0),
       (57162, 349, '203', 2, 4000000, 340, 34, 0, 0),
       (57163, 349, '204', 3, 4000000, 590, 34, 0, 0),
       (57164, 349, '205', 3, 14000000, 370, 35, 0, 0),
       (57165, 349, '206', 2, 9000000, 210, 35, 0, 0),
       (57166, 349, '207', 1, 14000000, 440, 35, 0, 0),
       (57167, 349, '208', 2, 15000000, 580, 35, 0, 0),
       (57168, 349, '209', 3, 8000000, 380, 35, 0, 0),
       (57169, 349, '210', 1, 15000000, 330, 35, 0, 0),
       (57170, 349, '211', 1, 14000000, 460, 36, 0, 0),
       (57171, 349, '212', 2, 7000000, 290, 36, 0, 0),
       (57172, 349, '213', 2, 13000000, 190, 36, 0, 0),
       (57173, 349, '214', 1, 15000000, 230, 36, 0, 0),
       (57174, 349, '215', 1, 4000000, 590, 36, 0, 0),
       (57175, 349, '216', 3, 5000000, 570, 36, 0, 0),
       (57176, 349, '217', 1, 5000000, 590, 37, 0, 0),
       (57177, 349, '218', 2, 10000000, 670, 37, 0, 0),
       (57178, 349, '219', 1, 14000000, 270, 37, 0, 0),
       (57179, 349, '220', 3, 13000000, 780, 37, 0, 0),
       (57180, 349, '221', 1, 8000000, 280, 37, 0, 0),
       (57181, 349, '222', 3, 12000000, 430, 37, 0, 0),
       (57182, 349, '223', 1, 14000000, 510, 38, 0, 0),
       (57183, 349, '224', 2, 12000000, 540, 38, 0, 0),
       (57184, 349, '225', 1, 11000000, 510, 38, 0, 0),
       (57185, 349, '226', 2, 3000000, 250, 38, 0, 0),
       (57186, 349, '227', 3, 4000000, 230, 38, 0, 0),
       (57187, 349, '228', 1, 12000000, 250, 38, 0, 0),
       (57188, 349, '229', 1, 5000000, 550, 39, 0, 0),
       (57189, 349, '230', 1, 12000000, 630, 39, 0, 0),
       (57190, 349, '231', 1, 7000000, 540, 39, 0, 0),
       (57191, 349, '232', 3, 13000000, 530, 39, 0, 0),
       (57192, 349, '233', 1, 5000000, 690, 39, 0, 0),
       (57193, 349, '234', 3, 12000000, 470, 39, 0, 0),
       (57194, 349, '235', 1, 8000000, 300, 40, 0, 0),
       (57195, 349, '236', 2, 4000000, 580, 40, 0, 0),
       (57196, 349, '237', 2, 5000000, 780, 40, 0, 0),
       (57197, 349, '238', 2, 14000000, 490, 40, 0, 0),
       (57198, 349, '239', 1, 12000000, 200, 40, 0, 0),
       (57199, 349, '240', 2, 7000000, 240, 40, 0, 0),
       (57200, 349, '241', 2, 15000000, 740, 41, 0, 0),
       (57201, 349, '242', 1, 12000000, 390, 41, 0, 0),
       (57202, 349, '243', 2, 3000000, 340, 41, 0, 0),
       (57203, 349, '244', 2, 4000000, 550, 41, 0, 0),
       (57204, 349, '245', 1, 4000000, 400, 41, 0, 0),
       (57205, 349, '246', 1, 3000000, 380, 41, 0, 0),
       (57206, 349, '247', 1, 6000000, 570, 42, 0, 0),
       (57207, 349, '248', 1, 6000000, 570, 42, 0, 0),
       (57208, 349, '249', 1, 7000000, 470, 42, 0, 0),
       (57209, 349, '250', 3, 3000000, 450, 42, 0, 0),
       (57210, 349, '251', 1, 15000000, 520, 42, 0, 0),
       (57211, 349, '252', 1, 13000000, 240, 42, 0, 0),
       (57212, 349, '253', 1, 10000000, 710, 43, 0, 0),
       (57213, 349, '254', 1, 4000000, 510, 43, 0, 0),
       (57214, 349, '255', 3, 4000000, 530, 43, 0, 0),
       (57215, 349, '256', 2, 9000000, 410, 43, 0, 0),
       (57216, 349, '257', 1, 7000000, 650, 43, 0, 0),
       (57217, 349, '258', 2, 5000000, 630, 43, 0, 0),
       (57218, 349, '259', 2, 5000000, 270, 44, 0, 0),
       (57219, 349, '260', 2, 13000000, 730, 44, 0, 0),
       (57220, 349, '261', 1, 7000000, 600, 44, 0, 0),
       (57221, 349, '262', 1, 5000000, 570, 44, 0, 0),
       (57222, 349, '263', 3, 3000000, 580, 44, 0, 0),
       (57223, 349, '264', 1, 15000000, 570, 44, 0, 0),
       (57224, 349, '265', 3, 4000000, 260, 45, 0, 0),
       (57225, 349, '266', 3, 13000000, 290, 45, 0, 0),
       (57226, 349, '267', 3, 13000000, 490, 45, 0, 0),
       (57227, 349, '268', 2, 10000000, 570, 45, 0, 0),
       (57228, 349, '269', 2, 6000000, 340, 45, 0, 0),
       (57229, 349, '270', 2, 10000000, 420, 45, 0, 0);
insert into real_estate_building (id, address, complex_id, floor_count, dev_id)
values (350, 'г. Москва, ул. Краснокаменская, д. 46', 16, 47, 16);
insert into real_estate_object (id, building_id ,local_address, places, price, area, floor, type, estate_type)
values (57230, 350, '1', 2, 10000000, 590, 1, 0, 0),
       (57231, 350, '2', 2, 15000000, 740, 1, 0, 0),
       (57232, 350, '3', 3, 4000000, 390, 1, 0, 0),
       (57233, 350, '4', 2, 7000000, 180, 1, 0, 0),
       (57234, 350, '5', 2, 15000000, 390, 1, 0, 0),
       (57235, 350, '6', 1, 10000000, 780, 1, 0, 0),
       (57236, 350, '7', 1, 5000000, 520, 2, 0, 0),
       (57237, 350, '8', 2, 3000000, 270, 2, 0, 0),
       (57238, 350, '9', 2, 15000000, 770, 2, 0, 0),
       (57239, 350, '10', 3, 11000000, 740, 2, 0, 0),
       (57240, 350, '11', 1, 5000000, 730, 2, 0, 0),
       (57241, 350, '12', 1, 14000000, 750, 2, 0, 0),
       (57242, 350, '13', 3, 8000000, 670, 3, 0, 0),
       (57243, 350, '14', 1, 11000000, 690, 3, 0, 0),
       (57244, 350, '15', 2, 9000000, 740, 3, 0, 0),
       (57245, 350, '16', 1, 14000000, 480, 3, 0, 0),
       (57246, 350, '17', 3, 14000000, 450, 3, 0, 0),
       (57247, 350, '18', 2, 6000000, 510, 3, 0, 0),
       (57248, 350, '19', 3, 4000000, 300, 4, 0, 0),
       (57249, 350, '20', 2, 6000000, 730, 4, 0, 0),
       (57250, 350, '21', 3, 7000000, 210, 4, 0, 0),
       (57251, 350, '22', 3, 14000000, 440, 4, 0, 0),
       (57252, 350, '23', 2, 9000000, 210, 4, 0, 0),
       (57253, 350, '24', 1, 15000000, 630, 4, 0, 0),
       (57254, 350, '25', 2, 9000000, 720, 5, 0, 0),
       (57255, 350, '26', 2, 10000000, 220, 5, 0, 0),
       (57256, 350, '27', 3, 15000000, 670, 5, 0, 0),
       (57257, 350, '28', 3, 15000000, 220, 5, 0, 0),
       (57258, 350, '29', 1, 13000000, 560, 5, 0, 0),
       (57259, 350, '30', 2, 6000000, 780, 5, 0, 0),
       (57260, 350, '31', 2, 5000000, 300, 6, 0, 0),
       (57261, 350, '32', 3, 3000000, 530, 6, 0, 0),
       (57262, 350, '33', 2, 6000000, 370, 6, 0, 0),
       (57263, 350, '34', 3, 14000000, 300, 6, 0, 0),
       (57264, 350, '35', 2, 4000000, 710, 6, 0, 0),
       (57265, 350, '36', 3, 4000000, 240, 6, 0, 0),
       (57266, 350, '37', 3, 13000000, 720, 7, 0, 0),
       (57267, 350, '38', 2, 4000000, 750, 7, 0, 0),
       (57268, 350, '39', 3, 10000000, 650, 7, 0, 0),
       (57269, 350, '40', 1, 4000000, 300, 7, 0, 0),
       (57270, 350, '41', 3, 9000000, 530, 7, 0, 0),
       (57271, 350, '42', 2, 5000000, 780, 7, 0, 0),
       (57272, 350, '43', 3, 13000000, 270, 8, 0, 0),
       (57273, 350, '44', 3, 6000000, 490, 8, 0, 0),
       (57274, 350, '45', 1, 13000000, 570, 8, 0, 0),
       (57275, 350, '46', 1, 9000000, 500, 8, 0, 0),
       (57276, 350, '47', 3, 15000000, 240, 8, 0, 0),
       (57277, 350, '48', 2, 7000000, 500, 8, 0, 0),
       (57278, 350, '49', 3, 8000000, 760, 9, 0, 0),
       (57279, 350, '50', 1, 10000000, 420, 9, 0, 0),
       (57280, 350, '51', 3, 12000000, 250, 9, 0, 0),
       (57281, 350, '52', 3, 4000000, 180, 9, 0, 0),
       (57282, 350, '53', 2, 8000000, 250, 9, 0, 0),
       (57283, 350, '54', 2, 8000000, 230, 9, 0, 0),
       (57284, 350, '55', 2, 14000000, 360, 10, 0, 0),
       (57285, 350, '56', 1, 10000000, 550, 10, 0, 0),
       (57286, 350, '57', 1, 11000000, 760, 10, 0, 0),
       (57287, 350, '58', 2, 6000000, 400, 10, 0, 0),
       (57288, 350, '59', 2, 6000000, 400, 10, 0, 0),
       (57289, 350, '60', 2, 11000000, 520, 10, 0, 0),
       (57290, 350, '61', 1, 14000000, 390, 11, 0, 0),
       (57291, 350, '62', 2, 3000000, 780, 11, 0, 0),
       (57292, 350, '63', 2, 12000000, 290, 11, 0, 0),
       (57293, 350, '64', 1, 7000000, 410, 11, 0, 0),
       (57294, 350, '65', 2, 12000000, 370, 11, 0, 0),
       (57295, 350, '66', 2, 12000000, 190, 11, 0, 0),
       (57296, 350, '67', 2, 10000000, 610, 12, 0, 0),
       (57297, 350, '68', 2, 10000000, 770, 12, 0, 0),
       (57298, 350, '69', 3, 8000000, 580, 12, 0, 0),
       (57299, 350, '70', 3, 12000000, 280, 12, 0, 0),
       (57300, 350, '71', 2, 9000000, 630, 12, 0, 0),
       (57301, 350, '72', 1, 6000000, 540, 12, 0, 0),
       (57302, 350, '73', 2, 12000000, 270, 13, 0, 0),
       (57303, 350, '74', 1, 13000000, 340, 13, 0, 0),
       (57304, 350, '75', 1, 12000000, 190, 13, 0, 0),
       (57305, 350, '76', 3, 11000000, 540, 13, 0, 0),
       (57306, 350, '77', 2, 4000000, 560, 13, 0, 0),
       (57307, 350, '78', 1, 10000000, 720, 13, 0, 0),
       (57308, 350, '79', 3, 8000000, 770, 14, 0, 0),
       (57309, 350, '80', 2, 11000000, 240, 14, 0, 0),
       (57310, 350, '81', 1, 5000000, 330, 14, 0, 0),
       (57311, 350, '82', 1, 9000000, 450, 14, 0, 0),
       (57312, 350, '83', 3, 12000000, 560, 14, 0, 0),
       (57313, 350, '84', 1, 3000000, 400, 14, 0, 0),
       (57314, 350, '85', 3, 4000000, 310, 15, 0, 0),
       (57315, 350, '86', 2, 10000000, 570, 15, 0, 0),
       (57316, 350, '87', 2, 8000000, 300, 15, 0, 0),
       (57317, 350, '88', 3, 6000000, 300, 15, 0, 0),
       (57318, 350, '89', 1, 15000000, 280, 15, 0, 0),
       (57319, 350, '90', 2, 14000000, 770, 15, 0, 0),
       (57320, 350, '91', 2, 3000000, 230, 16, 0, 0),
       (57321, 350, '92', 3, 5000000, 350, 16, 0, 0),
       (57322, 350, '93', 1, 14000000, 220, 16, 0, 0),
       (57323, 350, '94', 2, 10000000, 500, 16, 0, 0),
       (57324, 350, '95', 3, 11000000, 340, 16, 0, 0),
       (57325, 350, '96', 1, 4000000, 340, 16, 0, 0),
       (57326, 350, '97', 1, 10000000, 470, 17, 0, 0),
       (57327, 350, '98', 3, 5000000, 280, 17, 0, 0),
       (57328, 350, '99', 1, 11000000, 570, 17, 0, 0),
       (57329, 350, '100', 2, 13000000, 650, 17, 0, 0),
       (57330, 350, '101', 1, 12000000, 590, 17, 0, 0),
       (57331, 350, '102', 2, 6000000, 500, 17, 0, 0),
       (57332, 350, '103', 1, 9000000, 600, 18, 0, 0),
       (57333, 350, '104', 3, 5000000, 450, 18, 0, 0),
       (57334, 350, '105', 3, 12000000, 180, 18, 0, 0),
       (57335, 350, '106', 1, 14000000, 600, 18, 0, 0),
       (57336, 350, '107', 3, 11000000, 410, 18, 0, 0),
       (57337, 350, '108', 3, 14000000, 710, 18, 0, 0),
       (57338, 350, '109', 2, 6000000, 670, 19, 0, 0),
       (57339, 350, '110', 1, 13000000, 300, 19, 0, 0),
       (57340, 350, '111', 2, 4000000, 760, 19, 0, 0),
       (57341, 350, '112', 2, 9000000, 280, 19, 0, 0),
       (57342, 350, '113', 3, 11000000, 680, 19, 0, 0),
       (57343, 350, '114', 2, 14000000, 800, 19, 0, 0),
       (57344, 350, '115', 3, 6000000, 210, 20, 0, 0),
       (57345, 350, '116', 3, 14000000, 360, 20, 0, 0),
       (57346, 350, '117', 2, 4000000, 640, 20, 0, 0),
       (57347, 350, '118', 2, 10000000, 630, 20, 0, 0),
       (57348, 350, '119', 1, 4000000, 180, 20, 0, 0),
       (57349, 350, '120', 3, 7000000, 180, 20, 0, 0),
       (57350, 350, '121', 2, 4000000, 680, 21, 0, 0),
       (57351, 350, '122', 3, 9000000, 430, 21, 0, 0),
       (57352, 350, '123', 1, 3000000, 680, 21, 0, 0),
       (57353, 350, '124', 1, 11000000, 550, 21, 0, 0),
       (57354, 350, '125', 2, 6000000, 330, 21, 0, 0),
       (57355, 350, '126', 1, 4000000, 800, 21, 0, 0),
       (57356, 350, '127', 1, 3000000, 450, 22, 0, 0),
       (57357, 350, '128', 2, 8000000, 700, 22, 0, 0),
       (57358, 350, '129', 2, 14000000, 660, 22, 0, 0),
       (57359, 350, '130', 1, 12000000, 350, 22, 0, 0),
       (57360, 350, '131', 2, 14000000, 780, 22, 0, 0),
       (57361, 350, '132', 2, 7000000, 200, 22, 0, 0),
       (57362, 350, '133', 1, 8000000, 630, 23, 0, 0),
       (57363, 350, '134', 2, 5000000, 640, 23, 0, 0),
       (57364, 350, '135', 3, 11000000, 280, 23, 0, 0),
       (57365, 350, '136', 3, 10000000, 490, 23, 0, 0),
       (57366, 350, '137', 3, 11000000, 340, 23, 0, 0),
       (57367, 350, '138', 3, 10000000, 680, 23, 0, 0),
       (57368, 350, '139', 2, 12000000, 730, 24, 0, 0),
       (57369, 350, '140', 3, 13000000, 750, 24, 0, 0),
       (57370, 350, '141', 1, 15000000, 470, 24, 0, 0),
       (57371, 350, '142', 3, 11000000, 550, 24, 0, 0),
       (57372, 350, '143', 2, 15000000, 380, 24, 0, 0),
       (57373, 350, '144', 1, 12000000, 660, 24, 0, 0),
       (57374, 350, '145', 2, 3000000, 370, 25, 0, 0),
       (57375, 350, '146', 3, 9000000, 590, 25, 0, 0),
       (57376, 350, '147', 1, 6000000, 440, 25, 0, 0),
       (57377, 350, '148', 2, 14000000, 550, 25, 0, 0),
       (57378, 350, '149', 1, 3000000, 300, 25, 0, 0),
       (57379, 350, '150', 1, 10000000, 690, 25, 0, 0),
       (57380, 350, '151', 1, 9000000, 340, 26, 0, 0),
       (57381, 350, '152', 1, 3000000, 410, 26, 0, 0),
       (57382, 350, '153', 1, 4000000, 490, 26, 0, 0),
       (57383, 350, '154', 3, 14000000, 370, 26, 0, 0),
       (57384, 350, '155', 1, 4000000, 800, 26, 0, 0),
       (57385, 350, '156', 3, 3000000, 540, 26, 0, 0),
       (57386, 350, '157', 3, 6000000, 350, 27, 0, 0),
       (57387, 350, '158', 2, 12000000, 690, 27, 0, 0),
       (57388, 350, '159', 1, 5000000, 410, 27, 0, 0),
       (57389, 350, '160', 1, 11000000, 500, 27, 0, 0),
       (57390, 350, '161', 1, 13000000, 290, 27, 0, 0),
       (57391, 350, '162', 2, 12000000, 670, 27, 0, 0),
       (57392, 350, '163', 3, 11000000, 380, 28, 0, 0),
       (57393, 350, '164', 1, 11000000, 600, 28, 0, 0),
       (57394, 350, '165', 1, 13000000, 180, 28, 0, 0),
       (57395, 350, '166', 2, 9000000, 770, 28, 0, 0),
       (57396, 350, '167', 3, 5000000, 450, 28, 0, 0),
       (57397, 350, '168', 1, 8000000, 620, 28, 0, 0),
       (57398, 350, '169', 1, 13000000, 510, 29, 0, 0),
       (57399, 350, '170', 3, 15000000, 510, 29, 0, 0),
       (57400, 350, '171', 3, 6000000, 520, 29, 0, 0),
       (57401, 350, '172', 1, 3000000, 630, 29, 0, 0),
       (57402, 350, '173', 3, 7000000, 310, 29, 0, 0),
       (57403, 350, '174', 2, 7000000, 550, 29, 0, 0),
       (57404, 350, '175', 3, 5000000, 620, 30, 0, 0),
       (57405, 350, '176', 1, 12000000, 750, 30, 0, 0),
       (57406, 350, '177', 3, 15000000, 290, 30, 0, 0),
       (57407, 350, '178', 1, 13000000, 320, 30, 0, 0),
       (57408, 350, '179', 3, 8000000, 180, 30, 0, 0),
       (57409, 350, '180', 3, 10000000, 280, 30, 0, 0),
       (57410, 350, '181', 1, 12000000, 780, 31, 0, 0),
       (57411, 350, '182', 3, 14000000, 460, 31, 0, 0),
       (57412, 350, '183', 3, 13000000, 550, 31, 0, 0),
       (57413, 350, '184', 1, 13000000, 350, 31, 0, 0),
       (57414, 350, '185', 1, 10000000, 320, 31, 0, 0),
       (57415, 350, '186', 3, 12000000, 510, 31, 0, 0),
       (57416, 350, '187', 1, 6000000, 340, 32, 0, 0),
       (57417, 350, '188', 1, 10000000, 380, 32, 0, 0),
       (57418, 350, '189', 2, 14000000, 550, 32, 0, 0),
       (57419, 350, '190', 3, 7000000, 520, 32, 0, 0),
       (57420, 350, '191', 3, 3000000, 610, 32, 0, 0),
       (57421, 350, '192', 3, 8000000, 340, 32, 0, 0),
       (57422, 350, '193', 2, 7000000, 340, 33, 0, 0),
       (57423, 350, '194', 2, 5000000, 610, 33, 0, 0),
       (57424, 350, '195', 3, 7000000, 300, 33, 0, 0),
       (57425, 350, '196', 3, 10000000, 410, 33, 0, 0),
       (57426, 350, '197', 1, 13000000, 230, 33, 0, 0),
       (57427, 350, '198', 2, 4000000, 790, 33, 0, 0),
       (57428, 350, '199', 3, 15000000, 350, 34, 0, 0),
       (57429, 350, '200', 3, 6000000, 210, 34, 0, 0),
       (57430, 350, '201', 3, 12000000, 360, 34, 0, 0),
       (57431, 350, '202', 2, 15000000, 450, 34, 0, 0),
       (57432, 350, '203', 3, 13000000, 370, 34, 0, 0),
       (57433, 350, '204', 3, 12000000, 660, 34, 0, 0),
       (57434, 350, '205', 1, 9000000, 200, 35, 0, 0),
       (57435, 350, '206', 3, 10000000, 230, 35, 0, 0),
       (57436, 350, '207', 3, 3000000, 230, 35, 0, 0),
       (57437, 350, '208', 3, 6000000, 340, 35, 0, 0),
       (57438, 350, '209', 3, 5000000, 660, 35, 0, 0),
       (57439, 350, '210', 1, 4000000, 610, 35, 0, 0),
       (57440, 350, '211', 2, 7000000, 770, 36, 0, 0),
       (57441, 350, '212', 1, 4000000, 770, 36, 0, 0),
       (57442, 350, '213', 3, 11000000, 610, 36, 0, 0),
       (57443, 350, '214', 2, 11000000, 760, 36, 0, 0),
       (57444, 350, '215', 3, 7000000, 290, 36, 0, 0),
       (57445, 350, '216', 3, 12000000, 450, 36, 0, 0),
       (57446, 350, '217', 1, 8000000, 630, 37, 0, 0),
       (57447, 350, '218', 3, 6000000, 660, 37, 0, 0),
       (57448, 350, '219', 2, 7000000, 500, 37, 0, 0),
       (57449, 350, '220', 2, 5000000, 760, 37, 0, 0),
       (57450, 350, '221', 1, 8000000, 750, 37, 0, 0),
       (57451, 350, '222', 1, 8000000, 320, 37, 0, 0),
       (57452, 350, '223', 2, 4000000, 760, 38, 0, 0),
       (57453, 350, '224', 1, 6000000, 640, 38, 0, 0),
       (57454, 350, '225', 3, 13000000, 420, 38, 0, 0),
       (57455, 350, '226', 3, 12000000, 300, 38, 0, 0),
       (57456, 350, '227', 2, 8000000, 590, 38, 0, 0),
       (57457, 350, '228', 2, 3000000, 420, 38, 0, 0),
       (57458, 350, '229', 1, 4000000, 390, 39, 0, 0),
       (57459, 350, '230', 2, 11000000, 490, 39, 0, 0),
       (57460, 350, '231', 1, 13000000, 510, 39, 0, 0),
       (57461, 350, '232', 3, 12000000, 800, 39, 0, 0),
       (57462, 350, '233', 1, 5000000, 590, 39, 0, 0),
       (57463, 350, '234', 2, 3000000, 180, 39, 0, 0),
       (57464, 350, '235', 3, 4000000, 550, 40, 0, 0),
       (57465, 350, '236', 3, 12000000, 220, 40, 0, 0),
       (57466, 350, '237', 2, 7000000, 470, 40, 0, 0),
       (57467, 350, '238', 1, 8000000, 380, 40, 0, 0),
       (57468, 350, '239', 3, 3000000, 430, 40, 0, 0),
       (57469, 350, '240', 2, 12000000, 450, 40, 0, 0),
       (57470, 350, '241', 1, 7000000, 220, 41, 0, 0),
       (57471, 350, '242', 2, 14000000, 240, 41, 0, 0),
       (57472, 350, '243', 2, 14000000, 380, 41, 0, 0),
       (57473, 350, '244', 3, 15000000, 410, 41, 0, 0),
       (57474, 350, '245', 3, 13000000, 380, 41, 0, 0),
       (57475, 350, '246', 1, 10000000, 580, 41, 0, 0),
       (57476, 350, '247', 1, 9000000, 550, 42, 0, 0),
       (57477, 350, '248', 3, 11000000, 350, 42, 0, 0),
       (57478, 350, '249', 1, 3000000, 400, 42, 0, 0),
       (57479, 350, '250', 1, 7000000, 700, 42, 0, 0),
       (57480, 350, '251', 1, 11000000, 370, 42, 0, 0),
       (57481, 350, '252', 1, 4000000, 250, 42, 0, 0),
       (57482, 350, '253', 3, 9000000, 750, 43, 0, 0),
       (57483, 350, '254', 1, 13000000, 240, 43, 0, 0),
       (57484, 350, '255', 3, 7000000, 400, 43, 0, 0),
       (57485, 350, '256', 1, 3000000, 300, 43, 0, 0),
       (57486, 350, '257', 1, 9000000, 530, 43, 0, 0),
       (57487, 350, '258', 2, 4000000, 610, 43, 0, 0),
       (57488, 350, '259', 3, 8000000, 290, 44, 0, 0),
       (57489, 350, '260', 2, 5000000, 320, 44, 0, 0),
       (57490, 350, '261', 1, 15000000, 590, 44, 0, 0),
       (57491, 350, '262', 3, 11000000, 800, 44, 0, 0),
       (57492, 350, '263', 1, 8000000, 490, 44, 0, 0),
       (57493, 350, '264', 1, 11000000, 230, 44, 0, 0),
       (57494, 350, '265', 3, 12000000, 320, 45, 0, 0),
       (57495, 350, '266', 2, 11000000, 390, 45, 0, 0),
       (57496, 350, '267', 2, 10000000, 450, 45, 0, 0),
       (57497, 350, '268', 1, 9000000, 340, 45, 0, 0),
       (57498, 350, '269', 2, 9000000, 500, 45, 0, 0),
       (57499, 350, '270', 3, 14000000, 410, 45, 0, 0),
       (57500, 350, '271', 2, 3000000, 730, 46, 0, 0),
       (57501, 350, '272', 1, 12000000, 380, 46, 0, 0),
       (57502, 350, '273', 1, 13000000, 730, 46, 0, 0),
       (57503, 350, '274', 1, 14000000, 340, 46, 0, 0),
       (57504, 350, '275', 1, 9000000, 620, 46, 0, 0),
       (57505, 350, '276', 2, 9000000, 790, 46, 0, 0),
       (57506, 350, '277', 2, 13000000, 740, 47, 0, 0),
       (57507, 350, '278', 2, 4000000, 310, 47, 0, 0),
       (57508, 350, '279', 1, 3000000, 730, 47, 0, 0),
       (57509, 350, '280', 3, 8000000, 270, 47, 0, 0),
       (57510, 350, '281', 2, 11000000, 800, 47, 0, 0),
       (57511, 350, '282', 1, 4000000, 270, 47, 0, 0);
insert into real_estate_building (id, address, complex_id, floor_count, dev_id)
values (351, 'г. Москва, ул. Харьковская, д. 13', 17, 15, 17);
insert into real_estate_object (id, building_id ,local_address, places, price, area, floor, type, estate_type)
values (57512, 351, '1', 2, 51000000, 400, 1, 3, 1),
       (57513, 351, '2', 3, 90000000, 890, 1, 3, 1),
       (57514, 351, '3', 3, 88000000, 980, 1, 3, 1),
       (57515, 351, '4', 1, 50000000, 870, 1, 3, 1),
       (57516, 351, '5', 3, 73000000, 970, 1, 3, 1),
       (57517, 351, '6', 2, 53000000, 980, 2, 3, 1),
       (57518, 351, '7', 1, 51000000, 630, 2, 3, 1),
       (57519, 351, '8', 1, 46000000, 800, 2, 3, 1),
       (57520, 351, '9', 3, 84000000, 950, 2, 3, 1),
       (57521, 351, '10', 1, 57000000, 570, 2, 3, 1),
       (57522, 351, '11', 1, 87000000, 1000, 3, 3, 1),
       (57523, 351, '12', 2, 47000000, 310, 3, 3, 1),
       (57524, 351, '13', 1, 50000000, 660, 3, 3, 1),
       (57525, 351, '14', 1, 81000000, 460, 3, 3, 1),
       (57526, 351, '15', 3, 61000000, 310, 3, 3, 1),
       (57527, 351, '16', 2, 52000000, 930, 4, 3, 1),
       (57528, 351, '17', 2, 45000000, 850, 4, 3, 1),
       (57529, 351, '18', 1, 70000000, 630, 4, 3, 1),
       (57530, 351, '19', 1, 42000000, 770, 4, 3, 1),
       (57531, 351, '20', 3, 79000000, 940, 4, 3, 1),
       (57532, 351, '21', 3, 60000000, 860, 5, 3, 1),
       (57533, 351, '22', 2, 49000000, 480, 5, 3, 1),
       (57534, 351, '23', 3, 78000000, 930, 5, 3, 1),
       (57535, 351, '24', 1, 65000000, 410, 5, 3, 1),
       (57536, 351, '25', 3, 77000000, 980, 5, 3, 1),
       (57537, 351, '26', 2, 43000000, 630, 6, 3, 1),
       (57538, 351, '27', 2, 43000000, 500, 6, 3, 1),
       (57539, 351, '28', 2, 52000000, 840, 6, 3, 1),
       (57540, 351, '29', 2, 40000000, 770, 6, 3, 1),
       (57541, 351, '30', 2, 70000000, 580, 6, 3, 1),
       (57542, 351, '31', 3, 47000000, 910, 7, 3, 1),
       (57543, 351, '32', 1, 89000000, 510, 7, 3, 1),
       (57544, 351, '33', 1, 72000000, 640, 7, 3, 1),
       (57545, 351, '34', 2, 48000000, 640, 7, 3, 1),
       (57546, 351, '35', 2, 86000000, 570, 7, 3, 1),
       (57547, 351, '36', 3, 67000000, 510, 8, 3, 1),
       (57548, 351, '37', 2, 45000000, 870, 8, 3, 1),
       (57549, 351, '38', 2, 53000000, 400, 8, 3, 1),
       (57550, 351, '39', 1, 74000000, 680, 8, 3, 1),
       (57551, 351, '40', 1, 89000000, 450, 8, 3, 1),
       (57552, 351, '41', 1, 81000000, 490, 9, 3, 1),
       (57553, 351, '42', 3, 75000000, 870, 9, 3, 1),
       (57554, 351, '43', 2, 78000000, 730, 9, 3, 1),
       (57555, 351, '44', 3, 52000000, 830, 9, 3, 1),
       (57556, 351, '45', 2, 47000000, 870, 9, 3, 1),
       (57557, 351, '46', 2, 89000000, 990, 10, 3, 1),
       (57558, 351, '47', 2, 78000000, 890, 10, 3, 1),
       (57559, 351, '48', 3, 41000000, 490, 10, 3, 1),
       (57560, 351, '49', 3, 47000000, 920, 10, 3, 1),
       (57561, 351, '50', 3, 56000000, 400, 10, 3, 1),
       (57562, 351, '51', 1, 40000000, 320, 11, 3, 1),
       (57563, 351, '52', 1, 47000000, 810, 11, 3, 1),
       (57564, 351, '53', 1, 73000000, 530, 11, 3, 1),
       (57565, 351, '54', 3, 87000000, 820, 11, 3, 1),
       (57566, 351, '55', 1, 71000000, 750, 11, 3, 1),
       (57567, 351, '56', 2, 55000000, 500, 12, 3, 1),
       (57568, 351, '57', 2, 80000000, 370, 12, 3, 1),
       (57569, 351, '58', 1, 46000000, 720, 12, 3, 1),
       (57570, 351, '59', 2, 65000000, 420, 12, 3, 1),
       (57571, 351, '60', 3, 64000000, 960, 12, 3, 1),
       (57572, 351, '61', 1, 65000000, 570, 13, 3, 1),
       (57573, 351, '62', 3, 69000000, 630, 13, 3, 1),
       (57574, 351, '63', 3, 51000000, 440, 13, 3, 1),
       (57575, 351, '64', 1, 46000000, 820, 13, 3, 1),
       (57576, 351, '65', 2, 48000000, 400, 13, 3, 1),
       (57577, 351, '66', 3, 83000000, 740, 14, 3, 1),
       (57578, 351, '67', 1, 75000000, 760, 14, 3, 1),
       (57579, 351, '68', 3, 90000000, 780, 14, 3, 1),
       (57580, 351, '69', 2, 50000000, 660, 14, 3, 1),
       (57581, 351, '70', 2, 77000000, 730, 14, 3, 1),
       (57582, 351, '71', 1, 41000000, 940, 15, 3, 1),
       (57583, 351, '72', 3, 55000000, 920, 15, 3, 1),
       (57584, 351, '73', 1, 43000000, 400, 15, 3, 1),
       (57585, 351, '74', 2, 73000000, 930, 15, 3, 1),
       (57586, 351, '75', 3, 82000000, 660, 15, 3, 1);
insert into real_estate_building (id, address, complex_id, floor_count, dev_id)
values (352, 'г. Москва, ул. Харьковская, д. 14', 17, 20, 17);
insert into real_estate_object (id, building_id ,local_address, places, price, area, floor, type, estate_type)
values (57587, 352, '1', 3, 49000000, 860, 1, 3, 1),
       (57588, 352, '2', 3, 50000000, 420, 1, 3, 1),
       (57589, 352, '3', 2, 62000000, 660, 1, 3, 1),
       (57590, 352, '4', 1, 44000000, 510, 1, 3, 1),
       (57591, 352, '5', 1, 43000000, 830, 1, 3, 1),
       (57592, 352, '6', 2, 83000000, 740, 2, 3, 1),
       (57593, 352, '7', 1, 84000000, 330, 2, 3, 1),
       (57594, 352, '8', 2, 81000000, 370, 2, 3, 1),
       (57595, 352, '9', 2, 52000000, 890, 2, 3, 1),
       (57596, 352, '10', 3, 77000000, 770, 2, 3, 1),
       (57597, 352, '11', 1, 90000000, 950, 3, 3, 1),
       (57598, 352, '12', 1, 68000000, 490, 3, 3, 1),
       (57599, 352, '13', 3, 63000000, 530, 3, 3, 1),
       (57600, 352, '14', 3, 71000000, 780, 3, 3, 1),
       (57601, 352, '15', 1, 47000000, 340, 3, 3, 1),
       (57602, 352, '16', 3, 55000000, 820, 4, 3, 1),
       (57603, 352, '17', 2, 55000000, 890, 4, 3, 1),
       (57604, 352, '18', 2, 65000000, 420, 4, 3, 1),
       (57605, 352, '19', 3, 68000000, 920, 4, 3, 1),
       (57606, 352, '20', 2, 73000000, 710, 4, 3, 1),
       (57607, 352, '21', 2, 81000000, 900, 5, 3, 1),
       (57608, 352, '22', 2, 74000000, 310, 5, 3, 1),
       (57609, 352, '23', 2, 70000000, 730, 5, 3, 1),
       (57610, 352, '24', 2, 90000000, 580, 5, 3, 1),
       (57611, 352, '25', 1, 61000000, 370, 5, 3, 1),
       (57612, 352, '26', 1, 78000000, 410, 6, 3, 1),
       (57613, 352, '27', 1, 40000000, 630, 6, 3, 1),
       (57614, 352, '28', 3, 88000000, 460, 6, 3, 1),
       (57615, 352, '29', 2, 42000000, 420, 6, 3, 1),
       (57616, 352, '30', 2, 88000000, 980, 6, 3, 1),
       (57617, 352, '31', 3, 55000000, 460, 7, 3, 1),
       (57618, 352, '32', 1, 48000000, 690, 7, 3, 1),
       (57619, 352, '33', 3, 50000000, 900, 7, 3, 1),
       (57620, 352, '34', 1, 60000000, 710, 7, 3, 1),
       (57621, 352, '35', 3, 76000000, 800, 7, 3, 1),
       (57622, 352, '36', 1, 60000000, 660, 8, 3, 1),
       (57623, 352, '37', 3, 63000000, 740, 8, 3, 1),
       (57624, 352, '38', 3, 85000000, 950, 8, 3, 1),
       (57625, 352, '39', 3, 54000000, 370, 8, 3, 1),
       (57626, 352, '40', 3, 52000000, 370, 8, 3, 1),
       (57627, 352, '41', 1, 84000000, 950, 9, 3, 1),
       (57628, 352, '42', 3, 62000000, 610, 9, 3, 1),
       (57629, 352, '43', 2, 74000000, 510, 9, 3, 1),
       (57630, 352, '44', 2, 69000000, 980, 9, 3, 1),
       (57631, 352, '45', 3, 73000000, 710, 9, 3, 1),
       (57632, 352, '46', 1, 74000000, 780, 10, 3, 1),
       (57633, 352, '47', 1, 87000000, 790, 10, 3, 1),
       (57634, 352, '48', 1, 71000000, 650, 10, 3, 1),
       (57635, 352, '49', 2, 88000000, 940, 10, 3, 1),
       (57636, 352, '50', 2, 55000000, 720, 10, 3, 1),
       (57637, 352, '51', 2, 67000000, 340, 11, 3, 1),
       (57638, 352, '52', 2, 64000000, 680, 11, 3, 1),
       (57639, 352, '53', 1, 58000000, 580, 11, 3, 1),
       (57640, 352, '54', 2, 82000000, 640, 11, 3, 1),
       (57641, 352, '55', 3, 49000000, 490, 11, 3, 1),
       (57642, 352, '56', 1, 52000000, 860, 12, 3, 1),
       (57643, 352, '57', 2, 52000000, 320, 12, 3, 1),
       (57644, 352, '58', 2, 85000000, 590, 12, 3, 1),
       (57645, 352, '59', 2, 80000000, 940, 12, 3, 1),
       (57646, 352, '60', 1, 66000000, 540, 12, 3, 1),
       (57647, 352, '61', 2, 45000000, 910, 13, 3, 1),
       (57648, 352, '62', 1, 45000000, 410, 13, 3, 1),
       (57649, 352, '63', 1, 59000000, 590, 13, 3, 1),
       (57650, 352, '64', 2, 71000000, 580, 13, 3, 1),
       (57651, 352, '65', 1, 56000000, 820, 13, 3, 1),
       (57652, 352, '66', 3, 76000000, 560, 14, 3, 1),
       (57653, 352, '67', 3, 41000000, 930, 14, 3, 1),
       (57654, 352, '68', 3, 48000000, 760, 14, 3, 1),
       (57655, 352, '69', 2, 49000000, 340, 14, 3, 1),
       (57656, 352, '70', 2, 75000000, 820, 14, 3, 1),
       (57657, 352, '71', 1, 74000000, 920, 15, 3, 1),
       (57658, 352, '72', 3, 62000000, 630, 15, 3, 1),
       (57659, 352, '73', 2, 55000000, 670, 15, 3, 1),
       (57660, 352, '74', 1, 65000000, 480, 15, 3, 1),
       (57661, 352, '75', 2, 87000000, 550, 15, 3, 1),
       (57662, 352, '76', 3, 63000000, 340, 16, 3, 1),
       (57663, 352, '77', 2, 72000000, 690, 16, 3, 1),
       (57664, 352, '78', 2, 69000000, 440, 16, 3, 1),
       (57665, 352, '79', 1, 70000000, 670, 16, 3, 1),
       (57666, 352, '80', 1, 49000000, 650, 16, 3, 1),
       (57667, 352, '81', 2, 66000000, 890, 17, 3, 1),
       (57668, 352, '82', 1, 85000000, 650, 17, 3, 1),
       (57669, 352, '83', 2, 50000000, 990, 17, 3, 1),
       (57670, 352, '84', 1, 72000000, 650, 17, 3, 1),
       (57671, 352, '85', 3, 89000000, 580, 17, 3, 1),
       (57672, 352, '86', 1, 46000000, 720, 18, 3, 1),
       (57673, 352, '87', 3, 54000000, 640, 18, 3, 1),
       (57674, 352, '88', 2, 66000000, 380, 18, 3, 1),
       (57675, 352, '89', 3, 63000000, 870, 18, 3, 1),
       (57676, 352, '90', 1, 62000000, 320, 18, 3, 1),
       (57677, 352, '91', 3, 73000000, 990, 19, 3, 1),
       (57678, 352, '92', 3, 84000000, 550, 19, 3, 1),
       (57679, 352, '93', 1, 70000000, 400, 19, 3, 1),
       (57680, 352, '94', 1, 46000000, 910, 19, 3, 1),
       (57681, 352, '95', 2, 77000000, 890, 19, 3, 1),
       (57682, 352, '96', 3, 44000000, 630, 20, 3, 1),
       (57683, 352, '97', 3, 71000000, 460, 20, 3, 1),
       (57684, 352, '98', 3, 80000000, 1000, 20, 3, 1),
       (57685, 352, '99', 1, 80000000, 780, 20, 3, 1),
       (57686, 352, '100', 2, 53000000, 650, 20, 3, 1);
insert into real_estate_building (id, address, complex_id, floor_count, dev_id)
values (353, 'г. Москва, ул. Харьковская, д. 15', 17, 10, 17);
insert into real_estate_object (id, building_id ,local_address, places, price, area, floor, type, estate_type)
values (57687, 353, '1', 2, 61000000, 350, 1, 3, 1),
       (57688, 353, '2', 3, 74000000, 400, 1, 3, 1),
       (57689, 353, '3', 3, 77000000, 850, 1, 3, 1),
       (57690, 353, '4', 3, 43000000, 630, 1, 3, 1),
       (57691, 353, '5', 3, 49000000, 450, 1, 3, 1),
       (57692, 353, '6', 1, 77000000, 790, 2, 3, 1),
       (57693, 353, '7', 3, 66000000, 630, 2, 3, 1),
       (57694, 353, '8', 2, 82000000, 940, 2, 3, 1),
       (57695, 353, '9', 2, 71000000, 640, 2, 3, 1),
       (57696, 353, '10', 1, 66000000, 360, 2, 3, 1),
       (57697, 353, '11', 1, 62000000, 470, 3, 3, 1),
       (57698, 353, '12', 3, 85000000, 400, 3, 3, 1),
       (57699, 353, '13', 1, 80000000, 860, 3, 3, 1),
       (57700, 353, '14', 3, 79000000, 600, 3, 3, 1),
       (57701, 353, '15', 3, 68000000, 550, 3, 3, 1),
       (57702, 353, '16', 3, 53000000, 350, 4, 3, 1),
       (57703, 353, '17', 2, 52000000, 460, 4, 3, 1),
       (57704, 353, '18', 2, 45000000, 360, 4, 3, 1),
       (57705, 353, '19', 3, 46000000, 700, 4, 3, 1),
       (57706, 353, '20', 1, 61000000, 400, 4, 3, 1),
       (57707, 353, '21', 2, 82000000, 910, 5, 3, 1),
       (57708, 353, '22', 1, 76000000, 660, 5, 3, 1),
       (57709, 353, '23', 2, 48000000, 330, 5, 3, 1),
       (57710, 353, '24', 2, 68000000, 770, 5, 3, 1),
       (57711, 353, '25', 1, 71000000, 970, 5, 3, 1),
       (57712, 353, '26', 3, 87000000, 630, 6, 3, 1),
       (57713, 353, '27', 1, 66000000, 920, 6, 3, 1),
       (57714, 353, '28', 2, 62000000, 400, 6, 3, 1),
       (57715, 353, '29', 1, 73000000, 500, 6, 3, 1),
       (57716, 353, '30', 1, 42000000, 640, 6, 3, 1),
       (57717, 353, '31', 2, 80000000, 860, 7, 3, 1),
       (57718, 353, '32', 1, 82000000, 590, 7, 3, 1),
       (57719, 353, '33', 3, 53000000, 450, 7, 3, 1),
       (57720, 353, '34', 2, 41000000, 1000, 7, 3, 1),
       (57721, 353, '35', 3, 70000000, 470, 7, 3, 1),
       (57722, 353, '36', 3, 88000000, 550, 8, 3, 1),
       (57723, 353, '37', 2, 40000000, 740, 8, 3, 1),
       (57724, 353, '38', 1, 68000000, 920, 8, 3, 1),
       (57725, 353, '39', 2, 83000000, 540, 8, 3, 1),
       (57726, 353, '40', 1, 44000000, 970, 8, 3, 1),
       (57727, 353, '41', 2, 54000000, 310, 9, 3, 1),
       (57728, 353, '42', 1, 60000000, 520, 9, 3, 1),
       (57729, 353, '43', 1, 80000000, 990, 9, 3, 1),
       (57730, 353, '44', 2, 74000000, 740, 9, 3, 1),
       (57731, 353, '45', 2, 44000000, 500, 9, 3, 1),
       (57732, 353, '46', 2, 44000000, 300, 10, 3, 1),
       (57733, 353, '47', 1, 58000000, 660, 10, 3, 1),
       (57734, 353, '48', 3, 62000000, 330, 10, 3, 1),
       (57735, 353, '49', 3, 50000000, 730, 10, 3, 1),
       (57736, 353, '50', 3, 69000000, 420, 10, 3, 1);
insert into real_estate_building (id, address, complex_id, floor_count, dev_id)
values (354, 'г. Москва, ул. Харьковская, д. 16', 17, 19, 17);
insert into real_estate_object (id, building_id ,local_address, places, price, area, floor, type, estate_type)
values (57737, 354, '1', 1, 78000000, 590, 1, 3, 1),
       (57738, 354, '2', 1, 41000000, 870, 1, 3, 1),
       (57739, 354, '3', 2, 69000000, 920, 1, 3, 1),
       (57740, 354, '4', 2, 85000000, 700, 1, 3, 1),
       (57741, 354, '5', 2, 77000000, 820, 1, 3, 1),
       (57742, 354, '6', 2, 53000000, 880, 2, 3, 1),
       (57743, 354, '7', 3, 88000000, 640, 2, 3, 1),
       (57744, 354, '8', 3, 81000000, 900, 2, 3, 1),
       (57745, 354, '9', 2, 49000000, 540, 2, 3, 1),
       (57746, 354, '10', 2, 44000000, 750, 2, 3, 1),
       (57747, 354, '11', 1, 90000000, 800, 3, 3, 1),
       (57748, 354, '12', 3, 79000000, 490, 3, 3, 1),
       (57749, 354, '13', 1, 45000000, 870, 3, 3, 1),
       (57750, 354, '14', 2, 46000000, 760, 3, 3, 1),
       (57751, 354, '15', 1, 68000000, 970, 3, 3, 1),
       (57752, 354, '16', 3, 89000000, 640, 4, 3, 1),
       (57753, 354, '17', 1, 65000000, 900, 4, 3, 1),
       (57754, 354, '18', 3, 83000000, 1000, 4, 3, 1),
       (57755, 354, '19', 2, 69000000, 400, 4, 3, 1),
       (57756, 354, '20', 2, 58000000, 740, 4, 3, 1),
       (57757, 354, '21', 2, 63000000, 460, 5, 3, 1),
       (57758, 354, '22', 2, 62000000, 700, 5, 3, 1),
       (57759, 354, '23', 2, 52000000, 320, 5, 3, 1),
       (57760, 354, '24', 3, 84000000, 380, 5, 3, 1),
       (57761, 354, '25', 2, 55000000, 570, 5, 3, 1),
       (57762, 354, '26', 2, 49000000, 770, 6, 3, 1),
       (57763, 354, '27', 3, 80000000, 540, 6, 3, 1),
       (57764, 354, '28', 2, 45000000, 380, 6, 3, 1),
       (57765, 354, '29', 1, 40000000, 610, 6, 3, 1),
       (57766, 354, '30', 3, 56000000, 920, 6, 3, 1),
       (57767, 354, '31', 3, 90000000, 330, 7, 3, 1),
       (57768, 354, '32', 1, 81000000, 760, 7, 3, 1),
       (57769, 354, '33', 1, 50000000, 530, 7, 3, 1),
       (57770, 354, '34', 3, 89000000, 930, 7, 3, 1),
       (57771, 354, '35', 2, 84000000, 670, 7, 3, 1),
       (57772, 354, '36', 1, 84000000, 790, 8, 3, 1),
       (57773, 354, '37', 2, 42000000, 990, 8, 3, 1),
       (57774, 354, '38', 3, 79000000, 750, 8, 3, 1),
       (57775, 354, '39', 1, 53000000, 650, 8, 3, 1),
       (57776, 354, '40', 3, 46000000, 320, 8, 3, 1),
       (57777, 354, '41', 3, 62000000, 700, 9, 3, 1),
       (57778, 354, '42', 3, 68000000, 1000, 9, 3, 1),
       (57779, 354, '43', 3, 90000000, 830, 9, 3, 1),
       (57780, 354, '44', 3, 83000000, 410, 9, 3, 1),
       (57781, 354, '45', 3, 76000000, 410, 9, 3, 1),
       (57782, 354, '46', 1, 48000000, 910, 10, 3, 1),
       (57783, 354, '47', 2, 83000000, 420, 10, 3, 1),
       (57784, 354, '48', 1, 89000000, 620, 10, 3, 1),
       (57785, 354, '49', 2, 78000000, 720, 10, 3, 1),
       (57786, 354, '50', 2, 48000000, 860, 10, 3, 1),
       (57787, 354, '51', 3, 46000000, 390, 11, 3, 1),
       (57788, 354, '52', 1, 87000000, 750, 11, 3, 1),
       (57789, 354, '53', 1, 51000000, 810, 11, 3, 1),
       (57790, 354, '54', 2, 45000000, 340, 11, 3, 1),
       (57791, 354, '55', 2, 82000000, 860, 11, 3, 1),
       (57792, 354, '56', 1, 56000000, 980, 12, 3, 1),
       (57793, 354, '57', 1, 83000000, 990, 12, 3, 1),
       (57794, 354, '58', 3, 78000000, 540, 12, 3, 1),
       (57795, 354, '59', 1, 41000000, 920, 12, 3, 1),
       (57796, 354, '60', 2, 46000000, 390, 12, 3, 1),
       (57797, 354, '61', 2, 52000000, 550, 13, 3, 1),
       (57798, 354, '62', 2, 89000000, 500, 13, 3, 1),
       (57799, 354, '63', 2, 46000000, 570, 13, 3, 1),
       (57800, 354, '64', 2, 44000000, 890, 13, 3, 1),
       (57801, 354, '65', 2, 68000000, 930, 13, 3, 1),
       (57802, 354, '66', 2, 49000000, 330, 14, 3, 1),
       (57803, 354, '67', 2, 45000000, 540, 14, 3, 1),
       (57804, 354, '68', 3, 72000000, 550, 14, 3, 1),
       (57805, 354, '69', 2, 74000000, 520, 14, 3, 1),
       (57806, 354, '70', 1, 48000000, 670, 14, 3, 1),
       (57807, 354, '71', 2, 67000000, 890, 15, 3, 1),
       (57808, 354, '72', 2, 58000000, 740, 15, 3, 1),
       (57809, 354, '73', 1, 69000000, 760, 15, 3, 1),
       (57810, 354, '74', 3, 69000000, 450, 15, 3, 1),
       (57811, 354, '75', 1, 49000000, 530, 15, 3, 1),
       (57812, 354, '76', 3, 57000000, 850, 16, 3, 1),
       (57813, 354, '77', 1, 71000000, 770, 16, 3, 1),
       (57814, 354, '78', 3, 41000000, 760, 16, 3, 1),
       (57815, 354, '79', 3, 43000000, 730, 16, 3, 1),
       (57816, 354, '80', 1, 64000000, 370, 16, 3, 1),
       (57817, 354, '81', 1, 48000000, 920, 17, 3, 1),
       (57818, 354, '82', 1, 48000000, 490, 17, 3, 1),
       (57819, 354, '83', 1, 49000000, 690, 17, 3, 1),
       (57820, 354, '84', 3, 55000000, 850, 17, 3, 1),
       (57821, 354, '85', 2, 82000000, 320, 17, 3, 1),
       (57822, 354, '86', 1, 68000000, 860, 18, 3, 1),
       (57823, 354, '87', 1, 69000000, 570, 18, 3, 1),
       (57824, 354, '88', 3, 79000000, 490, 18, 3, 1),
       (57825, 354, '89', 3, 85000000, 520, 18, 3, 1),
       (57826, 354, '90', 3, 47000000, 820, 18, 3, 1),
       (57827, 354, '91', 3, 90000000, 690, 19, 3, 1),
       (57828, 354, '92', 3, 60000000, 300, 19, 3, 1),
       (57829, 354, '93', 1, 59000000, 820, 19, 3, 1),
       (57830, 354, '94', 3, 89000000, 370, 19, 3, 1),
       (57831, 354, '95', 2, 67000000, 550, 19, 3, 1);
insert into real_estate_building (id, address, complex_id, floor_count, dev_id)
values (355, 'г. Москва, ул. Харьковская, д. 17', 17, 17, 17);
insert into real_estate_object (id, building_id ,local_address, places, price, area, floor, type, estate_type)
values (57832, 355, '1', 2, 64000000, 420, 1, 3, 1),
       (57833, 355, '2', 2, 82000000, 340, 1, 3, 1),
       (57834, 355, '3', 2, 87000000, 930, 1, 3, 1),
       (57835, 355, '4', 1, 62000000, 530, 1, 3, 1),
       (57836, 355, '5', 1, 87000000, 490, 1, 3, 1),
       (57837, 355, '6', 1, 64000000, 420, 2, 3, 1),
       (57838, 355, '7', 1, 83000000, 510, 2, 3, 1),
       (57839, 355, '8', 2, 68000000, 670, 2, 3, 1),
       (57840, 355, '9', 3, 54000000, 550, 2, 3, 1),
       (57841, 355, '10', 1, 74000000, 700, 2, 3, 1),
       (57842, 355, '11', 3, 90000000, 380, 3, 3, 1),
       (57843, 355, '12', 2, 69000000, 420, 3, 3, 1),
       (57844, 355, '13', 3, 55000000, 840, 3, 3, 1),
       (57845, 355, '14', 1, 59000000, 770, 3, 3, 1),
       (57846, 355, '15', 1, 89000000, 950, 3, 3, 1),
       (57847, 355, '16', 2, 56000000, 440, 4, 3, 1),
       (57848, 355, '17', 1, 53000000, 640, 4, 3, 1),
       (57849, 355, '18', 2, 62000000, 980, 4, 3, 1),
       (57850, 355, '19', 1, 66000000, 410, 4, 3, 1),
       (57851, 355, '20', 2, 46000000, 410, 4, 3, 1),
       (57852, 355, '21', 2, 49000000, 970, 5, 3, 1),
       (57853, 355, '22', 1, 40000000, 310, 5, 3, 1),
       (57854, 355, '23', 2, 52000000, 550, 5, 3, 1),
       (57855, 355, '24', 1, 54000000, 960, 5, 3, 1),
       (57856, 355, '25', 3, 78000000, 390, 5, 3, 1),
       (57857, 355, '26', 3, 67000000, 910, 6, 3, 1),
       (57858, 355, '27', 3, 67000000, 990, 6, 3, 1),
       (57859, 355, '28', 1, 49000000, 590, 6, 3, 1),
       (57860, 355, '29', 3, 67000000, 630, 6, 3, 1),
       (57861, 355, '30', 3, 66000000, 670, 6, 3, 1),
       (57862, 355, '31', 1, 60000000, 430, 7, 3, 1),
       (57863, 355, '32', 1, 81000000, 710, 7, 3, 1),
       (57864, 355, '33', 2, 76000000, 400, 7, 3, 1),
       (57865, 355, '34', 3, 77000000, 550, 7, 3, 1),
       (57866, 355, '35', 3, 70000000, 880, 7, 3, 1),
       (57867, 355, '36', 1, 71000000, 570, 8, 3, 1),
       (57868, 355, '37', 3, 69000000, 390, 8, 3, 1),
       (57869, 355, '38', 3, 54000000, 830, 8, 3, 1),
       (57870, 355, '39', 3, 46000000, 450, 8, 3, 1),
       (57871, 355, '40', 3, 74000000, 990, 8, 3, 1),
       (57872, 355, '41', 1, 70000000, 680, 9, 3, 1),
       (57873, 355, '42', 3, 72000000, 990, 9, 3, 1),
       (57874, 355, '43', 1, 45000000, 960, 9, 3, 1),
       (57875, 355, '44', 3, 41000000, 790, 9, 3, 1),
       (57876, 355, '45', 2, 68000000, 300, 9, 3, 1),
       (57877, 355, '46', 1, 41000000, 550, 10, 3, 1),
       (57878, 355, '47', 2, 47000000, 940, 10, 3, 1),
       (57879, 355, '48', 3, 87000000, 880, 10, 3, 1),
       (57880, 355, '49', 3, 64000000, 440, 10, 3, 1),
       (57881, 355, '50', 2, 61000000, 370, 10, 3, 1),
       (57882, 355, '51', 2, 86000000, 900, 11, 3, 1),
       (57883, 355, '52', 3, 49000000, 670, 11, 3, 1),
       (57884, 355, '53', 2, 73000000, 570, 11, 3, 1),
       (57885, 355, '54', 2, 77000000, 470, 11, 3, 1),
       (57886, 355, '55', 3, 48000000, 600, 11, 3, 1),
       (57887, 355, '56', 1, 85000000, 430, 12, 3, 1),
       (57888, 355, '57', 2, 62000000, 610, 12, 3, 1),
       (57889, 355, '58', 3, 58000000, 320, 12, 3, 1),
       (57890, 355, '59', 2, 47000000, 780, 12, 3, 1),
       (57891, 355, '60', 1, 65000000, 920, 12, 3, 1),
       (57892, 355, '61', 1, 77000000, 340, 13, 3, 1),
       (57893, 355, '62', 2, 86000000, 870, 13, 3, 1),
       (57894, 355, '63', 1, 90000000, 640, 13, 3, 1),
       (57895, 355, '64', 3, 61000000, 800, 13, 3, 1),
       (57896, 355, '65', 2, 43000000, 940, 13, 3, 1),
       (57897, 355, '66', 3, 48000000, 390, 14, 3, 1),
       (57898, 355, '67', 3, 65000000, 840, 14, 3, 1),
       (57899, 355, '68', 1, 47000000, 450, 14, 3, 1),
       (57900, 355, '69', 2, 46000000, 860, 14, 3, 1),
       (57901, 355, '70', 1, 80000000, 690, 14, 3, 1),
       (57902, 355, '71', 2, 79000000, 780, 15, 3, 1),
       (57903, 355, '72', 3, 74000000, 350, 15, 3, 1),
       (57904, 355, '73', 2, 76000000, 370, 15, 3, 1),
       (57905, 355, '74', 2, 46000000, 540, 15, 3, 1),
       (57906, 355, '75', 3, 80000000, 920, 15, 3, 1),
       (57907, 355, '76', 1, 70000000, 910, 16, 3, 1),
       (57908, 355, '77', 1, 74000000, 700, 16, 3, 1),
       (57909, 355, '78', 2, 64000000, 470, 16, 3, 1),
       (57910, 355, '79', 2, 82000000, 480, 16, 3, 1),
       (57911, 355, '80', 3, 57000000, 890, 16, 3, 1),
       (57912, 355, '81', 1, 85000000, 450, 17, 3, 1),
       (57913, 355, '82', 3, 52000000, 430, 17, 3, 1),
       (57914, 355, '83', 1, 90000000, 760, 17, 3, 1),
       (57915, 355, '84', 1, 61000000, 890, 17, 3, 1),
       (57916, 355, '85', 1, 58000000, 690, 17, 3, 1);
insert into real_estate_building (id, address, complex_id, floor_count, dev_id)
values (356, 'г. Москва, ул. Харьковская, д. 18', 17, 16, 17);
insert into real_estate_object (id, building_id ,local_address, places, price, area, floor, type, estate_type)
values (57917, 356, '1', 3, 44000000, 970, 1, 3, 1),
       (57918, 356, '2', 1, 52000000, 440, 1, 3, 1),
       (57919, 356, '3', 2, 82000000, 890, 1, 3, 1),
       (57920, 356, '4', 3, 57000000, 750, 1, 3, 1),
       (57921, 356, '5', 1, 85000000, 700, 1, 3, 1),
       (57922, 356, '6', 3, 70000000, 680, 2, 3, 1),
       (57923, 356, '7', 2, 45000000, 920, 2, 3, 1),
       (57924, 356, '8', 2, 46000000, 390, 2, 3, 1),
       (57925, 356, '9', 1, 61000000, 920, 2, 3, 1),
       (57926, 356, '10', 1, 60000000, 850, 2, 3, 1),
       (57927, 356, '11', 3, 57000000, 470, 3, 3, 1),
       (57928, 356, '12', 3, 69000000, 900, 3, 3, 1),
       (57929, 356, '13', 1, 68000000, 940, 3, 3, 1),
       (57930, 356, '14', 1, 47000000, 600, 3, 3, 1),
       (57931, 356, '15', 1, 72000000, 810, 3, 3, 1),
       (57932, 356, '16', 2, 86000000, 960, 4, 3, 1),
       (57933, 356, '17', 1, 64000000, 420, 4, 3, 1),
       (57934, 356, '18', 2, 81000000, 420, 4, 3, 1),
       (57935, 356, '19', 3, 86000000, 1000, 4, 3, 1),
       (57936, 356, '20', 3, 82000000, 910, 4, 3, 1),
       (57937, 356, '21', 1, 72000000, 950, 5, 3, 1),
       (57938, 356, '22', 2, 86000000, 1000, 5, 3, 1),
       (57939, 356, '23', 1, 85000000, 480, 5, 3, 1),
       (57940, 356, '24', 3, 75000000, 540, 5, 3, 1),
       (57941, 356, '25', 3, 74000000, 790, 5, 3, 1),
       (57942, 356, '26', 1, 79000000, 300, 6, 3, 1),
       (57943, 356, '27', 2, 68000000, 800, 6, 3, 1),
       (57944, 356, '28', 2, 42000000, 640, 6, 3, 1),
       (57945, 356, '29', 3, 78000000, 840, 6, 3, 1),
       (57946, 356, '30', 3, 85000000, 950, 6, 3, 1),
       (57947, 356, '31', 3, 41000000, 310, 7, 3, 1),
       (57948, 356, '32', 3, 54000000, 780, 7, 3, 1),
       (57949, 356, '33', 2, 79000000, 640, 7, 3, 1),
       (57950, 356, '34', 3, 46000000, 800, 7, 3, 1),
       (57951, 356, '35', 3, 85000000, 720, 7, 3, 1),
       (57952, 356, '36', 1, 72000000, 330, 8, 3, 1),
       (57953, 356, '37', 3, 51000000, 520, 8, 3, 1),
       (57954, 356, '38', 2, 84000000, 670, 8, 3, 1),
       (57955, 356, '39', 2, 79000000, 1000, 8, 3, 1),
       (57956, 356, '40', 3, 44000000, 370, 8, 3, 1),
       (57957, 356, '41', 2, 88000000, 370, 9, 3, 1),
       (57958, 356, '42', 1, 62000000, 450, 9, 3, 1),
       (57959, 356, '43', 2, 56000000, 600, 9, 3, 1),
       (57960, 356, '44', 2, 54000000, 310, 9, 3, 1),
       (57961, 356, '45', 2, 75000000, 500, 9, 3, 1),
       (57962, 356, '46', 1, 84000000, 870, 10, 3, 1),
       (57963, 356, '47', 1, 41000000, 480, 10, 3, 1),
       (57964, 356, '48', 2, 72000000, 620, 10, 3, 1),
       (57965, 356, '49', 1, 88000000, 990, 10, 3, 1),
       (57966, 356, '50', 3, 54000000, 340, 10, 3, 1),
       (57967, 356, '51', 2, 77000000, 340, 11, 3, 1),
       (57968, 356, '52', 2, 82000000, 470, 11, 3, 1),
       (57969, 356, '53', 1, 72000000, 880, 11, 3, 1),
       (57970, 356, '54', 3, 40000000, 990, 11, 3, 1),
       (57971, 356, '55', 3, 76000000, 370, 11, 3, 1),
       (57972, 356, '56', 3, 70000000, 660, 12, 3, 1),
       (57973, 356, '57', 2, 49000000, 390, 12, 3, 1),
       (57974, 356, '58', 3, 50000000, 570, 12, 3, 1),
       (57975, 356, '59', 1, 69000000, 620, 12, 3, 1),
       (57976, 356, '60', 2, 86000000, 830, 12, 3, 1),
       (57977, 356, '61', 1, 55000000, 510, 13, 3, 1),
       (57978, 356, '62', 1, 54000000, 340, 13, 3, 1),
       (57979, 356, '63', 1, 41000000, 820, 13, 3, 1),
       (57980, 356, '64', 1, 89000000, 800, 13, 3, 1),
       (57981, 356, '65', 1, 70000000, 450, 13, 3, 1),
       (57982, 356, '66', 1, 67000000, 920, 14, 3, 1),
       (57983, 356, '67', 2, 77000000, 690, 14, 3, 1),
       (57984, 356, '68', 1, 57000000, 520, 14, 3, 1),
       (57985, 356, '69', 2, 66000000, 670, 14, 3, 1),
       (57986, 356, '70', 3, 87000000, 310, 14, 3, 1),
       (57987, 356, '71', 3, 77000000, 880, 15, 3, 1),
       (57988, 356, '72', 2, 57000000, 610, 15, 3, 1),
       (57989, 356, '73', 2, 66000000, 790, 15, 3, 1),
       (57990, 356, '74', 3, 76000000, 300, 15, 3, 1),
       (57991, 356, '75', 2, 60000000, 810, 15, 3, 1),
       (57992, 356, '76', 3, 76000000, 790, 16, 3, 1),
       (57993, 356, '77', 2, 41000000, 960, 16, 3, 1),
       (57994, 356, '78', 2, 78000000, 640, 16, 3, 1),
       (57995, 356, '79', 1, 89000000, 900, 16, 3, 1),
       (57996, 356, '80', 3, 87000000, 850, 16, 3, 1);
insert into real_estate_building (id, address, complex_id, floor_count, dev_id)
values (357, 'г. Москва, ул. Харьковская, д. 19', 17, 18, 17);
insert into real_estate_object (id, building_id ,local_address, places, price, area, floor, type, estate_type)
values (57997, 357, '1', 2, 80000000, 890, 1, 3, 1),
       (57998, 357, '2', 2, 45000000, 560, 1, 3, 1),
       (57999, 357, '3', 2, 46000000, 620, 1, 3, 1),
       (58000, 357, '4', 3, 45000000, 650, 1, 3, 1),
       (58001, 357, '5', 3, 69000000, 540, 1, 3, 1),
       (58002, 357, '6', 2, 79000000, 420, 2, 3, 1),
       (58003, 357, '7', 3, 75000000, 840, 2, 3, 1),
       (58004, 357, '8', 3, 64000000, 300, 2, 3, 1),
       (58005, 357, '9', 3, 53000000, 780, 2, 3, 1),
       (58006, 357, '10', 2, 65000000, 740, 2, 3, 1),
       (58007, 357, '11', 2, 68000000, 630, 3, 3, 1),
       (58008, 357, '12', 1, 48000000, 890, 3, 3, 1),
       (58009, 357, '13', 2, 83000000, 850, 3, 3, 1),
       (58010, 357, '14', 2, 71000000, 570, 3, 3, 1),
       (58011, 357, '15', 2, 67000000, 660, 3, 3, 1),
       (58012, 357, '16', 1, 65000000, 990, 4, 3, 1),
       (58013, 357, '17', 1, 54000000, 500, 4, 3, 1),
       (58014, 357, '18', 3, 66000000, 320, 4, 3, 1),
       (58015, 357, '19', 1, 64000000, 990, 4, 3, 1),
       (58016, 357, '20', 2, 46000000, 640, 4, 3, 1),
       (58017, 357, '21', 2, 61000000, 750, 5, 3, 1),
       (58018, 357, '22', 3, 44000000, 950, 5, 3, 1),
       (58019, 357, '23', 3, 79000000, 380, 5, 3, 1),
       (58020, 357, '24', 1, 47000000, 320, 5, 3, 1),
       (58021, 357, '25', 3, 85000000, 550, 5, 3, 1),
       (58022, 357, '26', 2, 49000000, 540, 6, 3, 1),
       (58023, 357, '27', 1, 40000000, 760, 6, 3, 1),
       (58024, 357, '28', 3, 47000000, 870, 6, 3, 1),
       (58025, 357, '29', 1, 59000000, 590, 6, 3, 1),
       (58026, 357, '30', 3, 49000000, 780, 6, 3, 1),
       (58027, 357, '31', 1, 71000000, 830, 7, 3, 1),
       (58028, 357, '32', 3, 53000000, 770, 7, 3, 1),
       (58029, 357, '33', 3, 58000000, 500, 7, 3, 1),
       (58030, 357, '34', 2, 44000000, 940, 7, 3, 1),
       (58031, 357, '35', 2, 44000000, 660, 7, 3, 1),
       (58032, 357, '36', 2, 75000000, 960, 8, 3, 1),
       (58033, 357, '37', 3, 72000000, 440, 8, 3, 1),
       (58034, 357, '38', 2, 88000000, 660, 8, 3, 1),
       (58035, 357, '39', 3, 46000000, 560, 8, 3, 1),
       (58036, 357, '40', 3, 48000000, 660, 8, 3, 1),
       (58037, 357, '41', 3, 81000000, 470, 9, 3, 1),
       (58038, 357, '42', 3, 62000000, 430, 9, 3, 1),
       (58039, 357, '43', 1, 73000000, 300, 9, 3, 1),
       (58040, 357, '44', 3, 89000000, 680, 9, 3, 1),
       (58041, 357, '45', 1, 53000000, 970, 9, 3, 1),
       (58042, 357, '46', 3, 87000000, 990, 10, 3, 1),
       (58043, 357, '47', 2, 42000000, 460, 10, 3, 1),
       (58044, 357, '48', 1, 59000000, 440, 10, 3, 1),
       (58045, 357, '49', 3, 69000000, 710, 10, 3, 1),
       (58046, 357, '50', 2, 78000000, 620, 10, 3, 1),
       (58047, 357, '51', 2, 75000000, 430, 11, 3, 1),
       (58048, 357, '52', 1, 47000000, 910, 11, 3, 1),
       (58049, 357, '53', 3, 81000000, 680, 11, 3, 1),
       (58050, 357, '54', 3, 46000000, 500, 11, 3, 1),
       (58051, 357, '55', 3, 90000000, 750, 11, 3, 1),
       (58052, 357, '56', 1, 64000000, 390, 12, 3, 1),
       (58053, 357, '57', 3, 57000000, 370, 12, 3, 1),
       (58054, 357, '58', 3, 40000000, 970, 12, 3, 1),
       (58055, 357, '59', 1, 69000000, 980, 12, 3, 1),
       (58056, 357, '60', 2, 58000000, 360, 12, 3, 1),
       (58057, 357, '61', 2, 52000000, 670, 13, 3, 1),
       (58058, 357, '62', 3, 62000000, 480, 13, 3, 1),
       (58059, 357, '63', 2, 71000000, 350, 13, 3, 1),
       (58060, 357, '64', 3, 84000000, 890, 13, 3, 1),
       (58061, 357, '65', 2, 65000000, 710, 13, 3, 1),
       (58062, 357, '66', 3, 80000000, 940, 14, 3, 1),
       (58063, 357, '67', 3, 69000000, 300, 14, 3, 1),
       (58064, 357, '68', 3, 42000000, 830, 14, 3, 1),
       (58065, 357, '69', 2, 42000000, 500, 14, 3, 1),
       (58066, 357, '70', 3, 84000000, 340, 14, 3, 1),
       (58067, 357, '71', 3, 89000000, 640, 15, 3, 1),
       (58068, 357, '72', 2, 73000000, 570, 15, 3, 1),
       (58069, 357, '73', 1, 57000000, 540, 15, 3, 1),
       (58070, 357, '74', 2, 81000000, 760, 15, 3, 1),
       (58071, 357, '75', 1, 59000000, 610, 15, 3, 1),
       (58072, 357, '76', 2, 80000000, 1000, 16, 3, 1),
       (58073, 357, '77', 1, 58000000, 830, 16, 3, 1),
       (58074, 357, '78', 3, 52000000, 630, 16, 3, 1),
       (58075, 357, '79', 1, 79000000, 920, 16, 3, 1),
       (58076, 357, '80', 3, 50000000, 820, 16, 3, 1),
       (58077, 357, '81', 2, 78000000, 730, 17, 3, 1),
       (58078, 357, '82', 1, 52000000, 950, 17, 3, 1),
       (58079, 357, '83', 3, 53000000, 330, 17, 3, 1),
       (58080, 357, '84', 3, 80000000, 830, 17, 3, 1),
       (58081, 357, '85', 1, 40000000, 920, 17, 3, 1),
       (58082, 357, '86', 2, 70000000, 690, 18, 3, 1),
       (58083, 357, '87', 1, 68000000, 650, 18, 3, 1),
       (58084, 357, '88', 1, 70000000, 960, 18, 3, 1),
       (58085, 357, '89', 2, 62000000, 390, 18, 3, 1),
       (58086, 357, '90', 3, 56000000, 700, 18, 3, 1);
insert into real_estate_building (id, address, complex_id, floor_count, dev_id)
values (358, 'г. Москва, ул. Харьковская, д. 20', 17, 15, 17);
insert into real_estate_object (id, building_id ,local_address, places, price, area, floor, type, estate_type)
values (58087, 358, '1', 2, 90000000, 460, 1, 3, 1),
       (58088, 358, '2', 2, 68000000, 880, 1, 3, 1),
       (58089, 358, '3', 3, 44000000, 340, 1, 3, 1),
       (58090, 358, '4', 2, 65000000, 500, 1, 3, 1),
       (58091, 358, '5', 1, 42000000, 560, 1, 3, 1),
       (58092, 358, '6', 2, 78000000, 500, 2, 3, 1),
       (58093, 358, '7', 2, 71000000, 830, 2, 3, 1),
       (58094, 358, '8', 3, 67000000, 940, 2, 3, 1),
       (58095, 358, '9', 1, 60000000, 960, 2, 3, 1),
       (58096, 358, '10', 2, 41000000, 570, 2, 3, 1),
       (58097, 358, '11', 3, 69000000, 320, 3, 3, 1),
       (58098, 358, '12', 1, 58000000, 520, 3, 3, 1),
       (58099, 358, '13', 2, 40000000, 720, 3, 3, 1),
       (58100, 358, '14', 2, 55000000, 920, 3, 3, 1),
       (58101, 358, '15', 1, 61000000, 630, 3, 3, 1),
       (58102, 358, '16', 3, 80000000, 770, 4, 3, 1),
       (58103, 358, '17', 2, 61000000, 730, 4, 3, 1),
       (58104, 358, '18', 3, 75000000, 810, 4, 3, 1),
       (58105, 358, '19', 3, 65000000, 560, 4, 3, 1),
       (58106, 358, '20', 3, 64000000, 370, 4, 3, 1),
       (58107, 358, '21', 3, 71000000, 740, 5, 3, 1),
       (58108, 358, '22', 3, 63000000, 350, 5, 3, 1),
       (58109, 358, '23', 2, 52000000, 640, 5, 3, 1),
       (58110, 358, '24', 2, 45000000, 890, 5, 3, 1),
       (58111, 358, '25', 2, 63000000, 390, 5, 3, 1),
       (58112, 358, '26', 1, 44000000, 880, 6, 3, 1),
       (58113, 358, '27', 3, 60000000, 330, 6, 3, 1),
       (58114, 358, '28', 3, 82000000, 480, 6, 3, 1),
       (58115, 358, '29', 2, 69000000, 440, 6, 3, 1),
       (58116, 358, '30', 2, 75000000, 400, 6, 3, 1),
       (58117, 358, '31', 3, 50000000, 550, 7, 3, 1),
       (58118, 358, '32', 1, 76000000, 360, 7, 3, 1),
       (58119, 358, '33', 2, 85000000, 590, 7, 3, 1),
       (58120, 358, '34', 2, 41000000, 910, 7, 3, 1),
       (58121, 358, '35', 2, 59000000, 450, 7, 3, 1),
       (58122, 358, '36', 1, 49000000, 950, 8, 3, 1),
       (58123, 358, '37', 1, 69000000, 740, 8, 3, 1),
       (58124, 358, '38', 3, 70000000, 690, 8, 3, 1),
       (58125, 358, '39', 2, 80000000, 710, 8, 3, 1),
       (58126, 358, '40', 3, 45000000, 920, 8, 3, 1),
       (58127, 358, '41', 1, 66000000, 1000, 9, 3, 1),
       (58128, 358, '42', 2, 60000000, 520, 9, 3, 1),
       (58129, 358, '43', 2, 68000000, 370, 9, 3, 1),
       (58130, 358, '44', 1, 46000000, 730, 9, 3, 1),
       (58131, 358, '45', 1, 62000000, 800, 9, 3, 1),
       (58132, 358, '46', 3, 49000000, 330, 10, 3, 1),
       (58133, 358, '47', 1, 59000000, 940, 10, 3, 1),
       (58134, 358, '48', 2, 58000000, 860, 10, 3, 1),
       (58135, 358, '49', 1, 66000000, 730, 10, 3, 1),
       (58136, 358, '50', 1, 73000000, 610, 10, 3, 1),
       (58137, 358, '51', 3, 82000000, 620, 11, 3, 1),
       (58138, 358, '52', 1, 53000000, 620, 11, 3, 1),
       (58139, 358, '53', 3, 85000000, 920, 11, 3, 1),
       (58140, 358, '54', 2, 58000000, 750, 11, 3, 1),
       (58141, 358, '55', 3, 80000000, 900, 11, 3, 1),
       (58142, 358, '56', 2, 74000000, 890, 12, 3, 1),
       (58143, 358, '57', 3, 88000000, 1000, 12, 3, 1),
       (58144, 358, '58', 2, 68000000, 560, 12, 3, 1),
       (58145, 358, '59', 2, 83000000, 790, 12, 3, 1),
       (58146, 358, '60', 2, 89000000, 570, 12, 3, 1),
       (58147, 358, '61', 3, 82000000, 350, 13, 3, 1),
       (58148, 358, '62', 1, 89000000, 300, 13, 3, 1),
       (58149, 358, '63', 3, 82000000, 670, 13, 3, 1),
       (58150, 358, '64', 3, 54000000, 630, 13, 3, 1),
       (58151, 358, '65', 1, 66000000, 500, 13, 3, 1),
       (58152, 358, '66', 3, 65000000, 570, 14, 3, 1),
       (58153, 358, '67', 3, 57000000, 950, 14, 3, 1),
       (58154, 358, '68', 1, 50000000, 750, 14, 3, 1),
       (58155, 358, '69', 2, 55000000, 810, 14, 3, 1),
       (58156, 358, '70', 1, 69000000, 580, 14, 3, 1),
       (58157, 358, '71', 2, 69000000, 680, 15, 3, 1),
       (58158, 358, '72', 3, 59000000, 360, 15, 3, 1),
       (58159, 358, '73', 1, 42000000, 810, 15, 3, 1),
       (58160, 358, '74', 1, 86000000, 740, 15, 3, 1),
       (58161, 358, '75', 3, 45000000, 510, 15, 3, 1);
insert into real_estate_building (id, address, complex_id, floor_count, dev_id)
values (359, 'г. Москва, ул. Харьковская, д. 21', 17, 12, 17);
insert into real_estate_object (id, building_id ,local_address, places, price, area, floor, type, estate_type)
values (58162, 359, '1', 1, 40000000, 300, 1, 3, 1),
       (58163, 359, '2', 3, 41000000, 890, 1, 3, 1),
       (58164, 359, '3', 2, 83000000, 550, 1, 3, 1),
       (58165, 359, '4', 2, 81000000, 310, 1, 3, 1),
       (58166, 359, '5', 1, 89000000, 960, 1, 3, 1),
       (58167, 359, '6', 3, 77000000, 340, 2, 3, 1),
       (58168, 359, '7', 2, 56000000, 530, 2, 3, 1),
       (58169, 359, '8', 1, 55000000, 730, 2, 3, 1),
       (58170, 359, '9', 1, 64000000, 650, 2, 3, 1),
       (58171, 359, '10', 3, 50000000, 440, 2, 3, 1),
       (58172, 359, '11', 2, 83000000, 760, 3, 3, 1),
       (58173, 359, '12', 2, 41000000, 850, 3, 3, 1),
       (58174, 359, '13', 3, 72000000, 670, 3, 3, 1),
       (58175, 359, '14', 3, 80000000, 590, 3, 3, 1),
       (58176, 359, '15', 2, 59000000, 600, 3, 3, 1),
       (58177, 359, '16', 2, 77000000, 750, 4, 3, 1),
       (58178, 359, '17', 1, 73000000, 560, 4, 3, 1),
       (58179, 359, '18', 2, 83000000, 690, 4, 3, 1),
       (58180, 359, '19', 3, 60000000, 740, 4, 3, 1),
       (58181, 359, '20', 1, 69000000, 600, 4, 3, 1),
       (58182, 359, '21', 3, 62000000, 420, 5, 3, 1),
       (58183, 359, '22', 3, 67000000, 720, 5, 3, 1),
       (58184, 359, '23', 3, 58000000, 990, 5, 3, 1),
       (58185, 359, '24', 2, 55000000, 990, 5, 3, 1),
       (58186, 359, '25', 1, 50000000, 510, 5, 3, 1),
       (58187, 359, '26', 2, 83000000, 900, 6, 3, 1),
       (58188, 359, '27', 3, 68000000, 950, 6, 3, 1),
       (58189, 359, '28', 2, 71000000, 520, 6, 3, 1),
       (58190, 359, '29', 1, 67000000, 310, 6, 3, 1),
       (58191, 359, '30', 1, 46000000, 670, 6, 3, 1),
       (58192, 359, '31', 2, 73000000, 650, 7, 3, 1),
       (58193, 359, '32', 2, 40000000, 930, 7, 3, 1),
       (58194, 359, '33', 1, 44000000, 870, 7, 3, 1),
       (58195, 359, '34', 1, 68000000, 510, 7, 3, 1),
       (58196, 359, '35', 2, 84000000, 620, 7, 3, 1),
       (58197, 359, '36', 1, 84000000, 310, 8, 3, 1),
       (58198, 359, '37', 1, 77000000, 300, 8, 3, 1),
       (58199, 359, '38', 1, 72000000, 750, 8, 3, 1),
       (58200, 359, '39', 2, 46000000, 740, 8, 3, 1),
       (58201, 359, '40', 2, 50000000, 330, 8, 3, 1),
       (58202, 359, '41', 2, 76000000, 930, 9, 3, 1),
       (58203, 359, '42', 3, 84000000, 810, 9, 3, 1),
       (58204, 359, '43', 2, 72000000, 340, 9, 3, 1),
       (58205, 359, '44', 2, 78000000, 300, 9, 3, 1),
       (58206, 359, '45', 1, 41000000, 840, 9, 3, 1),
       (58207, 359, '46', 1, 62000000, 810, 10, 3, 1),
       (58208, 359, '47', 2, 83000000, 930, 10, 3, 1),
       (58209, 359, '48', 1, 73000000, 580, 10, 3, 1),
       (58210, 359, '49', 1, 54000000, 990, 10, 3, 1),
       (58211, 359, '50', 3, 81000000, 420, 10, 3, 1),
       (58212, 359, '51', 1, 60000000, 330, 11, 3, 1),
       (58213, 359, '52', 3, 58000000, 530, 11, 3, 1),
       (58214, 359, '53', 1, 53000000, 490, 11, 3, 1),
       (58215, 359, '54', 2, 49000000, 890, 11, 3, 1),
       (58216, 359, '55', 3, 77000000, 650, 11, 3, 1),
       (58217, 359, '56', 2, 84000000, 360, 12, 3, 1),
       (58218, 359, '57', 3, 47000000, 480, 12, 3, 1),
       (58219, 359, '58', 2, 47000000, 590, 12, 3, 1),
       (58220, 359, '59', 1, 61000000, 380, 12, 3, 1),
       (58221, 359, '60', 3, 81000000, 380, 12, 3, 1);
insert into real_estate_building (id, address, complex_id, floor_count, dev_id)
values (360, 'г. Москва, ул. Харьковская, д. 22', 17, 19, 17);
insert into real_estate_object (id, building_id ,local_address, places, price, area, floor, type, estate_type)
values (58222, 360, '1', 2, 40000000, 740, 1, 3, 1),
       (58223, 360, '2', 1, 45000000, 860, 1, 3, 1),
       (58224, 360, '3', 2, 40000000, 590, 1, 3, 1),
       (58225, 360, '4', 2, 57000000, 670, 1, 3, 1),
       (58226, 360, '5', 2, 83000000, 310, 1, 3, 1),
       (58227, 360, '6', 2, 62000000, 630, 2, 3, 1),
       (58228, 360, '7', 2, 69000000, 970, 2, 3, 1),
       (58229, 360, '8', 2, 59000000, 800, 2, 3, 1),
       (58230, 360, '9', 1, 89000000, 310, 2, 3, 1),
       (58231, 360, '10', 2, 44000000, 520, 2, 3, 1),
       (58232, 360, '11', 3, 46000000, 490, 3, 3, 1),
       (58233, 360, '12', 2, 41000000, 590, 3, 3, 1),
       (58234, 360, '13', 2, 71000000, 410, 3, 3, 1),
       (58235, 360, '14', 2, 79000000, 790, 3, 3, 1),
       (58236, 360, '15', 2, 62000000, 610, 3, 3, 1),
       (58237, 360, '16', 3, 77000000, 780, 4, 3, 1),
       (58238, 360, '17', 1, 59000000, 550, 4, 3, 1),
       (58239, 360, '18', 3, 57000000, 880, 4, 3, 1),
       (58240, 360, '19', 3, 86000000, 890, 4, 3, 1),
       (58241, 360, '20', 2, 63000000, 490, 4, 3, 1),
       (58242, 360, '21', 1, 82000000, 590, 5, 3, 1),
       (58243, 360, '22', 2, 76000000, 400, 5, 3, 1),
       (58244, 360, '23', 1, 83000000, 590, 5, 3, 1),
       (58245, 360, '24', 3, 43000000, 330, 5, 3, 1),
       (58246, 360, '25', 2, 65000000, 670, 5, 3, 1),
       (58247, 360, '26', 2, 83000000, 760, 6, 3, 1),
       (58248, 360, '27', 1, 68000000, 780, 6, 3, 1),
       (58249, 360, '28', 2, 62000000, 960, 6, 3, 1),
       (58250, 360, '29', 1, 63000000, 950, 6, 3, 1),
       (58251, 360, '30', 2, 76000000, 600, 6, 3, 1),
       (58252, 360, '31', 1, 88000000, 640, 7, 3, 1),
       (58253, 360, '32', 2, 52000000, 810, 7, 3, 1),
       (58254, 360, '33', 1, 69000000, 860, 7, 3, 1),
       (58255, 360, '34', 2, 47000000, 660, 7, 3, 1),
       (58256, 360, '35', 2, 83000000, 440, 7, 3, 1),
       (58257, 360, '36', 1, 74000000, 370, 8, 3, 1),
       (58258, 360, '37', 1, 67000000, 310, 8, 3, 1),
       (58259, 360, '38', 2, 68000000, 610, 8, 3, 1),
       (58260, 360, '39', 1, 43000000, 540, 8, 3, 1),
       (58261, 360, '40', 2, 40000000, 510, 8, 3, 1),
       (58262, 360, '41', 3, 41000000, 780, 9, 3, 1),
       (58263, 360, '42', 2, 63000000, 970, 9, 3, 1),
       (58264, 360, '43', 1, 69000000, 840, 9, 3, 1),
       (58265, 360, '44', 2, 62000000, 670, 9, 3, 1),
       (58266, 360, '45', 1, 69000000, 700, 9, 3, 1),
       (58267, 360, '46', 1, 69000000, 580, 10, 3, 1),
       (58268, 360, '47', 3, 88000000, 680, 10, 3, 1),
       (58269, 360, '48', 3, 54000000, 520, 10, 3, 1),
       (58270, 360, '49', 3, 61000000, 950, 10, 3, 1),
       (58271, 360, '50', 3, 90000000, 590, 10, 3, 1),
       (58272, 360, '51', 3, 80000000, 370, 11, 3, 1),
       (58273, 360, '52', 3, 86000000, 730, 11, 3, 1),
       (58274, 360, '53', 1, 75000000, 700, 11, 3, 1),
       (58275, 360, '54', 2, 80000000, 630, 11, 3, 1),
       (58276, 360, '55', 1, 53000000, 840, 11, 3, 1),
       (58277, 360, '56', 1, 53000000, 650, 12, 3, 1),
       (58278, 360, '57', 2, 62000000, 390, 12, 3, 1),
       (58279, 360, '58', 1, 68000000, 590, 12, 3, 1),
       (58280, 360, '59', 2, 56000000, 580, 12, 3, 1),
       (58281, 360, '60', 2, 49000000, 600, 12, 3, 1),
       (58282, 360, '61', 3, 56000000, 770, 13, 3, 1),
       (58283, 360, '62', 1, 56000000, 850, 13, 3, 1),
       (58284, 360, '63', 1, 45000000, 990, 13, 3, 1),
       (58285, 360, '64', 3, 48000000, 880, 13, 3, 1),
       (58286, 360, '65', 2, 78000000, 710, 13, 3, 1),
       (58287, 360, '66', 2, 88000000, 450, 14, 3, 1),
       (58288, 360, '67', 2, 85000000, 960, 14, 3, 1),
       (58289, 360, '68', 1, 55000000, 500, 14, 3, 1),
       (58290, 360, '69', 1, 52000000, 350, 14, 3, 1),
       (58291, 360, '70', 1, 55000000, 930, 14, 3, 1),
       (58292, 360, '71', 1, 42000000, 590, 15, 3, 1),
       (58293, 360, '72', 2, 51000000, 410, 15, 3, 1),
       (58294, 360, '73', 1, 79000000, 770, 15, 3, 1),
       (58295, 360, '74', 3, 69000000, 420, 15, 3, 1),
       (58296, 360, '75', 1, 42000000, 960, 15, 3, 1),
       (58297, 360, '76', 3, 46000000, 600, 16, 3, 1),
       (58298, 360, '77', 2, 90000000, 720, 16, 3, 1),
       (58299, 360, '78', 3, 64000000, 520, 16, 3, 1),
       (58300, 360, '79', 2, 40000000, 560, 16, 3, 1),
       (58301, 360, '80', 3, 59000000, 640, 16, 3, 1),
       (58302, 360, '81', 2, 82000000, 350, 17, 3, 1),
       (58303, 360, '82', 3, 46000000, 830, 17, 3, 1),
       (58304, 360, '83', 2, 42000000, 690, 17, 3, 1),
       (58305, 360, '84', 1, 69000000, 330, 17, 3, 1),
       (58306, 360, '85', 3, 50000000, 830, 17, 3, 1),
       (58307, 360, '86', 3, 45000000, 580, 18, 3, 1),
       (58308, 360, '87', 1, 68000000, 330, 18, 3, 1),
       (58309, 360, '88', 3, 40000000, 300, 18, 3, 1),
       (58310, 360, '89', 3, 47000000, 920, 18, 3, 1),
       (58311, 360, '90', 2, 74000000, 300, 18, 3, 1),
       (58312, 360, '91', 1, 80000000, 450, 19, 3, 1),
       (58313, 360, '92', 2, 53000000, 380, 19, 3, 1),
       (58314, 360, '93', 3, 65000000, 460, 19, 3, 1),
       (58315, 360, '94', 3, 52000000, 440, 19, 3, 1),
       (58316, 360, '95', 2, 66000000, 710, 19, 3, 1);
insert into real_estate_building (id, address, complex_id, floor_count, dev_id)
values (361, 'г. Москва, ул. Харьковская, д. 23', 17, 16, 17);
insert into real_estate_object (id, building_id ,local_address, places, price, area, floor, type, estate_type)
values (58317, 361, '1', 1, 59000000, 930, 1, 3, 1),
       (58318, 361, '2', 1, 67000000, 610, 1, 3, 1),
       (58319, 361, '3', 2, 56000000, 620, 1, 3, 1),
       (58320, 361, '4', 2, 57000000, 690, 1, 3, 1),
       (58321, 361, '5', 2, 77000000, 990, 1, 3, 1),
       (58322, 361, '6', 2, 54000000, 560, 2, 3, 1),
       (58323, 361, '7', 3, 84000000, 400, 2, 3, 1),
       (58324, 361, '8', 1, 41000000, 730, 2, 3, 1),
       (58325, 361, '9', 2, 41000000, 910, 2, 3, 1),
       (58326, 361, '10', 2, 66000000, 460, 2, 3, 1),
       (58327, 361, '11', 2, 64000000, 330, 3, 3, 1),
       (58328, 361, '12', 1, 50000000, 390, 3, 3, 1),
       (58329, 361, '13', 3, 62000000, 870, 3, 3, 1),
       (58330, 361, '14', 1, 75000000, 510, 3, 3, 1),
       (58331, 361, '15', 3, 64000000, 350, 3, 3, 1),
       (58332, 361, '16', 2, 58000000, 480, 4, 3, 1),
       (58333, 361, '17', 1, 55000000, 530, 4, 3, 1),
       (58334, 361, '18', 2, 80000000, 740, 4, 3, 1),
       (58335, 361, '19', 1, 69000000, 630, 4, 3, 1),
       (58336, 361, '20', 3, 46000000, 450, 4, 3, 1),
       (58337, 361, '21', 2, 57000000, 920, 5, 3, 1),
       (58338, 361, '22', 3, 55000000, 350, 5, 3, 1),
       (58339, 361, '23', 3, 79000000, 300, 5, 3, 1),
       (58340, 361, '24', 1, 75000000, 900, 5, 3, 1),
       (58341, 361, '25', 1, 51000000, 830, 5, 3, 1),
       (58342, 361, '26', 3, 47000000, 490, 6, 3, 1),
       (58343, 361, '27', 2, 65000000, 400, 6, 3, 1),
       (58344, 361, '28', 1, 43000000, 690, 6, 3, 1),
       (58345, 361, '29', 3, 78000000, 490, 6, 3, 1),
       (58346, 361, '30', 2, 88000000, 330, 6, 3, 1),
       (58347, 361, '31', 1, 81000000, 410, 7, 3, 1),
       (58348, 361, '32', 3, 60000000, 560, 7, 3, 1),
       (58349, 361, '33', 1, 66000000, 560, 7, 3, 1),
       (58350, 361, '34', 3, 47000000, 470, 7, 3, 1),
       (58351, 361, '35', 3, 44000000, 410, 7, 3, 1),
       (58352, 361, '36', 3, 61000000, 970, 8, 3, 1),
       (58353, 361, '37', 3, 74000000, 300, 8, 3, 1),
       (58354, 361, '38', 1, 42000000, 880, 8, 3, 1),
       (58355, 361, '39', 2, 89000000, 660, 8, 3, 1),
       (58356, 361, '40', 1, 49000000, 850, 8, 3, 1),
       (58357, 361, '41', 2, 75000000, 530, 9, 3, 1),
       (58358, 361, '42', 3, 77000000, 350, 9, 3, 1),
       (58359, 361, '43', 2, 53000000, 650, 9, 3, 1),
       (58360, 361, '44', 1, 53000000, 970, 9, 3, 1),
       (58361, 361, '45', 2, 67000000, 410, 9, 3, 1),
       (58362, 361, '46', 2, 48000000, 490, 10, 3, 1),
       (58363, 361, '47', 3, 43000000, 310, 10, 3, 1),
       (58364, 361, '48', 1, 64000000, 430, 10, 3, 1),
       (58365, 361, '49', 3, 40000000, 500, 10, 3, 1),
       (58366, 361, '50', 1, 53000000, 760, 10, 3, 1),
       (58367, 361, '51', 2, 77000000, 480, 11, 3, 1),
       (58368, 361, '52', 2, 89000000, 540, 11, 3, 1),
       (58369, 361, '53', 1, 72000000, 300, 11, 3, 1),
       (58370, 361, '54', 1, 40000000, 540, 11, 3, 1),
       (58371, 361, '55', 3, 89000000, 320, 11, 3, 1),
       (58372, 361, '56', 3, 87000000, 570, 12, 3, 1),
       (58373, 361, '57', 2, 55000000, 470, 12, 3, 1),
       (58374, 361, '58', 3, 42000000, 880, 12, 3, 1),
       (58375, 361, '59', 3, 66000000, 860, 12, 3, 1),
       (58376, 361, '60', 2, 44000000, 450, 12, 3, 1),
       (58377, 361, '61', 1, 73000000, 840, 13, 3, 1),
       (58378, 361, '62', 1, 48000000, 920, 13, 3, 1),
       (58379, 361, '63', 1, 82000000, 570, 13, 3, 1),
       (58380, 361, '64', 1, 74000000, 520, 13, 3, 1),
       (58381, 361, '65', 2, 90000000, 590, 13, 3, 1),
       (58382, 361, '66', 3, 87000000, 570, 14, 3, 1),
       (58383, 361, '67', 2, 43000000, 660, 14, 3, 1),
       (58384, 361, '68', 1, 73000000, 960, 14, 3, 1),
       (58385, 361, '69', 3, 52000000, 370, 14, 3, 1),
       (58386, 361, '70', 3, 59000000, 590, 14, 3, 1),
       (58387, 361, '71', 1, 55000000, 670, 15, 3, 1),
       (58388, 361, '72', 1, 50000000, 740, 15, 3, 1),
       (58389, 361, '73', 3, 82000000, 890, 15, 3, 1),
       (58390, 361, '74', 1, 57000000, 830, 15, 3, 1),
       (58391, 361, '75', 2, 82000000, 590, 15, 3, 1),
       (58392, 361, '76', 3, 59000000, 970, 16, 3, 1),
       (58393, 361, '77', 3, 53000000, 680, 16, 3, 1),
       (58394, 361, '78', 2, 57000000, 340, 16, 3, 1),
       (58395, 361, '79', 1, 58000000, 740, 16, 3, 1),
       (58396, 361, '80', 1, 53000000, 440, 16, 3, 1);
insert into real_estate_building (id, address, complex_id, floor_count, dev_id)
values (362, 'г. Москва, ул. Сибирская, д. 13', 18, 13, 18);
insert into real_estate_object (id, building_id ,local_address, places, price, area, floor, type, estate_type)
values (58397, 362, '1', 2, 57000000, 830, 1, 3, 1),
       (58398, 362, '2', 3, 72000000, 440, 1, 3, 1),
       (58399, 362, '3', 1, 56000000, 510, 1, 3, 1),
       (58400, 362, '4', 1, 84000000, 350, 1, 3, 1),
       (58401, 362, '5', 3, 118000000, 910, 1, 3, 1),
       (58402, 362, '6', 2, 108000000, 680, 2, 3, 1),
       (58403, 362, '7', 3, 56000000, 600, 2, 3, 1),
       (58404, 362, '8', 3, 99000000, 970, 2, 3, 1),
       (58405, 362, '9', 2, 77000000, 490, 2, 3, 1),
       (58406, 362, '10', 3, 85000000, 570, 2, 3, 1),
       (58407, 362, '11', 1, 123000000, 910, 3, 3, 1),
       (58408, 362, '12', 1, 85000000, 470, 3, 3, 1),
       (58409, 362, '13', 1, 115000000, 980, 3, 3, 1),
       (58410, 362, '14', 1, 122000000, 920, 3, 3, 1),
       (58411, 362, '15', 3, 95000000, 640, 3, 3, 1),
       (58412, 362, '16', 2, 80000000, 390, 4, 3, 1),
       (58413, 362, '17', 1, 90000000, 830, 4, 3, 1),
       (58414, 362, '18', 2, 112000000, 790, 4, 3, 1),
       (58415, 362, '19', 3, 62000000, 410, 4, 3, 1),
       (58416, 362, '20', 3, 125000000, 370, 4, 3, 1),
       (58417, 362, '21', 1, 67000000, 570, 5, 3, 1),
       (58418, 362, '22', 1, 85000000, 680, 5, 3, 1),
       (58419, 362, '23', 1, 60000000, 510, 5, 3, 1),
       (58420, 362, '24', 3, 130000000, 400, 5, 3, 1),
       (58421, 362, '25', 3, 110000000, 770, 5, 3, 1),
       (58422, 362, '26', 2, 58000000, 890, 6, 3, 1),
       (58423, 362, '27', 3, 105000000, 880, 6, 3, 1),
       (58424, 362, '28', 2, 69000000, 990, 6, 3, 1),
       (58425, 362, '29', 2, 95000000, 810, 6, 3, 1),
       (58426, 362, '30', 2, 58000000, 420, 6, 3, 1),
       (58427, 362, '31', 2, 110000000, 610, 7, 3, 1),
       (58428, 362, '32', 3, 97000000, 410, 7, 3, 1),
       (58429, 362, '33', 1, 82000000, 970, 7, 3, 1),
       (58430, 362, '34', 2, 55000000, 830, 7, 3, 1),
       (58431, 362, '35', 3, 88000000, 700, 7, 3, 1),
       (58432, 362, '36', 3, 71000000, 560, 8, 3, 1),
       (58433, 362, '37', 2, 77000000, 460, 8, 3, 1),
       (58434, 362, '38', 2, 80000000, 430, 8, 3, 1),
       (58435, 362, '39', 3, 99000000, 570, 8, 3, 1),
       (58436, 362, '40', 1, 86000000, 570, 8, 3, 1),
       (58437, 362, '41', 3, 95000000, 880, 9, 3, 1),
       (58438, 362, '42', 1, 98000000, 560, 9, 3, 1),
       (58439, 362, '43', 3, 56000000, 380, 9, 3, 1),
       (58440, 362, '44', 2, 102000000, 640, 9, 3, 1),
       (58441, 362, '45', 3, 88000000, 400, 9, 3, 1),
       (58442, 362, '46', 1, 60000000, 900, 10, 3, 1),
       (58443, 362, '47', 1, 50000000, 980, 10, 3, 1),
       (58444, 362, '48', 3, 104000000, 700, 10, 3, 1),
       (58445, 362, '49', 2, 118000000, 470, 10, 3, 1),
       (58446, 362, '50', 1, 105000000, 720, 10, 3, 1),
       (58447, 362, '51', 3, 84000000, 410, 11, 3, 1),
       (58448, 362, '52', 1, 62000000, 980, 11, 3, 1),
       (58449, 362, '53', 1, 59000000, 460, 11, 3, 1),
       (58450, 362, '54', 3, 87000000, 370, 11, 3, 1),
       (58451, 362, '55', 3, 61000000, 890, 11, 3, 1),
       (58452, 362, '56', 1, 111000000, 960, 12, 3, 1),
       (58453, 362, '57', 1, 101000000, 520, 12, 3, 1),
       (58454, 362, '58', 2, 109000000, 410, 12, 3, 1),
       (58455, 362, '59', 1, 84000000, 800, 12, 3, 1),
       (58456, 362, '60', 2, 108000000, 620, 12, 3, 1),
       (58457, 362, '61', 1, 111000000, 630, 13, 3, 1),
       (58458, 362, '62', 1, 126000000, 880, 13, 3, 1),
       (58459, 362, '63', 1, 86000000, 970, 13, 3, 1),
       (58460, 362, '64', 2, 96000000, 460, 13, 3, 1),
       (58461, 362, '65', 3, 84000000, 600, 13, 3, 1);
insert into real_estate_building (id, address, complex_id, floor_count, dev_id)
values (363, 'г. Москва, ул. Сибирская, д. 14', 18, 17, 18);
insert into real_estate_object (id, building_id ,local_address, places, price, area, floor, type, estate_type)
values (58462, 363, '1', 1, 70000000, 630, 1, 3, 1),
       (58463, 363, '2', 3, 96000000, 980, 1, 3, 1),
       (58464, 363, '3', 2, 88000000, 850, 1, 3, 1),
       (58465, 363, '4', 2, 104000000, 910, 1, 3, 1),
       (58466, 363, '5', 2, 95000000, 820, 1, 3, 1),
       (58467, 363, '6', 3, 82000000, 300, 2, 3, 1),
       (58468, 363, '7', 2, 105000000, 830, 2, 3, 1),
       (58469, 363, '8', 1, 126000000, 790, 2, 3, 1),
       (58470, 363, '9', 1, 92000000, 820, 2, 3, 1),
       (58471, 363, '10', 2, 78000000, 630, 2, 3, 1),
       (58472, 363, '11', 1, 127000000, 740, 3, 3, 1),
       (58473, 363, '12', 1, 65000000, 490, 3, 3, 1),
       (58474, 363, '13', 3, 69000000, 950, 3, 3, 1),
       (58475, 363, '14', 3, 120000000, 430, 3, 3, 1),
       (58476, 363, '15', 2, 93000000, 440, 3, 3, 1),
       (58477, 363, '16', 1, 129000000, 590, 4, 3, 1),
       (58478, 363, '17', 3, 111000000, 850, 4, 3, 1),
       (58479, 363, '18', 2, 66000000, 660, 4, 3, 1),
       (58480, 363, '19', 2, 99000000, 700, 4, 3, 1),
       (58481, 363, '20', 3, 87000000, 740, 4, 3, 1),
       (58482, 363, '21', 2, 111000000, 560, 5, 3, 1),
       (58483, 363, '22', 1, 126000000, 830, 5, 3, 1),
       (58484, 363, '23', 3, 70000000, 310, 5, 3, 1),
       (58485, 363, '24', 3, 97000000, 310, 5, 3, 1),
       (58486, 363, '25', 1, 89000000, 870, 5, 3, 1),
       (58487, 363, '26', 2, 78000000, 690, 6, 3, 1),
       (58488, 363, '27', 1, 87000000, 460, 6, 3, 1),
       (58489, 363, '28', 1, 82000000, 510, 6, 3, 1),
       (58490, 363, '29', 2, 59000000, 330, 6, 3, 1),
       (58491, 363, '30', 2, 87000000, 900, 6, 3, 1),
       (58492, 363, '31', 2, 118000000, 410, 7, 3, 1),
       (58493, 363, '32', 3, 123000000, 420, 7, 3, 1),
       (58494, 363, '33', 3, 79000000, 930, 7, 3, 1),
       (58495, 363, '34', 2, 70000000, 390, 7, 3, 1),
       (58496, 363, '35', 3, 90000000, 330, 7, 3, 1),
       (58497, 363, '36', 2, 76000000, 880, 8, 3, 1),
       (58498, 363, '37', 1, 123000000, 990, 8, 3, 1),
       (58499, 363, '38', 3, 102000000, 950, 8, 3, 1),
       (58500, 363, '39', 3, 114000000, 820, 8, 3, 1),
       (58501, 363, '40', 2, 53000000, 450, 8, 3, 1),
       (58502, 363, '41', 1, 88000000, 670, 9, 3, 1),
       (58503, 363, '42', 1, 84000000, 650, 9, 3, 1),
       (58504, 363, '43', 2, 99000000, 930, 9, 3, 1),
       (58505, 363, '44', 2, 126000000, 530, 9, 3, 1),
       (58506, 363, '45', 3, 109000000, 490, 9, 3, 1),
       (58507, 363, '46', 1, 103000000, 300, 10, 3, 1),
       (58508, 363, '47', 3, 78000000, 310, 10, 3, 1),
       (58509, 363, '48', 3, 52000000, 550, 10, 3, 1),
       (58510, 363, '49', 1, 97000000, 980, 10, 3, 1),
       (58511, 363, '50', 2, 127000000, 970, 10, 3, 1),
       (58512, 363, '51', 3, 95000000, 300, 11, 3, 1),
       (58513, 363, '52', 3, 97000000, 780, 11, 3, 1),
       (58514, 363, '53', 2, 52000000, 900, 11, 3, 1),
       (58515, 363, '54', 3, 88000000, 630, 11, 3, 1),
       (58516, 363, '55', 1, 81000000, 300, 11, 3, 1),
       (58517, 363, '56', 1, 109000000, 940, 12, 3, 1),
       (58518, 363, '57', 1, 74000000, 820, 12, 3, 1),
       (58519, 363, '58', 1, 77000000, 900, 12, 3, 1),
       (58520, 363, '59', 2, 81000000, 780, 12, 3, 1),
       (58521, 363, '60', 3, 83000000, 470, 12, 3, 1),
       (58522, 363, '61', 2, 96000000, 950, 13, 3, 1),
       (58523, 363, '62', 1, 110000000, 520, 13, 3, 1),
       (58524, 363, '63', 3, 89000000, 340, 13, 3, 1),
       (58525, 363, '64', 2, 113000000, 910, 13, 3, 1),
       (58526, 363, '65', 2, 83000000, 520, 13, 3, 1),
       (58527, 363, '66', 1, 78000000, 880, 14, 3, 1),
       (58528, 363, '67', 1, 121000000, 320, 14, 3, 1),
       (58529, 363, '68', 3, 91000000, 390, 14, 3, 1),
       (58530, 363, '69', 2, 126000000, 650, 14, 3, 1),
       (58531, 363, '70', 2, 113000000, 820, 14, 3, 1),
       (58532, 363, '71', 2, 86000000, 510, 15, 3, 1),
       (58533, 363, '72', 2, 66000000, 660, 15, 3, 1),
       (58534, 363, '73', 3, 110000000, 720, 15, 3, 1),
       (58535, 363, '74', 2, 127000000, 530, 15, 3, 1),
       (58536, 363, '75', 3, 51000000, 680, 15, 3, 1),
       (58537, 363, '76', 1, 118000000, 790, 16, 3, 1),
       (58538, 363, '77', 2, 71000000, 990, 16, 3, 1),
       (58539, 363, '78', 2, 126000000, 640, 16, 3, 1),
       (58540, 363, '79', 2, 91000000, 730, 16, 3, 1),
       (58541, 363, '80', 3, 122000000, 300, 16, 3, 1),
       (58542, 363, '81', 1, 103000000, 540, 17, 3, 1),
       (58543, 363, '82', 2, 51000000, 570, 17, 3, 1),
       (58544, 363, '83', 3, 78000000, 480, 17, 3, 1),
       (58545, 363, '84', 2, 91000000, 710, 17, 3, 1),
       (58546, 363, '85', 1, 88000000, 840, 17, 3, 1);
insert into real_estate_building (id, address, complex_id, floor_count, dev_id)
values (364, 'г. Москва, ул. Сибирская, д. 15', 18, 17, 18);
insert into real_estate_object (id, building_id ,local_address, places, price, area, floor, type, estate_type)
values (58547, 364, '1', 2, 67000000, 490, 1, 3, 1),
       (58548, 364, '2', 3, 98000000, 590, 1, 3, 1),
       (58549, 364, '3', 1, 109000000, 780, 1, 3, 1),
       (58550, 364, '4', 1, 112000000, 590, 1, 3, 1),
       (58551, 364, '5', 1, 100000000, 640, 1, 3, 1),
       (58552, 364, '6', 1, 60000000, 590, 2, 3, 1),
       (58553, 364, '7', 1, 110000000, 780, 2, 3, 1),
       (58554, 364, '8', 2, 129000000, 900, 2, 3, 1),
       (58555, 364, '9', 1, 116000000, 860, 2, 3, 1),
       (58556, 364, '10', 2, 102000000, 430, 2, 3, 1),
       (58557, 364, '11', 3, 108000000, 760, 3, 3, 1),
       (58558, 364, '12', 3, 129000000, 640, 3, 3, 1),
       (58559, 364, '13', 1, 93000000, 320, 3, 3, 1),
       (58560, 364, '14', 2, 122000000, 380, 3, 3, 1),
       (58561, 364, '15', 2, 73000000, 750, 3, 3, 1),
       (58562, 364, '16', 2, 75000000, 870, 4, 3, 1),
       (58563, 364, '17', 1, 128000000, 510, 4, 3, 1),
       (58564, 364, '18', 2, 77000000, 610, 4, 3, 1),
       (58565, 364, '19', 2, 120000000, 870, 4, 3, 1),
       (58566, 364, '20', 2, 78000000, 720, 4, 3, 1),
       (58567, 364, '21', 3, 67000000, 650, 5, 3, 1),
       (58568, 364, '22', 1, 55000000, 630, 5, 3, 1),
       (58569, 364, '23', 1, 123000000, 810, 5, 3, 1),
       (58570, 364, '24', 2, 99000000, 650, 5, 3, 1),
       (58571, 364, '25', 2, 98000000, 980, 5, 3, 1),
       (58572, 364, '26', 3, 99000000, 630, 6, 3, 1),
       (58573, 364, '27', 1, 74000000, 510, 6, 3, 1),
       (58574, 364, '28', 2, 51000000, 590, 6, 3, 1),
       (58575, 364, '29', 3, 50000000, 820, 6, 3, 1),
       (58576, 364, '30', 1, 113000000, 720, 6, 3, 1),
       (58577, 364, '31', 1, 65000000, 910, 7, 3, 1),
       (58578, 364, '32', 2, 106000000, 600, 7, 3, 1),
       (58579, 364, '33', 2, 109000000, 700, 7, 3, 1),
       (58580, 364, '34', 1, 78000000, 870, 7, 3, 1),
       (58581, 364, '35', 3, 126000000, 550, 7, 3, 1),
       (58582, 364, '36', 2, 71000000, 980, 8, 3, 1),
       (58583, 364, '37', 1, 116000000, 510, 8, 3, 1),
       (58584, 364, '38', 3, 78000000, 320, 8, 3, 1),
       (58585, 364, '39', 2, 123000000, 760, 8, 3, 1),
       (58586, 364, '40', 2, 62000000, 310, 8, 3, 1),
       (58587, 364, '41', 3, 56000000, 480, 9, 3, 1),
       (58588, 364, '42', 2, 126000000, 430, 9, 3, 1),
       (58589, 364, '43', 2, 109000000, 880, 9, 3, 1),
       (58590, 364, '44', 1, 63000000, 700, 9, 3, 1),
       (58591, 364, '45', 2, 88000000, 420, 9, 3, 1),
       (58592, 364, '46', 3, 112000000, 390, 10, 3, 1),
       (58593, 364, '47', 1, 80000000, 510, 10, 3, 1),
       (58594, 364, '48', 2, 69000000, 960, 10, 3, 1),
       (58595, 364, '49', 1, 68000000, 700, 10, 3, 1),
       (58596, 364, '50', 1, 98000000, 630, 10, 3, 1),
       (58597, 364, '51', 3, 76000000, 1000, 11, 3, 1),
       (58598, 364, '52', 1, 126000000, 420, 11, 3, 1),
       (58599, 364, '53', 3, 130000000, 970, 11, 3, 1),
       (58600, 364, '54', 3, 107000000, 300, 11, 3, 1),
       (58601, 364, '55', 2, 130000000, 570, 11, 3, 1),
       (58602, 364, '56', 1, 108000000, 460, 12, 3, 1),
       (58603, 364, '57', 3, 107000000, 380, 12, 3, 1),
       (58604, 364, '58', 2, 80000000, 800, 12, 3, 1),
       (58605, 364, '59', 2, 50000000, 860, 12, 3, 1),
       (58606, 364, '60', 3, 62000000, 880, 12, 3, 1),
       (58607, 364, '61', 2, 52000000, 500, 13, 3, 1),
       (58608, 364, '62', 3, 59000000, 940, 13, 3, 1),
       (58609, 364, '63', 1, 53000000, 310, 13, 3, 1),
       (58610, 364, '64', 3, 60000000, 670, 13, 3, 1),
       (58611, 364, '65', 1, 114000000, 460, 13, 3, 1),
       (58612, 364, '66', 3, 125000000, 800, 14, 3, 1),
       (58613, 364, '67', 3, 58000000, 910, 14, 3, 1),
       (58614, 364, '68', 2, 65000000, 770, 14, 3, 1),
       (58615, 364, '69', 3, 110000000, 380, 14, 3, 1),
       (58616, 364, '70', 2, 51000000, 460, 14, 3, 1),
       (58617, 364, '71', 1, 65000000, 460, 15, 3, 1),
       (58618, 364, '72', 3, 118000000, 340, 15, 3, 1),
       (58619, 364, '73', 1, 76000000, 920, 15, 3, 1),
       (58620, 364, '74', 3, 76000000, 660, 15, 3, 1),
       (58621, 364, '75', 3, 106000000, 870, 15, 3, 1),
       (58622, 364, '76', 2, 79000000, 300, 16, 3, 1),
       (58623, 364, '77', 1, 97000000, 560, 16, 3, 1),
       (58624, 364, '78', 1, 100000000, 710, 16, 3, 1),
       (58625, 364, '79', 3, 120000000, 730, 16, 3, 1),
       (58626, 364, '80', 3, 91000000, 560, 16, 3, 1),
       (58627, 364, '81', 3, 106000000, 410, 17, 3, 1),
       (58628, 364, '82', 3, 101000000, 310, 17, 3, 1),
       (58629, 364, '83', 3, 121000000, 820, 17, 3, 1),
       (58630, 364, '84', 2, 101000000, 480, 17, 3, 1),
       (58631, 364, '85', 3, 114000000, 890, 17, 3, 1);
insert into real_estate_building (id, address, complex_id, floor_count, dev_id)
values (365, 'г. Москва, ул. Сибирская, д. 16', 18, 17, 18);
insert into real_estate_object (id, building_id ,local_address, places, price, area, floor, type, estate_type)
values (58632, 365, '1', 2, 79000000, 850, 1, 3, 1),
       (58633, 365, '2', 2, 72000000, 560, 1, 3, 1),
       (58634, 365, '3', 2, 109000000, 720, 1, 3, 1),
       (58635, 365, '4', 2, 64000000, 840, 1, 3, 1),
       (58636, 365, '5', 2, 96000000, 680, 1, 3, 1),
       (58637, 365, '6', 2, 66000000, 890, 2, 3, 1),
       (58638, 365, '7', 2, 59000000, 910, 2, 3, 1),
       (58639, 365, '8', 1, 116000000, 720, 2, 3, 1),
       (58640, 365, '9', 3, 69000000, 520, 2, 3, 1),
       (58641, 365, '10', 3, 88000000, 330, 2, 3, 1),
       (58642, 365, '11', 1, 103000000, 520, 3, 3, 1),
       (58643, 365, '12', 3, 99000000, 310, 3, 3, 1),
       (58644, 365, '13', 3, 109000000, 950, 3, 3, 1),
       (58645, 365, '14', 1, 97000000, 950, 3, 3, 1),
       (58646, 365, '15', 3, 110000000, 420, 3, 3, 1),
       (58647, 365, '16', 3, 68000000, 810, 4, 3, 1),
       (58648, 365, '17', 1, 75000000, 910, 4, 3, 1),
       (58649, 365, '18', 2, 83000000, 760, 4, 3, 1),
       (58650, 365, '19', 3, 122000000, 500, 4, 3, 1),
       (58651, 365, '20', 1, 123000000, 650, 4, 3, 1),
       (58652, 365, '21', 3, 65000000, 990, 5, 3, 1),
       (58653, 365, '22', 2, 105000000, 440, 5, 3, 1),
       (58654, 365, '23', 3, 112000000, 930, 5, 3, 1),
       (58655, 365, '24', 2, 101000000, 880, 5, 3, 1),
       (58656, 365, '25', 3, 97000000, 350, 5, 3, 1),
       (58657, 365, '26', 1, 124000000, 810, 6, 3, 1),
       (58658, 365, '27', 2, 107000000, 780, 6, 3, 1),
       (58659, 365, '28', 1, 63000000, 620, 6, 3, 1),
       (58660, 365, '29', 3, 96000000, 580, 6, 3, 1),
       (58661, 365, '30', 3, 126000000, 880, 6, 3, 1),
       (58662, 365, '31', 3, 114000000, 320, 7, 3, 1),
       (58663, 365, '32', 3, 123000000, 480, 7, 3, 1),
       (58664, 365, '33', 3, 102000000, 770, 7, 3, 1),
       (58665, 365, '34', 2, 91000000, 500, 7, 3, 1),
       (58666, 365, '35', 3, 63000000, 480, 7, 3, 1),
       (58667, 365, '36', 1, 72000000, 760, 8, 3, 1),
       (58668, 365, '37', 2, 121000000, 620, 8, 3, 1),
       (58669, 365, '38', 2, 104000000, 490, 8, 3, 1),
       (58670, 365, '39', 3, 109000000, 730, 8, 3, 1),
       (58671, 365, '40', 2, 88000000, 530, 8, 3, 1),
       (58672, 365, '41', 3, 107000000, 690, 9, 3, 1),
       (58673, 365, '42', 1, 60000000, 940, 9, 3, 1),
       (58674, 365, '43', 3, 78000000, 500, 9, 3, 1),
       (58675, 365, '44', 2, 52000000, 410, 9, 3, 1),
       (58676, 365, '45', 3, 100000000, 810, 9, 3, 1),
       (58677, 365, '46', 3, 56000000, 490, 10, 3, 1),
       (58678, 365, '47', 2, 117000000, 570, 10, 3, 1),
       (58679, 365, '48', 3, 101000000, 540, 10, 3, 1),
       (58680, 365, '49', 1, 59000000, 700, 10, 3, 1),
       (58681, 365, '50', 2, 50000000, 950, 10, 3, 1),
       (58682, 365, '51', 2, 109000000, 810, 11, 3, 1),
       (58683, 365, '52', 2, 74000000, 590, 11, 3, 1),
       (58684, 365, '53', 3, 108000000, 620, 11, 3, 1),
       (58685, 365, '54', 3, 62000000, 1000, 11, 3, 1),
       (58686, 365, '55', 1, 116000000, 420, 11, 3, 1),
       (58687, 365, '56', 1, 83000000, 320, 12, 3, 1),
       (58688, 365, '57', 1, 53000000, 410, 12, 3, 1),
       (58689, 365, '58', 2, 103000000, 880, 12, 3, 1),
       (58690, 365, '59', 3, 65000000, 370, 12, 3, 1),
       (58691, 365, '60', 3, 94000000, 820, 12, 3, 1),
       (58692, 365, '61', 1, 83000000, 730, 13, 3, 1),
       (58693, 365, '62', 3, 115000000, 550, 13, 3, 1),
       (58694, 365, '63', 1, 114000000, 610, 13, 3, 1),
       (58695, 365, '64', 3, 74000000, 830, 13, 3, 1),
       (58696, 365, '65', 1, 110000000, 560, 13, 3, 1),
       (58697, 365, '66', 3, 75000000, 600, 14, 3, 1),
       (58698, 365, '67', 3, 82000000, 610, 14, 3, 1),
       (58699, 365, '68', 3, 93000000, 760, 14, 3, 1),
       (58700, 365, '69', 3, 127000000, 400, 14, 3, 1),
       (58701, 365, '70', 1, 100000000, 680, 14, 3, 1),
       (58702, 365, '71', 3, 50000000, 660, 15, 3, 1),
       (58703, 365, '72', 3, 112000000, 590, 15, 3, 1),
       (58704, 365, '73', 2, 53000000, 540, 15, 3, 1),
       (58705, 365, '74', 1, 130000000, 780, 15, 3, 1),
       (58706, 365, '75', 2, 62000000, 800, 15, 3, 1),
       (58707, 365, '76', 2, 72000000, 400, 16, 3, 1),
       (58708, 365, '77', 2, 110000000, 460, 16, 3, 1),
       (58709, 365, '78', 3, 81000000, 380, 16, 3, 1),
       (58710, 365, '79', 1, 60000000, 550, 16, 3, 1),
       (58711, 365, '80', 1, 100000000, 400, 16, 3, 1),
       (58712, 365, '81', 3, 67000000, 770, 17, 3, 1),
       (58713, 365, '82', 3, 121000000, 710, 17, 3, 1),
       (58714, 365, '83', 1, 110000000, 300, 17, 3, 1),
       (58715, 365, '84', 2, 64000000, 880, 17, 3, 1),
       (58716, 365, '85', 3, 129000000, 590, 17, 3, 1);
insert into real_estate_building (id, address, complex_id, floor_count, dev_id)
values (366, 'г. Москва, ул. Сибирская, д. 17', 18, 16, 18);
insert into real_estate_object (id, building_id ,local_address, places, price, area, floor, type, estate_type)
values (58717, 366, '1', 2, 121000000, 320, 1, 3, 1),
       (58718, 366, '2', 3, 57000000, 990, 1, 3, 1),
       (58719, 366, '3', 1, 93000000, 1000, 1, 3, 1),
       (58720, 366, '4', 3, 90000000, 690, 1, 3, 1),
       (58721, 366, '5', 1, 61000000, 910, 1, 3, 1),
       (58722, 366, '6', 1, 93000000, 820, 2, 3, 1),
       (58723, 366, '7', 2, 112000000, 400, 2, 3, 1),
       (58724, 366, '8', 2, 108000000, 380, 2, 3, 1),
       (58725, 366, '9', 3, 69000000, 580, 2, 3, 1),
       (58726, 366, '10', 3, 98000000, 540, 2, 3, 1),
       (58727, 366, '11', 2, 57000000, 480, 3, 3, 1),
       (58728, 366, '12', 2, 61000000, 410, 3, 3, 1),
       (58729, 366, '13', 3, 119000000, 940, 3, 3, 1),
       (58730, 366, '14', 3, 51000000, 670, 3, 3, 1),
       (58731, 366, '15', 1, 128000000, 1000, 3, 3, 1),
       (58732, 366, '16', 1, 87000000, 910, 4, 3, 1),
       (58733, 366, '17', 2, 54000000, 670, 4, 3, 1),
       (58734, 366, '18', 1, 79000000, 670, 4, 3, 1),
       (58735, 366, '19', 3, 118000000, 820, 4, 3, 1),
       (58736, 366, '20', 2, 71000000, 1000, 4, 3, 1),
       (58737, 366, '21', 3, 128000000, 470, 5, 3, 1),
       (58738, 366, '22', 3, 107000000, 720, 5, 3, 1),
       (58739, 366, '23', 1, 103000000, 350, 5, 3, 1),
       (58740, 366, '24', 2, 52000000, 800, 5, 3, 1),
       (58741, 366, '25', 3, 72000000, 810, 5, 3, 1),
       (58742, 366, '26', 2, 117000000, 610, 6, 3, 1),
       (58743, 366, '27', 2, 103000000, 830, 6, 3, 1),
       (58744, 366, '28', 1, 91000000, 380, 6, 3, 1),
       (58745, 366, '29', 3, 91000000, 430, 6, 3, 1),
       (58746, 366, '30', 1, 64000000, 420, 6, 3, 1),
       (58747, 366, '31', 3, 98000000, 960, 7, 3, 1),
       (58748, 366, '32', 3, 59000000, 780, 7, 3, 1),
       (58749, 366, '33', 2, 68000000, 770, 7, 3, 1),
       (58750, 366, '34', 1, 72000000, 690, 7, 3, 1),
       (58751, 366, '35', 3, 51000000, 910, 7, 3, 1),
       (58752, 366, '36', 3, 122000000, 460, 8, 3, 1),
       (58753, 366, '37', 3, 120000000, 670, 8, 3, 1),
       (58754, 366, '38', 3, 71000000, 400, 8, 3, 1),
       (58755, 366, '39', 2, 92000000, 710, 8, 3, 1),
       (58756, 366, '40', 1, 52000000, 380, 8, 3, 1),
       (58757, 366, '41', 3, 113000000, 990, 9, 3, 1),
       (58758, 366, '42', 2, 115000000, 920, 9, 3, 1),
       (58759, 366, '43', 1, 93000000, 640, 9, 3, 1),
       (58760, 366, '44', 2, 102000000, 840, 9, 3, 1),
       (58761, 366, '45', 2, 92000000, 490, 9, 3, 1),
       (58762, 366, '46', 1, 68000000, 960, 10, 3, 1),
       (58763, 366, '47', 1, 103000000, 740, 10, 3, 1),
       (58764, 366, '48', 2, 114000000, 920, 10, 3, 1),
       (58765, 366, '49', 3, 57000000, 880, 10, 3, 1),
       (58766, 366, '50', 3, 118000000, 450, 10, 3, 1),
       (58767, 366, '51', 3, 100000000, 710, 11, 3, 1),
       (58768, 366, '52', 3, 118000000, 920, 11, 3, 1),
       (58769, 366, '53', 3, 106000000, 760, 11, 3, 1),
       (58770, 366, '54', 1, 81000000, 780, 11, 3, 1),
       (58771, 366, '55', 3, 81000000, 960, 11, 3, 1),
       (58772, 366, '56', 2, 118000000, 820, 12, 3, 1),
       (58773, 366, '57', 1, 88000000, 900, 12, 3, 1),
       (58774, 366, '58', 1, 114000000, 460, 12, 3, 1),
       (58775, 366, '59', 2, 70000000, 690, 12, 3, 1),
       (58776, 366, '60', 1, 68000000, 480, 12, 3, 1),
       (58777, 366, '61', 2, 105000000, 590, 13, 3, 1),
       (58778, 366, '62', 3, 62000000, 420, 13, 3, 1),
       (58779, 366, '63', 2, 99000000, 870, 13, 3, 1),
       (58780, 366, '64', 3, 72000000, 770, 13, 3, 1),
       (58781, 366, '65', 2, 107000000, 940, 13, 3, 1),
       (58782, 366, '66', 1, 115000000, 300, 14, 3, 1),
       (58783, 366, '67', 1, 128000000, 440, 14, 3, 1),
       (58784, 366, '68', 1, 96000000, 920, 14, 3, 1),
       (58785, 366, '69', 2, 55000000, 990, 14, 3, 1),
       (58786, 366, '70', 1, 58000000, 1000, 14, 3, 1),
       (58787, 366, '71', 2, 92000000, 490, 15, 3, 1),
       (58788, 366, '72', 2, 104000000, 510, 15, 3, 1),
       (58789, 366, '73', 3, 72000000, 350, 15, 3, 1),
       (58790, 366, '74', 1, 70000000, 860, 15, 3, 1),
       (58791, 366, '75', 2, 66000000, 860, 15, 3, 1),
       (58792, 366, '76', 3, 116000000, 840, 16, 3, 1),
       (58793, 366, '77', 2, 99000000, 950, 16, 3, 1),
       (58794, 366, '78', 2, 93000000, 990, 16, 3, 1),
       (58795, 366, '79', 3, 121000000, 560, 16, 3, 1),
       (58796, 366, '80', 1, 90000000, 380, 16, 3, 1);
insert into real_estate_building (id, address, complex_id, floor_count, dev_id)
values (367, 'г. Москва, ул. Сибирская, д. 18', 18, 15, 18);
insert into real_estate_object (id, building_id ,local_address, places, price, area, floor, type, estate_type)
values (58797, 367, '1', 3, 75000000, 990, 1, 3, 1),
       (58798, 367, '2', 3, 52000000, 560, 1, 3, 1),
       (58799, 367, '3', 2, 59000000, 640, 1, 3, 1),
       (58800, 367, '4', 3, 63000000, 710, 1, 3, 1),
       (58801, 367, '5', 1, 95000000, 310, 1, 3, 1),
       (58802, 367, '6', 1, 90000000, 790, 2, 3, 1),
       (58803, 367, '7', 1, 62000000, 460, 2, 3, 1),
       (58804, 367, '8', 2, 120000000, 400, 2, 3, 1),
       (58805, 367, '9', 3, 62000000, 800, 2, 3, 1),
       (58806, 367, '10', 3, 128000000, 770, 2, 3, 1),
       (58807, 367, '11', 2, 67000000, 950, 3, 3, 1),
       (58808, 367, '12', 2, 77000000, 920, 3, 3, 1),
       (58809, 367, '13', 2, 83000000, 500, 3, 3, 1),
       (58810, 367, '14', 1, 63000000, 830, 3, 3, 1),
       (58811, 367, '15', 2, 50000000, 380, 3, 3, 1),
       (58812, 367, '16', 3, 107000000, 490, 4, 3, 1),
       (58813, 367, '17', 2, 123000000, 490, 4, 3, 1),
       (58814, 367, '18', 1, 121000000, 760, 4, 3, 1),
       (58815, 367, '19', 3, 63000000, 810, 4, 3, 1),
       (58816, 367, '20', 2, 84000000, 420, 4, 3, 1),
       (58817, 367, '21', 2, 77000000, 800, 5, 3, 1),
       (58818, 367, '22', 2, 71000000, 990, 5, 3, 1),
       (58819, 367, '23', 1, 99000000, 350, 5, 3, 1),
       (58820, 367, '24', 3, 130000000, 340, 5, 3, 1),
       (58821, 367, '25', 1, 114000000, 960, 5, 3, 1),
       (58822, 367, '26', 2, 119000000, 320, 6, 3, 1),
       (58823, 367, '27', 1, 69000000, 970, 6, 3, 1),
       (58824, 367, '28', 1, 53000000, 670, 6, 3, 1),
       (58825, 367, '29', 2, 130000000, 310, 6, 3, 1),
       (58826, 367, '30', 3, 54000000, 460, 6, 3, 1),
       (58827, 367, '31', 1, 84000000, 710, 7, 3, 1),
       (58828, 367, '32', 1, 110000000, 960, 7, 3, 1),
       (58829, 367, '33', 1, 73000000, 450, 7, 3, 1),
       (58830, 367, '34', 3, 62000000, 420, 7, 3, 1),
       (58831, 367, '35', 3, 119000000, 910, 7, 3, 1),
       (58832, 367, '36', 3, 50000000, 970, 8, 3, 1),
       (58833, 367, '37', 1, 124000000, 870, 8, 3, 1),
       (58834, 367, '38', 3, 105000000, 450, 8, 3, 1),
       (58835, 367, '39', 1, 99000000, 420, 8, 3, 1),
       (58836, 367, '40', 1, 110000000, 800, 8, 3, 1),
       (58837, 367, '41', 3, 53000000, 540, 9, 3, 1),
       (58838, 367, '42', 3, 106000000, 760, 9, 3, 1),
       (58839, 367, '43', 1, 110000000, 300, 9, 3, 1),
       (58840, 367, '44', 1, 104000000, 620, 9, 3, 1),
       (58841, 367, '45', 1, 89000000, 850, 9, 3, 1),
       (58842, 367, '46', 2, 97000000, 800, 10, 3, 1),
       (58843, 367, '47', 1, 116000000, 450, 10, 3, 1),
       (58844, 367, '48', 2, 127000000, 460, 10, 3, 1),
       (58845, 367, '49', 2, 75000000, 900, 10, 3, 1),
       (58846, 367, '50', 2, 106000000, 430, 10, 3, 1),
       (58847, 367, '51', 3, 85000000, 990, 11, 3, 1),
       (58848, 367, '52', 3, 78000000, 350, 11, 3, 1),
       (58849, 367, '53', 2, 75000000, 770, 11, 3, 1),
       (58850, 367, '54', 2, 74000000, 850, 11, 3, 1),
       (58851, 367, '55', 1, 112000000, 500, 11, 3, 1),
       (58852, 367, '56', 3, 78000000, 890, 12, 3, 1),
       (58853, 367, '57', 1, 70000000, 350, 12, 3, 1),
       (58854, 367, '58', 2, 124000000, 630, 12, 3, 1),
       (58855, 367, '59', 2, 77000000, 610, 12, 3, 1),
       (58856, 367, '60', 2, 103000000, 790, 12, 3, 1),
       (58857, 367, '61', 2, 113000000, 470, 13, 3, 1),
       (58858, 367, '62', 2, 81000000, 800, 13, 3, 1),
       (58859, 367, '63', 1, 92000000, 700, 13, 3, 1),
       (58860, 367, '64', 2, 109000000, 320, 13, 3, 1),
       (58861, 367, '65', 1, 122000000, 510, 13, 3, 1),
       (58862, 367, '66', 1, 77000000, 560, 14, 3, 1),
       (58863, 367, '67', 3, 112000000, 540, 14, 3, 1),
       (58864, 367, '68', 1, 117000000, 360, 14, 3, 1),
       (58865, 367, '69', 3, 128000000, 460, 14, 3, 1),
       (58866, 367, '70', 3, 95000000, 550, 14, 3, 1),
       (58867, 367, '71', 3, 126000000, 840, 15, 3, 1),
       (58868, 367, '72', 1, 96000000, 790, 15, 3, 1),
       (58869, 367, '73', 3, 75000000, 370, 15, 3, 1),
       (58870, 367, '74', 1, 66000000, 910, 15, 3, 1),
       (58871, 367, '75', 3, 52000000, 580, 15, 3, 1);
insert into real_estate_building (id, address, complex_id, floor_count, dev_id)
values (368, 'г. Москва, ул. Сибирская, д. 19', 18, 15, 18);
insert into real_estate_object (id, building_id ,local_address, places, price, area, floor, type, estate_type)
values (58872, 368, '1', 2, 77000000, 850, 1, 3, 1),
       (58873, 368, '2', 1, 86000000, 650, 1, 3, 1),
       (58874, 368, '3', 3, 87000000, 810, 1, 3, 1),
       (58875, 368, '4', 2, 86000000, 800, 1, 3, 1),
       (58876, 368, '5', 3, 86000000, 660, 1, 3, 1),
       (58877, 368, '6', 1, 108000000, 510, 2, 3, 1),
       (58878, 368, '7', 1, 93000000, 660, 2, 3, 1),
       (58879, 368, '8', 3, 71000000, 300, 2, 3, 1),
       (58880, 368, '9', 2, 111000000, 630, 2, 3, 1),
       (58881, 368, '10', 1, 98000000, 740, 2, 3, 1),
       (58882, 368, '11', 2, 97000000, 920, 3, 3, 1),
       (58883, 368, '12', 3, 105000000, 490, 3, 3, 1),
       (58884, 368, '13', 2, 74000000, 380, 3, 3, 1),
       (58885, 368, '14', 2, 85000000, 300, 3, 3, 1),
       (58886, 368, '15', 2, 84000000, 400, 3, 3, 1),
       (58887, 368, '16', 3, 114000000, 580, 4, 3, 1),
       (58888, 368, '17', 2, 99000000, 800, 4, 3, 1),
       (58889, 368, '18', 1, 108000000, 580, 4, 3, 1),
       (58890, 368, '19', 2, 97000000, 650, 4, 3, 1),
       (58891, 368, '20', 3, 99000000, 810, 4, 3, 1),
       (58892, 368, '21', 2, 56000000, 680, 5, 3, 1),
       (58893, 368, '22', 3, 111000000, 420, 5, 3, 1),
       (58894, 368, '23', 3, 69000000, 810, 5, 3, 1),
       (58895, 368, '24', 2, 55000000, 720, 5, 3, 1),
       (58896, 368, '25', 3, 116000000, 940, 5, 3, 1),
       (58897, 368, '26', 2, 70000000, 920, 6, 3, 1),
       (58898, 368, '27', 3, 54000000, 760, 6, 3, 1),
       (58899, 368, '28', 3, 55000000, 910, 6, 3, 1),
       (58900, 368, '29', 3, 122000000, 650, 6, 3, 1),
       (58901, 368, '30', 1, 90000000, 560, 6, 3, 1),
       (58902, 368, '31', 1, 120000000, 460, 7, 3, 1),
       (58903, 368, '32', 3, 124000000, 810, 7, 3, 1),
       (58904, 368, '33', 1, 121000000, 630, 7, 3, 1),
       (58905, 368, '34', 3, 51000000, 580, 7, 3, 1),
       (58906, 368, '35', 2, 81000000, 760, 7, 3, 1),
       (58907, 368, '36', 1, 84000000, 590, 8, 3, 1),
       (58908, 368, '37', 2, 72000000, 710, 8, 3, 1),
       (58909, 368, '38', 1, 108000000, 580, 8, 3, 1),
       (58910, 368, '39', 3, 71000000, 350, 8, 3, 1),
       (58911, 368, '40', 2, 77000000, 900, 8, 3, 1),
       (58912, 368, '41', 2, 68000000, 410, 9, 3, 1),
       (58913, 368, '42', 3, 124000000, 700, 9, 3, 1),
       (58914, 368, '43', 3, 59000000, 400, 9, 3, 1),
       (58915, 368, '44', 3, 89000000, 960, 9, 3, 1),
       (58916, 368, '45', 1, 62000000, 320, 9, 3, 1),
       (58917, 368, '46', 1, 100000000, 500, 10, 3, 1),
       (58918, 368, '47', 3, 97000000, 760, 10, 3, 1),
       (58919, 368, '48', 3, 65000000, 540, 10, 3, 1),
       (58920, 368, '49', 2, 60000000, 470, 10, 3, 1),
       (58921, 368, '50', 3, 104000000, 470, 10, 3, 1),
       (58922, 368, '51', 1, 82000000, 370, 11, 3, 1),
       (58923, 368, '52', 2, 121000000, 490, 11, 3, 1),
       (58924, 368, '53', 2, 106000000, 470, 11, 3, 1),
       (58925, 368, '54', 1, 107000000, 590, 11, 3, 1),
       (58926, 368, '55', 1, 81000000, 870, 11, 3, 1),
       (58927, 368, '56', 2, 82000000, 500, 12, 3, 1),
       (58928, 368, '57', 1, 128000000, 730, 12, 3, 1),
       (58929, 368, '58', 2, 58000000, 990, 12, 3, 1),
       (58930, 368, '59', 3, 74000000, 910, 12, 3, 1),
       (58931, 368, '60', 1, 123000000, 300, 12, 3, 1),
       (58932, 368, '61', 3, 57000000, 470, 13, 3, 1),
       (58933, 368, '62', 1, 124000000, 510, 13, 3, 1),
       (58934, 368, '63', 3, 64000000, 540, 13, 3, 1),
       (58935, 368, '64', 2, 118000000, 610, 13, 3, 1),
       (58936, 368, '65', 3, 52000000, 770, 13, 3, 1),
       (58937, 368, '66', 3, 122000000, 900, 14, 3, 1),
       (58938, 368, '67', 2, 101000000, 410, 14, 3, 1),
       (58939, 368, '68', 1, 65000000, 760, 14, 3, 1),
       (58940, 368, '69', 1, 129000000, 540, 14, 3, 1),
       (58941, 368, '70', 3, 95000000, 380, 14, 3, 1),
       (58942, 368, '71', 1, 120000000, 550, 15, 3, 1),
       (58943, 368, '72', 1, 72000000, 930, 15, 3, 1),
       (58944, 368, '73', 1, 105000000, 890, 15, 3, 1),
       (58945, 368, '74', 3, 64000000, 500, 15, 3, 1),
       (58946, 368, '75', 3, 53000000, 460, 15, 3, 1);
insert into real_estate_building (id, address, complex_id, floor_count, dev_id)
values (369, 'г. Москва, ул. Сибирская, д. 20', 18, 17, 18);
insert into real_estate_object (id, building_id ,local_address, places, price, area, floor, type, estate_type)
values (58947, 369, '1', 2, 128000000, 320, 1, 3, 1),
       (58948, 369, '2', 3, 82000000, 530, 1, 3, 1),
       (58949, 369, '3', 2, 68000000, 780, 1, 3, 1),
       (58950, 369, '4', 1, 73000000, 760, 1, 3, 1),
       (58951, 369, '5', 1, 59000000, 470, 1, 3, 1),
       (58952, 369, '6', 2, 124000000, 450, 2, 3, 1),
       (58953, 369, '7', 3, 112000000, 920, 2, 3, 1),
       (58954, 369, '8', 1, 61000000, 1000, 2, 3, 1),
       (58955, 369, '9', 3, 108000000, 790, 2, 3, 1),
       (58956, 369, '10', 1, 77000000, 740, 2, 3, 1),
       (58957, 369, '11', 1, 111000000, 580, 3, 3, 1),
       (58958, 369, '12', 3, 89000000, 890, 3, 3, 1),
       (58959, 369, '13', 2, 106000000, 550, 3, 3, 1),
       (58960, 369, '14', 3, 119000000, 480, 3, 3, 1),
       (58961, 369, '15', 2, 87000000, 760, 3, 3, 1),
       (58962, 369, '16', 2, 64000000, 830, 4, 3, 1),
       (58963, 369, '17', 3, 84000000, 730, 4, 3, 1),
       (58964, 369, '18', 1, 51000000, 990, 4, 3, 1),
       (58965, 369, '19', 1, 109000000, 380, 4, 3, 1),
       (58966, 369, '20', 1, 90000000, 980, 4, 3, 1),
       (58967, 369, '21', 3, 107000000, 920, 5, 3, 1),
       (58968, 369, '22', 1, 111000000, 840, 5, 3, 1),
       (58969, 369, '23', 1, 100000000, 540, 5, 3, 1),
       (58970, 369, '24', 3, 83000000, 430, 5, 3, 1),
       (58971, 369, '25', 2, 79000000, 400, 5, 3, 1),
       (58972, 369, '26', 2, 107000000, 410, 6, 3, 1),
       (58973, 369, '27', 1, 86000000, 840, 6, 3, 1),
       (58974, 369, '28', 2, 110000000, 960, 6, 3, 1),
       (58975, 369, '29', 2, 106000000, 340, 6, 3, 1),
       (58976, 369, '30', 1, 101000000, 820, 6, 3, 1),
       (58977, 369, '31', 3, 71000000, 830, 7, 3, 1),
       (58978, 369, '32', 2, 130000000, 920, 7, 3, 1),
       (58979, 369, '33', 1, 64000000, 630, 7, 3, 1),
       (58980, 369, '34', 2, 84000000, 360, 7, 3, 1),
       (58981, 369, '35', 2, 87000000, 640, 7, 3, 1),
       (58982, 369, '36', 2, 89000000, 610, 8, 3, 1),
       (58983, 369, '37', 1, 58000000, 560, 8, 3, 1),
       (58984, 369, '38', 1, 105000000, 790, 8, 3, 1),
       (58985, 369, '39', 2, 90000000, 750, 8, 3, 1),
       (58986, 369, '40', 1, 98000000, 690, 8, 3, 1),
       (58987, 369, '41', 2, 90000000, 960, 9, 3, 1),
       (58988, 369, '42', 1, 116000000, 630, 9, 3, 1),
       (58989, 369, '43', 2, 75000000, 340, 9, 3, 1),
       (58990, 369, '44', 3, 107000000, 470, 9, 3, 1),
       (58991, 369, '45', 1, 126000000, 520, 9, 3, 1),
       (58992, 369, '46', 3, 55000000, 600, 10, 3, 1),
       (58993, 369, '47', 1, 124000000, 430, 10, 3, 1),
       (58994, 369, '48', 3, 71000000, 860, 10, 3, 1),
       (58995, 369, '49', 2, 98000000, 600, 10, 3, 1),
       (58996, 369, '50', 2, 79000000, 500, 10, 3, 1),
       (58997, 369, '51', 2, 67000000, 410, 11, 3, 1),
       (58998, 369, '52', 1, 120000000, 350, 11, 3, 1),
       (58999, 369, '53', 3, 54000000, 860, 11, 3, 1),
       (59000, 369, '54', 3, 55000000, 560, 11, 3, 1),
       (59001, 369, '55', 1, 109000000, 380, 11, 3, 1),
       (59002, 369, '56', 3, 88000000, 940, 12, 3, 1),
       (59003, 369, '57', 3, 106000000, 610, 12, 3, 1),
       (59004, 369, '58', 3, 83000000, 430, 12, 3, 1),
       (59005, 369, '59', 1, 75000000, 620, 12, 3, 1),
       (59006, 369, '60', 1, 69000000, 880, 12, 3, 1),
       (59007, 369, '61', 2, 58000000, 940, 13, 3, 1),
       (59008, 369, '62', 3, 51000000, 400, 13, 3, 1),
       (59009, 369, '63', 3, 56000000, 930, 13, 3, 1),
       (59010, 369, '64', 1, 72000000, 530, 13, 3, 1),
       (59011, 369, '65', 3, 71000000, 510, 13, 3, 1),
       (59012, 369, '66', 1, 103000000, 470, 14, 3, 1),
       (59013, 369, '67', 1, 105000000, 360, 14, 3, 1),
       (59014, 369, '68', 2, 66000000, 960, 14, 3, 1),
       (59015, 369, '69', 1, 110000000, 750, 14, 3, 1),
       (59016, 369, '70', 3, 57000000, 610, 14, 3, 1),
       (59017, 369, '71', 3, 111000000, 940, 15, 3, 1),
       (59018, 369, '72', 1, 98000000, 950, 15, 3, 1),
       (59019, 369, '73', 3, 103000000, 370, 15, 3, 1),
       (59020, 369, '74', 3, 71000000, 950, 15, 3, 1),
       (59021, 369, '75', 3, 62000000, 750, 15, 3, 1),
       (59022, 369, '76', 2, 56000000, 670, 16, 3, 1),
       (59023, 369, '77', 3, 130000000, 460, 16, 3, 1),
       (59024, 369, '78', 1, 108000000, 640, 16, 3, 1),
       (59025, 369, '79', 2, 68000000, 730, 16, 3, 1),
       (59026, 369, '80', 2, 69000000, 690, 16, 3, 1),
       (59027, 369, '81', 2, 80000000, 430, 17, 3, 1),
       (59028, 369, '82', 2, 104000000, 510, 17, 3, 1),
       (59029, 369, '83', 1, 114000000, 480, 17, 3, 1),
       (59030, 369, '84', 2, 73000000, 580, 17, 3, 1),
       (59031, 369, '85', 1, 55000000, 930, 17, 3, 1);
insert into real_estate_building (id, address, complex_id, floor_count, dev_id)
values (370, 'г. Москва, ул. Сибирская, д. 21', 18, 18, 18);
insert into real_estate_object (id, building_id ,local_address, places, price, area, floor, type, estate_type)
values (59032, 370, '1', 1, 99000000, 550, 1, 3, 1),
       (59033, 370, '2', 1, 72000000, 490, 1, 3, 1),
       (59034, 370, '3', 3, 108000000, 850, 1, 3, 1),
       (59035, 370, '4', 1, 70000000, 690, 1, 3, 1),
       (59036, 370, '5', 1, 86000000, 740, 1, 3, 1),
       (59037, 370, '6', 2, 79000000, 980, 2, 3, 1),
       (59038, 370, '7', 1, 121000000, 620, 2, 3, 1),
       (59039, 370, '8', 2, 119000000, 360, 2, 3, 1),
       (59040, 370, '9', 1, 97000000, 560, 2, 3, 1),
       (59041, 370, '10', 2, 114000000, 610, 2, 3, 1),
       (59042, 370, '11', 1, 80000000, 340, 3, 3, 1),
       (59043, 370, '12', 1, 93000000, 760, 3, 3, 1),
       (59044, 370, '13', 2, 130000000, 620, 3, 3, 1),
       (59045, 370, '14', 2, 112000000, 790, 3, 3, 1),
       (59046, 370, '15', 1, 111000000, 460, 3, 3, 1),
       (59047, 370, '16', 2, 75000000, 1000, 4, 3, 1),
       (59048, 370, '17', 1, 74000000, 390, 4, 3, 1),
       (59049, 370, '18', 3, 97000000, 960, 4, 3, 1),
       (59050, 370, '19', 3, 53000000, 650, 4, 3, 1),
       (59051, 370, '20', 3, 92000000, 430, 4, 3, 1),
       (59052, 370, '21', 2, 51000000, 910, 5, 3, 1),
       (59053, 370, '22', 2, 93000000, 440, 5, 3, 1),
       (59054, 370, '23', 1, 50000000, 860, 5, 3, 1),
       (59055, 370, '24', 2, 129000000, 480, 5, 3, 1),
       (59056, 370, '25', 1, 73000000, 430, 5, 3, 1),
       (59057, 370, '26', 1, 75000000, 430, 6, 3, 1),
       (59058, 370, '27', 2, 76000000, 530, 6, 3, 1),
       (59059, 370, '28', 1, 110000000, 1000, 6, 3, 1),
       (59060, 370, '29', 3, 90000000, 840, 6, 3, 1),
       (59061, 370, '30', 1, 130000000, 710, 6, 3, 1),
       (59062, 370, '31', 2, 61000000, 480, 7, 3, 1),
       (59063, 370, '32', 2, 124000000, 960, 7, 3, 1),
       (59064, 370, '33', 3, 106000000, 650, 7, 3, 1),
       (59065, 370, '34', 1, 126000000, 940, 7, 3, 1),
       (59066, 370, '35', 1, 94000000, 770, 7, 3, 1),
       (59067, 370, '36', 1, 119000000, 900, 8, 3, 1),
       (59068, 370, '37', 1, 94000000, 970, 8, 3, 1),
       (59069, 370, '38', 2, 100000000, 640, 8, 3, 1),
       (59070, 370, '39', 3, 71000000, 530, 8, 3, 1),
       (59071, 370, '40', 2, 65000000, 480, 8, 3, 1),
       (59072, 370, '41', 1, 64000000, 390, 9, 3, 1),
       (59073, 370, '42', 3, 75000000, 590, 9, 3, 1),
       (59074, 370, '43', 2, 94000000, 420, 9, 3, 1),
       (59075, 370, '44', 2, 87000000, 680, 9, 3, 1),
       (59076, 370, '45', 2, 107000000, 470, 9, 3, 1),
       (59077, 370, '46', 1, 128000000, 510, 10, 3, 1),
       (59078, 370, '47', 3, 99000000, 410, 10, 3, 1),
       (59079, 370, '48', 2, 103000000, 650, 10, 3, 1),
       (59080, 370, '49', 3, 98000000, 840, 10, 3, 1),
       (59081, 370, '50', 2, 117000000, 420, 10, 3, 1),
       (59082, 370, '51', 2, 85000000, 990, 11, 3, 1),
       (59083, 370, '52', 3, 122000000, 400, 11, 3, 1),
       (59084, 370, '53', 2, 94000000, 990, 11, 3, 1),
       (59085, 370, '54', 3, 101000000, 1000, 11, 3, 1),
       (59086, 370, '55', 1, 59000000, 340, 11, 3, 1),
       (59087, 370, '56', 2, 116000000, 310, 12, 3, 1),
       (59088, 370, '57', 1, 107000000, 700, 12, 3, 1),
       (59089, 370, '58', 2, 72000000, 500, 12, 3, 1),
       (59090, 370, '59', 1, 103000000, 530, 12, 3, 1),
       (59091, 370, '60', 3, 118000000, 730, 12, 3, 1),
       (59092, 370, '61', 3, 78000000, 510, 13, 3, 1),
       (59093, 370, '62', 1, 89000000, 570, 13, 3, 1),
       (59094, 370, '63', 1, 122000000, 640, 13, 3, 1),
       (59095, 370, '64', 1, 91000000, 680, 13, 3, 1),
       (59096, 370, '65', 2, 80000000, 820, 13, 3, 1),
       (59097, 370, '66', 2, 106000000, 820, 14, 3, 1),
       (59098, 370, '67', 1, 88000000, 960, 14, 3, 1),
       (59099, 370, '68', 1, 76000000, 700, 14, 3, 1),
       (59100, 370, '69', 1, 71000000, 910, 14, 3, 1),
       (59101, 370, '70', 3, 75000000, 590, 14, 3, 1),
       (59102, 370, '71', 2, 73000000, 900, 15, 3, 1),
       (59103, 370, '72', 2, 101000000, 560, 15, 3, 1),
       (59104, 370, '73', 1, 126000000, 390, 15, 3, 1),
       (59105, 370, '74', 2, 92000000, 570, 15, 3, 1),
       (59106, 370, '75', 1, 92000000, 840, 15, 3, 1),
       (59107, 370, '76', 1, 81000000, 840, 16, 3, 1),
       (59108, 370, '77', 1, 61000000, 940, 16, 3, 1),
       (59109, 370, '78', 3, 56000000, 350, 16, 3, 1),
       (59110, 370, '79', 1, 95000000, 610, 16, 3, 1),
       (59111, 370, '80', 2, 129000000, 480, 16, 3, 1),
       (59112, 370, '81', 1, 111000000, 870, 17, 3, 1),
       (59113, 370, '82', 2, 102000000, 740, 17, 3, 1),
       (59114, 370, '83', 3, 120000000, 940, 17, 3, 1),
       (59115, 370, '84', 1, 97000000, 620, 17, 3, 1),
       (59116, 370, '85', 1, 97000000, 730, 17, 3, 1),
       (59117, 370, '86', 2, 64000000, 970, 18, 3, 1),
       (59118, 370, '87', 3, 101000000, 580, 18, 3, 1),
       (59119, 370, '88', 3, 61000000, 340, 18, 3, 1),
       (59120, 370, '89', 2, 81000000, 990, 18, 3, 1),
       (59121, 370, '90', 3, 59000000, 690, 18, 3, 1);
insert into real_estate_building (id, address, complex_id, floor_count, dev_id)
values (371, 'г. Москва, ул. Сибирская, д. 22', 18, 11, 18);
insert into real_estate_object (id, building_id ,local_address, places, price, area, floor, type, estate_type)
values (59122, 371, '1', 2, 80000000, 850, 1, 3, 1),
       (59123, 371, '2', 3, 113000000, 590, 1, 3, 1),
       (59124, 371, '3', 2, 118000000, 770, 1, 3, 1),
       (59125, 371, '4', 2, 111000000, 480, 1, 3, 1),
       (59126, 371, '5', 3, 58000000, 940, 1, 3, 1),
       (59127, 371, '6', 1, 90000000, 340, 2, 3, 1),
       (59128, 371, '7', 2, 121000000, 730, 2, 3, 1),
       (59129, 371, '8', 2, 107000000, 790, 2, 3, 1),
       (59130, 371, '9', 2, 79000000, 830, 2, 3, 1),
       (59131, 371, '10', 2, 50000000, 430, 2, 3, 1),
       (59132, 371, '11', 3, 108000000, 730, 3, 3, 1),
       (59133, 371, '12', 2, 102000000, 400, 3, 3, 1),
       (59134, 371, '13', 3, 110000000, 430, 3, 3, 1),
       (59135, 371, '14', 2, 76000000, 870, 3, 3, 1),
       (59136, 371, '15', 2, 124000000, 490, 3, 3, 1),
       (59137, 371, '16', 1, 127000000, 970, 4, 3, 1),
       (59138, 371, '17', 2, 92000000, 990, 4, 3, 1),
       (59139, 371, '18', 3, 95000000, 340, 4, 3, 1),
       (59140, 371, '19', 3, 121000000, 940, 4, 3, 1),
       (59141, 371, '20', 2, 84000000, 710, 4, 3, 1),
       (59142, 371, '21', 2, 123000000, 510, 5, 3, 1),
       (59143, 371, '22', 1, 84000000, 620, 5, 3, 1),
       (59144, 371, '23', 2, 124000000, 600, 5, 3, 1),
       (59145, 371, '24', 2, 110000000, 600, 5, 3, 1),
       (59146, 371, '25', 2, 99000000, 530, 5, 3, 1),
       (59147, 371, '26', 1, 63000000, 360, 6, 3, 1),
       (59148, 371, '27', 1, 82000000, 520, 6, 3, 1),
       (59149, 371, '28', 2, 77000000, 580, 6, 3, 1),
       (59150, 371, '29', 2, 65000000, 520, 6, 3, 1),
       (59151, 371, '30', 3, 59000000, 360, 6, 3, 1),
       (59152, 371, '31', 1, 51000000, 680, 7, 3, 1),
       (59153, 371, '32', 3, 85000000, 720, 7, 3, 1),
       (59154, 371, '33', 3, 82000000, 480, 7, 3, 1),
       (59155, 371, '34', 2, 66000000, 440, 7, 3, 1),
       (59156, 371, '35', 2, 97000000, 500, 7, 3, 1),
       (59157, 371, '36', 3, 65000000, 390, 8, 3, 1),
       (59158, 371, '37', 2, 81000000, 330, 8, 3, 1),
       (59159, 371, '38', 2, 119000000, 780, 8, 3, 1),
       (59160, 371, '39', 1, 130000000, 580, 8, 3, 1),
       (59161, 371, '40', 3, 63000000, 500, 8, 3, 1),
       (59162, 371, '41', 1, 68000000, 840, 9, 3, 1),
       (59163, 371, '42', 1, 95000000, 530, 9, 3, 1),
       (59164, 371, '43', 3, 115000000, 790, 9, 3, 1),
       (59165, 371, '44', 2, 120000000, 330, 9, 3, 1),
       (59166, 371, '45', 3, 127000000, 910, 9, 3, 1),
       (59167, 371, '46', 3, 71000000, 460, 10, 3, 1),
       (59168, 371, '47', 3, 82000000, 530, 10, 3, 1),
       (59169, 371, '48', 2, 123000000, 840, 10, 3, 1),
       (59170, 371, '49', 2, 101000000, 970, 10, 3, 1),
       (59171, 371, '50', 2, 96000000, 420, 10, 3, 1),
       (59172, 371, '51', 1, 97000000, 780, 11, 3, 1),
       (59173, 371, '52', 3, 130000000, 1000, 11, 3, 1),
       (59174, 371, '53', 1, 129000000, 890, 11, 3, 1),
       (59175, 371, '54', 3, 85000000, 930, 11, 3, 1),
       (59176, 371, '55', 3, 127000000, 960, 11, 3, 1);
insert into real_estate_building (id, address, complex_id, floor_count, dev_id)
values (372, 'г. Москва, ул. Сибирская, д. 23', 18, 19, 18);
insert into real_estate_object (id, building_id ,local_address, places, price, area, floor, type, estate_type)
values (59177, 372, '1', 3, 63000000, 980, 1, 3, 1),
       (59178, 372, '2', 1, 110000000, 550, 1, 3, 1),
       (59179, 372, '3', 3, 122000000, 440, 1, 3, 1),
       (59180, 372, '4', 3, 50000000, 430, 1, 3, 1),
       (59181, 372, '5', 2, 105000000, 950, 1, 3, 1),
       (59182, 372, '6', 3, 53000000, 650, 2, 3, 1),
       (59183, 372, '7', 2, 88000000, 780, 2, 3, 1),
       (59184, 372, '8', 3, 101000000, 930, 2, 3, 1),
       (59185, 372, '9', 1, 56000000, 550, 2, 3, 1),
       (59186, 372, '10', 3, 60000000, 580, 2, 3, 1),
       (59187, 372, '11', 3, 105000000, 320, 3, 3, 1),
       (59188, 372, '12', 2, 130000000, 860, 3, 3, 1),
       (59189, 372, '13', 2, 74000000, 480, 3, 3, 1),
       (59190, 372, '14', 2, 90000000, 460, 3, 3, 1),
       (59191, 372, '15', 1, 64000000, 690, 3, 3, 1),
       (59192, 372, '16', 1, 89000000, 510, 4, 3, 1),
       (59193, 372, '17', 1, 72000000, 740, 4, 3, 1),
       (59194, 372, '18', 1, 102000000, 550, 4, 3, 1),
       (59195, 372, '19', 1, 61000000, 900, 4, 3, 1),
       (59196, 372, '20', 1, 99000000, 880, 4, 3, 1),
       (59197, 372, '21', 1, 51000000, 330, 5, 3, 1),
       (59198, 372, '22', 3, 116000000, 350, 5, 3, 1),
       (59199, 372, '23', 2, 58000000, 360, 5, 3, 1),
       (59200, 372, '24', 3, 84000000, 980, 5, 3, 1),
       (59201, 372, '25', 2, 123000000, 860, 5, 3, 1),
       (59202, 372, '26', 2, 123000000, 800, 6, 3, 1),
       (59203, 372, '27', 2, 73000000, 340, 6, 3, 1),
       (59204, 372, '28', 2, 76000000, 860, 6, 3, 1),
       (59205, 372, '29', 1, 92000000, 400, 6, 3, 1),
       (59206, 372, '30', 3, 120000000, 730, 6, 3, 1),
       (59207, 372, '31', 2, 82000000, 830, 7, 3, 1),
       (59208, 372, '32', 1, 81000000, 750, 7, 3, 1),
       (59209, 372, '33', 1, 84000000, 710, 7, 3, 1),
       (59210, 372, '34', 3, 55000000, 750, 7, 3, 1),
       (59211, 372, '35', 3, 91000000, 310, 7, 3, 1),
       (59212, 372, '36', 3, 106000000, 350, 8, 3, 1),
       (59213, 372, '37', 2, 80000000, 780, 8, 3, 1),
       (59214, 372, '38', 3, 110000000, 410, 8, 3, 1),
       (59215, 372, '39', 1, 65000000, 570, 8, 3, 1),
       (59216, 372, '40', 1, 62000000, 330, 8, 3, 1),
       (59217, 372, '41', 1, 109000000, 910, 9, 3, 1),
       (59218, 372, '42', 2, 104000000, 780, 9, 3, 1),
       (59219, 372, '43', 1, 95000000, 470, 9, 3, 1),
       (59220, 372, '44', 3, 84000000, 390, 9, 3, 1),
       (59221, 372, '45', 2, 70000000, 860, 9, 3, 1),
       (59222, 372, '46', 2, 108000000, 430, 10, 3, 1),
       (59223, 372, '47', 3, 106000000, 840, 10, 3, 1),
       (59224, 372, '48', 3, 57000000, 950, 10, 3, 1),
       (59225, 372, '49', 2, 108000000, 410, 10, 3, 1),
       (59226, 372, '50', 3, 87000000, 440, 10, 3, 1),
       (59227, 372, '51', 2, 130000000, 380, 11, 3, 1),
       (59228, 372, '52', 3, 118000000, 970, 11, 3, 1),
       (59229, 372, '53', 2, 74000000, 1000, 11, 3, 1),
       (59230, 372, '54', 2, 119000000, 570, 11, 3, 1),
       (59231, 372, '55', 2, 56000000, 330, 11, 3, 1),
       (59232, 372, '56', 1, 112000000, 980, 12, 3, 1),
       (59233, 372, '57', 1, 124000000, 750, 12, 3, 1),
       (59234, 372, '58', 2, 61000000, 380, 12, 3, 1),
       (59235, 372, '59', 3, 89000000, 710, 12, 3, 1),
       (59236, 372, '60', 1, 98000000, 800, 12, 3, 1),
       (59237, 372, '61', 3, 73000000, 450, 13, 3, 1),
       (59238, 372, '62', 1, 120000000, 360, 13, 3, 1),
       (59239, 372, '63', 3, 125000000, 330, 13, 3, 1),
       (59240, 372, '64', 1, 124000000, 650, 13, 3, 1),
       (59241, 372, '65', 2, 58000000, 490, 13, 3, 1),
       (59242, 372, '66', 1, 127000000, 710, 14, 3, 1),
       (59243, 372, '67', 2, 85000000, 600, 14, 3, 1),
       (59244, 372, '68', 1, 101000000, 1000, 14, 3, 1),
       (59245, 372, '69', 1, 67000000, 920, 14, 3, 1),
       (59246, 372, '70', 3, 72000000, 410, 14, 3, 1),
       (59247, 372, '71', 2, 108000000, 570, 15, 3, 1),
       (59248, 372, '72', 1, 128000000, 450, 15, 3, 1),
       (59249, 372, '73', 3, 77000000, 710, 15, 3, 1),
       (59250, 372, '74', 1, 73000000, 830, 15, 3, 1),
       (59251, 372, '75', 2, 91000000, 410, 15, 3, 1),
       (59252, 372, '76', 1, 64000000, 430, 16, 3, 1),
       (59253, 372, '77', 2, 99000000, 800, 16, 3, 1),
       (59254, 372, '78', 1, 78000000, 520, 16, 3, 1),
       (59255, 372, '79', 3, 73000000, 660, 16, 3, 1),
       (59256, 372, '80', 1, 63000000, 940, 16, 3, 1),
       (59257, 372, '81', 1, 65000000, 510, 17, 3, 1),
       (59258, 372, '82', 3, 100000000, 910, 17, 3, 1),
       (59259, 372, '83', 2, 68000000, 330, 17, 3, 1),
       (59260, 372, '84', 3, 74000000, 500, 17, 3, 1),
       (59261, 372, '85', 2, 102000000, 350, 17, 3, 1),
       (59262, 372, '86', 2, 57000000, 410, 18, 3, 1),
       (59263, 372, '87', 1, 85000000, 720, 18, 3, 1),
       (59264, 372, '88', 3, 64000000, 510, 18, 3, 1),
       (59265, 372, '89', 1, 69000000, 360, 18, 3, 1),
       (59266, 372, '90', 3, 76000000, 510, 18, 3, 1),
       (59267, 372, '91', 2, 123000000, 440, 19, 3, 1),
       (59268, 372, '92', 3, 71000000, 890, 19, 3, 1),
       (59269, 372, '93', 1, 117000000, 350, 19, 3, 1),
       (59270, 372, '94', 2, 78000000, 300, 19, 3, 1),
       (59271, 372, '95', 3, 84000000, 970, 19, 3, 1);
insert into real_estate_building (id, address, complex_id, floor_count, dev_id)
values (373, 'г. Москва, ул. Ленинградская, д. 13', 19, 14, 19);
insert into real_estate_object (id, building_id ,local_address, places, price, area, floor, type, estate_type)
values (59272, 373, '1', 1, 47000000, 650, 1, 3, 1),
       (59273, 373, '2', 1, 61000000, 710, 1, 3, 1),
       (59274, 373, '3', 1, 53000000, 670, 1, 3, 1),
       (59275, 373, '4', 1, 89000000, 620, 1, 3, 1),
       (59276, 373, '5', 3, 85000000, 940, 1, 3, 1),
       (59277, 373, '6', 2, 69000000, 480, 2, 3, 1),
       (59278, 373, '7', 3, 76000000, 870, 2, 3, 1),
       (59279, 373, '8', 2, 60000000, 790, 2, 3, 1),
       (59280, 373, '9', 3, 60000000, 830, 2, 3, 1),
       (59281, 373, '10', 3, 47000000, 960, 2, 3, 1),
       (59282, 373, '11', 3, 57000000, 560, 3, 3, 1),
       (59283, 373, '12', 3, 79000000, 710, 3, 3, 1),
       (59284, 373, '13', 3, 54000000, 580, 3, 3, 1),
       (59285, 373, '14', 2, 53000000, 630, 3, 3, 1),
       (59286, 373, '15', 1, 82000000, 590, 3, 3, 1),
       (59287, 373, '16', 2, 68000000, 890, 4, 3, 1),
       (59288, 373, '17', 2, 86000000, 320, 4, 3, 1),
       (59289, 373, '18', 1, 71000000, 460, 4, 3, 1),
       (59290, 373, '19', 2, 50000000, 360, 4, 3, 1),
       (59291, 373, '20', 1, 48000000, 780, 4, 3, 1),
       (59292, 373, '21', 1, 64000000, 950, 5, 3, 1),
       (59293, 373, '22', 3, 88000000, 900, 5, 3, 1),
       (59294, 373, '23', 3, 79000000, 720, 5, 3, 1),
       (59295, 373, '24', 1, 68000000, 310, 5, 3, 1),
       (59296, 373, '25', 1, 88000000, 950, 5, 3, 1),
       (59297, 373, '26', 1, 61000000, 700, 6, 3, 1),
       (59298, 373, '27', 2, 89000000, 520, 6, 3, 1),
       (59299, 373, '28', 2, 49000000, 650, 6, 3, 1),
       (59300, 373, '29', 3, 67000000, 700, 6, 3, 1),
       (59301, 373, '30', 3, 69000000, 580, 6, 3, 1),
       (59302, 373, '31', 2, 52000000, 610, 7, 3, 1),
       (59303, 373, '32', 2, 43000000, 470, 7, 3, 1),
       (59304, 373, '33', 3, 81000000, 860, 7, 3, 1),
       (59305, 373, '34', 1, 85000000, 840, 7, 3, 1),
       (59306, 373, '35', 1, 51000000, 980, 7, 3, 1),
       (59307, 373, '36', 2, 75000000, 670, 8, 3, 1),
       (59308, 373, '37', 2, 72000000, 360, 8, 3, 1),
       (59309, 373, '38', 2, 55000000, 670, 8, 3, 1),
       (59310, 373, '39', 3, 80000000, 640, 8, 3, 1),
       (59311, 373, '40', 1, 87000000, 840, 8, 3, 1),
       (59312, 373, '41', 1, 61000000, 520, 9, 3, 1),
       (59313, 373, '42', 1, 44000000, 940, 9, 3, 1),
       (59314, 373, '43', 3, 60000000, 730, 9, 3, 1),
       (59315, 373, '44', 2, 47000000, 960, 9, 3, 1),
       (59316, 373, '45', 3, 84000000, 700, 9, 3, 1),
       (59317, 373, '46', 2, 88000000, 890, 10, 3, 1),
       (59318, 373, '47', 3, 47000000, 410, 10, 3, 1),
       (59319, 373, '48', 3, 80000000, 410, 10, 3, 1),
       (59320, 373, '49', 3, 82000000, 300, 10, 3, 1),
       (59321, 373, '50', 1, 40000000, 470, 10, 3, 1),
       (59322, 373, '51', 1, 73000000, 460, 11, 3, 1),
       (59323, 373, '52', 1, 76000000, 470, 11, 3, 1),
       (59324, 373, '53', 1, 89000000, 900, 11, 3, 1),
       (59325, 373, '54', 3, 66000000, 420, 11, 3, 1),
       (59326, 373, '55', 1, 53000000, 320, 11, 3, 1),
       (59327, 373, '56', 2, 83000000, 950, 12, 3, 1),
       (59328, 373, '57', 3, 67000000, 710, 12, 3, 1),
       (59329, 373, '58', 1, 75000000, 470, 12, 3, 1),
       (59330, 373, '59', 3, 76000000, 830, 12, 3, 1),
       (59331, 373, '60', 3, 80000000, 730, 12, 3, 1),
       (59332, 373, '61', 3, 82000000, 390, 13, 3, 1),
       (59333, 373, '62', 1, 44000000, 850, 13, 3, 1),
       (59334, 373, '63', 3, 47000000, 780, 13, 3, 1),
       (59335, 373, '64', 3, 78000000, 720, 13, 3, 1),
       (59336, 373, '65', 2, 68000000, 600, 13, 3, 1),
       (59337, 373, '66', 2, 86000000, 630, 14, 3, 1),
       (59338, 373, '67', 2, 54000000, 850, 14, 3, 1),
       (59339, 373, '68', 2, 85000000, 1000, 14, 3, 1),
       (59340, 373, '69', 1, 56000000, 990, 14, 3, 1),
       (59341, 373, '70', 3, 72000000, 460, 14, 3, 1);
insert into real_estate_building (id, address, complex_id, floor_count, dev_id)
values (374, 'г. Москва, ул. Ленинградская, д. 14', 19, 15, 19);
insert into real_estate_object (id, building_id ,local_address, places, price, area, floor, type, estate_type)
values (59342, 374, '1', 1, 63000000, 950, 1, 3, 1),
       (59343, 374, '2', 3, 62000000, 380, 1, 3, 1),
       (59344, 374, '3', 3, 66000000, 640, 1, 3, 1),
       (59345, 374, '4', 3, 61000000, 400, 1, 3, 1),
       (59346, 374, '5', 1, 83000000, 810, 1, 3, 1),
       (59347, 374, '6', 1, 78000000, 570, 2, 3, 1),
       (59348, 374, '7', 3, 77000000, 370, 2, 3, 1),
       (59349, 374, '8', 1, 54000000, 570, 2, 3, 1),
       (59350, 374, '9', 2, 79000000, 460, 2, 3, 1),
       (59351, 374, '10', 2, 69000000, 660, 2, 3, 1),
       (59352, 374, '11', 1, 52000000, 410, 3, 3, 1),
       (59353, 374, '12', 2, 55000000, 350, 3, 3, 1),
       (59354, 374, '13', 2, 69000000, 410, 3, 3, 1),
       (59355, 374, '14', 3, 52000000, 800, 3, 3, 1),
       (59356, 374, '15', 2, 56000000, 800, 3, 3, 1),
       (59357, 374, '16', 3, 56000000, 590, 4, 3, 1),
       (59358, 374, '17', 3, 65000000, 590, 4, 3, 1),
       (59359, 374, '18', 3, 58000000, 860, 4, 3, 1),
       (59360, 374, '19', 3, 42000000, 640, 4, 3, 1),
       (59361, 374, '20', 2, 71000000, 660, 4, 3, 1),
       (59362, 374, '21', 2, 57000000, 380, 5, 3, 1),
       (59363, 374, '22', 3, 43000000, 900, 5, 3, 1),
       (59364, 374, '23', 1, 87000000, 960, 5, 3, 1),
       (59365, 374, '24', 3, 67000000, 680, 5, 3, 1),
       (59366, 374, '25', 2, 86000000, 450, 5, 3, 1),
       (59367, 374, '26', 2, 90000000, 820, 6, 3, 1),
       (59368, 374, '27', 3, 44000000, 300, 6, 3, 1),
       (59369, 374, '28', 2, 72000000, 590, 6, 3, 1),
       (59370, 374, '29', 2, 88000000, 780, 6, 3, 1),
       (59371, 374, '30', 3, 61000000, 950, 6, 3, 1),
       (59372, 374, '31', 2, 85000000, 360, 7, 3, 1),
       (59373, 374, '32', 1, 84000000, 590, 7, 3, 1),
       (59374, 374, '33', 2, 45000000, 350, 7, 3, 1),
       (59375, 374, '34', 1, 41000000, 460, 7, 3, 1),
       (59376, 374, '35', 2, 54000000, 970, 7, 3, 1),
       (59377, 374, '36', 2, 49000000, 550, 8, 3, 1),
       (59378, 374, '37', 1, 48000000, 860, 8, 3, 1),
       (59379, 374, '38', 3, 83000000, 940, 8, 3, 1),
       (59380, 374, '39', 1, 68000000, 700, 8, 3, 1),
       (59381, 374, '40', 1, 71000000, 740, 8, 3, 1),
       (59382, 374, '41', 1, 81000000, 990, 9, 3, 1),
       (59383, 374, '42', 3, 59000000, 680, 9, 3, 1),
       (59384, 374, '43', 2, 80000000, 800, 9, 3, 1),
       (59385, 374, '44', 3, 50000000, 500, 9, 3, 1),
       (59386, 374, '45', 2, 90000000, 340, 9, 3, 1),
       (59387, 374, '46', 3, 90000000, 350, 10, 3, 1),
       (59388, 374, '47', 1, 60000000, 710, 10, 3, 1),
       (59389, 374, '48', 3, 44000000, 930, 10, 3, 1),
       (59390, 374, '49', 1, 45000000, 720, 10, 3, 1),
       (59391, 374, '50', 3, 77000000, 810, 10, 3, 1),
       (59392, 374, '51', 1, 42000000, 930, 11, 3, 1),
       (59393, 374, '52', 3, 75000000, 330, 11, 3, 1),
       (59394, 374, '53', 2, 73000000, 340, 11, 3, 1),
       (59395, 374, '54', 2, 51000000, 970, 11, 3, 1),
       (59396, 374, '55', 1, 50000000, 570, 11, 3, 1),
       (59397, 374, '56', 3, 83000000, 760, 12, 3, 1),
       (59398, 374, '57', 3, 62000000, 690, 12, 3, 1),
       (59399, 374, '58', 3, 75000000, 560, 12, 3, 1),
       (59400, 374, '59', 3, 77000000, 330, 12, 3, 1),
       (59401, 374, '60', 1, 87000000, 560, 12, 3, 1),
       (59402, 374, '61', 2, 76000000, 850, 13, 3, 1),
       (59403, 374, '62', 2, 68000000, 490, 13, 3, 1),
       (59404, 374, '63', 3, 59000000, 680, 13, 3, 1),
       (59405, 374, '64', 2, 86000000, 540, 13, 3, 1),
       (59406, 374, '65', 1, 62000000, 490, 13, 3, 1),
       (59407, 374, '66', 2, 76000000, 300, 14, 3, 1),
       (59408, 374, '67', 1, 89000000, 520, 14, 3, 1),
       (59409, 374, '68', 2, 49000000, 910, 14, 3, 1),
       (59410, 374, '69', 3, 79000000, 980, 14, 3, 1),
       (59411, 374, '70', 3, 60000000, 490, 14, 3, 1),
       (59412, 374, '71', 3, 57000000, 920, 15, 3, 1),
       (59413, 374, '72', 3, 47000000, 930, 15, 3, 1),
       (59414, 374, '73', 2, 59000000, 670, 15, 3, 1),
       (59415, 374, '74', 1, 90000000, 730, 15, 3, 1),
       (59416, 374, '75', 3, 40000000, 870, 15, 3, 1);
insert into real_estate_building (id, address, complex_id, floor_count, dev_id)
values (375, 'г. Москва, ул. Ленинградская, д. 15', 19, 10, 19);
insert into real_estate_object (id, building_id ,local_address, places, price, area, floor, type, estate_type)
values (59417, 375, '1', 2, 55000000, 750, 1, 3, 1),
       (59418, 375, '2', 3, 59000000, 970, 1, 3, 1),
       (59419, 375, '3', 3, 81000000, 660, 1, 3, 1),
       (59420, 375, '4', 3, 85000000, 990, 1, 3, 1),
       (59421, 375, '5', 1, 89000000, 970, 1, 3, 1),
       (59422, 375, '6', 2, 40000000, 510, 2, 3, 1),
       (59423, 375, '7', 3, 84000000, 560, 2, 3, 1),
       (59424, 375, '8', 3, 75000000, 350, 2, 3, 1),
       (59425, 375, '9', 2, 64000000, 450, 2, 3, 1),
       (59426, 375, '10', 2, 77000000, 860, 2, 3, 1),
       (59427, 375, '11', 1, 48000000, 810, 3, 3, 1),
       (59428, 375, '12', 1, 48000000, 340, 3, 3, 1),
       (59429, 375, '13', 2, 69000000, 310, 3, 3, 1),
       (59430, 375, '14', 2, 73000000, 400, 3, 3, 1),
       (59431, 375, '15', 1, 41000000, 660, 3, 3, 1),
       (59432, 375, '16', 2, 77000000, 350, 4, 3, 1),
       (59433, 375, '17', 2, 74000000, 770, 4, 3, 1),
       (59434, 375, '18', 2, 54000000, 1000, 4, 3, 1),
       (59435, 375, '19', 1, 82000000, 860, 4, 3, 1),
       (59436, 375, '20', 1, 58000000, 640, 4, 3, 1),
       (59437, 375, '21', 2, 72000000, 530, 5, 3, 1),
       (59438, 375, '22', 1, 76000000, 360, 5, 3, 1),
       (59439, 375, '23', 1, 51000000, 770, 5, 3, 1),
       (59440, 375, '24', 1, 86000000, 560, 5, 3, 1),
       (59441, 375, '25', 1, 72000000, 910, 5, 3, 1),
       (59442, 375, '26', 3, 84000000, 510, 6, 3, 1),
       (59443, 375, '27', 2, 46000000, 900, 6, 3, 1),
       (59444, 375, '28', 1, 83000000, 980, 6, 3, 1),
       (59445, 375, '29', 3, 80000000, 710, 6, 3, 1),
       (59446, 375, '30', 2, 72000000, 900, 6, 3, 1),
       (59447, 375, '31', 3, 83000000, 870, 7, 3, 1),
       (59448, 375, '32', 1, 89000000, 620, 7, 3, 1),
       (59449, 375, '33', 3, 67000000, 390, 7, 3, 1),
       (59450, 375, '34', 1, 90000000, 990, 7, 3, 1),
       (59451, 375, '35', 1, 46000000, 690, 7, 3, 1),
       (59452, 375, '36', 2, 43000000, 670, 8, 3, 1),
       (59453, 375, '37', 3, 72000000, 640, 8, 3, 1),
       (59454, 375, '38', 1, 86000000, 400, 8, 3, 1),
       (59455, 375, '39', 3, 81000000, 840, 8, 3, 1),
       (59456, 375, '40', 3, 66000000, 450, 8, 3, 1),
       (59457, 375, '41', 3, 57000000, 860, 9, 3, 1),
       (59458, 375, '42', 3, 61000000, 710, 9, 3, 1),
       (59459, 375, '43', 1, 79000000, 500, 9, 3, 1),
       (59460, 375, '44', 3, 60000000, 370, 9, 3, 1),
       (59461, 375, '45', 3, 85000000, 870, 9, 3, 1),
       (59462, 375, '46', 2, 76000000, 790, 10, 3, 1),
       (59463, 375, '47', 3, 69000000, 760, 10, 3, 1),
       (59464, 375, '48', 3, 77000000, 610, 10, 3, 1),
       (59465, 375, '49', 1, 53000000, 790, 10, 3, 1),
       (59466, 375, '50', 1, 86000000, 770, 10, 3, 1);
insert into real_estate_building (id, address, complex_id, floor_count, dev_id)
values (376, 'г. Москва, ул. Ленинградская, д. 16', 19, 18, 19);
insert into real_estate_object (id, building_id ,local_address, places, price, area, floor, type, estate_type)
values (59467, 376, '1', 3, 85000000, 620, 1, 3, 1),
       (59468, 376, '2', 3, 50000000, 830, 1, 3, 1),
       (59469, 376, '3', 1, 79000000, 410, 1, 3, 1),
       (59470, 376, '4', 3, 56000000, 1000, 1, 3, 1),
       (59471, 376, '5', 2, 50000000, 810, 1, 3, 1),
       (59472, 376, '6', 3, 47000000, 580, 2, 3, 1),
       (59473, 376, '7', 2, 57000000, 610, 2, 3, 1),
       (59474, 376, '8', 3, 42000000, 930, 2, 3, 1),
       (59475, 376, '9', 1, 80000000, 820, 2, 3, 1),
       (59476, 376, '10', 1, 56000000, 460, 2, 3, 1),
       (59477, 376, '11', 2, 78000000, 750, 3, 3, 1),
       (59478, 376, '12', 1, 61000000, 650, 3, 3, 1),
       (59479, 376, '13', 2, 71000000, 440, 3, 3, 1),
       (59480, 376, '14', 3, 66000000, 680, 3, 3, 1),
       (59481, 376, '15', 3, 72000000, 420, 3, 3, 1),
       (59482, 376, '16', 3, 51000000, 550, 4, 3, 1),
       (59483, 376, '17', 3, 53000000, 780, 4, 3, 1),
       (59484, 376, '18', 1, 57000000, 620, 4, 3, 1),
       (59485, 376, '19', 2, 74000000, 360, 4, 3, 1),
       (59486, 376, '20', 3, 50000000, 600, 4, 3, 1),
       (59487, 376, '21', 1, 62000000, 520, 5, 3, 1),
       (59488, 376, '22', 2, 60000000, 700, 5, 3, 1),
       (59489, 376, '23', 3, 80000000, 310, 5, 3, 1),
       (59490, 376, '24', 1, 50000000, 840, 5, 3, 1),
       (59491, 376, '25', 3, 70000000, 300, 5, 3, 1),
       (59492, 376, '26', 2, 67000000, 520, 6, 3, 1),
       (59493, 376, '27', 3, 64000000, 760, 6, 3, 1),
       (59494, 376, '28', 2, 53000000, 470, 6, 3, 1),
       (59495, 376, '29', 1, 86000000, 900, 6, 3, 1),
       (59496, 376, '30', 3, 79000000, 850, 6, 3, 1),
       (59497, 376, '31', 1, 71000000, 740, 7, 3, 1),
       (59498, 376, '32', 3, 42000000, 460, 7, 3, 1),
       (59499, 376, '33', 2, 47000000, 310, 7, 3, 1),
       (59500, 376, '34', 2, 66000000, 710, 7, 3, 1),
       (59501, 376, '35', 2, 79000000, 600, 7, 3, 1),
       (59502, 376, '36', 2, 66000000, 460, 8, 3, 1),
       (59503, 376, '37', 2, 70000000, 420, 8, 3, 1),
       (59504, 376, '38', 2, 76000000, 820, 8, 3, 1),
       (59505, 376, '39', 2, 53000000, 940, 8, 3, 1),
       (59506, 376, '40', 3, 45000000, 350, 8, 3, 1),
       (59507, 376, '41', 2, 59000000, 430, 9, 3, 1),
       (59508, 376, '42', 3, 49000000, 460, 9, 3, 1),
       (59509, 376, '43', 1, 67000000, 880, 9, 3, 1),
       (59510, 376, '44', 1, 52000000, 550, 9, 3, 1),
       (59511, 376, '45', 3, 72000000, 520, 9, 3, 1),
       (59512, 376, '46', 2, 53000000, 860, 10, 3, 1),
       (59513, 376, '47', 2, 57000000, 310, 10, 3, 1),
       (59514, 376, '48', 3, 75000000, 750, 10, 3, 1),
       (59515, 376, '49', 1, 74000000, 620, 10, 3, 1),
       (59516, 376, '50', 1, 57000000, 840, 10, 3, 1),
       (59517, 376, '51', 3, 65000000, 800, 11, 3, 1),
       (59518, 376, '52', 3, 78000000, 740, 11, 3, 1),
       (59519, 376, '53', 3, 79000000, 390, 11, 3, 1),
       (59520, 376, '54', 3, 60000000, 790, 11, 3, 1),
       (59521, 376, '55', 2, 40000000, 410, 11, 3, 1),
       (59522, 376, '56', 2, 79000000, 840, 12, 3, 1),
       (59523, 376, '57', 2, 45000000, 980, 12, 3, 1),
       (59524, 376, '58', 2, 49000000, 320, 12, 3, 1),
       (59525, 376, '59', 1, 62000000, 760, 12, 3, 1),
       (59526, 376, '60', 1, 71000000, 490, 12, 3, 1),
       (59527, 376, '61', 1, 71000000, 700, 13, 3, 1),
       (59528, 376, '62', 3, 79000000, 440, 13, 3, 1),
       (59529, 376, '63', 3, 51000000, 700, 13, 3, 1),
       (59530, 376, '64', 3, 40000000, 460, 13, 3, 1),
       (59531, 376, '65', 1, 89000000, 850, 13, 3, 1),
       (59532, 376, '66', 1, 45000000, 350, 14, 3, 1),
       (59533, 376, '67', 3, 56000000, 800, 14, 3, 1),
       (59534, 376, '68', 2, 56000000, 460, 14, 3, 1),
       (59535, 376, '69', 2, 43000000, 780, 14, 3, 1),
       (59536, 376, '70', 2, 58000000, 400, 14, 3, 1),
       (59537, 376, '71', 2, 87000000, 670, 15, 3, 1),
       (59538, 376, '72', 1, 90000000, 970, 15, 3, 1),
       (59539, 376, '73', 3, 45000000, 430, 15, 3, 1),
       (59540, 376, '74', 2, 86000000, 380, 15, 3, 1),
       (59541, 376, '75', 1, 76000000, 540, 15, 3, 1),
       (59542, 376, '76', 2, 53000000, 510, 16, 3, 1),
       (59543, 376, '77', 1, 80000000, 340, 16, 3, 1),
       (59544, 376, '78', 2, 67000000, 440, 16, 3, 1),
       (59545, 376, '79', 3, 62000000, 710, 16, 3, 1),
       (59546, 376, '80', 3, 77000000, 800, 16, 3, 1),
       (59547, 376, '81', 3, 82000000, 870, 17, 3, 1),
       (59548, 376, '82', 2, 55000000, 940, 17, 3, 1),
       (59549, 376, '83', 1, 76000000, 310, 17, 3, 1),
       (59550, 376, '84', 2, 54000000, 670, 17, 3, 1),
       (59551, 376, '85', 1, 88000000, 970, 17, 3, 1),
       (59552, 376, '86', 1, 85000000, 600, 18, 3, 1),
       (59553, 376, '87', 1, 45000000, 770, 18, 3, 1),
       (59554, 376, '88', 3, 64000000, 760, 18, 3, 1),
       (59555, 376, '89', 2, 47000000, 470, 18, 3, 1),
       (59556, 376, '90', 2, 71000000, 460, 18, 3, 1);
insert into real_estate_building (id, address, complex_id, floor_count, dev_id)
values (377, 'г. Москва, ул. Ленинградская, д. 17', 19, 20, 19);
insert into real_estate_object (id, building_id ,local_address, places, price, area, floor, type, estate_type)
values (59557, 377, '1', 2, 56000000, 950, 1, 3, 1),
       (59558, 377, '2', 3, 53000000, 710, 1, 3, 1),
       (59559, 377, '3', 3, 63000000, 900, 1, 3, 1),
       (59560, 377, '4', 3, 44000000, 320, 1, 3, 1),
       (59561, 377, '5', 1, 71000000, 800, 1, 3, 1),
       (59562, 377, '6', 1, 67000000, 300, 2, 3, 1),
       (59563, 377, '7', 2, 48000000, 430, 2, 3, 1),
       (59564, 377, '8', 3, 56000000, 320, 2, 3, 1),
       (59565, 377, '9', 2, 90000000, 670, 2, 3, 1),
       (59566, 377, '10', 2, 70000000, 580, 2, 3, 1),
       (59567, 377, '11', 3, 64000000, 370, 3, 3, 1),
       (59568, 377, '12', 3, 49000000, 590, 3, 3, 1),
       (59569, 377, '13', 3, 54000000, 640, 3, 3, 1),
       (59570, 377, '14', 2, 71000000, 300, 3, 3, 1),
       (59571, 377, '15', 1, 56000000, 650, 3, 3, 1),
       (59572, 377, '16', 1, 43000000, 760, 4, 3, 1),
       (59573, 377, '17', 3, 44000000, 620, 4, 3, 1),
       (59574, 377, '18', 3, 44000000, 840, 4, 3, 1),
       (59575, 377, '19', 1, 53000000, 840, 4, 3, 1),
       (59576, 377, '20', 1, 85000000, 420, 4, 3, 1),
       (59577, 377, '21', 2, 51000000, 390, 5, 3, 1),
       (59578, 377, '22', 1, 73000000, 410, 5, 3, 1),
       (59579, 377, '23', 2, 77000000, 790, 5, 3, 1),
       (59580, 377, '24', 3, 49000000, 780, 5, 3, 1),
       (59581, 377, '25', 1, 41000000, 440, 5, 3, 1),
       (59582, 377, '26', 3, 47000000, 690, 6, 3, 1),
       (59583, 377, '27', 2, 67000000, 580, 6, 3, 1),
       (59584, 377, '28', 3, 55000000, 600, 6, 3, 1),
       (59585, 377, '29', 3, 69000000, 910, 6, 3, 1),
       (59586, 377, '30', 3, 41000000, 600, 6, 3, 1),
       (59587, 377, '31', 3, 66000000, 870, 7, 3, 1),
       (59588, 377, '32', 1, 72000000, 470, 7, 3, 1),
       (59589, 377, '33', 2, 89000000, 660, 7, 3, 1),
       (59590, 377, '34', 1, 86000000, 920, 7, 3, 1),
       (59591, 377, '35', 3, 54000000, 820, 7, 3, 1),
       (59592, 377, '36', 1, 44000000, 990, 8, 3, 1),
       (59593, 377, '37', 2, 73000000, 740, 8, 3, 1),
       (59594, 377, '38', 2, 53000000, 570, 8, 3, 1),
       (59595, 377, '39', 3, 77000000, 680, 8, 3, 1),
       (59596, 377, '40', 3, 66000000, 700, 8, 3, 1),
       (59597, 377, '41', 2, 69000000, 710, 9, 3, 1),
       (59598, 377, '42', 1, 62000000, 380, 9, 3, 1),
       (59599, 377, '43', 1, 40000000, 830, 9, 3, 1),
       (59600, 377, '44', 2, 56000000, 910, 9, 3, 1),
       (59601, 377, '45', 1, 55000000, 520, 9, 3, 1),
       (59602, 377, '46', 3, 50000000, 990, 10, 3, 1),
       (59603, 377, '47', 1, 53000000, 520, 10, 3, 1),
       (59604, 377, '48', 2, 50000000, 490, 10, 3, 1),
       (59605, 377, '49', 2, 66000000, 680, 10, 3, 1),
       (59606, 377, '50', 1, 67000000, 570, 10, 3, 1),
       (59607, 377, '51', 2, 57000000, 940, 11, 3, 1),
       (59608, 377, '52', 3, 78000000, 940, 11, 3, 1),
       (59609, 377, '53', 2, 66000000, 380, 11, 3, 1),
       (59610, 377, '54', 1, 70000000, 470, 11, 3, 1),
       (59611, 377, '55', 3, 79000000, 950, 11, 3, 1),
       (59612, 377, '56', 2, 61000000, 920, 12, 3, 1),
       (59613, 377, '57', 3, 53000000, 490, 12, 3, 1),
       (59614, 377, '58', 1, 66000000, 440, 12, 3, 1),
       (59615, 377, '59', 3, 41000000, 360, 12, 3, 1),
       (59616, 377, '60', 1, 48000000, 950, 12, 3, 1),
       (59617, 377, '61', 2, 68000000, 890, 13, 3, 1),
       (59618, 377, '62', 1, 66000000, 780, 13, 3, 1),
       (59619, 377, '63', 3, 67000000, 920, 13, 3, 1),
       (59620, 377, '64', 2, 47000000, 320, 13, 3, 1),
       (59621, 377, '65', 2, 87000000, 580, 13, 3, 1),
       (59622, 377, '66', 2, 66000000, 460, 14, 3, 1),
       (59623, 377, '67', 2, 89000000, 860, 14, 3, 1),
       (59624, 377, '68', 1, 86000000, 520, 14, 3, 1),
       (59625, 377, '69', 1, 50000000, 710, 14, 3, 1),
       (59626, 377, '70', 1, 47000000, 560, 14, 3, 1),
       (59627, 377, '71', 1, 72000000, 850, 15, 3, 1),
       (59628, 377, '72', 3, 67000000, 500, 15, 3, 1),
       (59629, 377, '73', 2, 54000000, 620, 15, 3, 1),
       (59630, 377, '74', 3, 86000000, 730, 15, 3, 1),
       (59631, 377, '75', 2, 52000000, 640, 15, 3, 1),
       (59632, 377, '76', 3, 40000000, 620, 16, 3, 1),
       (59633, 377, '77', 2, 56000000, 300, 16, 3, 1),
       (59634, 377, '78', 3, 45000000, 550, 16, 3, 1),
       (59635, 377, '79', 2, 42000000, 700, 16, 3, 1),
       (59636, 377, '80', 1, 65000000, 610, 16, 3, 1),
       (59637, 377, '81', 2, 55000000, 900, 17, 3, 1),
       (59638, 377, '82', 1, 67000000, 540, 17, 3, 1),
       (59639, 377, '83', 3, 42000000, 890, 17, 3, 1),
       (59640, 377, '84', 2, 87000000, 770, 17, 3, 1),
       (59641, 377, '85', 2, 53000000, 680, 17, 3, 1),
       (59642, 377, '86', 3, 66000000, 960, 18, 3, 1),
       (59643, 377, '87', 1, 89000000, 430, 18, 3, 1),
       (59644, 377, '88', 2, 73000000, 660, 18, 3, 1),
       (59645, 377, '89', 1, 56000000, 700, 18, 3, 1),
       (59646, 377, '90', 1, 79000000, 940, 18, 3, 1),
       (59647, 377, '91', 1, 79000000, 410, 19, 3, 1),
       (59648, 377, '92', 1, 85000000, 720, 19, 3, 1),
       (59649, 377, '93', 2, 79000000, 370, 19, 3, 1),
       (59650, 377, '94', 1, 62000000, 730, 19, 3, 1),
       (59651, 377, '95', 3, 42000000, 700, 19, 3, 1),
       (59652, 377, '96', 3, 46000000, 730, 20, 3, 1),
       (59653, 377, '97', 2, 70000000, 410, 20, 3, 1),
       (59654, 377, '98', 3, 83000000, 950, 20, 3, 1),
       (59655, 377, '99', 2, 86000000, 310, 20, 3, 1),
       (59656, 377, '100', 2, 89000000, 990, 20, 3, 1);
insert into real_estate_building (id, address, complex_id, floor_count, dev_id)
values (378, 'г. Москва, ул. Ленинградская, д. 18', 19, 12, 19);
insert into real_estate_object (id, building_id ,local_address, places, price, area, floor, type, estate_type)
values (59657, 378, '1', 2, 81000000, 410, 1, 3, 1),
       (59658, 378, '2', 1, 50000000, 830, 1, 3, 1),
       (59659, 378, '3', 3, 54000000, 940, 1, 3, 1),
       (59660, 378, '4', 1, 66000000, 950, 1, 3, 1),
       (59661, 378, '5', 1, 81000000, 730, 1, 3, 1),
       (59662, 378, '6', 1, 84000000, 920, 2, 3, 1),
       (59663, 378, '7', 3, 76000000, 610, 2, 3, 1),
       (59664, 378, '8', 1, 68000000, 680, 2, 3, 1),
       (59665, 378, '9', 3, 70000000, 370, 2, 3, 1),
       (59666, 378, '10', 1, 53000000, 650, 2, 3, 1),
       (59667, 378, '11', 1, 47000000, 580, 3, 3, 1),
       (59668, 378, '12', 2, 57000000, 750, 3, 3, 1),
       (59669, 378, '13', 3, 88000000, 420, 3, 3, 1),
       (59670, 378, '14', 1, 59000000, 490, 3, 3, 1),
       (59671, 378, '15', 2, 40000000, 860, 3, 3, 1),
       (59672, 378, '16', 3, 84000000, 350, 4, 3, 1),
       (59673, 378, '17', 3, 65000000, 750, 4, 3, 1),
       (59674, 378, '18', 1, 55000000, 690, 4, 3, 1),
       (59675, 378, '19', 2, 45000000, 890, 4, 3, 1),
       (59676, 378, '20', 3, 65000000, 630, 4, 3, 1),
       (59677, 378, '21', 2, 79000000, 310, 5, 3, 1),
       (59678, 378, '22', 1, 68000000, 610, 5, 3, 1),
       (59679, 378, '23', 1, 58000000, 920, 5, 3, 1),
       (59680, 378, '24', 1, 46000000, 580, 5, 3, 1),
       (59681, 378, '25', 1, 85000000, 610, 5, 3, 1),
       (59682, 378, '26', 2, 46000000, 900, 6, 3, 1),
       (59683, 378, '27', 3, 78000000, 560, 6, 3, 1),
       (59684, 378, '28', 2, 63000000, 800, 6, 3, 1),
       (59685, 378, '29', 3, 83000000, 840, 6, 3, 1),
       (59686, 378, '30', 1, 86000000, 640, 6, 3, 1),
       (59687, 378, '31', 3, 87000000, 620, 7, 3, 1),
       (59688, 378, '32', 1, 61000000, 770, 7, 3, 1),
       (59689, 378, '33', 2, 41000000, 310, 7, 3, 1),
       (59690, 378, '34', 1, 44000000, 1000, 7, 3, 1),
       (59691, 378, '35', 1, 65000000, 880, 7, 3, 1),
       (59692, 378, '36', 1, 89000000, 360, 8, 3, 1),
       (59693, 378, '37', 2, 53000000, 620, 8, 3, 1),
       (59694, 378, '38', 1, 41000000, 370, 8, 3, 1),
       (59695, 378, '39', 1, 43000000, 490, 8, 3, 1),
       (59696, 378, '40', 3, 71000000, 350, 8, 3, 1),
       (59697, 378, '41', 3, 85000000, 500, 9, 3, 1),
       (59698, 378, '42', 3, 76000000, 910, 9, 3, 1),
       (59699, 378, '43', 2, 85000000, 540, 9, 3, 1),
       (59700, 378, '44', 3, 57000000, 490, 9, 3, 1),
       (59701, 378, '45', 2, 82000000, 450, 9, 3, 1),
       (59702, 378, '46', 1, 53000000, 680, 10, 3, 1),
       (59703, 378, '47', 2, 54000000, 930, 10, 3, 1),
       (59704, 378, '48', 3, 76000000, 880, 10, 3, 1),
       (59705, 378, '49', 3, 78000000, 950, 10, 3, 1),
       (59706, 378, '50', 1, 61000000, 560, 10, 3, 1),
       (59707, 378, '51', 2, 59000000, 910, 11, 3, 1),
       (59708, 378, '52', 1, 63000000, 910, 11, 3, 1),
       (59709, 378, '53', 1, 47000000, 410, 11, 3, 1),
       (59710, 378, '54', 3, 45000000, 470, 11, 3, 1),
       (59711, 378, '55', 3, 73000000, 730, 11, 3, 1),
       (59712, 378, '56', 1, 49000000, 800, 12, 3, 1),
       (59713, 378, '57', 2, 80000000, 920, 12, 3, 1),
       (59714, 378, '58', 1, 68000000, 820, 12, 3, 1),
       (59715, 378, '59', 3, 83000000, 330, 12, 3, 1),
       (59716, 378, '60', 3, 61000000, 970, 12, 3, 1);
insert into real_estate_building (id, address, complex_id, floor_count, dev_id)
values (379, 'г. Москва, ул. Ленинградская, д. 19', 19, 15, 19);
insert into real_estate_object (id, building_id ,local_address, places, price, area, floor, type, estate_type)
values (59717, 379, '1', 3, 51000000, 400, 1, 3, 1),
       (59718, 379, '2', 3, 87000000, 430, 1, 3, 1),
       (59719, 379, '3', 1, 51000000, 740, 1, 3, 1),
       (59720, 379, '4', 2, 51000000, 770, 1, 3, 1),
       (59721, 379, '5', 2, 60000000, 660, 1, 3, 1),
       (59722, 379, '6', 2, 73000000, 850, 2, 3, 1),
       (59723, 379, '7', 3, 54000000, 610, 2, 3, 1),
       (59724, 379, '8', 2, 54000000, 430, 2, 3, 1),
       (59725, 379, '9', 3, 89000000, 470, 2, 3, 1),
       (59726, 379, '10', 2, 55000000, 810, 2, 3, 1),
       (59727, 379, '11', 3, 54000000, 710, 3, 3, 1),
       (59728, 379, '12', 2, 77000000, 630, 3, 3, 1),
       (59729, 379, '13', 1, 74000000, 720, 3, 3, 1),
       (59730, 379, '14', 3, 81000000, 880, 3, 3, 1),
       (59731, 379, '15', 3, 77000000, 390, 3, 3, 1),
       (59732, 379, '16', 2, 58000000, 900, 4, 3, 1),
       (59733, 379, '17', 1, 44000000, 340, 4, 3, 1),
       (59734, 379, '18', 1, 56000000, 670, 4, 3, 1),
       (59735, 379, '19', 2, 69000000, 980, 4, 3, 1),
       (59736, 379, '20', 2, 57000000, 640, 4, 3, 1),
       (59737, 379, '21', 3, 64000000, 490, 5, 3, 1),
       (59738, 379, '22', 1, 84000000, 330, 5, 3, 1),
       (59739, 379, '23', 2, 57000000, 670, 5, 3, 1),
       (59740, 379, '24', 1, 63000000, 640, 5, 3, 1),
       (59741, 379, '25', 3, 54000000, 770, 5, 3, 1),
       (59742, 379, '26', 2, 64000000, 620, 6, 3, 1),
       (59743, 379, '27', 3, 90000000, 680, 6, 3, 1),
       (59744, 379, '28', 3, 45000000, 580, 6, 3, 1),
       (59745, 379, '29', 3, 62000000, 430, 6, 3, 1),
       (59746, 379, '30', 2, 83000000, 990, 6, 3, 1),
       (59747, 379, '31', 1, 86000000, 740, 7, 3, 1),
       (59748, 379, '32', 3, 73000000, 510, 7, 3, 1),
       (59749, 379, '33', 1, 75000000, 470, 7, 3, 1),
       (59750, 379, '34', 3, 63000000, 380, 7, 3, 1),
       (59751, 379, '35', 3, 83000000, 790, 7, 3, 1),
       (59752, 379, '36', 3, 60000000, 470, 8, 3, 1),
       (59753, 379, '37', 2, 74000000, 910, 8, 3, 1),
       (59754, 379, '38', 2, 64000000, 550, 8, 3, 1),
       (59755, 379, '39', 2, 69000000, 560, 8, 3, 1),
       (59756, 379, '40', 1, 46000000, 930, 8, 3, 1),
       (59757, 379, '41', 3, 65000000, 830, 9, 3, 1),
       (59758, 379, '42', 1, 81000000, 710, 9, 3, 1),
       (59759, 379, '43', 2, 76000000, 540, 9, 3, 1),
       (59760, 379, '44', 2, 42000000, 400, 9, 3, 1),
       (59761, 379, '45', 3, 61000000, 500, 9, 3, 1),
       (59762, 379, '46', 2, 49000000, 550, 10, 3, 1),
       (59763, 379, '47', 3, 89000000, 990, 10, 3, 1),
       (59764, 379, '48', 3, 49000000, 880, 10, 3, 1),
       (59765, 379, '49', 1, 51000000, 590, 10, 3, 1),
       (59766, 379, '50', 3, 51000000, 560, 10, 3, 1),
       (59767, 379, '51', 2, 44000000, 520, 11, 3, 1),
       (59768, 379, '52', 1, 78000000, 860, 11, 3, 1),
       (59769, 379, '53', 2, 46000000, 590, 11, 3, 1),
       (59770, 379, '54', 2, 61000000, 300, 11, 3, 1),
       (59771, 379, '55', 1, 58000000, 640, 11, 3, 1),
       (59772, 379, '56', 3, 68000000, 780, 12, 3, 1),
       (59773, 379, '57', 2, 82000000, 620, 12, 3, 1),
       (59774, 379, '58', 3, 48000000, 850, 12, 3, 1),
       (59775, 379, '59', 2, 79000000, 650, 12, 3, 1),
       (59776, 379, '60', 3, 78000000, 940, 12, 3, 1),
       (59777, 379, '61', 2, 82000000, 530, 13, 3, 1),
       (59778, 379, '62', 1, 79000000, 510, 13, 3, 1),
       (59779, 379, '63', 3, 53000000, 620, 13, 3, 1),
       (59780, 379, '64', 2, 48000000, 450, 13, 3, 1),
       (59781, 379, '65', 1, 68000000, 980, 13, 3, 1),
       (59782, 379, '66', 1, 54000000, 860, 14, 3, 1),
       (59783, 379, '67', 1, 66000000, 980, 14, 3, 1),
       (59784, 379, '68', 1, 44000000, 500, 14, 3, 1),
       (59785, 379, '69', 3, 72000000, 750, 14, 3, 1),
       (59786, 379, '70', 3, 57000000, 470, 14, 3, 1),
       (59787, 379, '71', 1, 40000000, 830, 15, 3, 1),
       (59788, 379, '72', 2, 42000000, 850, 15, 3, 1),
       (59789, 379, '73', 1, 49000000, 750, 15, 3, 1),
       (59790, 379, '74', 3, 86000000, 900, 15, 3, 1),
       (59791, 379, '75', 3, 83000000, 580, 15, 3, 1);
insert into real_estate_building (id, address, complex_id, floor_count, dev_id)
values (380, 'г. Москва, ул. Ленинградская, д. 20', 19, 14, 19);
insert into real_estate_object (id, building_id ,local_address, places, price, area, floor, type, estate_type)
values (59792, 380, '1', 2, 65000000, 930, 1, 3, 1),
       (59793, 380, '2', 2, 46000000, 900, 1, 3, 1),
       (59794, 380, '3', 2, 72000000, 750, 1, 3, 1),
       (59795, 380, '4', 1, 44000000, 730, 1, 3, 1),
       (59796, 380, '5', 3, 61000000, 690, 1, 3, 1),
       (59797, 380, '6', 3, 69000000, 810, 2, 3, 1),
       (59798, 380, '7', 3, 50000000, 780, 2, 3, 1),
       (59799, 380, '8', 3, 42000000, 800, 2, 3, 1),
       (59800, 380, '9', 1, 76000000, 500, 2, 3, 1),
       (59801, 380, '10', 1, 73000000, 320, 2, 3, 1),
       (59802, 380, '11', 3, 59000000, 630, 3, 3, 1),
       (59803, 380, '12', 2, 52000000, 770, 3, 3, 1),
       (59804, 380, '13', 2, 69000000, 790, 3, 3, 1),
       (59805, 380, '14', 2, 57000000, 710, 3, 3, 1),
       (59806, 380, '15', 2, 41000000, 540, 3, 3, 1),
       (59807, 380, '16', 3, 88000000, 770, 4, 3, 1),
       (59808, 380, '17', 2, 70000000, 1000, 4, 3, 1),
       (59809, 380, '18', 2, 40000000, 450, 4, 3, 1),
       (59810, 380, '19', 1, 69000000, 440, 4, 3, 1),
       (59811, 380, '20', 2, 88000000, 420, 4, 3, 1),
       (59812, 380, '21', 1, 87000000, 820, 5, 3, 1),
       (59813, 380, '22', 3, 79000000, 850, 5, 3, 1),
       (59814, 380, '23', 1, 67000000, 400, 5, 3, 1),
       (59815, 380, '24', 2, 83000000, 670, 5, 3, 1),
       (59816, 380, '25', 3, 76000000, 760, 5, 3, 1),
       (59817, 380, '26', 2, 90000000, 740, 6, 3, 1),
       (59818, 380, '27', 3, 70000000, 390, 6, 3, 1),
       (59819, 380, '28', 3, 59000000, 770, 6, 3, 1),
       (59820, 380, '29', 1, 89000000, 310, 6, 3, 1),
       (59821, 380, '30', 1, 85000000, 540, 6, 3, 1),
       (59822, 380, '31', 2, 54000000, 740, 7, 3, 1),
       (59823, 380, '32', 1, 87000000, 510, 7, 3, 1),
       (59824, 380, '33', 3, 53000000, 850, 7, 3, 1),
       (59825, 380, '34', 1, 59000000, 840, 7, 3, 1),
       (59826, 380, '35', 2, 84000000, 330, 7, 3, 1),
       (59827, 380, '36', 1, 82000000, 330, 8, 3, 1),
       (59828, 380, '37', 3, 70000000, 1000, 8, 3, 1),
       (59829, 380, '38', 2, 49000000, 780, 8, 3, 1),
       (59830, 380, '39', 3, 64000000, 590, 8, 3, 1),
       (59831, 380, '40', 2, 43000000, 660, 8, 3, 1),
       (59832, 380, '41', 1, 83000000, 460, 9, 3, 1),
       (59833, 380, '42', 3, 48000000, 430, 9, 3, 1),
       (59834, 380, '43', 3, 56000000, 600, 9, 3, 1),
       (59835, 380, '44', 2, 63000000, 820, 9, 3, 1),
       (59836, 380, '45', 1, 57000000, 460, 9, 3, 1),
       (59837, 380, '46', 3, 49000000, 820, 10, 3, 1),
       (59838, 380, '47', 1, 44000000, 420, 10, 3, 1),
       (59839, 380, '48', 2, 64000000, 880, 10, 3, 1),
       (59840, 380, '49', 1, 78000000, 300, 10, 3, 1),
       (59841, 380, '50', 3, 77000000, 510, 10, 3, 1),
       (59842, 380, '51', 1, 46000000, 800, 11, 3, 1),
       (59843, 380, '52', 3, 73000000, 540, 11, 3, 1),
       (59844, 380, '53', 1, 44000000, 800, 11, 3, 1),
       (59845, 380, '54', 3, 56000000, 740, 11, 3, 1),
       (59846, 380, '55', 3, 46000000, 520, 11, 3, 1),
       (59847, 380, '56', 3, 79000000, 440, 12, 3, 1),
       (59848, 380, '57', 2, 74000000, 770, 12, 3, 1),
       (59849, 380, '58', 3, 83000000, 560, 12, 3, 1),
       (59850, 380, '59', 2, 57000000, 430, 12, 3, 1),
       (59851, 380, '60', 3, 86000000, 390, 12, 3, 1),
       (59852, 380, '61', 2, 51000000, 330, 13, 3, 1),
       (59853, 380, '62', 2, 90000000, 530, 13, 3, 1),
       (59854, 380, '63', 3, 50000000, 760, 13, 3, 1),
       (59855, 380, '64', 3, 83000000, 610, 13, 3, 1),
       (59856, 380, '65', 2, 90000000, 900, 13, 3, 1),
       (59857, 380, '66', 2, 74000000, 830, 14, 3, 1),
       (59858, 380, '67', 2, 57000000, 830, 14, 3, 1),
       (59859, 380, '68', 2, 68000000, 700, 14, 3, 1),
       (59860, 380, '69', 1, 54000000, 810, 14, 3, 1),
       (59861, 380, '70', 3, 48000000, 310, 14, 3, 1);
insert into real_estate_building (id, address, complex_id, floor_count, dev_id)
values (381, 'г. Москва, ул. Ленинградская, д. 21', 19, 13, 19);
insert into real_estate_object (id, building_id ,local_address, places, price, area, floor, type, estate_type)
values (59862, 381, '1', 1, 73000000, 590, 1, 3, 1),
       (59863, 381, '2', 1, 84000000, 540, 1, 3, 1),
       (59864, 381, '3', 2, 68000000, 380, 1, 3, 1),
       (59865, 381, '4', 3, 80000000, 310, 1, 3, 1),
       (59866, 381, '5', 1, 67000000, 660, 1, 3, 1),
       (59867, 381, '6', 2, 47000000, 950, 2, 3, 1),
       (59868, 381, '7', 1, 59000000, 880, 2, 3, 1),
       (59869, 381, '8', 2, 55000000, 700, 2, 3, 1),
       (59870, 381, '9', 2, 40000000, 550, 2, 3, 1),
       (59871, 381, '10', 3, 79000000, 620, 2, 3, 1),
       (59872, 381, '11', 3, 53000000, 900, 3, 3, 1),
       (59873, 381, '12', 2, 83000000, 700, 3, 3, 1),
       (59874, 381, '13', 3, 45000000, 940, 3, 3, 1),
       (59875, 381, '14', 1, 50000000, 640, 3, 3, 1),
       (59876, 381, '15', 3, 67000000, 410, 3, 3, 1),
       (59877, 381, '16', 1, 48000000, 300, 4, 3, 1),
       (59878, 381, '17', 3, 80000000, 700, 4, 3, 1),
       (59879, 381, '18', 3, 81000000, 960, 4, 3, 1),
       (59880, 381, '19', 3, 65000000, 630, 4, 3, 1),
       (59881, 381, '20', 3, 69000000, 730, 4, 3, 1),
       (59882, 381, '21', 2, 45000000, 950, 5, 3, 1),
       (59883, 381, '22', 1, 42000000, 900, 5, 3, 1),
       (59884, 381, '23', 2, 88000000, 430, 5, 3, 1),
       (59885, 381, '24', 3, 73000000, 360, 5, 3, 1),
       (59886, 381, '25', 1, 88000000, 1000, 5, 3, 1),
       (59887, 381, '26', 3, 68000000, 390, 6, 3, 1),
       (59888, 381, '27', 1, 63000000, 950, 6, 3, 1),
       (59889, 381, '28', 2, 75000000, 340, 6, 3, 1),
       (59890, 381, '29', 3, 62000000, 600, 6, 3, 1),
       (59891, 381, '30', 1, 48000000, 800, 6, 3, 1),
       (59892, 381, '31', 3, 51000000, 970, 7, 3, 1),
       (59893, 381, '32', 3, 65000000, 680, 7, 3, 1),
       (59894, 381, '33', 1, 50000000, 890, 7, 3, 1),
       (59895, 381, '34', 2, 46000000, 560, 7, 3, 1),
       (59896, 381, '35', 2, 72000000, 870, 7, 3, 1),
       (59897, 381, '36', 3, 73000000, 820, 8, 3, 1),
       (59898, 381, '37', 2, 89000000, 880, 8, 3, 1),
       (59899, 381, '38', 3, 74000000, 350, 8, 3, 1),
       (59900, 381, '39', 2, 76000000, 450, 8, 3, 1),
       (59901, 381, '40', 3, 80000000, 930, 8, 3, 1),
       (59902, 381, '41', 3, 59000000, 910, 9, 3, 1),
       (59903, 381, '42', 1, 45000000, 600, 9, 3, 1),
       (59904, 381, '43', 1, 76000000, 350, 9, 3, 1),
       (59905, 381, '44', 2, 45000000, 640, 9, 3, 1),
       (59906, 381, '45', 2, 73000000, 470, 9, 3, 1),
       (59907, 381, '46', 3, 41000000, 450, 10, 3, 1),
       (59908, 381, '47', 2, 45000000, 700, 10, 3, 1),
       (59909, 381, '48', 1, 90000000, 960, 10, 3, 1),
       (59910, 381, '49', 3, 43000000, 530, 10, 3, 1),
       (59911, 381, '50', 1, 67000000, 490, 10, 3, 1),
       (59912, 381, '51', 2, 53000000, 630, 11, 3, 1),
       (59913, 381, '52', 3, 65000000, 330, 11, 3, 1),
       (59914, 381, '53', 2, 51000000, 660, 11, 3, 1),
       (59915, 381, '54', 2, 85000000, 400, 11, 3, 1),
       (59916, 381, '55', 1, 52000000, 430, 11, 3, 1),
       (59917, 381, '56', 3, 46000000, 520, 12, 3, 1),
       (59918, 381, '57', 1, 47000000, 980, 12, 3, 1),
       (59919, 381, '58', 2, 44000000, 830, 12, 3, 1),
       (59920, 381, '59', 1, 60000000, 340, 12, 3, 1),
       (59921, 381, '60', 1, 79000000, 370, 12, 3, 1),
       (59922, 381, '61', 2, 50000000, 940, 13, 3, 1),
       (59923, 381, '62', 3, 87000000, 340, 13, 3, 1),
       (59924, 381, '63', 1, 84000000, 910, 13, 3, 1),
       (59925, 381, '64', 1, 50000000, 900, 13, 3, 1),
       (59926, 381, '65', 1, 77000000, 930, 13, 3, 1);
insert into real_estate_building (id, address, complex_id, floor_count, dev_id)
values (382, 'г. Москва, ул. Ленинградская, д. 22', 19, 20, 19);
insert into real_estate_object (id, building_id ,local_address, places, price, area, floor, type, estate_type)
values (59927, 382, '1', 1, 46000000, 490, 1, 3, 1),
       (59928, 382, '2', 2, 65000000, 570, 1, 3, 1),
       (59929, 382, '3', 1, 61000000, 480, 1, 3, 1),
       (59930, 382, '4', 3, 40000000, 330, 1, 3, 1),
       (59931, 382, '5', 1, 56000000, 450, 1, 3, 1),
       (59932, 382, '6', 2, 78000000, 740, 2, 3, 1),
       (59933, 382, '7', 1, 83000000, 330, 2, 3, 1),
       (59934, 382, '8', 2, 69000000, 950, 2, 3, 1),
       (59935, 382, '9', 3, 80000000, 620, 2, 3, 1),
       (59936, 382, '10', 2, 85000000, 300, 2, 3, 1),
       (59937, 382, '11', 2, 70000000, 550, 3, 3, 1),
       (59938, 382, '12', 3, 79000000, 490, 3, 3, 1),
       (59939, 382, '13', 1, 73000000, 580, 3, 3, 1),
       (59940, 382, '14', 3, 89000000, 800, 3, 3, 1),
       (59941, 382, '15', 2, 51000000, 860, 3, 3, 1),
       (59942, 382, '16', 3, 54000000, 870, 4, 3, 1),
       (59943, 382, '17', 3, 44000000, 960, 4, 3, 1),
       (59944, 382, '18', 2, 61000000, 670, 4, 3, 1),
       (59945, 382, '19', 3, 43000000, 690, 4, 3, 1),
       (59946, 382, '20', 2, 55000000, 400, 4, 3, 1),
       (59947, 382, '21', 3, 47000000, 660, 5, 3, 1),
       (59948, 382, '22', 1, 87000000, 970, 5, 3, 1),
       (59949, 382, '23', 2, 79000000, 910, 5, 3, 1),
       (59950, 382, '24', 2, 50000000, 610, 5, 3, 1),
       (59951, 382, '25', 3, 56000000, 690, 5, 3, 1),
       (59952, 382, '26', 1, 63000000, 340, 6, 3, 1),
       (59953, 382, '27', 2, 89000000, 630, 6, 3, 1),
       (59954, 382, '28', 2, 71000000, 1000, 6, 3, 1),
       (59955, 382, '29', 2, 87000000, 310, 6, 3, 1),
       (59956, 382, '30', 3, 68000000, 940, 6, 3, 1),
       (59957, 382, '31', 2, 71000000, 560, 7, 3, 1),
       (59958, 382, '32', 1, 66000000, 700, 7, 3, 1),
       (59959, 382, '33', 1, 61000000, 490, 7, 3, 1),
       (59960, 382, '34', 3, 87000000, 840, 7, 3, 1),
       (59961, 382, '35', 3, 50000000, 340, 7, 3, 1),
       (59962, 382, '36', 2, 77000000, 300, 8, 3, 1),
       (59963, 382, '37', 2, 68000000, 720, 8, 3, 1),
       (59964, 382, '38', 3, 67000000, 590, 8, 3, 1),
       (59965, 382, '39', 1, 65000000, 770, 8, 3, 1),
       (59966, 382, '40', 2, 81000000, 690, 8, 3, 1),
       (59967, 382, '41', 1, 80000000, 570, 9, 3, 1),
       (59968, 382, '42', 1, 81000000, 910, 9, 3, 1),
       (59969, 382, '43', 3, 64000000, 480, 9, 3, 1),
       (59970, 382, '44', 2, 53000000, 460, 9, 3, 1),
       (59971, 382, '45', 3, 59000000, 450, 9, 3, 1),
       (59972, 382, '46', 2, 49000000, 810, 10, 3, 1),
       (59973, 382, '47', 1, 60000000, 870, 10, 3, 1),
       (59974, 382, '48', 2, 50000000, 340, 10, 3, 1),
       (59975, 382, '49', 2, 83000000, 300, 10, 3, 1),
       (59976, 382, '50', 1, 55000000, 990, 10, 3, 1),
       (59977, 382, '51', 3, 49000000, 520, 11, 3, 1),
       (59978, 382, '52', 2, 71000000, 810, 11, 3, 1),
       (59979, 382, '53', 1, 70000000, 590, 11, 3, 1),
       (59980, 382, '54', 3, 56000000, 650, 11, 3, 1),
       (59981, 382, '55', 2, 41000000, 670, 11, 3, 1),
       (59982, 382, '56', 2, 89000000, 930, 12, 3, 1),
       (59983, 382, '57', 1, 88000000, 990, 12, 3, 1),
       (59984, 382, '58', 2, 46000000, 590, 12, 3, 1),
       (59985, 382, '59', 3, 61000000, 960, 12, 3, 1),
       (59986, 382, '60', 3, 70000000, 660, 12, 3, 1),
       (59987, 382, '61', 3, 69000000, 390, 13, 3, 1),
       (59988, 382, '62', 1, 61000000, 330, 13, 3, 1),
       (59989, 382, '63', 3, 58000000, 790, 13, 3, 1),
       (59990, 382, '64', 3, 64000000, 480, 13, 3, 1),
       (59991, 382, '65', 2, 65000000, 990, 13, 3, 1),
       (59992, 382, '66', 2, 64000000, 490, 14, 3, 1),
       (59993, 382, '67', 1, 57000000, 630, 14, 3, 1),
       (59994, 382, '68', 2, 58000000, 540, 14, 3, 1),
       (59995, 382, '69', 3, 85000000, 990, 14, 3, 1),
       (59996, 382, '70', 1, 61000000, 670, 14, 3, 1),
       (59997, 382, '71', 3, 40000000, 470, 15, 3, 1),
       (59998, 382, '72', 2, 61000000, 540, 15, 3, 1),
       (59999, 382, '73', 1, 59000000, 830, 15, 3, 1),
       (60000, 382, '74', 1, 70000000, 820, 15, 3, 1),
       (60001, 382, '75', 3, 83000000, 800, 15, 3, 1),
       (60002, 382, '76', 3, 47000000, 640, 16, 3, 1),
       (60003, 382, '77', 1, 76000000, 570, 16, 3, 1),
       (60004, 382, '78', 1, 48000000, 740, 16, 3, 1),
       (60005, 382, '79', 1, 66000000, 870, 16, 3, 1),
       (60006, 382, '80', 3, 77000000, 720, 16, 3, 1),
       (60007, 382, '81', 3, 75000000, 330, 17, 3, 1),
       (60008, 382, '82', 1, 51000000, 860, 17, 3, 1),
       (60009, 382, '83', 1, 70000000, 1000, 17, 3, 1),
       (60010, 382, '84', 1, 40000000, 340, 17, 3, 1),
       (60011, 382, '85', 2, 54000000, 490, 17, 3, 1),
       (60012, 382, '86', 1, 56000000, 840, 18, 3, 1),
       (60013, 382, '87', 1, 85000000, 420, 18, 3, 1),
       (60014, 382, '88', 3, 84000000, 780, 18, 3, 1),
       (60015, 382, '89', 2, 54000000, 960, 18, 3, 1),
       (60016, 382, '90', 3, 60000000, 720, 18, 3, 1),
       (60017, 382, '91', 2, 40000000, 540, 19, 3, 1),
       (60018, 382, '92', 3, 87000000, 960, 19, 3, 1),
       (60019, 382, '93', 1, 45000000, 970, 19, 3, 1),
       (60020, 382, '94', 3, 66000000, 980, 19, 3, 1),
       (60021, 382, '95', 3, 82000000, 920, 19, 3, 1),
       (60022, 382, '96', 3, 86000000, 850, 20, 3, 1),
       (60023, 382, '97', 2, 82000000, 880, 20, 3, 1),
       (60024, 382, '98', 1, 68000000, 910, 20, 3, 1),
       (60025, 382, '99', 2, 90000000, 580, 20, 3, 1),
       (60026, 382, '100', 2, 62000000, 370, 20, 3, 1);
insert into real_estate_building (id, address, complex_id, floor_count, dev_id)
values (383, 'г. Москва, ул. Вяземская, д. 13', 20, 10, 20);
insert into real_estate_object (id, building_id ,local_address, places, price, area, floor, type, estate_type)
values (60027, 383, '1', 3, 68000000, 660, 1, 3, 1),
       (60028, 383, '2', 3, 89000000, 560, 1, 3, 1),
       (60029, 383, '3', 3, 96000000, 580, 1, 3, 1),
       (60030, 383, '4', 3, 75000000, 790, 1, 3, 1),
       (60031, 383, '5', 3, 69000000, 830, 1, 3, 1),
       (60032, 383, '6', 2, 124000000, 460, 2, 3, 1),
       (60033, 383, '7', 2, 51000000, 830, 2, 3, 1),
       (60034, 383, '8', 2, 72000000, 730, 2, 3, 1),
       (60035, 383, '9', 3, 86000000, 660, 2, 3, 1),
       (60036, 383, '10', 3, 63000000, 390, 2, 3, 1),
       (60037, 383, '11', 2, 79000000, 400, 3, 3, 1),
       (60038, 383, '12', 2, 53000000, 340, 3, 3, 1),
       (60039, 383, '13', 1, 72000000, 730, 3, 3, 1),
       (60040, 383, '14', 3, 103000000, 640, 3, 3, 1),
       (60041, 383, '15', 2, 69000000, 540, 3, 3, 1),
       (60042, 383, '16', 1, 120000000, 590, 4, 3, 1),
       (60043, 383, '17', 1, 90000000, 1000, 4, 3, 1),
       (60044, 383, '18', 2, 84000000, 880, 4, 3, 1),
       (60045, 383, '19', 1, 93000000, 550, 4, 3, 1),
       (60046, 383, '20', 2, 68000000, 930, 4, 3, 1),
       (60047, 383, '21', 1, 129000000, 820, 5, 3, 1),
       (60048, 383, '22', 1, 130000000, 570, 5, 3, 1),
       (60049, 383, '23', 2, 88000000, 510, 5, 3, 1),
       (60050, 383, '24', 2, 83000000, 770, 5, 3, 1),
       (60051, 383, '25', 2, 101000000, 400, 5, 3, 1),
       (60052, 383, '26', 2, 89000000, 680, 6, 3, 1),
       (60053, 383, '27', 1, 119000000, 460, 6, 3, 1),
       (60054, 383, '28', 2, 116000000, 420, 6, 3, 1),
       (60055, 383, '29', 3, 64000000, 390, 6, 3, 1),
       (60056, 383, '30', 2, 71000000, 810, 6, 3, 1),
       (60057, 383, '31', 2, 55000000, 780, 7, 3, 1),
       (60058, 383, '32', 1, 64000000, 820, 7, 3, 1),
       (60059, 383, '33', 1, 100000000, 660, 7, 3, 1),
       (60060, 383, '34', 3, 85000000, 620, 7, 3, 1),
       (60061, 383, '35', 3, 100000000, 440, 7, 3, 1),
       (60062, 383, '36', 1, 71000000, 590, 8, 3, 1),
       (60063, 383, '37', 2, 54000000, 740, 8, 3, 1),
       (60064, 383, '38', 3, 60000000, 580, 8, 3, 1),
       (60065, 383, '39', 1, 73000000, 480, 8, 3, 1),
       (60066, 383, '40', 2, 79000000, 460, 8, 3, 1),
       (60067, 383, '41', 3, 74000000, 1000, 9, 3, 1),
       (60068, 383, '42', 2, 86000000, 600, 9, 3, 1),
       (60069, 383, '43', 2, 84000000, 750, 9, 3, 1),
       (60070, 383, '44', 3, 108000000, 670, 9, 3, 1),
       (60071, 383, '45', 1, 118000000, 320, 9, 3, 1),
       (60072, 383, '46', 3, 95000000, 560, 10, 3, 1),
       (60073, 383, '47', 1, 83000000, 780, 10, 3, 1),
       (60074, 383, '48', 3, 79000000, 970, 10, 3, 1),
       (60075, 383, '49', 3, 57000000, 1000, 10, 3, 1),
       (60076, 383, '50', 2, 99000000, 540, 10, 3, 1);
insert into real_estate_building (id, address, complex_id, floor_count, dev_id)
values (384, 'г. Москва, ул. Вяземская, д. 14', 20, 14, 20);
insert into real_estate_object (id, building_id ,local_address, places, price, area, floor, type, estate_type)
values (60077, 384, '1', 1, 68000000, 640, 1, 3, 1),
       (60078, 384, '2', 3, 59000000, 390, 1, 3, 1),
       (60079, 384, '3', 2, 122000000, 960, 1, 3, 1),
       (60080, 384, '4', 2, 92000000, 610, 1, 3, 1),
       (60081, 384, '5', 2, 94000000, 480, 1, 3, 1),
       (60082, 384, '6', 1, 58000000, 900, 2, 3, 1),
       (60083, 384, '7', 1, 129000000, 690, 2, 3, 1),
       (60084, 384, '8', 1, 115000000, 510, 2, 3, 1),
       (60085, 384, '9', 2, 103000000, 590, 2, 3, 1),
       (60086, 384, '10', 2, 94000000, 840, 2, 3, 1),
       (60087, 384, '11', 1, 81000000, 820, 3, 3, 1),
       (60088, 384, '12', 3, 51000000, 370, 3, 3, 1),
       (60089, 384, '13', 3, 91000000, 990, 3, 3, 1),
       (60090, 384, '14', 1, 106000000, 620, 3, 3, 1),
       (60091, 384, '15', 2, 127000000, 980, 3, 3, 1),
       (60092, 384, '16', 3, 80000000, 480, 4, 3, 1),
       (60093, 384, '17', 1, 97000000, 920, 4, 3, 1),
       (60094, 384, '18', 3, 74000000, 620, 4, 3, 1),
       (60095, 384, '19', 1, 93000000, 550, 4, 3, 1),
       (60096, 384, '20', 2, 126000000, 520, 4, 3, 1),
       (60097, 384, '21', 1, 95000000, 890, 5, 3, 1),
       (60098, 384, '22', 1, 116000000, 420, 5, 3, 1),
       (60099, 384, '23', 3, 101000000, 920, 5, 3, 1),
       (60100, 384, '24', 3, 96000000, 500, 5, 3, 1),
       (60101, 384, '25', 1, 128000000, 1000, 5, 3, 1),
       (60102, 384, '26', 2, 102000000, 710, 6, 3, 1),
       (60103, 384, '27', 3, 77000000, 380, 6, 3, 1),
       (60104, 384, '28', 3, 104000000, 780, 6, 3, 1),
       (60105, 384, '29', 2, 93000000, 870, 6, 3, 1),
       (60106, 384, '30', 1, 127000000, 440, 6, 3, 1),
       (60107, 384, '31', 1, 64000000, 580, 7, 3, 1),
       (60108, 384, '32', 2, 106000000, 300, 7, 3, 1),
       (60109, 384, '33', 2, 96000000, 410, 7, 3, 1),
       (60110, 384, '34', 2, 57000000, 750, 7, 3, 1),
       (60111, 384, '35', 3, 123000000, 580, 7, 3, 1),
       (60112, 384, '36', 1, 80000000, 440, 8, 3, 1),
       (60113, 384, '37', 1, 125000000, 670, 8, 3, 1),
       (60114, 384, '38', 1, 118000000, 640, 8, 3, 1),
       (60115, 384, '39', 3, 77000000, 520, 8, 3, 1),
       (60116, 384, '40', 1, 91000000, 340, 8, 3, 1),
       (60117, 384, '41', 1, 91000000, 870, 9, 3, 1),
       (60118, 384, '42', 3, 79000000, 420, 9, 3, 1),
       (60119, 384, '43', 3, 61000000, 740, 9, 3, 1),
       (60120, 384, '44', 3, 102000000, 330, 9, 3, 1),
       (60121, 384, '45', 3, 117000000, 870, 9, 3, 1),
       (60122, 384, '46', 1, 66000000, 440, 10, 3, 1),
       (60123, 384, '47', 1, 85000000, 970, 10, 3, 1),
       (60124, 384, '48', 3, 102000000, 990, 10, 3, 1),
       (60125, 384, '49', 1, 77000000, 330, 10, 3, 1),
       (60126, 384, '50', 3, 79000000, 560, 10, 3, 1),
       (60127, 384, '51', 2, 94000000, 730, 11, 3, 1),
       (60128, 384, '52', 3, 117000000, 890, 11, 3, 1),
       (60129, 384, '53', 2, 128000000, 960, 11, 3, 1),
       (60130, 384, '54', 3, 115000000, 760, 11, 3, 1),
       (60131, 384, '55', 1, 95000000, 930, 11, 3, 1),
       (60132, 384, '56', 1, 120000000, 310, 12, 3, 1),
       (60133, 384, '57', 3, 64000000, 500, 12, 3, 1),
       (60134, 384, '58', 2, 122000000, 440, 12, 3, 1),
       (60135, 384, '59', 3, 105000000, 980, 12, 3, 1),
       (60136, 384, '60', 2, 121000000, 340, 12, 3, 1),
       (60137, 384, '61', 1, 87000000, 330, 13, 3, 1),
       (60138, 384, '62', 1, 68000000, 770, 13, 3, 1),
       (60139, 384, '63', 2, 50000000, 870, 13, 3, 1),
       (60140, 384, '64', 3, 88000000, 330, 13, 3, 1),
       (60141, 384, '65', 1, 96000000, 1000, 13, 3, 1),
       (60142, 384, '66', 3, 105000000, 970, 14, 3, 1),
       (60143, 384, '67', 3, 81000000, 430, 14, 3, 1),
       (60144, 384, '68', 1, 86000000, 930, 14, 3, 1),
       (60145, 384, '69', 1, 126000000, 730, 14, 3, 1),
       (60146, 384, '70', 3, 87000000, 810, 14, 3, 1);
insert into real_estate_building (id, address, complex_id, floor_count, dev_id)
values (385, 'г. Москва, ул. Вяземская, д. 15', 20, 15, 20);
insert into real_estate_object (id, building_id ,local_address, places, price, area, floor, type, estate_type)
values (60147, 385, '1', 2, 130000000, 910, 1, 3, 1),
       (60148, 385, '2', 1, 126000000, 830, 1, 3, 1),
       (60149, 385, '3', 2, 92000000, 640, 1, 3, 1),
       (60150, 385, '4', 3, 61000000, 450, 1, 3, 1),
       (60151, 385, '5', 2, 100000000, 850, 1, 3, 1),
       (60152, 385, '6', 1, 106000000, 960, 2, 3, 1),
       (60153, 385, '7', 1, 65000000, 310, 2, 3, 1),
       (60154, 385, '8', 2, 60000000, 950, 2, 3, 1),
       (60155, 385, '9', 2, 79000000, 550, 2, 3, 1),
       (60156, 385, '10', 2, 118000000, 520, 2, 3, 1),
       (60157, 385, '11', 2, 91000000, 770, 3, 3, 1),
       (60158, 385, '12', 1, 102000000, 650, 3, 3, 1),
       (60159, 385, '13', 3, 70000000, 730, 3, 3, 1),
       (60160, 385, '14', 2, 78000000, 800, 3, 3, 1),
       (60161, 385, '15', 2, 101000000, 860, 3, 3, 1),
       (60162, 385, '16', 1, 74000000, 920, 4, 3, 1),
       (60163, 385, '17', 1, 84000000, 350, 4, 3, 1),
       (60164, 385, '18', 1, 110000000, 750, 4, 3, 1),
       (60165, 385, '19', 1, 107000000, 540, 4, 3, 1),
       (60166, 385, '20', 2, 100000000, 380, 4, 3, 1),
       (60167, 385, '21', 3, 108000000, 350, 5, 3, 1),
       (60168, 385, '22', 3, 50000000, 430, 5, 3, 1),
       (60169, 385, '23', 3, 129000000, 990, 5, 3, 1),
       (60170, 385, '24', 3, 108000000, 370, 5, 3, 1),
       (60171, 385, '25', 2, 56000000, 350, 5, 3, 1),
       (60172, 385, '26', 2, 68000000, 600, 6, 3, 1),
       (60173, 385, '27', 3, 124000000, 420, 6, 3, 1),
       (60174, 385, '28', 2, 126000000, 310, 6, 3, 1),
       (60175, 385, '29', 3, 112000000, 310, 6, 3, 1),
       (60176, 385, '30', 3, 83000000, 930, 6, 3, 1),
       (60177, 385, '31', 3, 126000000, 460, 7, 3, 1),
       (60178, 385, '32', 3, 105000000, 870, 7, 3, 1),
       (60179, 385, '33', 3, 123000000, 960, 7, 3, 1),
       (60180, 385, '34', 3, 110000000, 420, 7, 3, 1),
       (60181, 385, '35', 2, 79000000, 810, 7, 3, 1),
       (60182, 385, '36', 2, 119000000, 520, 8, 3, 1),
       (60183, 385, '37', 2, 53000000, 770, 8, 3, 1),
       (60184, 385, '38', 3, 119000000, 500, 8, 3, 1),
       (60185, 385, '39', 3, 101000000, 970, 8, 3, 1),
       (60186, 385, '40', 1, 123000000, 890, 8, 3, 1),
       (60187, 385, '41', 1, 90000000, 810, 9, 3, 1),
       (60188, 385, '42', 2, 75000000, 550, 9, 3, 1),
       (60189, 385, '43', 1, 91000000, 570, 9, 3, 1),
       (60190, 385, '44', 2, 59000000, 920, 9, 3, 1),
       (60191, 385, '45', 1, 52000000, 660, 9, 3, 1),
       (60192, 385, '46', 2, 123000000, 510, 10, 3, 1),
       (60193, 385, '47', 2, 118000000, 790, 10, 3, 1),
       (60194, 385, '48', 2, 101000000, 520, 10, 3, 1),
       (60195, 385, '49', 3, 122000000, 770, 10, 3, 1),
       (60196, 385, '50', 1, 58000000, 490, 10, 3, 1),
       (60197, 385, '51', 3, 78000000, 440, 11, 3, 1),
       (60198, 385, '52', 2, 73000000, 420, 11, 3, 1),
       (60199, 385, '53', 3, 68000000, 860, 11, 3, 1),
       (60200, 385, '54', 3, 105000000, 410, 11, 3, 1),
       (60201, 385, '55', 3, 112000000, 560, 11, 3, 1),
       (60202, 385, '56', 2, 52000000, 610, 12, 3, 1),
       (60203, 385, '57', 3, 97000000, 430, 12, 3, 1),
       (60204, 385, '58', 1, 123000000, 980, 12, 3, 1),
       (60205, 385, '59', 2, 84000000, 590, 12, 3, 1),
       (60206, 385, '60', 1, 65000000, 840, 12, 3, 1),
       (60207, 385, '61', 3, 112000000, 800, 13, 3, 1),
       (60208, 385, '62', 2, 62000000, 750, 13, 3, 1),
       (60209, 385, '63', 3, 90000000, 460, 13, 3, 1),
       (60210, 385, '64', 3, 126000000, 730, 13, 3, 1),
       (60211, 385, '65', 3, 109000000, 550, 13, 3, 1),
       (60212, 385, '66', 2, 69000000, 570, 14, 3, 1),
       (60213, 385, '67', 2, 92000000, 350, 14, 3, 1),
       (60214, 385, '68', 3, 128000000, 850, 14, 3, 1),
       (60215, 385, '69', 3, 76000000, 480, 14, 3, 1),
       (60216, 385, '70', 2, 122000000, 880, 14, 3, 1),
       (60217, 385, '71', 3, 76000000, 990, 15, 3, 1),
       (60218, 385, '72', 2, 80000000, 980, 15, 3, 1),
       (60219, 385, '73', 2, 65000000, 510, 15, 3, 1),
       (60220, 385, '74', 1, 52000000, 360, 15, 3, 1),
       (60221, 385, '75', 1, 69000000, 320, 15, 3, 1);
insert into real_estate_building (id, address, complex_id, floor_count, dev_id)
values (386, 'г. Москва, ул. Вяземская, д. 16', 20, 16, 20);
insert into real_estate_object (id, building_id ,local_address, places, price, area, floor, type, estate_type)
values (60222, 386, '1', 3, 53000000, 370, 1, 3, 1),
       (60223, 386, '2', 2, 51000000, 850, 1, 3, 1),
       (60224, 386, '3', 2, 74000000, 470, 1, 3, 1),
       (60225, 386, '4', 3, 92000000, 780, 1, 3, 1),
       (60226, 386, '5', 3, 90000000, 800, 1, 3, 1),
       (60227, 386, '6', 2, 90000000, 590, 2, 3, 1),
       (60228, 386, '7', 1, 119000000, 460, 2, 3, 1),
       (60229, 386, '8', 3, 53000000, 590, 2, 3, 1),
       (60230, 386, '9', 1, 71000000, 890, 2, 3, 1),
       (60231, 386, '10', 2, 90000000, 720, 2, 3, 1),
       (60232, 386, '11', 1, 112000000, 310, 3, 3, 1),
       (60233, 386, '12', 2, 83000000, 340, 3, 3, 1),
       (60234, 386, '13', 2, 111000000, 790, 3, 3, 1),
       (60235, 386, '14', 3, 57000000, 510, 3, 3, 1),
       (60236, 386, '15', 3, 71000000, 910, 3, 3, 1),
       (60237, 386, '16', 2, 62000000, 390, 4, 3, 1),
       (60238, 386, '17', 2, 95000000, 310, 4, 3, 1),
       (60239, 386, '18', 3, 103000000, 320, 4, 3, 1),
       (60240, 386, '19', 2, 56000000, 640, 4, 3, 1),
       (60241, 386, '20', 1, 74000000, 800, 4, 3, 1),
       (60242, 386, '21', 3, 115000000, 600, 5, 3, 1),
       (60243, 386, '22', 2, 78000000, 530, 5, 3, 1),
       (60244, 386, '23', 2, 87000000, 520, 5, 3, 1),
       (60245, 386, '24', 2, 71000000, 960, 5, 3, 1),
       (60246, 386, '25', 1, 96000000, 1000, 5, 3, 1),
       (60247, 386, '26', 1, 110000000, 740, 6, 3, 1),
       (60248, 386, '27', 3, 67000000, 710, 6, 3, 1),
       (60249, 386, '28', 2, 93000000, 580, 6, 3, 1),
       (60250, 386, '29', 3, 126000000, 320, 6, 3, 1),
       (60251, 386, '30', 2, 110000000, 480, 6, 3, 1),
       (60252, 386, '31', 1, 83000000, 660, 7, 3, 1),
       (60253, 386, '32', 3, 124000000, 400, 7, 3, 1),
       (60254, 386, '33', 3, 71000000, 500, 7, 3, 1),
       (60255, 386, '34', 3, 61000000, 860, 7, 3, 1),
       (60256, 386, '35', 3, 99000000, 990, 7, 3, 1),
       (60257, 386, '36', 2, 63000000, 530, 8, 3, 1),
       (60258, 386, '37', 1, 118000000, 690, 8, 3, 1),
       (60259, 386, '38', 2, 101000000, 470, 8, 3, 1),
       (60260, 386, '39', 2, 107000000, 620, 8, 3, 1),
       (60261, 386, '40', 3, 107000000, 850, 8, 3, 1),
       (60262, 386, '41', 1, 118000000, 900, 9, 3, 1),
       (60263, 386, '42', 1, 68000000, 760, 9, 3, 1),
       (60264, 386, '43', 3, 97000000, 850, 9, 3, 1),
       (60265, 386, '44', 1, 108000000, 880, 9, 3, 1),
       (60266, 386, '45', 1, 82000000, 860, 9, 3, 1),
       (60267, 386, '46', 2, 117000000, 800, 10, 3, 1),
       (60268, 386, '47', 2, 127000000, 510, 10, 3, 1),
       (60269, 386, '48', 1, 87000000, 960, 10, 3, 1),
       (60270, 386, '49', 1, 110000000, 920, 10, 3, 1),
       (60271, 386, '50', 2, 60000000, 980, 10, 3, 1),
       (60272, 386, '51', 3, 107000000, 670, 11, 3, 1),
       (60273, 386, '52', 1, 58000000, 560, 11, 3, 1),
       (60274, 386, '53', 3, 121000000, 640, 11, 3, 1),
       (60275, 386, '54', 3, 108000000, 620, 11, 3, 1),
       (60276, 386, '55', 3, 113000000, 580, 11, 3, 1),
       (60277, 386, '56', 2, 101000000, 820, 12, 3, 1),
       (60278, 386, '57', 1, 115000000, 960, 12, 3, 1),
       (60279, 386, '58', 2, 123000000, 960, 12, 3, 1),
       (60280, 386, '59', 2, 104000000, 380, 12, 3, 1),
       (60281, 386, '60', 2, 75000000, 580, 12, 3, 1),
       (60282, 386, '61', 1, 106000000, 390, 13, 3, 1),
       (60283, 386, '62', 3, 115000000, 440, 13, 3, 1),
       (60284, 386, '63', 3, 62000000, 730, 13, 3, 1),
       (60285, 386, '64', 2, 126000000, 720, 13, 3, 1),
       (60286, 386, '65', 3, 106000000, 760, 13, 3, 1),
       (60287, 386, '66', 1, 92000000, 420, 14, 3, 1),
       (60288, 386, '67', 3, 87000000, 400, 14, 3, 1),
       (60289, 386, '68', 1, 79000000, 880, 14, 3, 1),
       (60290, 386, '69', 2, 123000000, 760, 14, 3, 1),
       (60291, 386, '70', 1, 89000000, 330, 14, 3, 1),
       (60292, 386, '71', 1, 99000000, 640, 15, 3, 1),
       (60293, 386, '72', 1, 102000000, 440, 15, 3, 1),
       (60294, 386, '73', 1, 115000000, 810, 15, 3, 1),
       (60295, 386, '74', 3, 122000000, 740, 15, 3, 1),
       (60296, 386, '75', 3, 119000000, 630, 15, 3, 1),
       (60297, 386, '76', 2, 94000000, 910, 16, 3, 1),
       (60298, 386, '77', 3, 106000000, 870, 16, 3, 1),
       (60299, 386, '78', 2, 56000000, 310, 16, 3, 1),
       (60300, 386, '79', 1, 98000000, 960, 16, 3, 1),
       (60301, 386, '80', 2, 103000000, 420, 16, 3, 1);
insert into real_estate_building (id, address, complex_id, floor_count, dev_id)
values (387, 'г. Москва, ул. Вяземская, д. 17', 20, 14, 20);
insert into real_estate_object (id, building_id ,local_address, places, price, area, floor, type, estate_type)
values (60302, 387, '1', 1, 127000000, 440, 1, 3, 1),
       (60303, 387, '2', 1, 103000000, 620, 1, 3, 1),
       (60304, 387, '3', 2, 78000000, 560, 1, 3, 1),
       (60305, 387, '4', 1, 65000000, 770, 1, 3, 1),
       (60306, 387, '5', 1, 112000000, 660, 1, 3, 1),
       (60307, 387, '6', 2, 74000000, 720, 2, 3, 1),
       (60308, 387, '7', 3, 60000000, 750, 2, 3, 1),
       (60309, 387, '8', 2, 92000000, 510, 2, 3, 1),
       (60310, 387, '9', 2, 85000000, 820, 2, 3, 1),
       (60311, 387, '10', 1, 87000000, 860, 2, 3, 1),
       (60312, 387, '11', 1, 64000000, 660, 3, 3, 1),
       (60313, 387, '12', 2, 57000000, 540, 3, 3, 1),
       (60314, 387, '13', 3, 69000000, 770, 3, 3, 1),
       (60315, 387, '14', 3, 57000000, 450, 3, 3, 1),
       (60316, 387, '15', 1, 118000000, 700, 3, 3, 1),
       (60317, 387, '16', 1, 74000000, 660, 4, 3, 1),
       (60318, 387, '17', 3, 69000000, 520, 4, 3, 1),
       (60319, 387, '18', 1, 123000000, 490, 4, 3, 1),
       (60320, 387, '19', 2, 88000000, 950, 4, 3, 1),
       (60321, 387, '20', 3, 92000000, 430, 4, 3, 1),
       (60322, 387, '21', 1, 86000000, 420, 5, 3, 1),
       (60323, 387, '22', 1, 61000000, 1000, 5, 3, 1),
       (60324, 387, '23', 2, 114000000, 460, 5, 3, 1),
       (60325, 387, '24', 1, 121000000, 520, 5, 3, 1),
       (60326, 387, '25', 2, 114000000, 710, 5, 3, 1),
       (60327, 387, '26', 1, 52000000, 500, 6, 3, 1),
       (60328, 387, '27', 1, 78000000, 500, 6, 3, 1),
       (60329, 387, '28', 2, 62000000, 790, 6, 3, 1),
       (60330, 387, '29', 1, 75000000, 410, 6, 3, 1),
       (60331, 387, '30', 3, 80000000, 500, 6, 3, 1),
       (60332, 387, '31', 2, 63000000, 850, 7, 3, 1),
       (60333, 387, '32', 2, 55000000, 630, 7, 3, 1),
       (60334, 387, '33', 2, 113000000, 430, 7, 3, 1),
       (60335, 387, '34', 3, 77000000, 450, 7, 3, 1),
       (60336, 387, '35', 1, 81000000, 460, 7, 3, 1),
       (60337, 387, '36', 2, 119000000, 730, 8, 3, 1),
       (60338, 387, '37', 3, 98000000, 670, 8, 3, 1),
       (60339, 387, '38', 1, 59000000, 810, 8, 3, 1),
       (60340, 387, '39', 2, 51000000, 790, 8, 3, 1),
       (60341, 387, '40', 3, 119000000, 970, 8, 3, 1),
       (60342, 387, '41', 1, 75000000, 780, 9, 3, 1),
       (60343, 387, '42', 3, 95000000, 880, 9, 3, 1),
       (60344, 387, '43', 1, 68000000, 1000, 9, 3, 1),
       (60345, 387, '44', 3, 116000000, 890, 9, 3, 1),
       (60346, 387, '45', 3, 100000000, 300, 9, 3, 1),
       (60347, 387, '46', 2, 100000000, 610, 10, 3, 1),
       (60348, 387, '47', 1, 109000000, 510, 10, 3, 1),
       (60349, 387, '48', 3, 83000000, 920, 10, 3, 1),
       (60350, 387, '49', 3, 85000000, 600, 10, 3, 1),
       (60351, 387, '50', 3, 75000000, 580, 10, 3, 1),
       (60352, 387, '51', 3, 124000000, 600, 11, 3, 1),
       (60353, 387, '52', 2, 123000000, 750, 11, 3, 1),
       (60354, 387, '53', 2, 101000000, 590, 11, 3, 1),
       (60355, 387, '54', 3, 130000000, 870, 11, 3, 1),
       (60356, 387, '55', 3, 56000000, 640, 11, 3, 1),
       (60357, 387, '56', 1, 100000000, 600, 12, 3, 1),
       (60358, 387, '57', 2, 61000000, 840, 12, 3, 1),
       (60359, 387, '58', 3, 57000000, 930, 12, 3, 1),
       (60360, 387, '59', 2, 80000000, 970, 12, 3, 1),
       (60361, 387, '60', 2, 120000000, 890, 12, 3, 1),
       (60362, 387, '61', 3, 67000000, 310, 13, 3, 1),
       (60363, 387, '62', 3, 124000000, 480, 13, 3, 1),
       (60364, 387, '63', 2, 80000000, 400, 13, 3, 1),
       (60365, 387, '64', 1, 79000000, 890, 13, 3, 1),
       (60366, 387, '65', 2, 52000000, 510, 13, 3, 1),
       (60367, 387, '66', 2, 124000000, 460, 14, 3, 1),
       (60368, 387, '67', 3, 68000000, 580, 14, 3, 1),
       (60369, 387, '68', 2, 106000000, 820, 14, 3, 1),
       (60370, 387, '69', 1, 52000000, 370, 14, 3, 1),
       (60371, 387, '70', 3, 101000000, 840, 14, 3, 1);
insert into real_estate_building (id, address, complex_id, floor_count, dev_id)
values (388, 'г. Москва, ул. Вяземская, д. 18', 20, 12, 20);
insert into real_estate_object (id, building_id ,local_address, places, price, area, floor, type, estate_type)
values (60372, 388, '1', 2, 117000000, 370, 1, 3, 1),
       (60373, 388, '2', 3, 62000000, 670, 1, 3, 1),
       (60374, 388, '3', 1, 109000000, 520, 1, 3, 1),
       (60375, 388, '4', 1, 79000000, 310, 1, 3, 1),
       (60376, 388, '5', 1, 121000000, 970, 1, 3, 1),
       (60377, 388, '6', 1, 89000000, 610, 2, 3, 1),
       (60378, 388, '7', 3, 83000000, 510, 2, 3, 1),
       (60379, 388, '8', 2, 78000000, 540, 2, 3, 1),
       (60380, 388, '9', 3, 112000000, 940, 2, 3, 1),
       (60381, 388, '10', 3, 82000000, 330, 2, 3, 1),
       (60382, 388, '11', 1, 62000000, 420, 3, 3, 1),
       (60383, 388, '12', 2, 57000000, 880, 3, 3, 1),
       (60384, 388, '13', 2, 77000000, 370, 3, 3, 1),
       (60385, 388, '14', 3, 107000000, 510, 3, 3, 1),
       (60386, 388, '15', 3, 74000000, 730, 3, 3, 1),
       (60387, 388, '16', 3, 51000000, 480, 4, 3, 1),
       (60388, 388, '17', 3, 73000000, 550, 4, 3, 1),
       (60389, 388, '18', 2, 108000000, 360, 4, 3, 1),
       (60390, 388, '19', 1, 84000000, 480, 4, 3, 1),
       (60391, 388, '20', 2, 68000000, 910, 4, 3, 1),
       (60392, 388, '21', 2, 90000000, 670, 5, 3, 1),
       (60393, 388, '22', 1, 81000000, 850, 5, 3, 1),
       (60394, 388, '23', 2, 130000000, 380, 5, 3, 1),
       (60395, 388, '24', 2, 129000000, 520, 5, 3, 1),
       (60396, 388, '25', 2, 95000000, 730, 5, 3, 1),
       (60397, 388, '26', 2, 80000000, 400, 6, 3, 1),
       (60398, 388, '27', 3, 57000000, 880, 6, 3, 1),
       (60399, 388, '28', 1, 57000000, 960, 6, 3, 1),
       (60400, 388, '29', 2, 66000000, 580, 6, 3, 1),
       (60401, 388, '30', 2, 106000000, 820, 6, 3, 1),
       (60402, 388, '31', 1, 84000000, 700, 7, 3, 1),
       (60403, 388, '32', 2, 64000000, 850, 7, 3, 1),
       (60404, 388, '33', 3, 91000000, 490, 7, 3, 1),
       (60405, 388, '34', 1, 95000000, 750, 7, 3, 1),
       (60406, 388, '35', 3, 67000000, 440, 7, 3, 1),
       (60407, 388, '36', 2, 51000000, 980, 8, 3, 1),
       (60408, 388, '37', 2, 56000000, 590, 8, 3, 1),
       (60409, 388, '38', 2, 71000000, 330, 8, 3, 1),
       (60410, 388, '39', 3, 129000000, 920, 8, 3, 1),
       (60411, 388, '40', 3, 74000000, 610, 8, 3, 1),
       (60412, 388, '41', 3, 87000000, 880, 9, 3, 1),
       (60413, 388, '42', 1, 84000000, 540, 9, 3, 1),
       (60414, 388, '43', 3, 76000000, 510, 9, 3, 1),
       (60415, 388, '44', 3, 65000000, 320, 9, 3, 1),
       (60416, 388, '45', 2, 84000000, 830, 9, 3, 1),
       (60417, 388, '46', 2, 125000000, 550, 10, 3, 1),
       (60418, 388, '47', 2, 76000000, 340, 10, 3, 1),
       (60419, 388, '48', 1, 107000000, 410, 10, 3, 1),
       (60420, 388, '49', 1, 113000000, 940, 10, 3, 1),
       (60421, 388, '50', 1, 67000000, 310, 10, 3, 1),
       (60422, 388, '51', 3, 76000000, 510, 11, 3, 1),
       (60423, 388, '52', 2, 73000000, 310, 11, 3, 1),
       (60424, 388, '53', 2, 57000000, 330, 11, 3, 1),
       (60425, 388, '54', 3, 101000000, 970, 11, 3, 1),
       (60426, 388, '55', 1, 104000000, 830, 11, 3, 1),
       (60427, 388, '56', 1, 100000000, 730, 12, 3, 1),
       (60428, 388, '57', 2, 93000000, 950, 12, 3, 1),
       (60429, 388, '58', 3, 85000000, 870, 12, 3, 1),
       (60430, 388, '59', 1, 105000000, 560, 12, 3, 1),
       (60431, 388, '60', 3, 104000000, 480, 12, 3, 1);
insert into real_estate_building (id, address, complex_id, floor_count, dev_id)
values (389, 'г. Москва, ул. Вяземская, д. 19', 20, 15, 20);
insert into real_estate_object (id, building_id ,local_address, places, price, area, floor, type, estate_type)
values (60432, 389, '1', 2, 121000000, 440, 1, 3, 1),
       (60433, 389, '2', 3, 117000000, 560, 1, 3, 1),
       (60434, 389, '3', 2, 123000000, 490, 1, 3, 1),
       (60435, 389, '4', 3, 129000000, 890, 1, 3, 1),
       (60436, 389, '5', 3, 118000000, 370, 1, 3, 1),
       (60437, 389, '6', 2, 57000000, 890, 2, 3, 1),
       (60438, 389, '7', 2, 77000000, 910, 2, 3, 1),
       (60439, 389, '8', 2, 74000000, 750, 2, 3, 1),
       (60440, 389, '9', 1, 61000000, 700, 2, 3, 1),
       (60441, 389, '10', 1, 114000000, 530, 2, 3, 1),
       (60442, 389, '11', 1, 64000000, 860, 3, 3, 1),
       (60443, 389, '12', 2, 111000000, 830, 3, 3, 1),
       (60444, 389, '13', 1, 104000000, 710, 3, 3, 1),
       (60445, 389, '14', 2, 68000000, 990, 3, 3, 1),
       (60446, 389, '15', 1, 107000000, 380, 3, 3, 1),
       (60447, 389, '16', 1, 121000000, 560, 4, 3, 1),
       (60448, 389, '17', 1, 56000000, 610, 4, 3, 1),
       (60449, 389, '18', 3, 108000000, 870, 4, 3, 1),
       (60450, 389, '19', 3, 110000000, 380, 4, 3, 1),
       (60451, 389, '20', 1, 80000000, 680, 4, 3, 1),
       (60452, 389, '21', 3, 96000000, 600, 5, 3, 1),
       (60453, 389, '22', 2, 113000000, 430, 5, 3, 1),
       (60454, 389, '23', 1, 81000000, 930, 5, 3, 1),
       (60455, 389, '24', 3, 97000000, 650, 5, 3, 1),
       (60456, 389, '25', 2, 74000000, 660, 5, 3, 1),
       (60457, 389, '26', 3, 98000000, 340, 6, 3, 1),
       (60458, 389, '27', 3, 65000000, 660, 6, 3, 1),
       (60459, 389, '28', 2, 100000000, 970, 6, 3, 1),
       (60460, 389, '29', 1, 68000000, 500, 6, 3, 1),
       (60461, 389, '30', 2, 99000000, 570, 6, 3, 1),
       (60462, 389, '31', 1, 82000000, 520, 7, 3, 1),
       (60463, 389, '32', 2, 50000000, 630, 7, 3, 1),
       (60464, 389, '33', 3, 73000000, 960, 7, 3, 1),
       (60465, 389, '34', 3, 84000000, 860, 7, 3, 1),
       (60466, 389, '35', 2, 62000000, 730, 7, 3, 1),
       (60467, 389, '36', 2, 130000000, 980, 8, 3, 1),
       (60468, 389, '37', 2, 88000000, 320, 8, 3, 1),
       (60469, 389, '38', 3, 110000000, 440, 8, 3, 1),
       (60470, 389, '39', 3, 93000000, 970, 8, 3, 1),
       (60471, 389, '40', 3, 101000000, 530, 8, 3, 1),
       (60472, 389, '41', 3, 110000000, 970, 9, 3, 1),
       (60473, 389, '42', 2, 104000000, 990, 9, 3, 1),
       (60474, 389, '43', 1, 94000000, 1000, 9, 3, 1),
       (60475, 389, '44', 1, 89000000, 740, 9, 3, 1),
       (60476, 389, '45', 2, 111000000, 300, 9, 3, 1),
       (60477, 389, '46', 1, 105000000, 520, 10, 3, 1),
       (60478, 389, '47', 3, 108000000, 710, 10, 3, 1),
       (60479, 389, '48', 2, 59000000, 490, 10, 3, 1),
       (60480, 389, '49', 2, 53000000, 500, 10, 3, 1),
       (60481, 389, '50', 1, 51000000, 970, 10, 3, 1),
       (60482, 389, '51', 2, 56000000, 300, 11, 3, 1),
       (60483, 389, '52', 2, 124000000, 810, 11, 3, 1),
       (60484, 389, '53', 2, 66000000, 440, 11, 3, 1),
       (60485, 389, '54', 3, 77000000, 930, 11, 3, 1),
       (60486, 389, '55', 3, 111000000, 680, 11, 3, 1),
       (60487, 389, '56', 1, 129000000, 800, 12, 3, 1),
       (60488, 389, '57', 3, 112000000, 800, 12, 3, 1),
       (60489, 389, '58', 2, 93000000, 940, 12, 3, 1),
       (60490, 389, '59', 1, 102000000, 410, 12, 3, 1),
       (60491, 389, '60', 1, 129000000, 710, 12, 3, 1),
       (60492, 389, '61', 2, 119000000, 970, 13, 3, 1),
       (60493, 389, '62', 1, 59000000, 950, 13, 3, 1),
       (60494, 389, '63', 2, 59000000, 910, 13, 3, 1),
       (60495, 389, '64', 2, 97000000, 1000, 13, 3, 1),
       (60496, 389, '65', 1, 108000000, 510, 13, 3, 1),
       (60497, 389, '66', 1, 61000000, 380, 14, 3, 1),
       (60498, 389, '67', 2, 89000000, 960, 14, 3, 1),
       (60499, 389, '68', 1, 98000000, 750, 14, 3, 1),
       (60500, 389, '69', 2, 81000000, 520, 14, 3, 1),
       (60501, 389, '70', 1, 61000000, 980, 14, 3, 1),
       (60502, 389, '71', 2, 113000000, 990, 15, 3, 1),
       (60503, 389, '72', 3, 89000000, 730, 15, 3, 1),
       (60504, 389, '73', 2, 96000000, 770, 15, 3, 1),
       (60505, 389, '74', 2, 115000000, 520, 15, 3, 1),
       (60506, 389, '75', 2, 57000000, 770, 15, 3, 1);
insert into real_estate_building (id, address, complex_id, floor_count, dev_id)
values (390, 'г. Москва, ул. Вяземская, д. 20', 20, 12, 20);
insert into real_estate_object (id, building_id ,local_address, places, price, area, floor, type, estate_type)
values (60507, 390, '1', 2, 117000000, 730, 1, 3, 1),
       (60508, 390, '2', 2, 68000000, 800, 1, 3, 1),
       (60509, 390, '3', 2, 95000000, 940, 1, 3, 1),
       (60510, 390, '4', 1, 76000000, 970, 1, 3, 1),
       (60511, 390, '5', 1, 59000000, 940, 1, 3, 1),
       (60512, 390, '6', 1, 109000000, 300, 2, 3, 1),
       (60513, 390, '7', 1, 74000000, 650, 2, 3, 1),
       (60514, 390, '8', 1, 119000000, 680, 2, 3, 1),
       (60515, 390, '9', 3, 74000000, 980, 2, 3, 1),
       (60516, 390, '10', 1, 94000000, 560, 2, 3, 1),
       (60517, 390, '11', 2, 70000000, 860, 3, 3, 1),
       (60518, 390, '12', 1, 88000000, 650, 3, 3, 1),
       (60519, 390, '13', 1, 68000000, 680, 3, 3, 1),
       (60520, 390, '14', 1, 65000000, 800, 3, 3, 1),
       (60521, 390, '15', 3, 108000000, 980, 3, 3, 1),
       (60522, 390, '16', 2, 69000000, 980, 4, 3, 1),
       (60523, 390, '17', 2, 126000000, 620, 4, 3, 1),
       (60524, 390, '18', 3, 83000000, 880, 4, 3, 1),
       (60525, 390, '19', 3, 90000000, 470, 4, 3, 1),
       (60526, 390, '20', 1, 71000000, 960, 4, 3, 1),
       (60527, 390, '21', 3, 59000000, 530, 5, 3, 1),
       (60528, 390, '22', 3, 56000000, 660, 5, 3, 1),
       (60529, 390, '23', 1, 53000000, 850, 5, 3, 1),
       (60530, 390, '24', 2, 121000000, 610, 5, 3, 1),
       (60531, 390, '25', 2, 72000000, 990, 5, 3, 1),
       (60532, 390, '26', 3, 96000000, 590, 6, 3, 1),
       (60533, 390, '27', 1, 62000000, 620, 6, 3, 1),
       (60534, 390, '28', 2, 81000000, 370, 6, 3, 1),
       (60535, 390, '29', 1, 116000000, 970, 6, 3, 1),
       (60536, 390, '30', 3, 57000000, 980, 6, 3, 1),
       (60537, 390, '31', 2, 77000000, 540, 7, 3, 1),
       (60538, 390, '32', 1, 87000000, 840, 7, 3, 1),
       (60539, 390, '33', 3, 72000000, 780, 7, 3, 1),
       (60540, 390, '34', 3, 107000000, 750, 7, 3, 1),
       (60541, 390, '35', 3, 88000000, 640, 7, 3, 1),
       (60542, 390, '36', 1, 81000000, 960, 8, 3, 1),
       (60543, 390, '37', 3, 92000000, 740, 8, 3, 1),
       (60544, 390, '38', 2, 102000000, 990, 8, 3, 1),
       (60545, 390, '39', 2, 67000000, 820, 8, 3, 1),
       (60546, 390, '40', 2, 82000000, 870, 8, 3, 1),
       (60547, 390, '41', 2, 99000000, 610, 9, 3, 1),
       (60548, 390, '42', 1, 109000000, 570, 9, 3, 1),
       (60549, 390, '43', 1, 107000000, 720, 9, 3, 1),
       (60550, 390, '44', 1, 66000000, 380, 9, 3, 1),
       (60551, 390, '45', 1, 69000000, 600, 9, 3, 1),
       (60552, 390, '46', 3, 76000000, 530, 10, 3, 1),
       (60553, 390, '47', 3, 71000000, 620, 10, 3, 1),
       (60554, 390, '48', 3, 123000000, 340, 10, 3, 1),
       (60555, 390, '49', 2, 109000000, 440, 10, 3, 1),
       (60556, 390, '50', 3, 84000000, 780, 10, 3, 1),
       (60557, 390, '51', 3, 99000000, 450, 11, 3, 1),
       (60558, 390, '52', 3, 52000000, 860, 11, 3, 1),
       (60559, 390, '53', 1, 122000000, 620, 11, 3, 1),
       (60560, 390, '54', 2, 60000000, 340, 11, 3, 1),
       (60561, 390, '55', 2, 102000000, 650, 11, 3, 1),
       (60562, 390, '56', 1, 64000000, 620, 12, 3, 1),
       (60563, 390, '57', 3, 94000000, 450, 12, 3, 1),
       (60564, 390, '58', 1, 104000000, 970, 12, 3, 1),
       (60565, 390, '59', 3, 90000000, 670, 12, 3, 1),
       (60566, 390, '60', 3, 69000000, 800, 12, 3, 1);
insert into real_estate_building (id, address, complex_id, floor_count, dev_id)
values (391, 'г. Москва, ул. Вяземская, д. 21', 20, 18, 20);
insert into real_estate_object (id, building_id ,local_address, places, price, area, floor, type, estate_type)
values (60567, 391, '1', 2, 129000000, 770, 1, 3, 1),
       (60568, 391, '2', 3, 50000000, 420, 1, 3, 1),
       (60569, 391, '3', 1, 127000000, 370, 1, 3, 1),
       (60570, 391, '4', 2, 93000000, 750, 1, 3, 1),
       (60571, 391, '5', 3, 66000000, 780, 1, 3, 1),
       (60572, 391, '6', 3, 59000000, 520, 2, 3, 1),
       (60573, 391, '7', 2, 125000000, 650, 2, 3, 1),
       (60574, 391, '8', 2, 119000000, 570, 2, 3, 1),
       (60575, 391, '9', 2, 71000000, 590, 2, 3, 1),
       (60576, 391, '10', 3, 124000000, 930, 2, 3, 1),
       (60577, 391, '11', 3, 86000000, 970, 3, 3, 1),
       (60578, 391, '12', 3, 93000000, 610, 3, 3, 1),
       (60579, 391, '13', 2, 75000000, 810, 3, 3, 1),
       (60580, 391, '14', 1, 112000000, 890, 3, 3, 1),
       (60581, 391, '15', 3, 52000000, 860, 3, 3, 1),
       (60582, 391, '16', 2, 124000000, 980, 4, 3, 1),
       (60583, 391, '17', 3, 76000000, 470, 4, 3, 1),
       (60584, 391, '18', 3, 128000000, 960, 4, 3, 1),
       (60585, 391, '19', 3, 80000000, 580, 4, 3, 1),
       (60586, 391, '20', 2, 93000000, 400, 4, 3, 1),
       (60587, 391, '21', 1, 91000000, 660, 5, 3, 1),
       (60588, 391, '22', 1, 104000000, 950, 5, 3, 1),
       (60589, 391, '23', 1, 126000000, 810, 5, 3, 1),
       (60590, 391, '24', 1, 115000000, 360, 5, 3, 1),
       (60591, 391, '25', 1, 89000000, 530, 5, 3, 1),
       (60592, 391, '26', 2, 106000000, 640, 6, 3, 1),
       (60593, 391, '27', 3, 72000000, 830, 6, 3, 1),
       (60594, 391, '28', 1, 115000000, 680, 6, 3, 1),
       (60595, 391, '29', 1, 105000000, 900, 6, 3, 1),
       (60596, 391, '30', 2, 107000000, 950, 6, 3, 1),
       (60597, 391, '31', 1, 127000000, 980, 7, 3, 1),
       (60598, 391, '32', 2, 62000000, 970, 7, 3, 1),
       (60599, 391, '33', 2, 70000000, 510, 7, 3, 1),
       (60600, 391, '34', 1, 78000000, 850, 7, 3, 1),
       (60601, 391, '35', 3, 111000000, 890, 7, 3, 1),
       (60602, 391, '36', 3, 81000000, 370, 8, 3, 1),
       (60603, 391, '37', 1, 127000000, 340, 8, 3, 1),
       (60604, 391, '38', 1, 56000000, 960, 8, 3, 1),
       (60605, 391, '39', 3, 61000000, 770, 8, 3, 1),
       (60606, 391, '40', 3, 92000000, 620, 8, 3, 1),
       (60607, 391, '41', 3, 98000000, 490, 9, 3, 1),
       (60608, 391, '42', 1, 73000000, 460, 9, 3, 1),
       (60609, 391, '43', 2, 59000000, 320, 9, 3, 1),
       (60610, 391, '44', 1, 92000000, 360, 9, 3, 1),
       (60611, 391, '45', 3, 66000000, 330, 9, 3, 1),
       (60612, 391, '46', 2, 92000000, 360, 10, 3, 1),
       (60613, 391, '47', 3, 90000000, 460, 10, 3, 1),
       (60614, 391, '48', 2, 92000000, 930, 10, 3, 1),
       (60615, 391, '49', 1, 115000000, 790, 10, 3, 1),
       (60616, 391, '50', 2, 107000000, 350, 10, 3, 1),
       (60617, 391, '51', 1, 104000000, 840, 11, 3, 1),
       (60618, 391, '52', 2, 77000000, 880, 11, 3, 1),
       (60619, 391, '53', 2, 59000000, 430, 11, 3, 1),
       (60620, 391, '54', 3, 104000000, 540, 11, 3, 1),
       (60621, 391, '55', 1, 120000000, 900, 11, 3, 1),
       (60622, 391, '56', 1, 119000000, 470, 12, 3, 1),
       (60623, 391, '57', 2, 83000000, 860, 12, 3, 1),
       (60624, 391, '58', 3, 53000000, 960, 12, 3, 1),
       (60625, 391, '59', 3, 68000000, 370, 12, 3, 1),
       (60626, 391, '60', 3, 105000000, 680, 12, 3, 1),
       (60627, 391, '61', 3, 71000000, 760, 13, 3, 1),
       (60628, 391, '62', 1, 99000000, 730, 13, 3, 1),
       (60629, 391, '63', 2, 114000000, 650, 13, 3, 1),
       (60630, 391, '64', 2, 109000000, 780, 13, 3, 1),
       (60631, 391, '65', 2, 82000000, 580, 13, 3, 1),
       (60632, 391, '66', 2, 127000000, 720, 14, 3, 1),
       (60633, 391, '67', 1, 72000000, 370, 14, 3, 1),
       (60634, 391, '68', 3, 95000000, 880, 14, 3, 1),
       (60635, 391, '69', 2, 51000000, 450, 14, 3, 1),
       (60636, 391, '70', 1, 51000000, 870, 14, 3, 1),
       (60637, 391, '71', 3, 90000000, 830, 15, 3, 1),
       (60638, 391, '72', 1, 73000000, 510, 15, 3, 1),
       (60639, 391, '73', 1, 96000000, 630, 15, 3, 1),
       (60640, 391, '74', 2, 51000000, 690, 15, 3, 1),
       (60641, 391, '75', 3, 129000000, 910, 15, 3, 1),
       (60642, 391, '76', 3, 61000000, 880, 16, 3, 1),
       (60643, 391, '77', 2, 80000000, 330, 16, 3, 1),
       (60644, 391, '78', 3, 105000000, 800, 16, 3, 1),
       (60645, 391, '79', 3, 81000000, 590, 16, 3, 1),
       (60646, 391, '80', 3, 52000000, 900, 16, 3, 1),
       (60647, 391, '81', 2, 85000000, 580, 17, 3, 1),
       (60648, 391, '82', 2, 99000000, 390, 17, 3, 1),
       (60649, 391, '83', 1, 130000000, 570, 17, 3, 1),
       (60650, 391, '84', 3, 61000000, 930, 17, 3, 1),
       (60651, 391, '85', 1, 124000000, 800, 17, 3, 1),
       (60652, 391, '86', 1, 74000000, 600, 18, 3, 1),
       (60653, 391, '87', 3, 98000000, 540, 18, 3, 1),
       (60654, 391, '88', 2, 118000000, 860, 18, 3, 1),
       (60655, 391, '89', 1, 128000000, 320, 18, 3, 1),
       (60656, 391, '90', 3, 67000000, 870, 18, 3, 1);