drop table if exists mtm_employee_deal;
drop table if exists deal;
drop table if exists client;
drop table if exists property_dev;
drop table if exists employee;
drop table if exists position;
drop table if exists real_estate_object;
drop table if exists real_estate_building;
drop table if exists real_estate_complex;

create table real_estate_complex
(
    id serial,
    name varchar not null,
    type varchar not null,
    comfort_class varchar not null,
    constraint complex_id primary key (id),
    constraint complex_name_key unique (name)
);

create table real_estate_building
(
    id serial,
    address varchar not null,
    complex_id int,
    floor_count smallint not null,
    constraint building_id primary key (id),
    foreign key (complex_id) references real_estate_complex (id) on delete cascade
);

create table real_estate_object
(
    id serial,
    building_id int not null,
    local_address varchar not null,
    places smallint not null,
    price money not null,
    area int not null,
    floor smallint not null,
    type varchar not null,
    estate_type varchar not null,
    constraint object_id primary key (id),
    foreign key (building_id) references real_estate_building (id) on delete cascade
);

create table position
(
    id serial,
    name varchar not null,
    access_code smallint not null,
    constraint position_id primary key (id)
);

create table employee
(
    id serial,
    name varchar not null,
    specialization varchar not null,
    number char(12) not null,
    email varchar not null,
    login varchar not null,
    password varchar not null,
    senior_id int,
    position_id int,
    constraint employee_id primary key (id),
    constraint employee_email_key unique (email),
    constraint employee_number_key unique (number),
    constraint employee_login_key unique (login),
    foreign key (senior_id) references employee (id) on delete set null,
    foreign key (position_id) references position (id) on delete set null
);

create table property_dev
(
    id serial,
    name varchar not null,
    number char(12) not null,
    email varchar not null,
    constraint dev_key primary key (id),
    constraint dev_email_key unique (email),
    constraint dev_number_key unique (number)
);

create table client
(
    id serial,
    name varchar not null,
    status varchar not null default 'обычный',
    number char(12) not null,
    email varchar,
    constraint client_key primary key (id),
    constraint client_email_key unique (email),
    constraint client_number_key unique (number)
);

create table deal
(
    id serial,
    real_estate_obj_id int not null,
    property_dev_id int not null,
    client_id int not null,
    type varchar not null,
    status varchar not null,
    contract_number varchar not null,
    constraint deal_key primary key (id),
    foreign key (real_estate_obj_id) references real_estate_object (id) on delete cascade,
    foreign key (property_dev_id) references property_dev (id) on delete cascade,
    foreign key (client_id) references client (id) on delete cascade
);

create table mtm_employee_deal
(
    deal_id int not null,
    employee_id int not null,
    constraint employee_deal_id primary key (deal_id, employee_id),
    foreign key (deal_id) references deal (id) on delete cascade,
    foreign key (employee_id) references employee (id) on delete cascade
);

insert into position (name, access_code)
values
    ('Генеральный директор', 5),
    ('Руководитель отдела', 5),
    ('Заместитель руководителя', 5),
    ('Технический специалист', 5),
    ('HR', 1),
    ('Младший брокер', 3),
    ('Брокер', 4),
    ('Старший брокер', 4)
;

insert into employee (id, name, specialization, number, email, login, password)
values (1, 'Шульц Геннадий Викторович', 'Жилая недвижимость', 79299901005, 'ShulcGennadiyViktorovich-1@agency.ru', 'GeViSh-129', 'ennaiktohulc189'),
       (2, 'Шульц Дмитрий Владимирович', 'Жилая недвижимость', 79290394316, 'ShulcDmitriyVladimirovich-2@agency.ru', 'DmVlSh-225', 'mitrladihulc268'),
       (3, 'Егоров Василий Ильич', 'Жилая недвижимость', 79298963522, 'EgorovVasiliyIlich-3@agency.ru', 'VaIlEg-360', 'asillichgoro343'),
       (4, 'Таманский Евгений Вадимович', 'Коммерческая недвижимость', 79290849839, 'TamanskiyEvgeniyVadimovich-4@agency.ru', 'EvVaTa-481', 'vgenadimaman486'),
       (5, 'Таманский Геннадий Леонидович', 'Коммерческая недвижимость', 79299180228, 'TamanskiyGennadiyLeonidovich-5@agency.ru', 'GeLeTa-512', 'ennaeoniaman535'),
       (6, 'Романов Эдуард Викторович', 'Жилая недвижимость', 79294140638, 'RomanovEduardViktorovich-6@agency.ru', 'EdViRo-695', 'duariktooman613'),
       (7, 'Акимов Иван Леонидович', 'Коммерческая недвижимость', 79290355690, 'AkimovIvanLeonidovich-7@agency.ru', 'IvLeAk-729', 'vaneonikimo760'),
       (8, 'Васнецов Евгений Олегович', 'Жилая недвижимость', 79297577549, 'VasnecovEvgeniyOlegovich-8@agency.ru', 'EvOlVa-885', 'vgenlegoasne866'),
       (9, 'Иванов Александр Олегович', 'Коммерческая недвижимость', 79298699306, 'IvanovAleksandrOlegovich-9@agency.ru', 'AlOlIv-962', 'lekslegovano980'),
       (10, 'Кузнецов Вадим Ильич', 'Коммерческая недвижимость', 79293341672, 'KuznecovVadimIlich-10@agency.ru', 'VaIlKu-1039', 'adimlichuzne1012'),
       (11, 'Егоров Дмитрий Арсеньевич', 'Жилая недвижимость', 79293829936, 'EgorovDmitriyArsenevich-11@agency.ru', 'DmArEg-1120', 'mitrrsengoro1116'),
       (12, 'Круглов Владимир Викторович', 'Жилая недвижимость', 79299506475, 'KruglovVladimirViktorovich-12@agency.ru', 'VlViKr-1271', 'ladiiktorugl1279'),
       (13, 'Антипов Виктор Артёмович', 'Жилая недвижимость', 79292392510, 'AntipovViktorArtemovich-13@agency.ru', 'ViArAn-1389', 'iktortemntip1364'),
       (14, 'Антипов Юрий Олегович', 'Коммерческая недвижимость', 79298871242, 'AntipovYuriyOlegovich-14@agency.ru', 'YuOlAn-1410', 'uriylegontip1422'),
       (15, 'Игнатьев Евгений Антонович', 'Жилая недвижимость', 79297942777, 'IgnatevEvgeniyAntonovich-15@agency.ru', 'EvAnIg-1529', 'vgenntongnat1541'),
       (16, 'Акимов Артём Дмитриевич', 'Жилая недвижимость', 79291115630, 'AkimovArtemDmitrievich-16@agency.ru', 'ArDmAk-1676', 'rtemmitrkimo1693'),
       (17, 'Антипов Арсений Вадимович', 'Жилая недвижимость', 79299000297, 'AntipovArseniyVadimovich-17@agency.ru', 'ArVaAn-1759', 'rsenadimntip1740'),
       (18, 'Высоцкий Александр Артёмович', 'Коммерческая недвижимость', 79295015355, 'VysockiyAleksandrArtemovich-18@agency.ru', 'AlArVy-1830', 'leksrtemysoc1813'),
       (19, 'Антипов Вадим Геннадьевич', 'Коммерческая недвижимость', 79294149803, 'AntipovVadimGennadevich-19@agency.ru', 'VaGeAn-1943', 'adimennantip1997'),
       (20, 'Антипов Виктор Юрьевич', 'Жилая недвижимость', 79292604782, 'AntipovViktorYurevich-20@agency.ru', 'ViYuAn-2094', 'iktourevntip2012'),
       (21, 'Егоров Арсений Викторович', 'Жилая недвижимость', 79297942821, 'EgorovArseniyViktorovich-21@agency.ru', 'ArViEg-2114', 'rseniktogoro2189'),
       (22, 'Кузнецов Евгений Вадимович', 'Жилая недвижимость', 79297262467, 'KuznecovEvgeniyVadimovich-22@agency.ru', 'EvVaKu-2270', 'vgenadimuzne2276'),
       (23, 'Таманский Юрий Викторович', 'Жилая недвижимость', 79292857426, 'TamanskiyYuriyViktorovich-23@agency.ru', 'YuViTa-2395', 'uriyiktoaman2323'),
       (24, 'Петров Иван Артёмович', 'Коммерческая недвижимость', 79295652590, 'PetrovIvanArtemovich-24@agency.ru', 'IvArPe-2496', 'vanrtemetro2490'),
       (25, 'Петров Виктор Владимирович', 'Коммерческая недвижимость', 79299475958, 'PetrovViktorVladimirovich-25@agency.ru', 'ViVlPe-2534', 'iktoladietro2559'),
       (26, 'Антипов Иван Викторович', 'Коммерческая недвижимость', 79294663134, 'AntipovIvanViktorovich-26@agency.ru', 'IvViAn-2658', 'vaniktontip2682'),
       (27, 'Акимов Леонид Эдуардович', 'Жилая недвижимость', 79298007518, 'AkimovLeonidEduardovich-27@agency.ru', 'LeEdAk-2767', 'eoniduarkimo2772'),
       (28, 'Романов Илья Юрьевич', 'Жилая недвижимость', 79294694449, 'RomanovIlyaYurevich-28@agency.ru', 'IlYuRo-2828', 'lyaurevoman2861'),
       (29, 'Игнатьев Дмитрий Леонидович', 'Жилая недвижимость', 79298419871, 'IgnatevDmitriyLeonidovich-29@agency.ru', 'DmLeIg-2961', 'mitreonignat2993'),
       (30, 'Игнатьев Илья Леонидович', 'Коммерческая недвижимость', 79294449896, 'IgnatevIlyaLeonidovich-30@agency.ru', 'IlLeIg-3046', 'lyaeonignat3063'),
       (31, 'Солдатов Василий Геннадьевич', 'Жилая недвижимость', 79298392024, 'SoldatovVasiliyGennadevich-31@agency.ru', 'VaGeSo-3174', 'asilennaolda3181'),
       (32, 'Кузнецов Олег Артёмович', 'Жилая недвижимость', 79291651690, 'KuznecovOlegArtemovich-32@agency.ru', 'OlArKu-3231', 'legrtemuzne3299'),
       (33, 'Шульц Владимир Владимирович', 'Коммерческая недвижимость', 79297675087, 'ShulcVladimirVladimirovich-33@agency.ru', 'VlVlSh-3325', 'ladiladihulc3368'),
       (34, 'Игнатьев Евгений Юрьевич', 'Коммерческая недвижимость', 79293728277, 'IgnatevEvgeniyYurevich-34@agency.ru', 'EvYuIg-3488', 'vgenurevgnat3421'),
       (35, 'Солдатов Виктор Васильевич', 'Жилая недвижимость', 79299801300, 'SoldatovViktorVasilevich-35@agency.ru', 'ViVaSo-3538', 'iktoasilolda3544'),
       (36, 'Антипов Виктор Дмитриевич', 'Жилая недвижимость', 79293246459, 'AntipovViktorDmitrievich-36@agency.ru', 'ViDmAn-3646', 'iktomitrntip3642'),
       (37, 'Ерёмин Юрий Дмитриевич', 'Жилая недвижимость', 79293858525, 'EreminYuriyDmitrievich-37@agency.ru', 'YuDmEr-3714', 'uriymitrremi3723'),
       (38, 'Петров Вадим Геннадьевич', 'Коммерческая недвижимость', 79299916504, 'PetrovVadimGennadevich-38@agency.ru', 'VaGePe-3882', 'adimennaetro3886'),
       (39, 'Кузнецов Вадим Юрьевич', 'Коммерческая недвижимость', 79294588270, 'KuznecovVadimYurevich-39@agency.ru', 'VaYuKu-3953', 'adimurevuzne3951'),
       (40, 'Романов Владимир Геннадьевич', 'Коммерческая недвижимость', 79292260909, 'RomanovVladimirGennadevich-40@agency.ru', 'VlGeRo-4058', 'ladiennaoman4039'),
       (41, 'Васильев Евгений Антонович', 'Жилая недвижимость', 79293449795, 'VasilevEvgeniyAntonovich-41@agency.ru', 'EvAnVa-4164', 'vgenntonasil4189'),
       (42, 'Баранов Евгений Артёмович', 'Жилая недвижимость', 79293373140, 'BaranovEvgeniyArtemovich-42@agency.ru', 'EvArBa-4249', 'vgenrtemaran4272'),
       (43, 'Баранов Вадим Васильевич', 'Коммерческая недвижимость', 79299260474, 'BaranovVadimVasilevich-43@agency.ru', 'VaVaBa-4340', 'adimasilaran4351'),
       (44, 'Ерёмин Илья Евгеньевич', 'Коммерческая недвижимость', 79296576621, 'EreminIlyaEvgenevich-44@agency.ru', 'IlEvEr-4418', 'lyavgenremi4471'),
       (45, 'Таманский Евгений Владимирович', 'Коммерческая недвижимость', 79292697900, 'TamanskiyEvgeniyVladimirovich-45@agency.ru', 'EvVlTa-4591', 'vgenladiaman4517'),
       (46, 'Шульц Василий Арсеньевич', 'Жилая недвижимость', 79292743453, 'ShulcVasiliyArsenevich-46@agency.ru', 'VaArSh-4612', 'asilrsenhulc4672'),
       (47, 'Романов Владимир Артёмович', 'Коммерческая недвижимость', 79298780197, 'RomanovVladimirArtemovich-47@agency.ru', 'VlArRo-4724', 'ladirtemoman4748'),
       (48, 'Круглов Василий Геннадьевич', 'Жилая недвижимость', 79297175580, 'KruglovVasiliyGennadevich-48@agency.ru', 'VaGeKr-4889', 'asilennarugl4881'),
       (49, 'Баранов Виктор Вадимович', 'Коммерческая недвижимость', 79290684074, 'BaranovViktorVadimovich-49@agency.ru', 'ViVaBa-4913', 'iktoadimaran4989'),
       (50, 'Петров Владимир Геннадьевич', 'Коммерческая недвижимость', 79299527439, 'PetrovVladimirGennadevich-50@agency.ru', 'VlGePe-5074', 'ladiennaetro5040'),
       (51, 'Шульц Дмитрий Викторович', 'Коммерческая недвижимость', 79298782341, 'ShulcDmitriyViktorovich-51@agency.ru', 'DmViSh-5121', 'mitriktohulc5165'),
       (52, 'Баранов Вадим Петрович', 'Коммерческая недвижимость', 79294824974, 'BaranovVadimPetrovich-52@agency.ru', 'VaPeBa-5294', 'adimetroaran5251'),
       (53, 'Игнатьев Александр Петрович', 'Жилая недвижимость', 79298932213, 'IgnatevAleksandrPetrovich-53@agency.ru', 'AlPeIg-5316', 'leksetrognat5327'),
       (54, 'Антипов Вадим Ильич', 'Коммерческая недвижимость', 79299018109, 'AntipovVadimIlich-54@agency.ru', 'VaIlAn-5455', 'adimlichntip5448'),
       (55, 'Таманский Дмитрий Антонович', 'Жилая недвижимость', 79293991084, 'TamanskiyDmitriyAntonovich-55@agency.ru', 'DmAnTa-5528', 'mitrntonaman5597'),
       (56, 'Иванов Евгений Вадимович', 'Коммерческая недвижимость', 79295808517, 'IvanovEvgeniyVadimovich-56@agency.ru', 'EvVaIv-5621', 'vgenadimvano5646'),
       (57, 'Солдатов Илья Эдуардович', 'Коммерческая недвижимость', 79293295663, 'SoldatovIlyaEduardovich-57@agency.ru', 'IlEdSo-5710', 'lyaduarolda5786'),
       (58, 'Петров Владимир Викторович', 'Жилая недвижимость', 79298223813, 'PetrovVladimirViktorovich-58@agency.ru', 'VlViPe-5838', 'ladiiktoetro5889'),
       (59, 'Егоров Юрий Ильич', 'Коммерческая недвижимость', 79291378694, 'EgorovYuriyIlich-59@agency.ru', 'YuIlEg-5941', 'uriylichgoro5928'),
       (60, 'Егоров Иван Эдуардович', 'Коммерческая недвижимость', 79298442606, 'EgorovIvanEduardovich-60@agency.ru', 'IvEdEg-6080', 'vanduargoro6017'),
       (61, 'Игнатьев Пётр Олегович', 'Жилая недвижимость', 79293655533, 'IgnatevPetrOlegovich-61@agency.ru', 'PeOlIg-6116', 'etrlegognat6156'),
       (62, 'Ерёмин Олег Владимирович', 'Коммерческая недвижимость', 79291753552, 'EreminOlegVladimirovich-62@agency.ru', 'OlVlEr-6273', 'legladiremi6238'),
       (63, 'Егоров Геннадий Владимирович', 'Жилая недвижимость', 79299664387, 'EgorovGennadiyVladimirovich-63@agency.ru', 'GeVlEg-6350', 'ennaladigoro6367'),
       (64, 'Шульц Арсений Олегович', 'Коммерческая недвижимость', 79299569893, 'ShulcArseniyOlegovich-64@agency.ru', 'ArOlSh-6475', 'rsenlegohulc6459'),
       (65, 'Солдатов Геннадий Александрович', 'Жилая недвижимость', 79297180063, 'SoldatovGennadiyAleksandrovich-65@agency.ru', 'GeAlSo-6529', 'ennaleksolda6551'),
       (66, 'Высоцкий Василий Арсеньевич', 'Жилая недвижимость', 79293165694, 'VysockiyVasiliyArsenevich-66@agency.ru', 'VaArVy-6641', 'asilrsenysoc6659'),
       (67, 'Петров Артём Артёмович', 'Коммерческая недвижимость', 79297853827, 'PetrovArtemArtemovich-67@agency.ru', 'ArArPe-6763', 'rtemrtemetro6762'),
       (68, 'Антипов Эдуард Вадимович', 'Коммерческая недвижимость', 79296206102, 'AntipovEduardVadimovich-68@agency.ru', 'EdVaAn-6880', 'duaradimntip6831'),
       (69, 'Баранов Олег Вадимович', 'Жилая недвижимость', 79296454129, 'BaranovOlegVadimovich-69@agency.ru', 'OlVaBa-6992', 'legadimaran6998'),
       (70, 'Солдатов Владимир Леонидович', 'Коммерческая недвижимость', 79290171844, 'SoldatovVladimirLeonidovich-70@agency.ru', 'VlLeSo-7047', 'ladieoniolda7055'),
       (71, 'Васильев Геннадий Олегович', 'Коммерческая недвижимость', 79298604059, 'VasilevGennadiyOlegovich-71@agency.ru', 'GeOlVa-7142', 'ennalegoasil7137'),
       (72, 'Иванов Леонид Петрович', 'Коммерческая недвижимость', 79295740929, 'IvanovLeonidPetrovich-72@agency.ru', 'LePeIv-7259', 'eonietrovano7247'),
       (73, 'Круглов Артём Вадимович', 'Жилая недвижимость', 79295644859, 'KruglovArtemVadimovich-73@agency.ru', 'ArVaKr-7342', 'rtemadimrugl7348'),
       (74, 'Солдатов Эдуард Дмитриевич', 'Коммерческая недвижимость', 79297420997, 'SoldatovEduardDmitrievich-74@agency.ru', 'EdDmSo-7439', 'duarmitrolda7467'),
       (75, 'Антипов Арсений Иванович', 'Жилая недвижимость', 79296824764, 'AntipovArseniyIvanovich-75@agency.ru', 'ArIvAn-7510', 'rsenvanontip7597'),
       (76, 'Солдатов Леонид Владимирович', 'Коммерческая недвижимость', 79295248959, 'SoldatovLeonidVladimirovich-76@agency.ru', 'LeVlSo-7627', 'eoniladiolda7691'),
       (77, 'Васнецов Евгений Ильич', 'Коммерческая недвижимость', 79294741318, 'VasnecovEvgeniyIlich-77@agency.ru', 'EvIlVa-7743', 'vgenlichasne7742'),
       (78, 'Таманский Евгений Эдуардович', 'Коммерческая недвижимость', 79295286545, 'TamanskiyEvgeniyEduardovich-78@agency.ru', 'EvEdTa-7831', 'vgenduaraman7888'),
       (79, 'Новиков Дмитрий Олегович', 'Коммерческая недвижимость', 79296693571, 'NovikovDmitriyOlegovich-79@agency.ru', 'DmOlNo-7971', 'mitrlegoovik7942'),
       (80, 'Антипов Виктор Леонидович', 'Коммерческая недвижимость', 79297819665, 'AntipovViktorLeonidovich-80@agency.ru', 'ViLeAn-8025', 'iktoeonintip8052'),
       (81, 'Васильев Василий Ильич', 'Коммерческая недвижимость', 79292197302, 'VasilevVasiliyIlich-81@agency.ru', 'VaIlVa-8148', 'asillichasil8171'),
       (82, 'Акимов Пётр Арсеньевич', 'Коммерческая недвижимость', 79290698159, 'AkimovPetrArsenevich-82@agency.ru', 'PeArAk-8256', 'etrrsenkimo8279'),
       (83, 'Егоров Юрий Владимирович', 'Жилая недвижимость', 79298789821, 'EgorovYuriyVladimirovich-83@agency.ru', 'YuVlEg-8348', 'uriyladigoro8322'),
       (84, 'Новиков Эдуард Ильич', 'Жилая недвижимость', 79295643119, 'NovikovEduardIlich-84@agency.ru', 'EdIlNo-8486', 'duarlichovik8486'),
       (85, 'Васильев Александр Эдуардович', 'Жилая недвижимость', 79295037003, 'VasilevAleksandrEduardovich-85@agency.ru', 'AlEdVa-8544', 'leksduarasil8544'),
       (86, 'Акимов Владимир Владимирович', 'Коммерческая недвижимость', 79293246535, 'AkimovVladimirVladimirovich-86@agency.ru', 'VlVlAk-8638', 'ladiladikimo8665'),
       (87, 'Романов Владимир Ильич', 'Коммерческая недвижимость', 79297263873, 'RomanovVladimirIlich-87@agency.ru', 'VlIlRo-8764', 'ladilichoman8753'),
       (88, 'Ерёмин Эдуард Геннадьевич', 'Коммерческая недвижимость', 79295714825, 'EreminEduardGennadevich-88@agency.ru', 'EdGeEr-8820', 'duarennaremi8829'),
       (89, 'Новиков Арсений Петрович', 'Жилая недвижимость', 79293552856, 'NovikovArseniyPetrovich-89@agency.ru', 'ArPeNo-8937', 'rsenetroovik8912'),
       (90, 'Кузнецов Эдуард Геннадьевич', 'Коммерческая недвижимость', 79291350465, 'KuznecovEduardGennadevich-90@agency.ru', 'EdGeKu-9052', 'duarennauzne9047'),
       (91, 'Круглов Александр Евгеньевич', 'Жилая недвижимость', 79293857517, 'KruglovAleksandrEvgenevich-91@agency.ru', 'AlEvKr-9133', 'leksvgenrugl9157'),
       (92, 'Таманский Дмитрий Артёмович', 'Жилая недвижимость', 79297502515, 'TamanskiyDmitriyArtemovich-92@agency.ru', 'DmArTa-9246', 'mitrrtemaman9285'),
       (93, 'Круглов Пётр Евгеньевич', 'Жилая недвижимость', 79299210161, 'KruglovPetrEvgenevich-93@agency.ru', 'PeEvKr-9394', 'etrvgenrugl9366'),
       (94, 'Иванов Геннадий Александрович', 'Коммерческая недвижимость', 79298573033, 'IvanovGennadiyAleksandrovich-94@agency.ru', 'GeAlIv-9456', 'ennaleksvano9429'),
       (95, 'Баранов Владимир Викторович', 'Жилая недвижимость', 79294912562, 'BaranovVladimirViktorovich-95@agency.ru', 'VlViBa-9546', 'ladiiktoaran9524'),
       (96, 'Новиков Юрий Юрьевич', 'Жилая недвижимость', 79297212699, 'NovikovYuriyYurevich-96@agency.ru', 'YuYuNo-9647', 'uriyurevovik9649'),
       (97, 'Новиков Геннадий Владимирович', 'Коммерческая недвижимость', 79298601164, 'NovikovGennadiyVladimirovich-97@agency.ru', 'GeVlNo-9742', 'ennaladiovik9752'),
       (98, 'Антипов Антон Юрьевич', 'Коммерческая недвижимость', 79293954373, 'AntipovAntonYurevich-98@agency.ru', 'AnYuAn-9867', 'ntonurevntip9885'),
       (99, 'Таманский Эдуард Эдуардович', 'Жилая недвижимость', 79291746257, 'TamanskiyEduardEduardovich-99@agency.ru', 'EdEdTa-9926', 'duarduaraman9921'),
       (100, 'Кузнецов Илья Юрьевич', 'Жилая недвижимость', 79291605798, 'KuznecovIlyaYurevich-100@agency.ru', 'IlYuKu-10028', 'lyaurevuzne10039'),
       (101, 'Игнатьев Леонид Ильич', 'Коммерческая недвижимость', 79295734360, 'IgnatevLeonidIlich-101@agency.ru', 'LeIlIg-10173', 'eonilichgnat10197'),
       (102, 'Васильев Эдуард Васильевич', 'Коммерческая недвижимость', 79297717970, 'VasilevEduardVasilevich-102@agency.ru', 'EdVaVa-10230', 'duarasilasil10272'),
       (103, 'Круглов Иван Артёмович', 'Коммерческая недвижимость', 79298558823, 'KruglovIvanArtemovich-103@agency.ru', 'IvArKr-10334', 'vanrtemrugl10313'),
       (104, 'Новиков Виктор Эдуардович', 'Коммерческая недвижимость', 79298600904, 'NovikovViktorEduardovich-104@agency.ru', 'ViEdNo-10446', 'iktoduarovik10435'),
       (105, 'Васильев Юрий Антонович', 'Коммерческая недвижимость', 79294697551, 'VasilevYuriyAntonovich-105@agency.ru', 'YuAnVa-10511', 'uriyntonasil10587'),
       (106, 'Баранов Виктор Артёмович', 'Коммерческая недвижимость', 79294278643, 'BaranovViktorArtemovich-106@agency.ru', 'ViArBa-10660', 'iktortemaran10660'),
       (107, 'Игнатьев Илья Александрович', 'Жилая недвижимость', 79296633946, 'IgnatevIlyaAleksandrovich-107@agency.ru', 'IlAlIg-10730', 'lyaleksgnat10750'),
       (108, 'Романов Эдуард Юрьевич', 'Коммерческая недвижимость', 79299158916, 'RomanovEduardYurevich-108@agency.ru', 'EdYuRo-10820', 'duarurevoman10857'),
       (109, 'Солдатов Артём Ильич', 'Жилая недвижимость', 79298876260, 'SoldatovArtemIlich-109@agency.ru', 'ArIlSo-10986', 'rtemlicholda10938'),
       (110, 'Новиков Василий Вадимович', 'Коммерческая недвижимость', 79293839188, 'NovikovVasiliyVadimovich-110@agency.ru', 'VaVaNo-11091', 'asiladimovik11072'),
       (111, 'Высоцкий Пётр Вадимович', 'Жилая недвижимость', 79296044615, 'VysockiyPetrVadimovich-111@agency.ru', 'PeVaVy-11119', 'etradimysoc11116'),
       (112, 'Иванов Владимир Антонович', 'Жилая недвижимость', 79292852836, 'IvanovVladimirAntonovich-112@agency.ru', 'VlAnIv-11235', 'ladintonvano11236'),
       (113, 'Васильев Олег Евгеньевич', 'Жилая недвижимость', 79295606035, 'VasilevOlegEvgenevich-113@agency.ru', 'OlEvVa-11375', 'legvgenasil11337'),
       (114, 'Петров Антон Антонович', 'Коммерческая недвижимость', 79297451921, 'PetrovAntonAntonovich-114@agency.ru', 'AnAnPe-11445', 'ntonntonetro11473'),
       (115, 'Солдатов Арсений Юрьевич', 'Жилая недвижимость', 79292707026, 'SoldatovArseniyYurevich-115@agency.ru', 'ArYuSo-11587', 'rsenurevolda11591'),
       (116, 'Баранов Антон Антонович', 'Жилая недвижимость', 79291811019, 'BaranovAntonAntonovich-116@agency.ru', 'AnAnBa-11617', 'ntonntonaran11610'),
       (117, 'Кузнецов Арсений Петрович', 'Коммерческая недвижимость', 79290477266, 'KuznecovArseniyPetrovich-117@agency.ru', 'ArPeKu-11761', 'rsenetrouzne11729'),
       (118, 'Васнецов Виктор Владимирович', 'Коммерческая недвижимость', 79299079932, 'VasnecovViktorVladimirovich-118@agency.ru', 'ViVlVa-11845', 'iktoladiasne11811'),
       (119, 'Акимов Вадим Геннадьевич', 'Коммерческая недвижимость', 79292889665, 'AkimovVadimGennadevich-119@agency.ru', 'VaGeAk-11981', 'adimennakimo11933'),
       (120, 'Солдатов Эдуард Леонидович', 'Жилая недвижимость', 79297927551, 'SoldatovEduardLeonidovich-120@agency.ru', 'EdLeSo-12025', 'duareoniolda12039'),
       (121, 'Кузнецов Антон Олегович', 'Коммерческая недвижимость', 79292731500, 'KuznecovAntonOlegovich-121@agency.ru', 'AnOlKu-12169', 'ntonlegouzne12118'),
       (122, 'Иванов Дмитрий Олегович', 'Жилая недвижимость', 79299842060, 'IvanovDmitriyOlegovich-122@agency.ru', 'DmOlIv-12292', 'mitrlegovano12232'),
       (123, 'Таманский Эдуард Владимирович', 'Коммерческая недвижимость', 79295106708, 'TamanskiyEduardVladimirovich-123@agency.ru', 'EdVlTa-12384', 'duarladiaman12341'),
       (124, 'Игнатьев Антон Викторович', 'Коммерческая недвижимость', 79297773528, 'IgnatevAntonViktorovich-124@agency.ru', 'AnViIg-12465', 'ntoniktognat12431'),
       (125, 'Васнецов Василий Юрьевич', 'Коммерческая недвижимость', 79297368984, 'VasnecovVasiliyYurevich-125@agency.ru', 'VaYuVa-12541', 'asilurevasne12519'),
       (126, 'Круглов Геннадий Дмитриевич', 'Жилая недвижимость', 79291825904, 'KruglovGennadiyDmitrievich-126@agency.ru', 'GeDmKr-12682', 'ennamitrrugl12661'),
       (127, 'Акимов Александр Антонович', 'Жилая недвижимость', 79290272488, 'AkimovAleksandrAntonovich-127@agency.ru', 'AlAnAk-12786', 'leksntonkimo12772'),
       (128, 'Акимов Арсений Викторович', 'Коммерческая недвижимость', 79297270555, 'AkimovArseniyViktorovich-128@agency.ru', 'ArViAk-12887', 'rseniktokimo12812'),
       (129, 'Новиков Василий Васильевич', 'Коммерческая недвижимость', 79296539921, 'NovikovVasiliyVasilevich-129@agency.ru', 'VaVaNo-12979', 'asilasilovik12999'),
       (130, 'Высоцкий Геннадий Дмитриевич', 'Жилая недвижимость', 79292765087, 'VysockiyGennadiyDmitrievich-130@agency.ru', 'GeDmVy-13074', 'ennamitrysoc13054'),
       (131, 'Романов Евгений Артёмович', 'Коммерческая недвижимость', 79293212983, 'RomanovEvgeniyArtemovich-131@agency.ru', 'EvArRo-13165', 'vgenrtemoman13167'),
       (132, 'Шульц Иван Геннадьевич', 'Жилая недвижимость', 79290534994, 'ShulcIvanGennadevich-132@agency.ru', 'IvGeSh-13270', 'vanennahulc13238'),
       (133, 'Баранов Олег Петрович', 'Коммерческая недвижимость', 79298098191, 'BaranovOlegPetrovich-133@agency.ru', 'OlPeBa-13315', 'legetroaran13324'),
       (134, 'Петров Иван Геннадьевич', 'Жилая недвижимость', 79299711162, 'PetrovIvanGennadevich-134@agency.ru', 'IvGePe-13437', 'vanennaetro13463'),
       (135, 'Романов Владимир Эдуардович', 'Жилая недвижимость', 79292091398, 'RomanovVladimirEduardovich-135@agency.ru', 'VlEdRo-13514', 'ladiduaroman13598'),
       (136, 'Васнецов Илья Артёмович', 'Жилая недвижимость', 79295439088, 'VasnecovIlyaArtemovich-136@agency.ru', 'IlArVa-13610', 'lyartemasne13689'),
       (137, 'Круглов Антон Александрович', 'Коммерческая недвижимость', 79291043261, 'KruglovAntonAleksandrovich-137@agency.ru', 'AnAlKr-13756', 'ntonleksrugl13732'),
       (138, 'Баранов Вадим Вадимович', 'Коммерческая недвижимость', 79295669890, 'BaranovVadimVadimovich-138@agency.ru', 'VaVaBa-13889', 'adimadimaran13876'),
       (139, 'Ерёмин Леонид Юрьевич', 'Жилая недвижимость', 79299569000, 'EreminLeonidYurevich-139@agency.ru', 'LeYuEr-13961', 'eoniurevremi13934'),
       (140, 'Круглов Дмитрий Вадимович', 'Коммерческая недвижимость', 79290200298, 'KruglovDmitriyVadimovich-140@agency.ru', 'DmVaKr-14079', 'mitradimrugl14027'),
       (141, 'Петров Юрий Александрович', 'Жилая недвижимость', 79291906334, 'PetrovYuriyAleksandrovich-141@agency.ru', 'YuAlPe-14175', 'uriyleksetro14170'),
       (142, 'Егоров Арсений Вадимович', 'Коммерческая недвижимость', 79299868855, 'EgorovArseniyVadimovich-142@agency.ru', 'ArVaEg-14297', 'rsenadimgoro14223'),
       (143, 'Игнатьев Владимир Евгеньевич', 'Коммерческая недвижимость', 79299652666, 'IgnatevVladimirEvgenevich-143@agency.ru', 'VlEvIg-14324', 'ladivgengnat14340'),
       (144, 'Баранов Евгений Леонидович', 'Жилая недвижимость', 79298094286, 'BaranovEvgeniyLeonidovich-144@agency.ru', 'EvLeBa-14456', 'vgeneoniaran14424'),
       (145, 'Антипов Вадим Петрович', 'Коммерческая недвижимость', 79299835099, 'AntipovVadimPetrovich-145@agency.ru', 'VaPeAn-14588', 'adimetrontip14580'),
       (146, 'Петров Олег Владимирович', 'Жилая недвижимость', 79290507738, 'PetrovOlegVladimirovich-146@agency.ru', 'OlVlPe-14682', 'legladietro14652'),
       (147, 'Петров Арсений Евгеньевич', 'Коммерческая недвижимость', 79298749578, 'PetrovArseniyEvgenevich-147@agency.ru', 'ArEvPe-14786', 'rsenvgenetro14759'),
       (148, 'Высоцкий Александр Юрьевич', 'Коммерческая недвижимость', 79291695419, 'VysockiyAleksandrYurevich-148@agency.ru', 'AlYuVy-14844', 'leksurevysoc14880'),
       (149, 'Егоров Антон Васильевич', 'Жилая недвижимость', 79290515667, 'EgorovAntonVasilevich-149@agency.ru', 'AnVaEg-14926', 'ntonasilgoro14961'),
       (150, 'Солдатов Евгений Эдуардович', 'Жилая недвижимость', 79291323811, 'SoldatovEvgeniyEduardovich-150@agency.ru', 'EvEdSo-15012', 'vgenduarolda15043');

insert into client (id, name, status, number, email)
values (1, 'Иванов Виктор Викторович', 'Обычный', 79294977357, 'IvanovViktorViktorovich-1@agency.ru'),
       (2, 'Романов Артём Петрович', 'Обычный', 79296847806, 'RomanovArtemPetrovich-2@agency.ru'),
       (3, 'Солдатов Пётр Дмитриевич', 'Повышенный', 79292152819, 'SoldatovPetrDmitrievich-3@agency.ru'),
       (4, 'Иванов Евгений Ильич', 'Повышенный', 79299791994, 'IvanovEvgeniyIlich-4@agency.ru'),
       (5, 'Круглов Олег Леонидович', 'Приоритетный', 79298869675, 'KruglovOlegLeonidovich-5@agency.ru'),
       (6, 'Иванов Илья Арсеньевич', 'Приоритетный', 79298303402, 'IvanovIlyaArsenevich-6@agency.ru'),
       (7, 'Антипов Леонид Олегович', 'Повышенный', 79299860471, 'AntipovLeonidOlegovich-7@agency.ru'),
       (8, 'Круглов Иван Александрович', 'Обычный', 79299371723, 'KruglovIvanAleksandrovich-8@agency.ru'),
       (9, 'Васильев Юрий Ильич', 'Приоритетный', 79298151185, 'VasilevYuriyIlich-9@agency.ru'),
       (10, 'Петров Александр Юрьевич', 'Повышенный', 79297241841, 'PetrovAleksandrYurevich-10@agency.ru'),
       (11, 'Романов Василий Олегович', 'Приоритетный', 79290453230, 'RomanovVasiliyOlegovich-11@agency.ru'),
       (12, 'Васильев Леонид Петрович', 'Обычный', 79294717257, 'VasilevLeonidPetrovich-12@agency.ru'),
       (13, 'Солдатов Юрий Эдуардович', 'Обычный', 79292513054, 'SoldatovYuriyEduardovich-13@agency.ru'),
       (14, 'Егоров Олег Артёмович', 'Повышенный', 79297842494, 'EgorovOlegArtemovich-14@agency.ru'),
       (15, 'Петров Василий Викторович', 'Приоритетный', 79293194805, 'PetrovVasiliyViktorovich-15@agency.ru'),
       (16, 'Круглов Илья Олегович', 'Повышенный', 79294103662, 'KruglovIlyaOlegovich-16@agency.ru'),
       (17, 'Солдатов Арсений Петрович', 'Приоритетный', 79298288749, 'SoldatovArseniyPetrovich-17@agency.ru'),
       (18, 'Романов Артём Юрьевич', 'Приоритетный', 79294694808, 'RomanovArtemYurevich-18@agency.ru'),
       (19, 'Петров Антон Васильевич', 'Обычный', 79295896077, 'PetrovAntonVasilevich-19@agency.ru'),
       (20, 'Баранов Арсений Арсеньевич', 'Обычный', 79299562752, 'BaranovArseniyArsenevich-20@agency.ru'),
       (21, 'Баранов Виктор Артёмович', 'Повышенный', 79295965076, 'BaranovViktorArtemovich-21@agency.ru'),
       (22, 'Антипов Евгений Евгеньевич', 'Повышенный', 79293081067, 'AntipovEvgeniyEvgenevich-22@agency.ru'),
       (23, 'Круглов Вадим Арсеньевич', 'Обычный', 79298360043, 'KruglovVadimArsenevich-23@agency.ru'),
       (24, 'Иванов Виктор Олегович', 'Повышенный', 79294648169, 'IvanovViktorOlegovich-24@agency.ru'),
       (25, 'Высоцкий Иван Петрович', 'Повышенный', 79292288816, 'VysockiyIvanPetrovich-25@agency.ru'),
       (26, 'Новиков Виктор Викторович', 'Обычный', 79295237623, 'NovikovViktorViktorovich-26@agency.ru'),
       (27, 'Иванов Вадим Геннадьевич', 'Обычный', 79292562243, 'IvanovVadimGennadevich-27@agency.ru'),
       (28, 'Солдатов Виктор Дмитриевич', 'Приоритетный', 79294032586, 'SoldatovViktorDmitrievich-28@agency.ru'),
       (29, 'Кузнецов Леонид Васильевич', 'Приоритетный', 79294449926, 'KuznecovLeonidVasilevich-29@agency.ru'),
       (30, 'Баранов Евгений Вадимович', 'Обычный', 79295499973, 'BaranovEvgeniyVadimovich-30@agency.ru'),
       (31, 'Васильев Антон Арсеньевич', 'Приоритетный', 79292132009, 'VasilevAntonArsenevich-31@agency.ru'),
       (32, 'Солдатов Антон Дмитриевич', 'Приоритетный', 79292696468, 'SoldatovAntonDmitrievich-32@agency.ru'),
       (33, 'Новиков Пётр Дмитриевич', 'Приоритетный', 79298588547, 'NovikovPetrDmitrievich-33@agency.ru'),
       (34, 'Игнатьев Владимир Викторович', 'Повышенный', 79296967157, 'IgnatevVladimirViktorovich-34@agency.ru'),
       (35, 'Егоров Александр Владимирович', 'Повышенный', 79291067487, 'EgorovAleksandrVladimirovich-35@agency.ru'),
       (36, 'Кузнецов Дмитрий Геннадьевич', 'Обычный', 79299135339, 'KuznecovDmitriyGennadevich-36@agency.ru'),
       (37, 'Романов Виктор Эдуардович', 'Приоритетный', 79292852211, 'RomanovViktorEduardovich-37@agency.ru'),
       (38, 'Романов Илья Евгеньевич', 'Обычный', 79292015573, 'RomanovIlyaEvgenevich-38@agency.ru'),
       (39, 'Игнатьев Александр Леонидович', 'Повышенный', 79291778011, 'IgnatevAleksandrLeonidovich-39@agency.ru'),
       (40, 'Круглов Леонид Петрович', 'Приоритетный', 79290636220, 'KruglovLeonidPetrovich-40@agency.ru'),
       (41, 'Антипов Иван Васильевич', 'Приоритетный', 79294253627, 'AntipovIvanVasilevich-41@agency.ru'),
       (42, 'Петров Олег Викторович', 'Повышенный', 79290039695, 'PetrovOlegViktorovich-42@agency.ru'),
       (43, 'Игнатьев Василий Леонидович', 'Повышенный', 79299577235, 'IgnatevVasiliyLeonidovich-43@agency.ru'),
       (44, 'Новиков Александр Иванович', 'Повышенный', 79295210101, 'NovikovAleksandrIvanovich-44@agency.ru'),
       (45, 'Таманский Александр Васильевич', 'Приоритетный', 79291558147, 'TamanskiyAleksandrVasilevich-45@agency.ru'),
       (46, 'Ерёмин Илья Ильич', 'Повышенный', 79295193732, 'EreminIlyaIlich-46@agency.ru'),
       (47, 'Егоров Иван Геннадьевич', 'Повышенный', 79296826578, 'EgorovIvanGennadevich-47@agency.ru'),
       (48, 'Егоров Виктор Ильич', 'Обычный', 79298173805, 'EgorovViktorIlich-48@agency.ru'),
       (49, 'Таманский Юрий Олегович', 'Обычный', 79295560593, 'TamanskiyYuriyOlegovich-49@agency.ru'),
       (50, 'Шульц Антон Иванович', 'Приоритетный', 79291509048, 'ShulcAntonIvanovich-50@agency.ru'),
       (51, 'Таманский Антон Леонидович', 'Обычный', 79294389734, 'TamanskiyAntonLeonidovich-51@agency.ru'),
       (52, 'Васильев Дмитрий Арсеньевич', 'Повышенный', 79296467812, 'VasilevDmitriyArsenevich-52@agency.ru'),
       (53, 'Игнатьев Дмитрий Эдуардович', 'Приоритетный', 79292983652, 'IgnatevDmitriyEduardovich-53@agency.ru'),
       (54, 'Игнатьев Антон Викторович', 'Повышенный', 79294078674, 'IgnatevAntonViktorovich-54@agency.ru'),
       (55, 'Антипов Евгений Васильевич', 'Приоритетный', 79290175573, 'AntipovEvgeniyVasilevich-55@agency.ru'),
       (56, 'Ерёмин Владимир Иванович', 'Приоритетный', 79290857434, 'EreminVladimirIvanovich-56@agency.ru'),
       (57, 'Иванов Виктор Викторович', 'Приоритетный', 79294551466, 'IvanovViktorViktorovich-57@agency.ru'),
       (58, 'Баранов Виктор Ильич', 'Повышенный', 79298750073, 'BaranovViktorIlich-58@agency.ru'),
       (59, 'Петров Антон Владимирович', 'Обычный', 79296688919, 'PetrovAntonVladimirovich-59@agency.ru'),
       (60, 'Егоров Антон Викторович', 'Приоритетный', 79298080821, 'EgorovAntonViktorovich-60@agency.ru'),
       (61, 'Петров Василий Олегович', 'Приоритетный', 79292402477, 'PetrovVasiliyOlegovich-61@agency.ru'),
       (62, 'Романов Геннадий Артёмович', 'Повышенный', 79294636022, 'RomanovGennadiyArtemovich-62@agency.ru'),
       (63, 'Шульц Владимир Юрьевич', 'Обычный', 79296219345, 'ShulcVladimirYurevich-63@agency.ru'),
       (64, 'Круглов Дмитрий Владимирович', 'Приоритетный', 79297568773, 'KruglovDmitriyVladimirovich-64@agency.ru'),
       (65, 'Иванов Вадим Олегович', 'Повышенный', 79297478414, 'IvanovVadimOlegovich-65@agency.ru'),
       (66, 'Круглов Иван Вадимович', 'Обычный', 79293468580, 'KruglovIvanVadimovich-66@agency.ru'),
       (67, 'Петров Иван Эдуардович', 'Обычный', 79292337294, 'PetrovIvanEduardovich-67@agency.ru'),
       (68, 'Круглов Виктор Артёмович', 'Приоритетный', 79293495304, 'KruglovViktorArtemovich-68@agency.ru'),
       (69, 'Кузнецов Арсений Ильич', 'Обычный', 79295230489, 'KuznecovArseniyIlich-69@agency.ru'),
       (70, 'Васильев Илья Антонович', 'Приоритетный', 79292357761, 'VasilevIlyaAntonovich-70@agency.ru'),
       (71, 'Антипов Леонид Александрович', 'Приоритетный', 79296739826, 'AntipovLeonidAleksandrovich-71@agency.ru'),
       (72, 'Ерёмин Геннадий Петрович', 'Повышенный', 79291474395, 'EreminGennadiyPetrovich-72@agency.ru'),
       (73, 'Новиков Арсений Викторович', 'Обычный', 79291015857, 'NovikovArseniyViktorovich-73@agency.ru'),
       (74, 'Егоров Геннадий Иванович', 'Повышенный', 79297467192, 'EgorovGennadiyIvanovich-74@agency.ru'),
       (75, 'Антипов Дмитрий Петрович', 'Повышенный', 79296044922, 'AntipovDmitriyPetrovich-75@agency.ru'),
       (76, 'Шульц Артём Юрьевич', 'Обычный', 79296337140, 'ShulcArtemYurevich-76@agency.ru'),
       (77, 'Кузнецов Артём Александрович', 'Повышенный', 79297264031, 'KuznecovArtemAleksandrovich-77@agency.ru'),
       (78, 'Егоров Артём Эдуардович', 'Приоритетный', 79296923501, 'EgorovArtemEduardovich-78@agency.ru'),
       (79, 'Игнатьев Юрий Петрович', 'Приоритетный', 79295112095, 'IgnatevYuriyPetrovich-79@agency.ru'),
       (80, 'Егоров Иван Арсеньевич', 'Повышенный', 79296149646, 'EgorovIvanArsenevich-80@agency.ru'),
       (81, 'Акимов Геннадий Артёмович', 'Обычный', 79294447759, 'AkimovGennadiyArtemovich-81@agency.ru'),
       (82, 'Шульц Леонид Александрович', 'Приоритетный', 79297891916, 'ShulcLeonidAleksandrovich-82@agency.ru'),
       (83, 'Акимов Леонид Геннадьевич', 'Повышенный', 79292448946, 'AkimovLeonidGennadevich-83@agency.ru'),
       (84, 'Кузнецов Геннадий Леонидович', 'Обычный', 79291881943, 'KuznecovGennadiyLeonidovich-84@agency.ru'),
       (85, 'Антипов Евгений Артёмович', 'Приоритетный', 79290138699, 'AntipovEvgeniyArtemovich-85@agency.ru'),
       (86, 'Солдатов Антон Геннадьевич', 'Приоритетный', 79295986397, 'SoldatovAntonGennadevich-86@agency.ru'),
       (87, 'Акимов Евгений Эдуардович', 'Приоритетный', 79294054055, 'AkimovEvgeniyEduardovich-87@agency.ru'),
       (88, 'Ерёмин Василий Викторович', 'Повышенный', 79290109516, 'EreminVasiliyViktorovich-88@agency.ru'),
       (89, 'Романов Евгений Дмитриевич', 'Обычный', 79298763612, 'RomanovEvgeniyDmitrievich-89@agency.ru'),
       (90, 'Круглов Владимир Ильич', 'Повышенный', 79298010095, 'KruglovVladimirIlich-90@agency.ru'),
       (91, 'Антипов Антон Александрович', 'Приоритетный', 79299801839, 'AntipovAntonAleksandrovich-91@agency.ru'),
       (92, 'Солдатов Виктор Леонидович', 'Повышенный', 79294180875, 'SoldatovViktorLeonidovich-92@agency.ru'),
       (93, 'Егоров Арсений Эдуардович', 'Повышенный', 79295832848, 'EgorovArseniyEduardovich-93@agency.ru'),
       (94, 'Солдатов Эдуард Артёмович', 'Повышенный', 79296082443, 'SoldatovEduardArtemovich-94@agency.ru'),
       (95, 'Егоров Эдуард Геннадьевич', 'Повышенный', 79293896663, 'EgorovEduardGennadevich-95@agency.ru'),
       (96, 'Шульц Александр Иванович', 'Приоритетный', 79293903023, 'ShulcAleksandrIvanovich-96@agency.ru'),
       (97, 'Петров Юрий Викторович', 'Повышенный', 79291941618, 'PetrovYuriyViktorovich-97@agency.ru'),
       (98, 'Егоров Геннадий Петрович', 'Обычный', 79293945838, 'EgorovGennadiyPetrovich-98@agency.ru'),
       (99, 'Таманский Геннадий Леонидович', 'Обычный', 79297549591, 'TamanskiyGennadiyLeonidovich-99@agency.ru'),
       (100, 'Круглов Виктор Артёмович', 'Приоритетный', 79291849403, 'KruglovViktorArtemovich-100@agency.ru'),
       (101, 'Игнатьев Дмитрий Викторович', 'Повышенный', 79296945906, 'IgnatevDmitriyViktorovich-101@agency.ru'),
       (102, 'Кузнецов Владимир Арсеньевич', 'Приоритетный', 79292976865, 'KuznecovVladimirArsenevich-102@agency.ru'),
       (103, 'Акимов Эдуард Александрович', 'Обычный', 79297585717, 'AkimovEduardAleksandrovich-103@agency.ru'),
       (104, 'Васнецов Олег Геннадьевич', 'Обычный', 79290715522, 'VasnecovOlegGennadevich-104@agency.ru'),
       (105, 'Высоцкий Артём Ильич', 'Обычный', 79299577015, 'VysockiyArtemIlich-105@agency.ru'),
       (106, 'Антипов Олег Викторович', 'Обычный', 79295501547, 'AntipovOlegViktorovich-106@agency.ru'),
       (107, 'Солдатов Александр Ильич', 'Обычный', 79298270493, 'SoldatovAleksandrIlich-107@agency.ru'),
       (108, 'Высоцкий Илья Дмитриевич', 'Приоритетный', 79293386773, 'VysockiyIlyaDmitrievich-108@agency.ru'),
       (109, 'Баранов Леонид Юрьевич', 'Повышенный', 79296332444, 'BaranovLeonidYurevich-109@agency.ru'),
       (110, 'Круглов Артём Леонидович', 'Обычный', 79296025190, 'KruglovArtemLeonidovich-110@agency.ru'),
       (111, 'Романов Виктор Леонидович', 'Повышенный', 79299205387, 'RomanovViktorLeonidovich-111@agency.ru'),
       (112, 'Круглов Илья Эдуардович', 'Повышенный', 79295690977, 'KruglovIlyaEduardovich-112@agency.ru'),
       (113, 'Высоцкий Леонид Ильич', 'Повышенный', 79294973316, 'VysockiyLeonidIlich-113@agency.ru'),
       (114, 'Игнатьев Дмитрий Дмитриевич', 'Приоритетный', 79295457057, 'IgnatevDmitriyDmitrievich-114@agency.ru'),
       (115, 'Иванов Эдуард Антонович', 'Повышенный', 79298305603, 'IvanovEduardAntonovich-115@agency.ru'),
       (116, 'Игнатьев Александр Викторович', 'Приоритетный', 79290249542, 'IgnatevAleksandrViktorovich-116@agency.ru'),
       (117, 'Антипов Леонид Васильевич', 'Обычный', 79294450337, 'AntipovLeonidVasilevich-117@agency.ru'),
       (118, 'Новиков Олег Геннадьевич', 'Повышенный', 79296768768, 'NovikovOlegGennadevich-118@agency.ru'),
       (119, 'Солдатов Дмитрий Эдуардович', 'Обычный', 79293282502, 'SoldatovDmitriyEduardovich-119@agency.ru'),
       (120, 'Таманский Юрий Ильич', 'Приоритетный', 79292239043, 'TamanskiyYuriyIlich-120@agency.ru'),
       (121, 'Романов Вадим Антонович', 'Повышенный', 79292401493, 'RomanovVadimAntonovich-121@agency.ru'),
       (122, 'Романов Эдуард Евгеньевич', 'Повышенный', 79292339278, 'RomanovEduardEvgenevich-122@agency.ru'),
       (123, 'Игнатьев Виктор Олегович', 'Повышенный', 79296577238, 'IgnatevViktorOlegovich-123@agency.ru'),
       (124, 'Ерёмин Пётр Иванович', 'Обычный', 79292010657, 'EreminPetrIvanovich-124@agency.ru'),
       (125, 'Акимов Леонид Дмитриевич', 'Приоритетный', 79297531201, 'AkimovLeonidDmitrievich-125@agency.ru'),
       (126, 'Романов Арсений Иванович', 'Повышенный', 79294187958, 'RomanovArseniyIvanovich-126@agency.ru'),
       (127, 'Васнецов Вадим Владимирович', 'Повышенный', 79291891787, 'VasnecovVadimVladimirovich-127@agency.ru'),
       (128, 'Петров Илья Олегович', 'Обычный', 79291077443, 'PetrovIlyaOlegovich-128@agency.ru'),
       (129, 'Кузнецов Дмитрий Олегович', 'Обычный', 79295470631, 'KuznecovDmitriyOlegovich-129@agency.ru'),
       (130, 'Кузнецов Дмитрий Васильевич', 'Обычный', 79292680420, 'KuznecovDmitriyVasilevich-130@agency.ru'),
       (131, 'Высоцкий Вадим Геннадьевич', 'Повышенный', 79298170195, 'VysockiyVadimGennadevich-131@agency.ru'),
       (132, 'Новиков Илья Арсеньевич', 'Обычный', 79299525194, 'NovikovIlyaArsenevich-132@agency.ru'),
       (133, 'Круглов Иван Леонидович', 'Обычный', 79296525836, 'KruglovIvanLeonidovich-133@agency.ru'),
       (134, 'Высоцкий Евгений Геннадьевич', 'Повышенный', 79296355199, 'VysockiyEvgeniyGennadevich-134@agency.ru'),
       (135, 'Васнецов Иван Арсеньевич', 'Повышенный', 79297344750, 'VasnecovIvanArsenevich-135@agency.ru'),
       (136, 'Игнатьев Эдуард Иванович', 'Приоритетный', 79297705330, 'IgnatevEduardIvanovich-136@agency.ru'),
       (137, 'Антипов Дмитрий Викторович', 'Повышенный', 79293769532, 'AntipovDmitriyViktorovich-137@agency.ru'),
       (138, 'Таманский Виктор Олегович', 'Приоритетный', 79290862433, 'TamanskiyViktorOlegovich-138@agency.ru'),
       (139, 'Круглов Иван Владимирович', 'Приоритетный', 79294869896, 'KruglovIvanVladimirovich-139@agency.ru'),
       (140, 'Егоров Александр Леонидович', 'Повышенный', 79295497690, 'EgorovAleksandrLeonidovich-140@agency.ru'),
       (141, 'Ерёмин Эдуард Геннадьевич', 'Повышенный', 79295121413, 'EreminEduardGennadevich-141@agency.ru'),
       (142, 'Романов Артём Леонидович', 'Повышенный', 79291889058, 'RomanovArtemLeonidovich-142@agency.ru'),
       (143, 'Высоцкий Василий Геннадьевич', 'Приоритетный', 79298920247, 'VysockiyVasiliyGennadevich-143@agency.ru'),
       (144, 'Таманский Вадим Арсеньевич', 'Приоритетный', 79290867593, 'TamanskiyVadimArsenevich-144@agency.ru'),
       (145, 'Васильев Илья Владимирович', 'Повышенный', 79292592636, 'VasilevIlyaVladimirovich-145@agency.ru'),
       (146, 'Шульц Александр Евгеньевич', 'Обычный', 79294262612, 'ShulcAleksandrEvgenevich-146@agency.ru'),
       (147, 'Егоров Арсений Вадимович', 'Обычный', 79294815833, 'EgorovArseniyVadimovich-147@agency.ru'),
       (148, 'Кузнецов Василий Александрович', 'Приоритетный', 79292573353, 'KuznecovVasiliyAleksandrovich-148@agency.ru'),
       (149, 'Высоцкий Антон Владимирович', 'Повышенный', 79295873738, 'VysockiyAntonVladimirovich-149@agency.ru'),
       (150, 'Егоров Артём Вадимович', 'Повышенный', 79292939820, 'EgorovArtemVadimovich-150@agency.ru'),
       (151, 'Акимов Виктор Арсеньевич', 'Обычный', 79292744890, 'AkimovViktorArsenevich-151@agency.ru'),
       (152, 'Кузнецов Юрий Леонидович', 'Приоритетный', 79291371762, 'KuznecovYuriyLeonidovich-152@agency.ru'),
       (153, 'Кузнецов Дмитрий Евгеньевич', 'Обычный', 79299803609, 'KuznecovDmitriyEvgenevich-153@agency.ru'),
       (154, 'Антипов Илья Геннадьевич', 'Повышенный', 79299180798, 'AntipovIlyaGennadevich-154@agency.ru'),
       (155, 'Игнатьев Артём Геннадьевич', 'Обычный', 79294883845, 'IgnatevArtemGennadevich-155@agency.ru'),
       (156, 'Иванов Юрий Олегович', 'Повышенный', 79299548433, 'IvanovYuriyOlegovich-156@agency.ru'),
       (157, 'Солдатов Артём Викторович', 'Обычный', 79290388806, 'SoldatovArtemViktorovich-157@agency.ru'),
       (158, 'Таманский Леонид Юрьевич', 'Обычный', 79292462971, 'TamanskiyLeonidYurevich-158@agency.ru'),
       (159, 'Антипов Антон Дмитриевич', 'Приоритетный', 79292954866, 'AntipovAntonDmitrievich-159@agency.ru'),
       (160, 'Романов Пётр Вадимович', 'Приоритетный', 79292367515, 'RomanovPetrVadimovich-160@agency.ru'),
       (161, 'Акимов Юрий Эдуардович', 'Приоритетный', 79290029121, 'AkimovYuriyEduardovich-161@agency.ru'),
       (162, 'Васнецов Юрий Леонидович', 'Обычный', 79293258807, 'VasnecovYuriyLeonidovich-162@agency.ru'),
       (163, 'Егоров Олег Владимирович', 'Повышенный', 79295443636, 'EgorovOlegVladimirovich-163@agency.ru'),
       (164, 'Шульц Пётр Васильевич', 'Обычный', 79292626360, 'ShulcPetrVasilevich-164@agency.ru'),
       (165, 'Круглов Леонид Антонович', 'Приоритетный', 79295854765, 'KruglovLeonidAntonovich-165@agency.ru'),
       (166, 'Петров Вадим Васильевич', 'Повышенный', 79291136211, 'PetrovVadimVasilevich-166@agency.ru'),
       (167, 'Егоров Пётр Ильич', 'Приоритетный', 79296976612, 'EgorovPetrIlich-167@agency.ru'),
       (168, 'Высоцкий Александр Александрович', 'Повышенный', 79292262715, 'VysockiyAleksandrAleksandrovich-168@agency.ru'),
       (169, 'Романов Арсений Геннадьевич', 'Приоритетный', 79299263707, 'RomanovArseniyGennadevich-169@agency.ru'),
       (170, 'Баранов Владимир Иванович', 'Приоритетный', 79292145583, 'BaranovVladimirIvanovich-170@agency.ru'),
       (171, 'Шульц Антон Арсеньевич', 'Повышенный', 79294241289, 'ShulcAntonArsenevich-171@agency.ru'),
       (172, 'Игнатьев Олег Олегович', 'Обычный', 79293255791, 'IgnatevOlegOlegovich-172@agency.ru'),
       (173, 'Баранов Виктор Ильич', 'Приоритетный', 79299386100, 'BaranovViktorIlich-173@agency.ru'),
       (174, 'Егоров Леонид Артёмович', 'Обычный', 79295783120, 'EgorovLeonidArtemovich-174@agency.ru'),
       (175, 'Игнатьев Антон Арсеньевич', 'Приоритетный', 79294652533, 'IgnatevAntonArsenevich-175@agency.ru'),
       (176, 'Круглов Дмитрий Иванович', 'Повышенный', 79292769220, 'KruglovDmitriyIvanovich-176@agency.ru'),
       (177, 'Егоров Эдуард Васильевич', 'Приоритетный', 79298593713, 'EgorovEduardVasilevich-177@agency.ru'),
       (178, 'Акимов Арсений Арсеньевич', 'Повышенный', 79299902173, 'AkimovArseniyArsenevich-178@agency.ru'),
       (179, 'Новиков Антон Иванович', 'Повышенный', 79296621543, 'NovikovAntonIvanovich-179@agency.ru'),
       (180, 'Кузнецов Вадим Евгеньевич', 'Повышенный', 79292688085, 'KuznecovVadimEvgenevich-180@agency.ru'),
       (181, 'Высоцкий Дмитрий Владимирович', 'Повышенный', 79297710146, 'VysockiyDmitriyVladimirovich-181@agency.ru'),
       (182, 'Васильев Дмитрий Евгеньевич', 'Приоритетный', 79293418118, 'VasilevDmitriyEvgenevich-182@agency.ru'),
       (183, 'Васильев Иван Петрович', 'Повышенный', 79299572525, 'VasilevIvanPetrovich-183@agency.ru'),
       (184, 'Новиков Виктор Иванович', 'Обычный', 79294591720, 'NovikovViktorIvanovich-184@agency.ru'),
       (185, 'Иванов Александр Артёмович', 'Обычный', 79297807425, 'IvanovAleksandrArtemovich-185@agency.ru'),
       (186, 'Новиков Артём Дмитриевич', 'Повышенный', 79298668301, 'NovikovArtemDmitrievich-186@agency.ru'),
       (187, 'Кузнецов Эдуард Артёмович', 'Приоритетный', 79295208202, 'KuznecovEduardArtemovich-187@agency.ru'),
       (188, 'Кузнецов Дмитрий Леонидович', 'Обычный', 79299282861, 'KuznecovDmitriyLeonidovich-188@agency.ru'),
       (189, 'Высоцкий Вадим Ильич', 'Повышенный', 79299499058, 'VysockiyVadimIlich-189@agency.ru'),
       (190, 'Таманский Леонид Евгеньевич', 'Повышенный', 79293349374, 'TamanskiyLeonidEvgenevich-190@agency.ru'),
       (191, 'Игнатьев Пётр Олегович', 'Приоритетный', 79291760106, 'IgnatevPetrOlegovich-191@agency.ru'),
       (192, 'Иванов Илья Викторович', 'Обычный', 79297473177, 'IvanovIlyaViktorovich-192@agency.ru'),
       (193, 'Круглов Арсений Антонович', 'Повышенный', 79299885343, 'KruglovArseniyAntonovich-193@agency.ru'),
       (194, 'Высоцкий Дмитрий Вадимович', 'Приоритетный', 79297940724, 'VysockiyDmitriyVadimovich-194@agency.ru'),
       (195, 'Ерёмин Юрий Иванович', 'Повышенный', 79297948336, 'EreminYuriyIvanovich-195@agency.ru'),
       (196, 'Акимов Арсений Викторович', 'Повышенный', 79294529072, 'AkimovArseniyViktorovich-196@agency.ru'),
       (197, 'Шульц Виктор Эдуардович', 'Повышенный', 79295966044, 'ShulcViktorEduardovich-197@agency.ru'),
       (198, 'Круглов Арсений Александрович', 'Обычный', 79291819771, 'KruglovArseniyAleksandrovich-198@agency.ru'),
       (199, 'Высоцкий Александр Дмитриевич', 'Повышенный', 79292568230, 'VysockiyAleksandrDmitrievich-199@agency.ru'),
       (200, 'Баранов Пётр Евгеньевич', 'Приоритетный', 79290061657, 'BaranovPetrEvgenevich-200@agency.ru');

insert into property_dev (id, name, number, email)
values (1, 'ПИК', 79293282157, 'pik-official@pik.ru'),
       (2, 'Домстрой', 79294937417, 'domstroy-official@domstroy.ru'),
       (3, 'CapitalGroup', 79291473040, 'capitalgroup-official@capitalgroup.ru'),
       (4, 'Донстрой', 79298691971, 'donstroy-official@donstroy.ru'),
       (5, 'ФСК', 79299643208, 'fsk-official@fsk.ru'),
       (6, 'Удача', 79290557759, 'udacha-official@udacha.ru'),
       (7, 'Главстрой', 79298711080, 'glavstroy-official@glavstroy.ru'),
       (8, 'Группа Эталон', 79296266381, 'gruppa etalon-official@gruppa etalon.ru'),
       (9, 'Концерн Крост', 79290785873, 'koncern krost-official@koncern krost.ru'),
       (10, 'ГК-Пионер', 79293110284, 'gk-pioner-official@gk-pioner.ru'),
       (11, 'Интеко', 79293200534, 'inteko-official@inteko.ru'),
       (12, 'Инград', 79293932310, 'ingrad-official@ingrad.ru'),
       (13, 'МосРеалСтрой', 79290942933, 'mosrealstroy-official@mosrealstroy.ru'),
       (14, 'Каскад', 79296541185, 'kaskad-official@kaskad.ru'),
       (15, 'ГК-МИЦ', 79298983082, 'gk-mic-official@gk-mic.ru'),
       (16, 'Юнит', 79296047774, 'yunit-official@yunit.ru'),
       (17, 'Комстрин', 79295475920, 'komstrin-official@komstrin.ru'),
       (18, 'Скайгард', 79295599226, 'skaygard-official@skaygard.ru'),
       (19, 'Бесткон', 79292165065, 'bestkon-official@bestkon.ru'),
       (20, 'Астерра', 79294704133, 'asterra-official@asterra.ru');

insert into real_estate_building (id, address, complex_id, floor_count, dev_id)
values (1, 'г. Москва, ул. Красноармейская, д. 13', 1, 8, 1);
insert into real_estate_object (id, building_id ,local_address, places, price, area, floor, type, estate_type)
values (1, 1, '1', 14, 466000000, 2000, 1, 0, 0),
       (2, 1, '2', 11, 472000000, 2000, 2, 0, 0),
       (3, 1, '3', 9, 436000000, 2000, 3, 0, 0),
       (4, 1, '4', 12, 711000000, 2000, 4, 0, 0),
       (5, 1, '5', 13, 548000000, 2000, 5, 0, 0),
       (6, 1, '6', 11, 824000000, 2000, 6, 0, 0),
       (7, 1, '7', 12, 566000000, 2000, 7, 0, 0),
       (8, 1, '8', 9, 504000000, 2000, 8, 0, 0);
insert into real_estate_building (id, address, complex_id, floor_count, dev_id)
values (2, 'г. Москва, ул. Донская, д. 14', 1, 10, 1);
insert into real_estate_object (id, building_id ,local_address, places, price, area, floor, type, estate_type)
values (9, 2, '1', 12, 751000000, 2000, 1, 0, 0),
       (10, 2, '2', 11, 654000000, 2000, 2, 0, 0),
       (11, 2, '3', 12, 553000000, 2000, 3, 0, 0),
       (12, 2, '4', 12, 792000000, 2000, 4, 0, 0),
       (13, 2, '5', 11, 311000000, 2000, 5, 0, 0),
       (14, 2, '6', 8, 346000000, 2000, 6, 0, 0),
       (15, 2, '7', 8, 643000000, 2000, 7, 0, 0),
       (16, 2, '8', 13, 311000000, 2000, 8, 0, 0),
       (17, 2, '9', 13, 488000000, 2000, 9, 0, 0),
       (18, 2, '10', 12, 547000000, 2000, 10, 0, 0);
insert into real_estate_building (id, address, complex_id, floor_count, dev_id)
values (3, 'г. Москва, ул. Лужники, д. 15', 1, 11, 1);
insert into real_estate_object (id, building_id ,local_address, places, price, area, floor, type, estate_type)
values (19, 3, '1', 8, 449000000, 2000, 1, 0, 0),
       (20, 3, '2', 8, 421000000, 2000, 2, 0, 0),
       (21, 3, '3', 8, 848000000, 2000, 3, 0, 0),
       (22, 3, '4', 15, 689000000, 2000, 4, 0, 0),
       (23, 3, '5', 9, 428000000, 2000, 5, 0, 0),
       (24, 3, '6', 9, 672000000, 2000, 6, 0, 0),
       (25, 3, '7', 8, 621000000, 2000, 7, 0, 0),
       (26, 3, '8', 15, 810000000, 2000, 8, 0, 0),
       (27, 3, '9', 9, 547000000, 2000, 9, 0, 0),
       (28, 3, '10', 10, 808000000, 2000, 10, 0, 0),
       (29, 3, '11', 14, 523000000, 2000, 11, 0, 0);
insert into real_estate_building (id, address, complex_id, floor_count, dev_id)
values (4, 'г. Москва, ул. Ярмарочная, д. 16', 1, 11, 1);
insert into real_estate_object (id, building_id ,local_address, places, price, area, floor, type, estate_type)
values (30, 4, '1', 14, 427000000, 2000, 1, 0, 0),
       (31, 4, '2', 12, 438000000, 2000, 2, 0, 0),
       (32, 4, '3', 8, 485000000, 2000, 3, 0, 0),
       (33, 4, '4', 15, 639000000, 2000, 4, 0, 0),
       (34, 4, '5', 12, 563000000, 2000, 5, 0, 0),
       (35, 4, '6', 8, 778000000, 2000, 6, 0, 0),
       (36, 4, '7', 11, 553000000, 2000, 7, 0, 0),
       (37, 4, '8', 13, 563000000, 2000, 8, 0, 0),
       (38, 4, '9', 8, 410000000, 2000, 9, 0, 0),
       (39, 4, '10', 9, 582000000, 2000, 10, 0, 0),
       (40, 4, '11', 13, 724000000, 2000, 11, 0, 0);
insert into real_estate_building (id, address, complex_id, floor_count, dev_id)
values (5, 'г. Москва, ул. Петровская, д. 17', 1, 11, 1);
insert into real_estate_object (id, building_id ,local_address, places, price, area, floor, type, estate_type)
values (41, 5, '1', 11, 457000000, 2000, 1, 0, 0),
       (42, 5, '2', 10, 508000000, 2000, 2, 0, 0),
       (43, 5, '3', 11, 532000000, 2000, 3, 0, 0),
       (44, 5, '4', 11, 560000000, 2000, 4, 0, 0),
       (45, 5, '5', 8, 726000000, 2000, 5, 0, 0),
       (46, 5, '6', 8, 835000000, 2000, 6, 0, 0),
       (47, 5, '7', 14, 416000000, 2000, 7, 0, 0),
       (48, 5, '8', 12, 572000000, 2000, 8, 0, 0),
       (49, 5, '9', 9, 407000000, 2000, 9, 0, 0),
       (50, 5, '10', 12, 685000000, 2000, 10, 0, 0),
       (51, 5, '11', 9, 844000000, 2000, 11, 0, 0);
insert into real_estate_building (id, address, complex_id, floor_count, dev_id)
values (6, 'г. Москва, ул. Ленинска, д. 18', 1, 7, 1);
insert into real_estate_object (id, building_id ,local_address, places, price, area, floor, type, estate_type)
values (52, 6, '1', 13, 831000000, 2000, 1, 0, 0),
       (53, 6, '2', 9, 709000000, 2000, 2, 0, 0),
       (54, 6, '3', 13, 456000000, 2000, 3, 0, 0),
       (55, 6, '4', 10, 647000000, 2000, 4, 0, 0),
       (56, 6, '5', 10, 501000000, 2000, 5, 0, 0),
       (57, 6, '6', 8, 563000000, 2000, 6, 0, 0),
       (58, 6, '7', 13, 833000000, 2000, 7, 0, 0);
insert into real_estate_building (id, address, complex_id, floor_count, dev_id)
values (7, 'г. Москва, ул. Европейская, д. 19', 1, 7, 1);
insert into real_estate_object (id, building_id ,local_address, places, price, area, floor, type, estate_type)
values (59, 7, '1', 13, 629000000, 2000, 1, 0, 0),
       (60, 7, '2', 10, 325000000, 2000, 2, 0, 0),
       (61, 7, '3', 9, 520000000, 2000, 3, 0, 0),
       (62, 7, '4', 8, 846000000, 2000, 4, 0, 0),
       (63, 7, '5', 9, 837000000, 2000, 5, 0, 0),
       (64, 7, '6', 13, 420000000, 2000, 6, 0, 0),
       (65, 7, '7', 10, 711000000, 2000, 7, 0, 0);
insert into real_estate_building (id, address, complex_id, floor_count, dev_id)
values (8, 'г. Москва, ул. Кутузовская, д. 20', 1, 7, 1);
insert into real_estate_object (id, building_id ,local_address, places, price, area, floor, type, estate_type)
values (66, 8, '1', 11, 488000000, 2000, 1, 0, 0),
       (67, 8, '2', 10, 664000000, 2000, 2, 0, 0),
       (68, 8, '3', 14, 845000000, 2000, 3, 0, 0),
       (69, 8, '4', 14, 678000000, 2000, 4, 0, 0),
       (70, 8, '5', 15, 514000000, 2000, 5, 0, 0),
       (71, 8, '6', 15, 757000000, 2000, 6, 0, 0),
       (72, 8, '7', 8, 659000000, 2000, 7, 0, 0);
insert into real_estate_building (id, address, complex_id, floor_count, dev_id)
values (9, 'г. Москва, ул. Пушкинская, д. 21', 1, 11, 1);
insert into real_estate_object (id, building_id ,local_address, places, price, area, floor, type, estate_type)
values (73, 9, '1', 11, 727000000, 2000, 1, 0, 0),
       (74, 9, '2', 9, 406000000, 2000, 2, 0, 0),
       (75, 9, '3', 10, 840000000, 2000, 3, 0, 0),
       (76, 9, '4', 15, 652000000, 2000, 4, 0, 0),
       (77, 9, '5', 13, 568000000, 2000, 5, 0, 0),
       (78, 9, '6', 9, 836000000, 2000, 6, 0, 0),
       (79, 9, '7', 15, 673000000, 2000, 7, 0, 0),
       (80, 9, '8', 14, 476000000, 2000, 8, 0, 0),
       (81, 9, '9', 13, 372000000, 2000, 9, 0, 0),
       (82, 9, '10', 12, 305000000, 2000, 10, 0, 0),
       (83, 9, '11', 15, 742000000, 2000, 11, 0, 0);
insert into real_estate_building (id, address, complex_id, floor_count, dev_id)
values (10, 'г. Москва, ул. Васильевская, д. 22', 1, 10, 1);
insert into real_estate_object (id, building_id ,local_address, places, price, area, floor, type, estate_type)
values (84, 10, '1', 11, 658000000, 2000, 1, 0, 0),
       (85, 10, '2', 14, 537000000, 2000, 2, 0, 0),
       (86, 10, '3', 11, 627000000, 2000, 3, 0, 0),
       (87, 10, '4', 15, 586000000, 2000, 4, 0, 0),
       (88, 10, '5', 12, 568000000, 2000, 5, 0, 0),
       (89, 10, '6', 10, 608000000, 2000, 6, 0, 0),
       (90, 10, '7', 11, 849000000, 2000, 7, 0, 0),
       (91, 10, '8', 15, 552000000, 2000, 8, 0, 0),
       (92, 10, '9', 10, 775000000, 2000, 9, 0, 0),
       (93, 10, '10', 11, 497000000, 2000, 10, 0, 0);
insert into real_estate_building (id, address, complex_id, floor_count, dev_id)
values (11, 'г. Москва, ул. Щукинская, д. 23', 1, 10, 1);
insert into real_estate_object (id, building_id ,local_address, places, price, area, floor, type, estate_type)
values (94, 11, '1', 14, 660000000, 2000, 1, 0, 0),
       (95, 11, '2', 15, 675000000, 2000, 2, 0, 0),
       (96, 11, '3', 10, 750000000, 2000, 3, 0, 0),
       (97, 11, '4', 9, 381000000, 2000, 4, 0, 0),
       (98, 11, '5', 10, 683000000, 2000, 5, 0, 0),
       (99, 11, '6', 9, 383000000, 2000, 6, 0, 0),
       (100, 11, '7', 12, 843000000, 2000, 7, 0, 0),
       (101, 11, '8', 10, 525000000, 2000, 8, 0, 0),
       (102, 11, '9', 11, 680000000, 2000, 9, 0, 0),
       (103, 11, '10', 8, 495000000, 2000, 10, 0, 0);
insert into real_estate_building (id, address, complex_id, floor_count, dev_id)
values (12, 'г. Москва, ул. Дальняя, д. 24', 1, 7, 1);
insert into real_estate_object (id, building_id ,local_address, places, price, area, floor, type, estate_type)
values (104, 12, '1', 12, 468000000, 2000, 1, 0, 0),
       (105, 12, '2', 9, 843000000, 2000, 2, 0, 0),
       (106, 12, '3', 10, 730000000, 2000, 3, 0, 0),
       (107, 12, '4', 12, 417000000, 2000, 4, 0, 0),
       (108, 12, '5', 11, 775000000, 2000, 5, 0, 0),
       (109, 12, '6', 14, 520000000, 2000, 6, 0, 0),
       (110, 12, '7', 15, 537000000, 2000, 7, 0, 0);